node_index,transcript_id,protein_id,split,is_labeled,seed,species,task,target_column
0,ENSMUST00000000001,ENSMUSP00000000001,train,True,24,mouse,known,NC3
1,ENSMUST00000000010,ENSMUSP00000000010,train,True,24,mouse,known,NC3
2,ENSMUST00000000028,ENSMUSP00000000028,train,True,24,mouse,known,NC3
3,ENSMUST00000000058,ENSMUSP00000000058,test,True,24,mouse,known,NC3
4,ENSMUST00000000090,ENSMUSP00000000090,train,True,24,mouse,known,NC3
5,ENSMUST00000000129,ENSMUSP00000000129,train,True,24,mouse,known,NC3
6,ENSMUST00000000137,ENSMUSP00000000137,train,True,24,mouse,known,NC3
7,ENSMUST00000000153,ENSMUSP00000000153,val,True,24,mouse,known,NC3
8,ENSMUST00000000193,ENSMUSP00000000193,train,True,24,mouse,known,NC3
9,ENSMUST00000000199,ENSMUSP00000000199,train,True,24,mouse,known,NC3
10,ENSMUST00000000260,ENSMUSP00000000260,train,True,24,mouse,known,NC3
11,ENSMUST00000000266,ENSMUSP00000000266,train,True,24,mouse,known,NC3
12,ENSMUST00000000287,ENSMUSP00000000287,train,True,24,mouse,known,NC3
13,ENSMUST00000000291,ENSMUSP00000000291,train,True,24,mouse,known,NC3
14,ENSMUST00000000304,ENSMUSP00000000304,val,True,24,mouse,known,NC3
15,ENSMUST00000000335,ENSMUSP00000000335,train,True,24,mouse,known,NC3
16,ENSMUST00000000348,ENSMUSP00000000348,train,True,24,mouse,known,NC3
17,ENSMUST00000000349,ENSMUSP00000000349,train,True,24,mouse,known,NC3
18,ENSMUST00000000365,ENSMUSP00000000365,train,True,24,mouse,known,NC3
19,ENSMUST00000000384,ENSMUSP00000000384,train,True,24,mouse,known,NC3
20,ENSMUST00000000388,ENSMUSP00000000388,train,True,24,mouse,known,NC3
21,ENSMUST00000000449,ENSMUSP00000000449,train,True,24,mouse,known,NC3
22,ENSMUST00000000466,ENSMUSP00000000466,val,True,24,mouse,known,NC3
23,ENSMUST00000000505,ENSMUSP00000000505,val,True,24,mouse,known,NC3
24,ENSMUST00000000544,ENSMUSP00000000544,train,True,24,mouse,known,NC3
25,ENSMUST00000000590,ENSMUSP00000000590,train,True,24,mouse,known,NC3
26,ENSMUST00000000594,ENSMUSP00000000594,train,True,24,mouse,known,NC3
27,ENSMUST00000000608,ENSMUSP00000000608,train,True,24,mouse,known,NC3
28,ENSMUST00000000619,ENSMUSP00000000619,val,True,24,mouse,known,NC3
29,ENSMUST00000000642,ENSMUSP00000000642,train,True,24,mouse,known,NC3
30,ENSMUST00000000704,ENSMUSP00000000704,train,True,24,mouse,known,NC3
31,ENSMUST00000000724,ENSMUSP00000000724,train,True,24,mouse,known,NC3
32,ENSMUST00000000727,nan,test,True,24,mouse,known,NC3
33,ENSMUST00000000756,ENSMUSP00000000756,train,True,24,mouse,known,NC3
34,ENSMUST00000000759,ENSMUSP00000000759,train,True,24,mouse,known,NC3
35,ENSMUST00000000767,ENSMUSP00000000767,val,True,24,mouse,known,NC3
36,ENSMUST00000000776,ENSMUSP00000000776,train,True,24,mouse,known,NC3
37,ENSMUST00000000793,ENSMUSP00000000793,train,True,24,mouse,known,NC3
38,ENSMUST00000000804,ENSMUSP00000000804,train,True,24,mouse,known,NC3
39,ENSMUST00000000828,ENSMUSP00000000828,train,True,24,mouse,known,NC3
40,ENSMUST00000000896,ENSMUSP00000000896,train,True,24,mouse,known,NC3
41,ENSMUST00000000925,ENSMUSP00000000925,test,True,24,mouse,known,NC3
42,ENSMUST00000000939,ENSMUSP00000000939,train,True,24,mouse,known,NC3
43,ENSMUST00000000940,ENSMUSP00000000940,test,True,24,mouse,known,NC3
44,ENSMUST00000000958,ENSMUSP00000000958,val,True,24,mouse,known,NC3
45,ENSMUST00000000985,ENSMUSP00000000985,train,True,24,mouse,known,NC3
46,ENSMUST00000001002,ENSMUSP00000001002,train,True,24,mouse,known,NC3
47,ENSMUST00000001027,ENSMUSP00000001027,train,True,24,mouse,known,NC3
48,ENSMUST00000001042,ENSMUSP00000001042,train,True,24,mouse,known,NC3
49,ENSMUST00000001046,ENSMUSP00000001046,val,True,24,mouse,known,NC3
50,ENSMUST00000001051,ENSMUSP00000001051,train,True,24,mouse,known,NC3
51,ENSMUST00000001059,ENSMUSP00000001059,train,True,24,mouse,known,NC3
52,ENSMUST00000001079,ENSMUSP00000001079,test,True,24,mouse,known,NC3
53,ENSMUST00000001115,ENSMUSP00000001115,train,True,24,mouse,known,NC3
54,ENSMUST00000001127,ENSMUSP00000001127,train,True,24,mouse,known,NC3
55,ENSMUST00000001147,ENSMUSP00000001147,val,True,24,mouse,known,NC3
56,ENSMUST00000001148,ENSMUSP00000001148,train,True,24,mouse,known,NC3
57,ENSMUST00000001155,ENSMUSP00000001155,val,True,24,mouse,known,NC3
58,ENSMUST00000001166,ENSMUSP00000001166,test,True,24,mouse,known,NC3
59,ENSMUST00000001179,ENSMUSP00000001179,train,True,24,mouse,known,NC3
60,ENSMUST00000001181,ENSMUSP00000001181,train,True,24,mouse,known,NC3
61,ENSMUST00000001187,ENSMUSP00000001187,train,True,24,mouse,known,NC3
62,ENSMUST00000001202,ENSMUSP00000001202,train,True,24,mouse,known,NC3
63,ENSMUST00000001226,ENSMUSP00000001226,train,True,24,mouse,known,NC3
64,ENSMUST00000001242,ENSMUSP00000001242,train,True,24,mouse,known,NC3
65,ENSMUST00000001258,ENSMUSP00000001258,train,True,24,mouse,known,NC3
66,ENSMUST00000001304,ENSMUSP00000001304,train,True,24,mouse,known,NC3
67,ENSMUST00000001319,ENSMUSP00000001319,train,True,24,mouse,known,NC3
68,ENSMUST00000001326,ENSMUSP00000001326,train,True,24,mouse,known,NC3
69,ENSMUST00000001339,ENSMUSP00000001339,train,True,24,mouse,known,NC3
70,ENSMUST00000001412,ENSMUSP00000001412,val,True,24,mouse,known,NC3
71,ENSMUST00000001416,ENSMUSP00000001416,val,True,24,mouse,known,NC3
72,ENSMUST00000001419,ENSMUSP00000001419,train,True,24,mouse,known,NC3
73,ENSMUST00000001451,ENSMUSP00000001451,train,True,24,mouse,known,NC3
74,ENSMUST00000001452,ENSMUSP00000001452,train,True,24,mouse,known,NC3
75,ENSMUST00000001460,ENSMUSP00000001460,test,True,24,mouse,known,NC3
76,ENSMUST00000001479,ENSMUSP00000001479,train,True,24,mouse,known,NC3
77,ENSMUST00000001480,ENSMUSP00000001480,val,True,24,mouse,known,NC3
78,ENSMUST00000001485,ENSMUSP00000001485,train,True,24,mouse,known,NC3
79,ENSMUST00000001507,ENSMUSP00000001507,test,True,24,mouse,known,NC3
80,ENSMUST00000001513,ENSMUSP00000001513,train,True,24,mouse,known,NC3
81,ENSMUST00000001520,ENSMUSP00000001520,train,True,24,mouse,known,NC3
82,ENSMUST00000001544,ENSMUSP00000001544,train,True,24,mouse,known,NC3
83,ENSMUST00000001547,ENSMUSP00000001547,train,True,24,mouse,known,NC3
84,ENSMUST00000001559,ENSMUSP00000001559,val,True,24,mouse,known,NC3
85,ENSMUST00000001562,ENSMUSP00000001562,train,True,24,mouse,known,NC3
86,ENSMUST00000001565,ENSMUSP00000001565,train,True,24,mouse,known,NC3
87,ENSMUST00000001566,ENSMUSP00000001566,train,True,24,mouse,known,NC3
88,ENSMUST00000001569,ENSMUSP00000001569,train,True,24,mouse,known,NC3
89,ENSMUST00000001592,ENSMUSP00000001592,test,True,24,mouse,known,NC3
90,ENSMUST00000001595,ENSMUSP00000001595,test,True,24,mouse,known,NC3
91,ENSMUST00000001611,ENSMUSP00000001611,test,True,24,mouse,known,NC3
92,ENSMUST00000001620,ENSMUSP00000001620,val,True,24,mouse,known,NC3
93,ENSMUST00000001672,ENSMUSP00000001672,train,True,24,mouse,known,NC3
94,ENSMUST00000001712,ENSMUSP00000001712,train,True,24,mouse,known,NC3
95,ENSMUST00000001713,ENSMUSP00000001713,train,True,24,mouse,known,NC3
96,ENSMUST00000001716,ENSMUSP00000001716,test,True,24,mouse,known,NC3
97,ENSMUST00000001724,ENSMUSP00000001724,train,True,24,mouse,known,NC3
98,ENSMUST00000001757,ENSMUSP00000001757,train,True,24,mouse,known,NC3
99,ENSMUST00000001780,ENSMUSP00000001780,train,True,24,mouse,known,NC3
100,ENSMUST00000001792,ENSMUSP00000001792,train,True,24,mouse,known,NC3
101,ENSMUST00000001801,ENSMUSP00000001801,train,True,24,mouse,known,NC3
102,ENSMUST00000001802,ENSMUSP00000001802,train,True,24,mouse,known,NC3
103,ENSMUST00000001809,ENSMUSP00000001809,train,True,24,mouse,known,NC3
104,ENSMUST00000001818,ENSMUSP00000001818,test,True,24,mouse,known,NC3
105,ENSMUST00000001825,ENSMUSP00000001825,val,True,24,mouse,known,NC3
106,ENSMUST00000001834,ENSMUSP00000001834,train,True,24,mouse,known,NC3
107,ENSMUST00000001836,ENSMUSP00000001836,train,True,24,mouse,known,NC3
108,ENSMUST00000001920,ENSMUSP00000001920,train,True,24,mouse,known,NC3
109,ENSMUST00000001950,ENSMUSP00000001950,train,True,24,mouse,known,NC3
110,ENSMUST00000001975,ENSMUSP00000001975,test,True,24,mouse,known,NC3
111,ENSMUST00000002029,ENSMUSP00000002029,train,True,24,mouse,known,NC3
112,ENSMUST00000002043,ENSMUSP00000002043,train,True,24,mouse,known,NC3
113,ENSMUST00000002044,ENSMUSP00000002044,train,True,24,mouse,known,NC3
114,ENSMUST00000002048,ENSMUSP00000002048,test,True,24,mouse,known,NC3
115,ENSMUST00000002063,ENSMUSP00000002063,train,True,24,mouse,known,NC3
116,ENSMUST00000002064,ENSMUSP00000002064,val,True,24,mouse,known,NC3
117,ENSMUST00000002084,ENSMUSP00000002084,train,True,24,mouse,known,NC3
118,ENSMUST00000002091,ENSMUSP00000002091,test,True,24,mouse,known,NC3
119,ENSMUST00000002121,ENSMUSP00000002121,train,True,24,mouse,known,NC3
120,ENSMUST00000002128,ENSMUSP00000002128,train,True,24,mouse,known,NC3
121,ENSMUST00000002133,ENSMUSP00000002133,train,True,24,mouse,known,NC3
122,ENSMUST00000002198,ENSMUSP00000002198,train,True,24,mouse,known,NC3
123,ENSMUST00000002275,ENSMUSP00000002275,train,True,24,mouse,known,NC3
124,ENSMUST00000002280,ENSMUSP00000002280,train,True,24,mouse,known,NC3
125,ENSMUST00000002284,ENSMUSP00000002284,test,True,24,mouse,known,NC3
126,ENSMUST00000002289,ENSMUSP00000002289,test,True,24,mouse,known,NC3
127,ENSMUST00000002291,ENSMUSP00000002291,train,True,24,mouse,known,NC3
128,ENSMUST00000002292,ENSMUSP00000002292,train,True,24,mouse,known,NC3
129,ENSMUST00000002303,ENSMUSP00000002303,train,True,24,mouse,known,NC3
130,ENSMUST00000002320,ENSMUSP00000002320,train,True,24,mouse,known,NC3
131,ENSMUST00000002379,ENSMUSP00000002379,train,True,24,mouse,known,NC3
132,ENSMUST00000002397,ENSMUSP00000002397,train,True,24,mouse,known,NC3
133,ENSMUST00000002400,ENSMUSP00000002400,train,True,24,mouse,known,NC3
134,ENSMUST00000002403,ENSMUSP00000002403,train,True,24,mouse,known,NC3
135,ENSMUST00000002413,ENSMUSP00000002413,test,True,24,mouse,known,NC3
136,ENSMUST00000002418,ENSMUSP00000002418,train,True,24,mouse,known,NC3
137,ENSMUST00000002436,ENSMUSP00000002436,train,True,24,mouse,known,NC3
138,ENSMUST00000002452,ENSMUSP00000002452,train,True,24,mouse,known,NC3
139,ENSMUST00000002466,ENSMUSP00000002466,train,True,24,mouse,known,NC3
140,ENSMUST00000002473,ENSMUSP00000002473,train,True,24,mouse,known,NC3
141,ENSMUST00000002487,ENSMUSP00000002487,val,True,24,mouse,known,NC3
142,ENSMUST00000002551,ENSMUSP00000002551,test,True,24,mouse,known,NC3
143,ENSMUST00000002572,ENSMUSP00000002572,train,True,24,mouse,known,NC3
144,ENSMUST00000002599,ENSMUSP00000002599,train,True,24,mouse,known,NC3
145,ENSMUST00000002603,ENSMUSP00000002603,train,True,24,mouse,known,NC3
146,ENSMUST00000002625,ENSMUSP00000002625,train,True,24,mouse,known,NC3
147,ENSMUST00000002655,nan,train,True,24,mouse,known,NC3
148,ENSMUST00000002677,ENSMUSP00000002677,test,True,24,mouse,known,NC3
149,ENSMUST00000002683,ENSMUSP00000002683,train,True,24,mouse,known,NC3
150,ENSMUST00000002699,ENSMUSP00000002699,train,True,24,mouse,known,NC3
151,ENSMUST00000002710,ENSMUSP00000002710,train,True,24,mouse,known,NC3
152,ENSMUST00000002733,ENSMUSP00000002733,train,True,24,mouse,known,NC3
153,ENSMUST00000002735,ENSMUSP00000002735,val,True,24,mouse,known,NC3
154,ENSMUST00000002737,ENSMUSP00000002737,train,True,24,mouse,known,NC3
155,ENSMUST00000002757,ENSMUSP00000002757,train,True,24,mouse,known,NC3
156,ENSMUST00000002790,ENSMUSP00000002790,train,True,24,mouse,known,NC3
157,ENSMUST00000002805,ENSMUSP00000002805,train,True,24,mouse,known,NC3
158,ENSMUST00000002808,ENSMUSP00000002808,val,True,24,mouse,known,NC3
159,ENSMUST00000002809,ENSMUSP00000002809,val,True,24,mouse,known,NC3
160,ENSMUST00000002818,ENSMUSP00000002818,train,True,24,mouse,known,NC3
161,ENSMUST00000002825,ENSMUSP00000002825,train,True,24,mouse,known,NC3
162,ENSMUST00000002837,ENSMUSP00000002837,train,True,24,mouse,known,NC3
163,ENSMUST00000002840,ENSMUSP00000002840,train,True,24,mouse,known,NC3
164,ENSMUST00000002844,ENSMUSP00000002844,train,True,24,mouse,known,NC3
165,ENSMUST00000002885,ENSMUSP00000002885,train,True,24,mouse,known,NC3
166,ENSMUST00000002889,ENSMUSP00000002889,val,True,24,mouse,known,NC3
167,ENSMUST00000002891,ENSMUSP00000002891,train,True,24,mouse,known,NC3
168,ENSMUST00000002902,ENSMUSP00000002902,train,True,24,mouse,known,NC3
169,ENSMUST00000002914,ENSMUSP00000002914,val,True,24,mouse,known,NC3
170,ENSMUST00000002923,ENSMUSP00000002923,test,True,24,mouse,known,NC3
171,ENSMUST00000002925,ENSMUSP00000002925,train,True,24,mouse,known,NC3
172,ENSMUST00000002976,ENSMUSP00000002976,train,True,24,mouse,known,NC3
173,ENSMUST00000003029,ENSMUSP00000003029,train,True,24,mouse,known,NC3
174,ENSMUST00000003035,ENSMUSP00000003035,train,True,24,mouse,known,NC3
175,ENSMUST00000003038,ENSMUSP00000003038,train,True,24,mouse,known,NC3
176,ENSMUST00000003044,ENSMUSP00000003044,train,True,24,mouse,known,NC3
177,ENSMUST00000003061,ENSMUSP00000003061,train,True,24,mouse,known,NC3
178,ENSMUST00000003117,ENSMUSP00000003117,val,True,24,mouse,known,NC3
179,ENSMUST00000003121,ENSMUSP00000003121,train,True,24,mouse,known,NC3
180,ENSMUST00000003123,ENSMUSP00000003123,train,True,24,mouse,known,NC3
181,ENSMUST00000003152,ENSMUSP00000003152,train,True,24,mouse,known,NC3
182,ENSMUST00000003156,ENSMUSP00000003156,train,True,24,mouse,known,NC3
183,ENSMUST00000003183,ENSMUSP00000003183,train,True,24,mouse,known,NC3
184,ENSMUST00000003268,ENSMUSP00000003268,train,True,24,mouse,known,NC3
185,ENSMUST00000003310,ENSMUSP00000003310,train,True,24,mouse,known,NC3
186,ENSMUST00000003319,ENSMUSP00000003319,val,True,24,mouse,known,NC3
187,ENSMUST00000003320,ENSMUSP00000003320,train,True,24,mouse,known,NC3
188,ENSMUST00000003386,ENSMUSP00000003386,val,True,24,mouse,known,NC3
189,ENSMUST00000003438,ENSMUSP00000003438,train,True,24,mouse,known,NC3
190,ENSMUST00000003445,ENSMUSP00000003445,test,True,24,mouse,known,NC3
191,ENSMUST00000003450,ENSMUSP00000003450,train,True,24,mouse,known,NC3
192,ENSMUST00000003461,ENSMUSP00000003461,val,True,24,mouse,known,NC3
193,ENSMUST00000003513,ENSMUSP00000003513,train,True,24,mouse,known,NC3
194,ENSMUST00000003521,ENSMUSP00000003521,train,True,24,mouse,known,NC3
195,ENSMUST00000003529,ENSMUSP00000003529,train,True,24,mouse,known,NC3
196,ENSMUST00000003536,ENSMUSP00000003536,train,True,24,mouse,known,NC3
197,ENSMUST00000003544,ENSMUSP00000003544,val,True,24,mouse,known,NC3
198,ENSMUST00000003550,ENSMUSP00000003550,train,True,24,mouse,known,NC3
199,ENSMUST00000003572,ENSMUSP00000003572,train,True,24,mouse,known,NC3
200,ENSMUST00000003575,ENSMUSP00000003575,val,True,24,mouse,known,NC3
201,ENSMUST00000003621,ENSMUSP00000003621,train,True,24,mouse,known,NC3
202,ENSMUST00000003622,ENSMUSP00000003622,train,True,24,mouse,known,NC3
203,ENSMUST00000003635,ENSMUSP00000003635,train,True,24,mouse,known,NC3
204,ENSMUST00000003655,ENSMUSP00000003655,train,True,24,mouse,known,NC3
205,ENSMUST00000003669,ENSMUSP00000003669,train,True,24,mouse,known,NC3
206,ENSMUST00000003681,ENSMUSP00000003681,train,True,24,mouse,known,NC3
207,ENSMUST00000003705,ENSMUSP00000003705,train,True,24,mouse,known,NC3
208,ENSMUST00000003720,ENSMUSP00000003720,train,True,24,mouse,known,NC3
209,ENSMUST00000003726,ENSMUSP00000003726,train,True,24,mouse,known,NC3
210,ENSMUST00000003759,ENSMUSP00000003759,test,True,24,mouse,known,NC3
211,ENSMUST00000003860,ENSMUSP00000003860,train,True,24,mouse,known,NC3
212,ENSMUST00000003876,ENSMUSP00000003876,test,True,24,mouse,known,NC3
213,ENSMUST00000003906,ENSMUSP00000003906,train,True,24,mouse,known,NC3
214,ENSMUST00000003907,ENSMUSP00000003907,train,True,24,mouse,known,NC3
215,ENSMUST00000003910,ENSMUSP00000003910,train,True,24,mouse,known,NC3
216,ENSMUST00000003912,ENSMUSP00000003912,train,True,24,mouse,known,NC3
217,ENSMUST00000003946,ENSMUSP00000003946,test,True,24,mouse,known,NC3
218,ENSMUST00000003947,ENSMUSP00000003947,train,True,24,mouse,known,NC3
219,ENSMUST00000003964,ENSMUSP00000003964,train,True,24,mouse,known,NC3
220,ENSMUST00000004054,ENSMUSP00000004054,train,True,24,mouse,known,NC3
221,ENSMUST00000004057,ENSMUSP00000004057,train,True,24,mouse,known,NC3
222,ENSMUST00000004072,ENSMUSP00000004072,test,True,24,mouse,known,NC3
223,ENSMUST00000004094,ENSMUSP00000004094,train,True,24,mouse,known,NC3
224,ENSMUST00000004134,ENSMUSP00000004134,train,True,24,mouse,known,NC3
225,ENSMUST00000004140,ENSMUSP00000004140,train,True,24,mouse,known,NC3
226,ENSMUST00000004173,ENSMUSP00000004173,train,True,24,mouse,known,NC3
227,ENSMUST00000004202,ENSMUSP00000004202,val,True,24,mouse,known,NC3
228,ENSMUST00000004203,ENSMUSP00000004203,test,True,24,mouse,known,NC3
229,ENSMUST00000004206,ENSMUSP00000004206,val,True,24,mouse,known,NC3
230,ENSMUST00000004222,ENSMUSP00000004222,val,True,24,mouse,known,NC3
231,ENSMUST00000004327,ENSMUSP00000004327,val,True,24,mouse,known,NC3
232,ENSMUST00000004330,ENSMUSP00000004330,test,True,24,mouse,known,NC3
233,ENSMUST00000004343,ENSMUSP00000004343,train,True,24,mouse,known,NC3
234,ENSMUST00000004375,ENSMUSP00000004375,train,True,24,mouse,known,NC3
235,ENSMUST00000004377,ENSMUSP00000004377,train,True,24,mouse,known,NC3
236,ENSMUST00000004378,ENSMUSP00000004378,train,True,24,mouse,known,NC3
237,ENSMUST00000004379,ENSMUSP00000004379,val,True,24,mouse,known,NC3
238,ENSMUST00000004381,ENSMUSP00000004381,train,True,24,mouse,known,NC3
239,ENSMUST00000004389,ENSMUSP00000004389,train,True,24,mouse,known,NC3
240,ENSMUST00000004396,ENSMUSP00000004396,val,True,24,mouse,known,NC3
241,ENSMUST00000004430,ENSMUSP00000004430,train,True,24,mouse,known,NC3
242,ENSMUST00000004470,ENSMUSP00000004470,val,True,24,mouse,known,NC3
243,ENSMUST00000004494,ENSMUSP00000004494,val,True,24,mouse,known,NC3
244,ENSMUST00000004507,ENSMUSP00000004507,train,True,24,mouse,known,NC3
245,ENSMUST00000004508,ENSMUSP00000004508,val,True,24,mouse,known,NC3
246,ENSMUST00000004565,ENSMUSP00000004565,train,True,24,mouse,known,NC3
247,ENSMUST00000004646,ENSMUSP00000004646,train,True,24,mouse,known,NC3
248,ENSMUST00000004683,ENSMUSP00000004683,train,True,24,mouse,known,NC3
249,ENSMUST00000004715,ENSMUSP00000004715,train,True,24,mouse,known,NC3
250,ENSMUST00000004729,ENSMUSP00000004729,train,True,24,mouse,known,NC3
251,ENSMUST00000004756,ENSMUSP00000004756,test,True,24,mouse,known,NC3
252,ENSMUST00000004784,ENSMUSP00000004784,train,True,24,mouse,known,NC3
253,ENSMUST00000004786,ENSMUSP00000004786,train,True,24,mouse,known,NC3
254,ENSMUST00000004910,ENSMUSP00000004910,train,True,24,mouse,known,NC3
255,ENSMUST00000004949,ENSMUSP00000004949,test,True,24,mouse,known,NC3
256,ENSMUST00000004955,ENSMUSP00000004955,val,True,24,mouse,known,NC3
257,ENSMUST00000004965,ENSMUSP00000004965,train,True,24,mouse,known,NC3
258,ENSMUST00000004968,ENSMUSP00000004968,val,True,24,mouse,known,NC3
259,ENSMUST00000005003,ENSMUSP00000005003,test,True,24,mouse,known,NC3
260,ENSMUST00000005014,ENSMUSP00000005014,train,True,24,mouse,known,NC3
261,ENSMUST00000005015,ENSMUSP00000005015,val,True,24,mouse,known,NC3
262,ENSMUST00000005057,ENSMUSP00000005057,train,True,24,mouse,known,NC3
263,ENSMUST00000005064,ENSMUSP00000005064,train,True,24,mouse,known,NC3
264,ENSMUST00000005066,ENSMUSP00000005066,val,True,24,mouse,known,NC3
265,ENSMUST00000005067,ENSMUSP00000005067,train,True,24,mouse,known,NC3
266,ENSMUST00000005077,ENSMUSP00000005077,train,True,24,mouse,known,NC3
267,ENSMUST00000005108,ENSMUSP00000005108,val,True,24,mouse,known,NC3
268,ENSMUST00000005164,ENSMUSP00000005164,train,True,24,mouse,known,NC3
269,ENSMUST00000005173,ENSMUSP00000005173,train,True,24,mouse,known,NC3
270,ENSMUST00000005185,ENSMUSP00000005185,train,True,24,mouse,known,NC3
271,ENSMUST00000005218,ENSMUSP00000005218,test,True,24,mouse,known,NC3
272,ENSMUST00000005233,ENSMUSP00000005233,train,True,24,mouse,known,NC3
273,ENSMUST00000005234,ENSMUSP00000005234,train,True,24,mouse,known,NC3
274,ENSMUST00000005256,ENSMUSP00000005256,train,True,24,mouse,known,NC3
275,ENSMUST00000005336,ENSMUSP00000005336,train,True,24,mouse,known,NC3
276,ENSMUST00000005394,ENSMUSP00000005394,train,True,24,mouse,known,NC3
277,ENSMUST00000005431,ENSMUSP00000005431,train,True,24,mouse,known,NC3
278,ENSMUST00000005503,ENSMUSP00000005503,test,True,24,mouse,known,NC3
279,ENSMUST00000005504,ENSMUSP00000005504,train,True,24,mouse,known,NC3
280,ENSMUST00000005532,ENSMUSP00000005532,val,True,24,mouse,known,NC3
281,ENSMUST00000005548,ENSMUSP00000005548,val,True,24,mouse,known,NC3
282,ENSMUST00000005583,ENSMUSP00000005583,test,True,24,mouse,known,NC3
283,ENSMUST00000005600,ENSMUSP00000005600,train,True,24,mouse,known,NC3
284,ENSMUST00000005606,ENSMUSP00000005606,train,True,24,mouse,known,NC3
285,ENSMUST00000005607,ENSMUSP00000005607,train,True,24,mouse,known,NC3
286,ENSMUST00000005620,ENSMUSP00000005620,train,True,24,mouse,known,NC3
287,ENSMUST00000005647,ENSMUSP00000005647,train,True,24,mouse,known,NC3
288,ENSMUST00000005651,ENSMUSP00000005651,train,True,24,mouse,known,NC3
289,ENSMUST00000005671,ENSMUSP00000005671,train,True,24,mouse,known,NC3
290,ENSMUST00000005705,ENSMUSP00000005705,train,True,24,mouse,known,NC3
291,ENSMUST00000005711,ENSMUSP00000005711,train,True,24,mouse,known,NC3
292,ENSMUST00000005714,ENSMUSP00000005714,test,True,24,mouse,known,NC3
293,ENSMUST00000005749,ENSMUSP00000005749,train,True,24,mouse,known,NC3
294,ENSMUST00000005798,ENSMUSP00000005798,test,True,24,mouse,known,NC3
295,ENSMUST00000005810,ENSMUSP00000005810,train,True,24,mouse,known,NC3
296,ENSMUST00000005817,ENSMUSP00000005817,train,True,24,mouse,known,NC3
297,ENSMUST00000005825,ENSMUSP00000005825,train,True,24,mouse,known,NC3
298,ENSMUST00000005826,ENSMUSP00000005826,train,True,24,mouse,known,NC3
299,ENSMUST00000005830,ENSMUSP00000005830,train,True,24,mouse,known,NC3
300,ENSMUST00000005841,ENSMUSP00000005841,train,True,24,mouse,known,NC3
301,ENSMUST00000005923,ENSMUSP00000005923,train,True,24,mouse,known,NC3
302,ENSMUST00000005954,ENSMUSP00000005954,val,True,24,mouse,known,NC3
303,ENSMUST00000005964,ENSMUSP00000005964,train,True,24,mouse,known,NC3
304,ENSMUST00000006027,ENSMUSP00000006027,train,True,24,mouse,known,NC3
305,ENSMUST00000006037,ENSMUSP00000006037,train,True,24,mouse,known,NC3
306,ENSMUST00000006053,ENSMUSP00000006053,val,True,24,mouse,known,NC3
307,ENSMUST00000006112,ENSMUSP00000006112,test,True,24,mouse,known,NC3
308,ENSMUST00000006123,ENSMUSP00000006123,train,True,24,mouse,known,NC3
309,ENSMUST00000006128,ENSMUSP00000006128,train,True,24,mouse,known,NC3
310,ENSMUST00000006137,ENSMUSP00000006137,train,True,24,mouse,known,NC3
311,ENSMUST00000006178,ENSMUSP00000006178,test,True,24,mouse,known,NC3
312,ENSMUST00000006181,ENSMUSP00000006181,test,True,24,mouse,known,NC3
313,ENSMUST00000006217,ENSMUSP00000006217,test,True,24,mouse,known,NC3
314,ENSMUST00000006221,ENSMUSP00000006221,val,True,24,mouse,known,NC3
315,ENSMUST00000006235,ENSMUSP00000006235,train,True,24,mouse,known,NC3
316,ENSMUST00000006254,ENSMUSP00000006254,train,True,24,mouse,known,NC3
317,ENSMUST00000006286,ENSMUSP00000006286,val,True,24,mouse,known,NC3
318,ENSMUST00000006293,ENSMUSP00000006293,train,True,24,mouse,known,NC3
319,ENSMUST00000006301,ENSMUSP00000006301,train,True,24,mouse,known,NC3
320,ENSMUST00000006353,ENSMUSP00000006353,val,True,24,mouse,known,NC3
321,ENSMUST00000006367,ENSMUSP00000006367,train,True,24,mouse,known,NC3
322,ENSMUST00000006391,ENSMUSP00000006391,test,True,24,mouse,known,NC3
323,ENSMUST00000006392,ENSMUSP00000006392,test,True,24,mouse,known,NC3
324,ENSMUST00000006435,ENSMUSP00000006435,train,True,24,mouse,known,NC3
325,ENSMUST00000006444,ENSMUSP00000006444,train,True,24,mouse,known,NC3
326,ENSMUST00000006451,ENSMUSP00000006451,train,True,24,mouse,known,NC3
327,ENSMUST00000006470,ENSMUSP00000006470,train,True,24,mouse,known,NC3
328,ENSMUST00000006544,ENSMUSP00000006544,test,True,24,mouse,known,NC3
329,ENSMUST00000006557,ENSMUSP00000006557,train,True,24,mouse,known,NC3
330,ENSMUST00000006559,ENSMUSP00000006559,val,True,24,mouse,known,NC3
331,ENSMUST00000006565,ENSMUSP00000006565,train,True,24,mouse,known,NC3
332,ENSMUST00000006611,ENSMUSP00000006611,val,True,24,mouse,known,NC3
333,ENSMUST00000006614,ENSMUSP00000006614,val,True,24,mouse,known,NC3
334,ENSMUST00000006625,ENSMUSP00000006625,train,True,24,mouse,known,NC3
335,ENSMUST00000006626,ENSMUSP00000006626,train,True,24,mouse,known,NC3
336,ENSMUST00000006629,ENSMUSP00000006629,train,True,24,mouse,known,NC3
337,ENSMUST00000006669,ENSMUSP00000006669,train,True,24,mouse,known,NC3
338,ENSMUST00000006692,ENSMUSP00000006692,train,True,24,mouse,known,NC3
339,ENSMUST00000006697,ENSMUSP00000006697,test,True,24,mouse,known,NC3
340,ENSMUST00000006754,ENSMUSP00000006754,train,True,24,mouse,known,NC3
341,ENSMUST00000006760,ENSMUSP00000006760,train,True,24,mouse,known,NC3
342,ENSMUST00000006764,ENSMUSP00000006764,test,True,24,mouse,known,NC3
343,ENSMUST00000006838,ENSMUSP00000006838,train,True,24,mouse,known,NC3
344,ENSMUST00000006856,ENSMUSP00000006856,val,True,24,mouse,known,NC3
345,ENSMUST00000006900,ENSMUSP00000006900,train,True,24,mouse,known,NC3
346,ENSMUST00000006911,ENSMUSP00000006911,test,True,24,mouse,known,NC3
347,ENSMUST00000006912,ENSMUSP00000006912,val,True,24,mouse,known,NC3
348,ENSMUST00000006915,ENSMUSP00000006915,train,True,24,mouse,known,NC3
349,ENSMUST00000007005,ENSMUSP00000007005,train,True,24,mouse,known,NC3
350,ENSMUST00000007012,ENSMUSP00000007012,train,True,24,mouse,known,NC3
351,ENSMUST00000007046,ENSMUSP00000007046,val,True,24,mouse,known,NC3
352,ENSMUST00000007131,ENSMUSP00000007131,train,True,24,mouse,known,NC3
353,ENSMUST00000007212,ENSMUSP00000007212,train,True,24,mouse,known,NC3
354,ENSMUST00000007216,ENSMUSP00000007216,train,True,24,mouse,known,NC3
355,ENSMUST00000007251,ENSMUSP00000007251,val,True,24,mouse,known,NC3
356,ENSMUST00000007253,ENSMUSP00000007253,test,True,24,mouse,known,NC3
357,ENSMUST00000007255,ENSMUSP00000007255,train,True,24,mouse,known,NC3
358,ENSMUST00000007257,ENSMUSP00000007257,train,True,24,mouse,known,NC3
359,ENSMUST00000007266,ENSMUSP00000007266,train,True,24,mouse,known,NC3
360,ENSMUST00000007272,ENSMUSP00000007272,train,True,24,mouse,known,NC3
361,ENSMUST00000007275,ENSMUSP00000007275,train,True,24,mouse,known,NC3
362,ENSMUST00000007280,ENSMUSP00000007280,train,True,24,mouse,known,NC3
363,ENSMUST00000007296,ENSMUSP00000007296,train,True,24,mouse,known,NC3
364,ENSMUST00000007317,ENSMUSP00000007317,train,True,24,mouse,known,NC3
365,ENSMUST00000007340,ENSMUSP00000007340,train,True,24,mouse,known,NC3
366,ENSMUST00000007444,ENSMUSP00000007444,train,True,24,mouse,known,NC3
367,ENSMUST00000007482,ENSMUSP00000007482,train,True,24,mouse,known,NC3
368,ENSMUST00000007559,ENSMUSP00000007559,test,True,24,mouse,known,NC3
369,ENSMUST00000007602,ENSMUSP00000007602,train,True,24,mouse,known,NC3
370,ENSMUST00000007708,ENSMUSP00000007708,train,True,24,mouse,known,NC3
371,ENSMUST00000007747,ENSMUSP00000007747,train,True,24,mouse,known,NC3
372,ENSMUST00000007790,ENSMUSP00000007790,train,True,24,mouse,known,NC3
373,ENSMUST00000007799,ENSMUSP00000007799,train,True,24,mouse,known,NC3
374,ENSMUST00000007814,ENSMUSP00000007814,test,True,24,mouse,known,NC3
375,ENSMUST00000007865,ENSMUSP00000007865,train,True,24,mouse,known,NC3
376,ENSMUST00000007959,ENSMUSP00000007959,train,True,24,mouse,known,NC3
377,ENSMUST00000007980,ENSMUSP00000007980,train,True,24,mouse,known,NC3
378,ENSMUST00000007993,ENSMUSP00000007993,test,True,24,mouse,known,NC3
379,ENSMUST00000008004,ENSMUSP00000008004,train,True,24,mouse,known,NC3
380,ENSMUST00000008036,ENSMUSP00000008036,test,True,24,mouse,known,NC3
381,ENSMUST00000008350,ENSMUSP00000008350,train,True,24,mouse,known,NC3
382,ENSMUST00000008445,ENSMUSP00000008445,train,True,24,mouse,known,NC3
383,ENSMUST00000008477,ENSMUSP00000008477,test,True,24,mouse,known,NC3
384,ENSMUST00000008517,ENSMUSP00000008517,train,True,24,mouse,known,NC3
385,ENSMUST00000008537,ENSMUSP00000008537,test,True,24,mouse,known,NC3
386,ENSMUST00000008573,ENSMUSP00000008573,train,True,24,mouse,known,NC3
387,ENSMUST00000008579,ENSMUSP00000008579,val,True,24,mouse,known,NC3
388,ENSMUST00000008733,ENSMUSP00000008733,train,True,24,mouse,known,NC3
389,ENSMUST00000008748,ENSMUSP00000008748,val,True,24,mouse,known,NC3
390,ENSMUST00000008812,ENSMUSP00000008812,train,True,24,mouse,known,NC3
391,ENSMUST00000008826,ENSMUSP00000008826,train,True,24,mouse,known,NC3
392,ENSMUST00000008893,ENSMUSP00000008893,val,True,24,mouse,known,NC3
393,ENSMUST00000008907,ENSMUSP00000008907,train,True,24,mouse,known,NC3
394,ENSMUST00000009003,ENSMUSP00000009003,test,True,24,mouse,known,NC3
395,ENSMUST00000009036,ENSMUSP00000009036,train,True,24,mouse,known,NC3
396,ENSMUST00000009039,ENSMUSP00000009039,train,True,24,mouse,known,NC3
397,ENSMUST00000009058,ENSMUSP00000009058,train,True,24,mouse,known,NC3
398,ENSMUST00000009102,ENSMUSP00000009102,test,True,24,mouse,known,NC3
399,ENSMUST00000009120,ENSMUSP00000009120,train,True,24,mouse,known,NC3
400,ENSMUST00000009234,ENSMUSP00000009234,train,True,24,mouse,known,NC3
401,ENSMUST00000009256,ENSMUSP00000009256,test,True,24,mouse,known,NC3
402,ENSMUST00000009321,ENSMUSP00000009321,train,True,24,mouse,known,NC3
403,ENSMUST00000009340,ENSMUSP00000009340,train,True,24,mouse,known,NC3
404,ENSMUST00000009435,ENSMUSP00000009435,val,True,24,mouse,known,NC3
405,ENSMUST00000009679,ENSMUSP00000009679,test,True,24,mouse,known,NC3
406,ENSMUST00000009693,ENSMUSP00000009693,val,True,24,mouse,known,NC3
407,ENSMUST00000009699,ENSMUSP00000009699,train,True,24,mouse,known,NC3
408,ENSMUST00000009707,ENSMUSP00000009707,train,True,24,mouse,known,NC3
409,ENSMUST00000009713,ENSMUSP00000009713,test,True,24,mouse,known,NC3
410,ENSMUST00000009728,ENSMUSP00000009728,train,True,24,mouse,known,NC3
411,ENSMUST00000009774,ENSMUSP00000009774,train,True,24,mouse,known,NC3
412,ENSMUST00000010007,ENSMUSP00000010007,val,True,24,mouse,known,NC3
413,ENSMUST00000010038,ENSMUSP00000010038,train,True,24,mouse,known,NC3
414,ENSMUST00000010049,ENSMUSP00000010049,test,True,24,mouse,known,NC3
415,ENSMUST00000010189,ENSMUSP00000010189,train,True,24,mouse,known,NC3
416,ENSMUST00000010192,ENSMUSP00000010192,train,True,24,mouse,known,NC3
417,ENSMUST00000010205,ENSMUSP00000010205,train,True,24,mouse,known,NC3
418,ENSMUST00000010241,ENSMUSP00000010241,train,True,24,mouse,known,NC3
419,ENSMUST00000010254,ENSMUSP00000010254,train,True,24,mouse,known,NC3
420,ENSMUST00000010278,ENSMUSP00000010278,train,True,24,mouse,known,NC3
421,ENSMUST00000010298,ENSMUSP00000010298,train,True,24,mouse,known,NC3
422,ENSMUST00000010348,ENSMUSP00000010348,train,True,24,mouse,known,NC3
423,ENSMUST00000010421,ENSMUSP00000010421,train,True,24,mouse,known,NC3
424,ENSMUST00000010434,ENSMUSP00000010434,train,True,24,mouse,known,NC3
425,ENSMUST00000010502,ENSMUSP00000010502,train,True,24,mouse,known,NC3
426,ENSMUST00000010520,ENSMUSP00000010520,train,True,24,mouse,known,NC3
427,ENSMUST00000010536,ENSMUSP00000010536,val,True,24,mouse,known,NC3
428,ENSMUST00000010550,ENSMUSP00000010550,train,True,24,mouse,known,NC3
429,ENSMUST00000010698,ENSMUSP00000010698,train,True,24,mouse,known,NC3
430,ENSMUST00000010807,ENSMUSP00000010807,train,True,24,mouse,known,NC3
431,ENSMUST00000010899,ENSMUSP00000010899,train,True,24,mouse,known,NC3
432,ENSMUST00000010940,ENSMUSP00000010940,train,True,24,mouse,known,NC3
433,ENSMUST00000010974,ENSMUSP00000010974,train,True,24,mouse,known,NC3
434,ENSMUST00000011029,ENSMUSP00000011029,val,True,24,mouse,known,NC3
435,ENSMUST00000011055,ENSMUSP00000011055,test,True,24,mouse,known,NC3
436,ENSMUST00000011058,ENSMUSP00000011058,train,True,24,mouse,known,NC3
437,ENSMUST00000011302,ENSMUSP00000011302,train,True,24,mouse,known,NC3
438,ENSMUST00000011398,ENSMUSP00000011398,train,True,24,mouse,known,NC3
439,ENSMUST00000011450,ENSMUSP00000011450,train,True,24,mouse,known,NC3
440,ENSMUST00000011492,ENSMUSP00000011492,train,True,24,mouse,known,NC3
441,ENSMUST00000011733,ENSMUSP00000011733,train,True,24,mouse,known,NC3
442,ENSMUST00000011896,ENSMUSP00000011896,val,True,24,mouse,known,NC3
443,ENSMUST00000012028,ENSMUSP00000012028,train,True,24,mouse,known,NC3
444,ENSMUST00000012104,ENSMUSP00000012104,train,True,24,mouse,known,NC3
445,ENSMUST00000012259,ENSMUSP00000012259,train,True,24,mouse,known,NC3
446,ENSMUST00000012281,ENSMUSP00000012281,train,True,24,mouse,known,NC3
447,ENSMUST00000012348,ENSMUSP00000012348,train,True,24,mouse,known,NC3
448,ENSMUST00000012580,ENSMUSP00000012580,train,True,24,mouse,known,NC3
449,ENSMUST00000012587,ENSMUSP00000012587,test,True,24,mouse,known,NC3
450,ENSMUST00000012627,ENSMUSP00000012627,train,True,24,mouse,known,NC3
451,ENSMUST00000012679,ENSMUSP00000012679,test,True,24,mouse,known,NC3
452,ENSMUST00000013130,ENSMUSP00000013130,train,True,24,mouse,known,NC3
453,ENSMUST00000013299,ENSMUSP00000013299,train,True,24,mouse,known,NC3
454,ENSMUST00000013304,ENSMUSP00000013304,train,True,24,mouse,known,NC3
455,ENSMUST00000013338,ENSMUSP00000013338,val,True,24,mouse,known,NC3
456,ENSMUST00000013559,ENSMUSP00000013559,train,True,24,mouse,known,NC3
457,ENSMUST00000013693,ENSMUSP00000013693,train,True,24,mouse,known,NC3
458,ENSMUST00000013737,ENSMUSP00000013737,train,True,24,mouse,known,NC3
459,ENSMUST00000013759,ENSMUSP00000013759,train,True,24,mouse,known,NC3
460,ENSMUST00000013766,ENSMUSP00000013766,train,True,24,mouse,known,NC3
461,ENSMUST00000013773,ENSMUSP00000013773,test,True,24,mouse,known,NC3
462,ENSMUST00000013842,ENSMUSP00000013842,train,True,24,mouse,known,NC3
463,ENSMUST00000013845,ENSMUSP00000013845,train,True,24,mouse,known,NC3
464,ENSMUST00000013851,ENSMUSP00000013851,train,True,24,mouse,known,NC3
465,ENSMUST00000013886,ENSMUSP00000013886,train,True,24,mouse,known,NC3
466,ENSMUST00000013931,ENSMUSP00000013931,train,True,24,mouse,known,NC3
467,ENSMUST00000013970,ENSMUSP00000013970,train,True,24,mouse,known,NC3
468,ENSMUST00000014022,ENSMUSP00000014022,val,True,24,mouse,known,NC3
469,ENSMUST00000014065,ENSMUSP00000014065,test,True,24,mouse,known,NC3
470,ENSMUST00000014221,ENSMUSP00000014221,val,True,24,mouse,known,NC3
471,ENSMUST00000014321,ENSMUSP00000014321,train,True,24,mouse,known,NC3
472,ENSMUST00000014370,ENSMUSP00000014370,train,True,24,mouse,known,NC3
473,ENSMUST00000014421,ENSMUSP00000014421,train,True,24,mouse,known,NC3
474,ENSMUST00000014438,ENSMUSP00000014438,train,True,24,mouse,known,NC3
475,ENSMUST00000014499,ENSMUSP00000014499,train,True,24,mouse,known,NC3
476,ENSMUST00000014546,ENSMUSP00000014546,train,True,24,mouse,known,NC3
477,ENSMUST00000014562,ENSMUSP00000014562,train,True,24,mouse,known,NC3
478,ENSMUST00000014578,ENSMUSP00000014578,train,True,24,mouse,known,NC3
479,ENSMUST00000014642,ENSMUSP00000014642,train,True,24,mouse,known,NC3
480,ENSMUST00000014684,ENSMUSP00000014684,train,True,24,mouse,known,NC3
481,ENSMUST00000014694,ENSMUSP00000014694,train,True,24,mouse,known,NC3
482,ENSMUST00000014698,ENSMUSP00000014698,train,True,24,mouse,known,NC3
483,ENSMUST00000014743,ENSMUSP00000014743,val,True,24,mouse,known,NC3
484,ENSMUST00000014750,ENSMUSP00000014750,train,True,24,mouse,known,NC3
485,ENSMUST00000014913,ENSMUSP00000014913,train,True,24,mouse,known,NC3
486,ENSMUST00000014922,ENSMUSP00000014922,val,True,24,mouse,known,NC3
487,ENSMUST00000015003,ENSMUSP00000015003,train,True,24,mouse,known,NC3
488,ENSMUST00000015011,ENSMUSP00000015011,val,True,24,mouse,known,NC3
489,ENSMUST00000015017,ENSMUSP00000015017,test,True,24,mouse,known,NC3
490,ENSMUST00000015100,ENSMUSP00000015100,test,True,24,mouse,known,NC3
491,ENSMUST00000015124,ENSMUSP00000015124,train,True,24,mouse,known,NC3
492,ENSMUST00000015137,ENSMUSP00000015137,train,True,24,mouse,known,NC3
493,ENSMUST00000015157,ENSMUSP00000015157,train,True,24,mouse,known,NC3
494,ENSMUST00000015160,ENSMUSP00000015160,train,True,24,mouse,known,NC3
495,ENSMUST00000015236,ENSMUSP00000015236,train,True,24,mouse,known,NC3
496,ENSMUST00000015256,ENSMUSP00000015256,train,True,24,mouse,known,NC3
497,ENSMUST00000015391,ENSMUSP00000015391,train,True,24,mouse,known,NC3
498,ENSMUST00000015435,ENSMUSP00000015435,train,True,24,mouse,known,NC3
499,ENSMUST00000015481,ENSMUSP00000015481,val,True,24,mouse,known,NC3
500,ENSMUST00000015501,ENSMUSP00000015501,train,True,24,mouse,known,NC3
501,ENSMUST00000015712,ENSMUSP00000015712,val,True,24,mouse,known,NC3
502,ENSMUST00000015725,ENSMUSP00000015725,train,True,24,mouse,known,NC3
503,ENSMUST00000015791,ENSMUSP00000015791,train,True,24,mouse,known,NC3
504,ENSMUST00000015796,ENSMUSP00000015796,train,True,24,mouse,known,NC3
505,ENSMUST00000015800,ENSMUSP00000015800,train,True,24,mouse,known,NC3
506,ENSMUST00000015829,ENSMUSP00000015829,train,True,24,mouse,known,NC3
507,ENSMUST00000015855,ENSMUSP00000015855,train,True,24,mouse,known,NC3
508,ENSMUST00000015858,ENSMUSP00000015858,train,True,24,mouse,known,NC3
509,ENSMUST00000015877,ENSMUSP00000015877,train,True,24,mouse,known,NC3
510,ENSMUST00000015889,ENSMUSP00000015889,train,True,24,mouse,known,NC3
511,ENSMUST00000015891,ENSMUSP00000015891,train,True,24,mouse,known,NC3
512,ENSMUST00000015892,ENSMUSP00000015892,train,True,24,mouse,known,NC3
513,ENSMUST00000015901,ENSMUSP00000015901,train,True,24,mouse,known,NC3
514,ENSMUST00000015920,ENSMUSP00000015920,train,True,24,mouse,known,NC3
515,ENSMUST00000015934,ENSMUSP00000015934,train,True,24,mouse,known,NC3
516,ENSMUST00000015950,ENSMUSP00000015950,train,True,24,mouse,known,NC3
517,ENSMUST00000016033,ENSMUSP00000016033,val,True,24,mouse,known,NC3
518,ENSMUST00000016072,ENSMUSP00000016072,train,True,24,mouse,known,NC3
519,ENSMUST00000016081,ENSMUSP00000016081,train,True,24,mouse,known,NC3
520,ENSMUST00000016088,ENSMUSP00000016088,train,True,24,mouse,known,NC3
521,ENSMUST00000016105,ENSMUSP00000016105,val,True,24,mouse,known,NC3
522,ENSMUST00000016138,ENSMUSP00000016138,val,True,24,mouse,known,NC3
523,ENSMUST00000016172,ENSMUSP00000016172,train,True,24,mouse,known,NC3
524,ENSMUST00000016396,ENSMUSP00000016396,train,True,24,mouse,known,NC3
525,ENSMUST00000016397,ENSMUSP00000016397,test,True,24,mouse,known,NC3
526,ENSMUST00000016400,ENSMUSP00000016400,train,True,24,mouse,known,NC3
527,ENSMUST00000016401,ENSMUSP00000016401,train,True,24,mouse,known,NC3
528,ENSMUST00000016463,ENSMUSP00000016463,train,True,24,mouse,known,NC3
529,ENSMUST00000016498,ENSMUSP00000016498,train,True,24,mouse,known,NC3
530,ENSMUST00000016553,ENSMUSP00000016553,train,True,24,mouse,known,NC3
531,ENSMUST00000016569,ENSMUSP00000016569,train,True,24,mouse,known,NC3
532,ENSMUST00000016571,ENSMUSP00000016571,val,True,24,mouse,known,NC3
533,ENSMUST00000016631,ENSMUSP00000016631,train,True,24,mouse,known,NC3
534,ENSMUST00000016654,ENSMUSP00000016654,train,True,24,mouse,known,NC3
535,ENSMUST00000016672,ENSMUSP00000016672,train,True,24,mouse,known,NC3
536,ENSMUST00000016680,ENSMUSP00000016680,train,True,24,mouse,known,NC3
537,ENSMUST00000016771,ENSMUSP00000016771,train,True,24,mouse,known,NC3
538,ENSMUST00000016781,ENSMUSP00000016781,train,True,24,mouse,known,NC3
539,ENSMUST00000016901,ENSMUSP00000016901,train,True,24,mouse,known,NC3
540,ENSMUST00000016951,ENSMUSP00000016951,train,True,24,mouse,known,NC3
541,ENSMUST00000016977,ENSMUSP00000016977,train,True,24,mouse,known,NC3
542,ENSMUST00000017144,ENSMUSP00000017144,train,True,24,mouse,known,NC3
543,ENSMUST00000017153,ENSMUSP00000017153,train,True,24,mouse,known,NC3
544,ENSMUST00000017188,ENSMUSP00000017188,train,True,24,mouse,known,NC3
545,ENSMUST00000017270,ENSMUSP00000017270,train,True,24,mouse,known,NC3
546,ENSMUST00000017288,ENSMUSP00000017288,train,True,24,mouse,known,NC3
547,ENSMUST00000017290,ENSMUSP00000017290,train,True,24,mouse,known,NC3
548,ENSMUST00000017332,ENSMUSP00000017332,train,True,24,mouse,known,NC3
549,ENSMUST00000017365,ENSMUSP00000017365,train,True,24,mouse,known,NC3
550,ENSMUST00000017384,ENSMUSP00000017384,train,True,24,mouse,known,NC3
551,ENSMUST00000017408,ENSMUSP00000017408,train,True,24,mouse,known,NC3
552,ENSMUST00000017430,ENSMUSP00000017430,train,True,24,mouse,known,NC3
553,ENSMUST00000017443,ENSMUSP00000017443,train,True,24,mouse,known,NC3
554,ENSMUST00000017548,ENSMUSP00000017548,train,True,24,mouse,known,NC3
555,ENSMUST00000017549,ENSMUSP00000017549,train,True,24,mouse,known,NC3
556,ENSMUST00000017604,ENSMUSP00000017604,train,True,24,mouse,known,NC3
557,ENSMUST00000017610,ENSMUSP00000017610,val,True,24,mouse,known,NC3
558,ENSMUST00000017622,ENSMUSP00000017622,train,True,24,mouse,known,NC3
559,ENSMUST00000017629,ENSMUSP00000017629,val,True,24,mouse,known,NC3
560,ENSMUST00000017692,ENSMUSP00000017692,train,True,24,mouse,known,NC3
561,ENSMUST00000017694,ENSMUSP00000017694,train,True,24,mouse,known,NC3
562,ENSMUST00000017839,ENSMUSP00000017839,train,True,24,mouse,known,NC3
563,ENSMUST00000017841,ENSMUSP00000017841,train,True,24,mouse,known,NC3
564,ENSMUST00000017851,ENSMUSP00000017851,train,True,24,mouse,known,NC3
565,ENSMUST00000017891,ENSMUSP00000017891,train,True,24,mouse,known,NC3
566,ENSMUST00000017900,ENSMUSP00000017900,train,True,24,mouse,known,NC3
567,ENSMUST00000017920,ENSMUSP00000017920,val,True,24,mouse,known,NC3
568,ENSMUST00000017945,ENSMUSP00000017945,train,True,24,mouse,known,NC3
569,ENSMUST00000017946,ENSMUSP00000017946,train,True,24,mouse,known,NC3
570,ENSMUST00000017974,ENSMUSP00000017974,test,True,24,mouse,known,NC3
571,ENSMUST00000017975,ENSMUSP00000017975,train,True,24,mouse,known,NC3
572,ENSMUST00000018005,ENSMUSP00000018005,train,True,24,mouse,known,NC3
573,ENSMUST00000018113,ENSMUSP00000018113,train,True,24,mouse,known,NC3
574,ENSMUST00000018143,ENSMUSP00000018143,train,True,24,mouse,known,NC3
575,ENSMUST00000018184,ENSMUSP00000018184,val,True,24,mouse,known,NC3
576,ENSMUST00000018186,ENSMUSP00000018186,val,True,24,mouse,known,NC3
577,ENSMUST00000018212,ENSMUSP00000018212,train,True,24,mouse,known,NC3
578,ENSMUST00000018311,ENSMUSP00000018311,train,True,24,mouse,known,NC3
579,ENSMUST00000018315,ENSMUSP00000018315,train,True,24,mouse,known,NC3
580,ENSMUST00000018333,ENSMUSP00000018333,train,True,24,mouse,known,NC3
581,ENSMUST00000018337,ENSMUSP00000018337,train,True,24,mouse,known,NC3
582,ENSMUST00000018353,ENSMUSP00000018353,train,True,24,mouse,known,NC3
583,ENSMUST00000018383,nan,train,True,24,mouse,known,NC3
584,ENSMUST00000018399,ENSMUSP00000018399,train,True,24,mouse,known,NC3
585,ENSMUST00000018430,ENSMUSP00000018430,train,True,24,mouse,known,NC3
586,ENSMUST00000018431,ENSMUSP00000018431,train,True,24,mouse,known,NC3
587,ENSMUST00000018437,ENSMUSP00000018437,train,True,24,mouse,known,NC3
588,ENSMUST00000018466,ENSMUSP00000018466,train,True,24,mouse,known,NC3
589,ENSMUST00000018470,ENSMUSP00000018470,train,True,24,mouse,known,NC3
590,ENSMUST00000018476,ENSMUSP00000018476,train,True,24,mouse,known,NC3
591,ENSMUST00000018478,ENSMUSP00000018478,train,True,24,mouse,known,NC3
592,ENSMUST00000018521,ENSMUSP00000018521,train,True,24,mouse,known,NC3
593,ENSMUST00000018522,ENSMUSP00000018522,train,True,24,mouse,known,NC3
594,ENSMUST00000018561,ENSMUSP00000018561,train,True,24,mouse,known,NC3
595,ENSMUST00000018568,ENSMUSP00000018568,train,True,24,mouse,known,NC3
596,ENSMUST00000018569,ENSMUSP00000018569,train,True,24,mouse,known,NC3
597,ENSMUST00000018577,ENSMUSP00000018577,train,True,24,mouse,known,NC3
598,ENSMUST00000018625,ENSMUSP00000018625,train,True,24,mouse,known,NC3
599,ENSMUST00000018632,ENSMUSP00000018632,train,True,24,mouse,known,NC3
600,ENSMUST00000018641,ENSMUSP00000018641,val,True,24,mouse,known,NC3
601,ENSMUST00000018653,ENSMUSP00000018653,train,True,24,mouse,known,NC3
602,ENSMUST00000018685,ENSMUSP00000018685,train,True,24,mouse,known,NC3
603,ENSMUST00000018691,ENSMUSP00000018691,train,True,24,mouse,known,NC3
604,ENSMUST00000018711,ENSMUSP00000018711,train,True,24,mouse,known,NC3
605,ENSMUST00000018716,ENSMUSP00000018716,train,True,24,mouse,known,NC3
606,ENSMUST00000018727,ENSMUSP00000018727,train,True,24,mouse,known,NC3
607,ENSMUST00000018744,ENSMUSP00000018744,val,True,24,mouse,known,NC3
608,ENSMUST00000018755,ENSMUSP00000018755,train,True,24,mouse,known,NC3
609,ENSMUST00000018792,ENSMUSP00000018792,train,True,24,mouse,known,NC3
610,ENSMUST00000018803,ENSMUSP00000018803,train,True,24,mouse,known,NC3
611,ENSMUST00000018805,ENSMUSP00000018805,val,True,24,mouse,known,NC3
612,ENSMUST00000018816,ENSMUSP00000018816,train,True,24,mouse,known,NC3
613,ENSMUST00000018841,ENSMUSP00000018841,train,True,24,mouse,known,NC3
614,ENSMUST00000018851,ENSMUSP00000018851,train,True,24,mouse,known,NC3
615,ENSMUST00000018875,ENSMUSP00000018875,train,True,24,mouse,known,NC3
616,ENSMUST00000018880,ENSMUSP00000018880,train,True,24,mouse,known,NC3
617,ENSMUST00000018905,ENSMUSP00000018905,train,True,24,mouse,known,NC3
618,ENSMUST00000018909,ENSMUSP00000018909,train,True,24,mouse,known,NC3
619,ENSMUST00000018990,ENSMUSP00000018990,val,True,24,mouse,known,NC3
620,ENSMUST00000018992,ENSMUSP00000018992,train,True,24,mouse,known,NC3
621,ENSMUST00000018993,ENSMUSP00000018993,train,True,24,mouse,known,NC3
622,ENSMUST00000019026,ENSMUSP00000019026,train,True,24,mouse,known,NC3
623,ENSMUST00000019065,ENSMUSP00000019065,train,True,24,mouse,known,NC3
624,ENSMUST00000019067,ENSMUSP00000019067,train,True,24,mouse,known,NC3
625,ENSMUST00000019075,ENSMUSP00000019075,test,True,24,mouse,known,NC3
626,ENSMUST00000019076,ENSMUSP00000019076,train,True,24,mouse,known,NC3
627,ENSMUST00000019109,ENSMUSP00000019109,test,True,24,mouse,known,NC3
628,ENSMUST00000019118,ENSMUSP00000019118,train,True,24,mouse,known,NC3
629,ENSMUST00000019128,ENSMUSP00000019128,train,True,24,mouse,known,NC3
630,ENSMUST00000019135,ENSMUSP00000019135,train,True,24,mouse,known,NC3
631,ENSMUST00000019143,ENSMUSP00000019143,train,True,24,mouse,known,NC3
632,ENSMUST00000019183,ENSMUSP00000019183,test,True,24,mouse,known,NC3
633,ENSMUST00000019198,ENSMUSP00000019198,val,True,24,mouse,known,NC3
634,ENSMUST00000019199,ENSMUSP00000019199,train,True,24,mouse,known,NC3
635,ENSMUST00000019220,ENSMUSP00000019220,train,True,24,mouse,known,NC3
636,ENSMUST00000019224,ENSMUSP00000019224,train,True,24,mouse,known,NC3
637,ENSMUST00000019229,ENSMUSP00000019229,train,True,24,mouse,known,NC3
638,ENSMUST00000019231,ENSMUSP00000019231,val,True,24,mouse,known,NC3
639,ENSMUST00000019268,ENSMUSP00000019268,train,True,24,mouse,known,NC3
640,ENSMUST00000019302,ENSMUSP00000019302,train,True,24,mouse,known,NC3
641,ENSMUST00000019323,ENSMUSP00000019323,train,True,24,mouse,known,NC3
642,ENSMUST00000019354,ENSMUSP00000019354,train,True,24,mouse,known,NC3
643,ENSMUST00000019362,ENSMUSP00000019362,train,True,24,mouse,known,NC3
644,ENSMUST00000019382,ENSMUSP00000019382,train,True,24,mouse,known,NC3
645,ENSMUST00000019405,ENSMUSP00000019405,train,True,24,mouse,known,NC3
646,ENSMUST00000019441,ENSMUSP00000019441,train,True,24,mouse,known,NC3
647,ENSMUST00000019443,ENSMUSP00000019443,test,True,24,mouse,known,NC3
648,ENSMUST00000019447,ENSMUSP00000019447,val,True,24,mouse,known,NC3
649,ENSMUST00000019470,ENSMUSP00000019470,test,True,24,mouse,known,NC3
650,ENSMUST00000019482,ENSMUSP00000019482,train,True,24,mouse,known,NC3
651,ENSMUST00000019506,ENSMUSP00000019506,train,True,24,mouse,known,NC3
652,ENSMUST00000019517,ENSMUSP00000019517,train,True,24,mouse,known,NC3
653,ENSMUST00000019577,ENSMUSP00000019577,train,True,24,mouse,known,NC3
654,ENSMUST00000019605,ENSMUSP00000019605,test,True,24,mouse,known,NC3
655,ENSMUST00000019614,ENSMUSP00000019614,train,True,24,mouse,known,NC3
656,ENSMUST00000019615,ENSMUSP00000019615,train,True,24,mouse,known,NC3
657,ENSMUST00000019638,ENSMUSP00000019638,test,True,24,mouse,known,NC3
658,ENSMUST00000019662,ENSMUSP00000019662,test,True,24,mouse,known,NC3
659,ENSMUST00000019679,ENSMUSP00000019679,train,True,24,mouse,known,NC3
660,ENSMUST00000019697,ENSMUSP00000019697,train,True,24,mouse,known,NC3
661,ENSMUST00000019701,ENSMUSP00000019701,train,True,24,mouse,known,NC3
662,ENSMUST00000019722,ENSMUSP00000019722,train,True,24,mouse,known,NC3
663,ENSMUST00000019723,ENSMUSP00000019723,train,True,24,mouse,known,NC3
664,ENSMUST00000019726,ENSMUSP00000019726,train,True,24,mouse,known,NC3
665,ENSMUST00000019803,ENSMUSP00000019803,train,True,24,mouse,known,NC3
666,ENSMUST00000019854,ENSMUSP00000019854,train,True,24,mouse,known,NC3
667,ENSMUST00000019859,ENSMUSP00000019859,train,True,24,mouse,known,NC3
668,ENSMUST00000019876,ENSMUSP00000019876,train,True,24,mouse,known,NC3
669,ENSMUST00000019878,ENSMUSP00000019878,train,True,24,mouse,known,NC3
670,ENSMUST00000019882,ENSMUSP00000019882,test,True,24,mouse,known,NC3
671,ENSMUST00000019911,ENSMUSP00000019911,test,True,24,mouse,known,NC3
672,ENSMUST00000019917,ENSMUSP00000019917,test,True,24,mouse,known,NC3
673,ENSMUST00000019927,ENSMUSP00000019927,train,True,24,mouse,known,NC3
674,ENSMUST00000019937,ENSMUSP00000019937,train,True,24,mouse,known,NC3
675,ENSMUST00000019939,ENSMUSP00000019939,train,True,24,mouse,known,NC3
676,ENSMUST00000019944,ENSMUSP00000019944,train,True,24,mouse,known,NC3
677,ENSMUST00000019945,ENSMUSP00000019945,train,True,24,mouse,known,NC3
678,ENSMUST00000019950,ENSMUSP00000019950,train,True,24,mouse,known,NC3
679,ENSMUST00000019965,ENSMUSP00000019965,train,True,24,mouse,known,NC3
680,ENSMUST00000019974,ENSMUSP00000019974,train,True,24,mouse,known,NC3
681,ENSMUST00000019982,ENSMUSP00000019982,val,True,24,mouse,known,NC3
682,ENSMUST00000019992,ENSMUSP00000019992,train,True,24,mouse,known,NC3
683,ENSMUST00000019997,ENSMUSP00000019997,val,True,24,mouse,known,NC3
684,ENSMUST00000020000,ENSMUSP00000020000,test,True,24,mouse,known,NC3
685,ENSMUST00000020004,ENSMUSP00000020004,train,True,24,mouse,known,NC3
686,ENSMUST00000020012,ENSMUSP00000020012,val,True,24,mouse,known,NC3
687,ENSMUST00000020027,ENSMUSP00000020027,val,True,24,mouse,known,NC3
688,ENSMUST00000020034,ENSMUSP00000020034,val,True,24,mouse,known,NC3
689,ENSMUST00000020049,ENSMUSP00000020049,train,True,24,mouse,known,NC3
690,ENSMUST00000020081,ENSMUSP00000020081,train,True,24,mouse,known,NC3
691,ENSMUST00000020085,nan,train,True,24,mouse,known,NC3
692,ENSMUST00000020107,ENSMUSP00000020107,val,True,24,mouse,known,NC3
693,ENSMUST00000020109,ENSMUSP00000020109,train,True,24,mouse,known,NC3
694,ENSMUST00000020112,ENSMUSP00000020112,train,True,24,mouse,known,NC3
695,ENSMUST00000020123,ENSMUSP00000020123,train,True,24,mouse,known,NC3
696,ENSMUST00000020149,ENSMUSP00000020149,train,True,24,mouse,known,NC3
697,ENSMUST00000020150,ENSMUSP00000020150,train,True,24,mouse,known,NC3
698,ENSMUST00000020163,ENSMUSP00000020163,train,True,24,mouse,known,NC3
699,ENSMUST00000020171,ENSMUSP00000020171,train,True,24,mouse,known,NC3
700,ENSMUST00000020188,ENSMUSP00000020188,train,True,24,mouse,known,NC3
701,ENSMUST00000020208,ENSMUSP00000020208,train,True,24,mouse,known,NC3
702,ENSMUST00000020209,ENSMUSP00000020209,train,True,24,mouse,known,NC3
703,ENSMUST00000020217,ENSMUSP00000020217,train,True,24,mouse,known,NC3
704,ENSMUST00000020223,ENSMUSP00000020223,train,True,24,mouse,known,NC3
705,ENSMUST00000020227,ENSMUSP00000020227,train,True,24,mouse,known,NC3
706,ENSMUST00000020234,ENSMUSP00000020234,val,True,24,mouse,known,NC3
707,ENSMUST00000020238,ENSMUSP00000020238,train,True,24,mouse,known,NC3
708,ENSMUST00000020248,ENSMUSP00000020248,test,True,24,mouse,known,NC3
709,ENSMUST00000020251,ENSMUSP00000020251,train,True,24,mouse,known,NC3
710,ENSMUST00000020257,ENSMUSP00000020257,train,True,24,mouse,known,NC3
711,ENSMUST00000020263,ENSMUSP00000020263,train,True,24,mouse,known,NC3
712,ENSMUST00000020268,ENSMUSP00000020268,train,True,24,mouse,known,NC3
713,ENSMUST00000020270,ENSMUSP00000020270,val,True,24,mouse,known,NC3
714,ENSMUST00000020273,ENSMUSP00000020273,train,True,24,mouse,known,NC3
715,ENSMUST00000020283,ENSMUSP00000020283,train,True,24,mouse,known,NC3
716,ENSMUST00000020284,ENSMUSP00000020284,train,True,24,mouse,known,NC3
717,ENSMUST00000020286,ENSMUSP00000020286,train,True,24,mouse,known,NC3
718,ENSMUST00000020289,ENSMUSP00000020289,train,True,24,mouse,known,NC3
719,ENSMUST00000020311,ENSMUSP00000020311,train,True,24,mouse,known,NC3
720,ENSMUST00000020312,ENSMUSP00000020312,train,True,24,mouse,known,NC3
721,ENSMUST00000020315,ENSMUSP00000020315,test,True,24,mouse,known,NC3
722,ENSMUST00000020316,ENSMUSP00000020316,train,True,24,mouse,known,NC3
723,ENSMUST00000020317,ENSMUSP00000020317,test,True,24,mouse,known,NC3
724,ENSMUST00000020329,ENSMUSP00000020329,train,True,24,mouse,known,NC3
725,ENSMUST00000020334,ENSMUSP00000020334,test,True,24,mouse,known,NC3
726,ENSMUST00000020339,ENSMUSP00000020339,train,True,24,mouse,known,NC3
727,ENSMUST00000020341,nan,train,True,24,mouse,known,NC3
728,ENSMUST00000020343,ENSMUSP00000020343,train,True,24,mouse,known,NC3
729,ENSMUST00000020359,ENSMUSP00000020359,val,True,24,mouse,known,NC3
730,ENSMUST00000020361,ENSMUSP00000020361,train,True,24,mouse,known,NC3
731,ENSMUST00000020365,ENSMUSP00000020365,train,True,24,mouse,known,NC3
732,ENSMUST00000020381,ENSMUSP00000020381,train,True,24,mouse,known,NC3
733,ENSMUST00000020382,ENSMUSP00000020382,train,True,24,mouse,known,NC3
734,ENSMUST00000020397,ENSMUSP00000020397,test,True,24,mouse,known,NC3
735,ENSMUST00000020403,ENSMUSP00000020403,train,True,24,mouse,known,NC3
736,ENSMUST00000020411,ENSMUSP00000020411,test,True,24,mouse,known,NC3
737,ENSMUST00000020420,ENSMUSP00000020420,train,True,24,mouse,known,NC3
738,ENSMUST00000020440,ENSMUSP00000020440,train,True,24,mouse,known,NC3
739,ENSMUST00000020448,ENSMUSP00000020448,train,True,24,mouse,known,NC3
740,ENSMUST00000020449,ENSMUSP00000020449,val,True,24,mouse,known,NC3
741,ENSMUST00000020463,ENSMUSP00000020463,train,True,24,mouse,known,NC3
742,ENSMUST00000020478,ENSMUSP00000020478,train,True,24,mouse,known,NC3
743,ENSMUST00000020490,ENSMUSP00000020490,train,True,24,mouse,known,NC3
744,ENSMUST00000020493,ENSMUSP00000020493,train,True,24,mouse,known,NC3
745,ENSMUST00000020497,ENSMUSP00000020497,train,True,24,mouse,known,NC3
746,ENSMUST00000020500,ENSMUSP00000020500,train,True,24,mouse,known,NC3
747,ENSMUST00000020501,ENSMUSP00000020501,train,True,24,mouse,known,NC3
748,ENSMUST00000020504,ENSMUSP00000020504,train,True,24,mouse,known,NC3
749,ENSMUST00000020513,ENSMUSP00000020513,train,True,24,mouse,known,NC3
750,ENSMUST00000020522,ENSMUSP00000020522,train,True,24,mouse,known,NC3
751,ENSMUST00000020523,ENSMUSP00000020523,train,True,24,mouse,known,NC3
752,ENSMUST00000020524,ENSMUSP00000020524,test,True,24,mouse,known,NC3
753,ENSMUST00000020528,ENSMUSP00000020528,train,True,24,mouse,known,NC3
754,ENSMUST00000020529,ENSMUSP00000020529,test,True,24,mouse,known,NC3
755,ENSMUST00000020543,ENSMUSP00000020543,train,True,24,mouse,known,NC3
756,ENSMUST00000020550,ENSMUSP00000020550,train,True,24,mouse,known,NC3
757,ENSMUST00000020564,ENSMUSP00000020564,val,True,24,mouse,known,NC3
758,ENSMUST00000020578,ENSMUSP00000020578,train,True,24,mouse,known,NC3
759,ENSMUST00000020579,ENSMUSP00000020579,train,True,24,mouse,known,NC3
760,ENSMUST00000020580,ENSMUSP00000020580,train,True,24,mouse,known,NC3
761,ENSMUST00000020608,ENSMUSP00000020608,train,True,24,mouse,known,NC3
762,ENSMUST00000020625,ENSMUSP00000020625,test,True,24,mouse,known,NC3
763,ENSMUST00000020630,ENSMUSP00000020630,train,True,24,mouse,known,NC3
764,ENSMUST00000020634,ENSMUSP00000020634,train,True,24,mouse,known,NC3
765,ENSMUST00000020637,ENSMUSP00000020637,test,True,24,mouse,known,NC3
766,ENSMUST00000020640,ENSMUSP00000020640,train,True,24,mouse,known,NC3
767,ENSMUST00000020643,ENSMUSP00000020643,train,True,24,mouse,known,NC3
768,ENSMUST00000020647,ENSMUSP00000020647,train,True,24,mouse,known,NC3
769,ENSMUST00000020649,ENSMUSP00000020649,train,True,24,mouse,known,NC3
770,ENSMUST00000020653,ENSMUSP00000020653,train,True,24,mouse,known,NC3
771,ENSMUST00000020673,ENSMUSP00000020673,train,True,24,mouse,known,NC3
772,ENSMUST00000020683,ENSMUSP00000020683,test,True,24,mouse,known,NC3
773,ENSMUST00000020687,ENSMUSP00000020687,train,True,24,mouse,known,NC3
774,ENSMUST00000020717,ENSMUSP00000020717,train,True,24,mouse,known,NC3
775,ENSMUST00000020719,ENSMUSP00000020719,train,True,24,mouse,known,NC3
776,ENSMUST00000020741,ENSMUSP00000020741,train,True,24,mouse,known,NC3
777,ENSMUST00000020749,ENSMUSP00000020749,train,True,24,mouse,known,NC3
778,ENSMUST00000020754,ENSMUSP00000020754,val,True,24,mouse,known,NC3
779,ENSMUST00000020755,ENSMUSP00000020755,test,True,24,mouse,known,NC3
780,ENSMUST00000020756,ENSMUSP00000020756,train,True,24,mouse,known,NC3
781,ENSMUST00000020759,ENSMUSP00000020759,train,True,24,mouse,known,NC3
782,ENSMUST00000020769,ENSMUSP00000020769,train,True,24,mouse,known,NC3
783,ENSMUST00000020776,ENSMUSP00000020776,train,True,24,mouse,known,NC3
784,ENSMUST00000020794,ENSMUSP00000020794,train,True,24,mouse,known,NC3
785,ENSMUST00000020801,ENSMUSP00000020801,train,True,24,mouse,known,NC3
786,ENSMUST00000020804,ENSMUSP00000020804,test,True,24,mouse,known,NC3
787,ENSMUST00000020820,ENSMUSP00000020820,train,True,24,mouse,known,NC3
788,ENSMUST00000020822,ENSMUSP00000020822,train,True,24,mouse,known,NC3
789,ENSMUST00000020826,ENSMUSP00000020826,test,True,24,mouse,known,NC3
790,ENSMUST00000020827,ENSMUSP00000020827,train,True,24,mouse,known,NC3
791,ENSMUST00000020830,ENSMUSP00000020830,val,True,24,mouse,known,NC3
792,ENSMUST00000020831,ENSMUSP00000020831,train,True,24,mouse,known,NC3
793,ENSMUST00000020835,ENSMUSP00000020835,train,True,24,mouse,known,NC3
794,ENSMUST00000020849,ENSMUSP00000020849,train,True,24,mouse,known,NC3
795,ENSMUST00000020851,ENSMUSP00000020851,train,True,24,mouse,known,NC3
796,ENSMUST00000020856,ENSMUSP00000020856,train,True,24,mouse,known,NC3
797,ENSMUST00000020877,ENSMUSP00000020877,train,True,24,mouse,known,NC3
798,ENSMUST00000020886,ENSMUSP00000020886,train,True,24,mouse,known,NC3
799,ENSMUST00000020909,ENSMUSP00000020909,train,True,24,mouse,known,NC3
800,ENSMUST00000020911,ENSMUSP00000020911,train,True,24,mouse,known,NC3
801,ENSMUST00000020927,ENSMUSP00000020927,test,True,24,mouse,known,NC3
802,ENSMUST00000020930,ENSMUSP00000020930,train,True,24,mouse,known,NC3
803,ENSMUST00000020931,ENSMUSP00000020931,train,True,24,mouse,known,NC3
804,ENSMUST00000020947,ENSMUSP00000020947,train,True,24,mouse,known,NC3
805,ENSMUST00000020954,ENSMUSP00000020954,train,True,24,mouse,known,NC3
806,ENSMUST00000020957,ENSMUSP00000020957,train,True,24,mouse,known,NC3
807,ENSMUST00000020969,ENSMUSP00000020969,train,True,24,mouse,known,NC3
808,ENSMUST00000020970,ENSMUSP00000020970,train,True,24,mouse,known,NC3
809,ENSMUST00000020979,ENSMUSP00000020979,val,True,24,mouse,known,NC3
810,ENSMUST00000020980,ENSMUSP00000020980,train,True,24,mouse,known,NC3
811,ENSMUST00000021001,ENSMUSP00000021001,train,True,24,mouse,known,NC3
812,ENSMUST00000021018,ENSMUSP00000021018,train,True,24,mouse,known,NC3
813,ENSMUST00000021028,ENSMUSP00000021028,train,True,24,mouse,known,NC3
814,ENSMUST00000021030,ENSMUSP00000021030,train,True,24,mouse,known,NC3
815,ENSMUST00000021040,ENSMUSP00000021040,train,True,24,mouse,known,NC3
816,ENSMUST00000021045,ENSMUSP00000021045,train,True,24,mouse,known,NC3
817,ENSMUST00000021046,ENSMUSP00000021046,train,True,24,mouse,known,NC3
818,ENSMUST00000021048,ENSMUSP00000021048,test,True,24,mouse,known,NC3
819,ENSMUST00000021049,ENSMUSP00000021049,train,True,24,mouse,known,NC3
820,ENSMUST00000021052,ENSMUSP00000021052,train,True,24,mouse,known,NC3
821,ENSMUST00000021062,ENSMUSP00000021062,train,True,24,mouse,known,NC3
822,ENSMUST00000021063,ENSMUSP00000021063,train,True,24,mouse,known,NC3
823,ENSMUST00000021077,ENSMUSP00000021077,train,True,24,mouse,known,NC3
824,ENSMUST00000021078,ENSMUSP00000021078,test,True,24,mouse,known,NC3
825,ENSMUST00000021082,ENSMUSP00000021082,train,True,24,mouse,known,NC3
826,ENSMUST00000021083,ENSMUSP00000021083,train,True,24,mouse,known,NC3
827,ENSMUST00000021085,ENSMUSP00000021085,test,True,24,mouse,known,NC3
828,ENSMUST00000021087,ENSMUSP00000021087,train,True,24,mouse,known,NC3
829,ENSMUST00000021089,ENSMUSP00000021089,val,True,24,mouse,known,NC3
830,ENSMUST00000021114,ENSMUSP00000021114,train,True,24,mouse,known,NC3
831,ENSMUST00000021116,ENSMUSP00000021116,train,True,24,mouse,known,NC3
832,ENSMUST00000021120,ENSMUSP00000021120,train,True,24,mouse,known,NC3
833,ENSMUST00000021133,ENSMUSP00000021133,train,True,24,mouse,known,NC3
834,ENSMUST00000021134,ENSMUSP00000021134,train,True,24,mouse,known,NC3
835,ENSMUST00000021135,ENSMUSP00000021135,test,True,24,mouse,known,NC3
836,ENSMUST00000021142,ENSMUSP00000021142,train,True,24,mouse,known,NC3
837,ENSMUST00000021147,ENSMUSP00000021147,train,True,24,mouse,known,NC3
838,ENSMUST00000021148,ENSMUSP00000021148,train,True,24,mouse,known,NC3
839,ENSMUST00000021157,ENSMUSP00000021157,train,True,24,mouse,known,NC3
840,ENSMUST00000021158,ENSMUSP00000021158,val,True,24,mouse,known,NC3
841,ENSMUST00000021164,ENSMUSP00000021164,train,True,24,mouse,known,NC3
842,ENSMUST00000021170,ENSMUSP00000021170,train,True,24,mouse,known,NC3
843,ENSMUST00000021177,ENSMUSP00000021177,train,True,24,mouse,known,NC3
844,ENSMUST00000021179,ENSMUSP00000021179,train,True,24,mouse,known,NC3
845,ENSMUST00000021183,ENSMUSP00000021183,train,True,24,mouse,known,NC3
846,ENSMUST00000021187,ENSMUSP00000021187,val,True,24,mouse,known,NC3
847,ENSMUST00000021197,ENSMUSP00000021197,train,True,24,mouse,known,NC3
848,ENSMUST00000021201,ENSMUSP00000021201,train,True,24,mouse,known,NC3
849,ENSMUST00000021204,ENSMUSP00000021204,val,True,24,mouse,known,NC3
850,ENSMUST00000021207,ENSMUSP00000021207,train,True,24,mouse,known,NC3
851,ENSMUST00000021226,ENSMUSP00000021226,train,True,24,mouse,known,NC3
852,ENSMUST00000021239,ENSMUSP00000021239,train,True,24,mouse,known,NC3
853,ENSMUST00000021246,ENSMUSP00000021246,train,True,24,mouse,known,NC3
854,ENSMUST00000021249,ENSMUSP00000021249,train,True,24,mouse,known,NC3
855,ENSMUST00000021271,ENSMUSP00000021271,train,True,24,mouse,known,NC3
856,ENSMUST00000021277,ENSMUSP00000021277,val,True,24,mouse,known,NC3
857,ENSMUST00000021278,ENSMUSP00000021278,train,True,24,mouse,known,NC3
858,ENSMUST00000021282,ENSMUSP00000021282,train,True,24,mouse,known,NC3
859,ENSMUST00000021285,ENSMUSP00000021285,train,True,24,mouse,known,NC3
860,ENSMUST00000021297,ENSMUSP00000021297,train,True,24,mouse,known,NC3
861,ENSMUST00000021311,ENSMUSP00000021311,val,True,24,mouse,known,NC3
862,ENSMUST00000021313,ENSMUSP00000021313,train,True,24,mouse,known,NC3
863,ENSMUST00000021314,ENSMUSP00000021314,train,True,24,mouse,known,NC3
864,ENSMUST00000021329,ENSMUSP00000021329,train,True,24,mouse,known,NC3
865,ENSMUST00000021332,ENSMUSP00000021332,train,True,24,mouse,known,NC3
866,ENSMUST00000021335,ENSMUSP00000021335,train,True,24,mouse,known,NC3
867,ENSMUST00000021338,ENSMUSP00000021338,train,True,24,mouse,known,NC3
868,ENSMUST00000021339,ENSMUSP00000021339,train,True,24,mouse,known,NC3
869,ENSMUST00000021345,ENSMUSP00000021345,train,True,24,mouse,known,NC3
870,ENSMUST00000021347,ENSMUSP00000021347,train,True,24,mouse,known,NC3
871,ENSMUST00000021356,ENSMUSP00000021356,train,True,24,mouse,known,NC3
872,ENSMUST00000021359,ENSMUSP00000021359,train,True,24,mouse,known,NC3
873,ENSMUST00000021362,ENSMUSP00000021362,train,True,24,mouse,known,NC3
874,ENSMUST00000021368,ENSMUSP00000021368,val,True,24,mouse,known,NC3
875,ENSMUST00000021370,ENSMUSP00000021370,test,True,24,mouse,known,NC3
876,ENSMUST00000021375,ENSMUSP00000021375,train,True,24,mouse,known,NC3
877,ENSMUST00000021379,ENSMUSP00000021379,test,True,24,mouse,known,NC3
878,ENSMUST00000021380,ENSMUSP00000021380,val,True,24,mouse,known,NC3
879,ENSMUST00000021381,ENSMUSP00000021381,train,True,24,mouse,known,NC3
880,ENSMUST00000021390,ENSMUSP00000021390,test,True,24,mouse,known,NC3
881,ENSMUST00000021405,ENSMUSP00000021405,train,True,24,mouse,known,NC3
882,ENSMUST00000021412,ENSMUSP00000021412,train,True,24,mouse,known,NC3
883,ENSMUST00000021413,ENSMUSP00000021413,train,True,24,mouse,known,NC3
884,ENSMUST00000021416,ENSMUSP00000021416,train,True,24,mouse,known,NC3
885,ENSMUST00000021424,ENSMUSP00000021424,train,True,24,mouse,known,NC3
886,ENSMUST00000021425,ENSMUSP00000021425,train,True,24,mouse,known,NC3
887,ENSMUST00000021428,ENSMUSP00000021428,train,True,24,mouse,known,NC3
888,ENSMUST00000021443,ENSMUSP00000021443,train,True,24,mouse,known,NC3
889,ENSMUST00000021447,ENSMUSP00000021447,train,True,24,mouse,known,NC3
890,ENSMUST00000021450,ENSMUSP00000021450,val,True,24,mouse,known,NC3
891,ENSMUST00000021458,ENSMUSP00000021458,train,True,24,mouse,known,NC3
892,ENSMUST00000021467,ENSMUSP00000021467,train,True,24,mouse,known,NC3
893,ENSMUST00000021471,ENSMUSP00000021471,train,True,24,mouse,known,NC3
894,ENSMUST00000021479,ENSMUSP00000021479,train,True,24,mouse,known,NC3
895,ENSMUST00000021506,ENSMUSP00000021506,train,True,24,mouse,known,NC3
896,ENSMUST00000021514,ENSMUSP00000021514,train,True,24,mouse,known,NC3
897,ENSMUST00000021522,ENSMUSP00000021522,train,True,24,mouse,known,NC3
898,ENSMUST00000021523,ENSMUSP00000021523,test,True,24,mouse,known,NC3
899,ENSMUST00000021532,ENSMUSP00000021532,train,True,24,mouse,known,NC3
900,ENSMUST00000021535,ENSMUSP00000021535,train,True,24,mouse,known,NC3
901,ENSMUST00000021536,ENSMUSP00000021536,train,True,24,mouse,known,NC3
902,ENSMUST00000021547,ENSMUSP00000021547,train,True,24,mouse,known,NC3
903,ENSMUST00000021554,ENSMUSP00000021554,val,True,24,mouse,known,NC3
904,ENSMUST00000021559,ENSMUSP00000021559,val,True,24,mouse,known,NC3
905,ENSMUST00000021592,ENSMUSP00000021592,train,True,24,mouse,known,NC3
906,ENSMUST00000021595,ENSMUSP00000021595,train,True,24,mouse,known,NC3
907,ENSMUST00000021596,ENSMUSP00000021596,val,True,24,mouse,known,NC3
908,ENSMUST00000021605,ENSMUSP00000021605,train,True,24,mouse,known,NC3
909,ENSMUST00000021606,ENSMUSP00000021606,train,True,24,mouse,known,NC3
910,ENSMUST00000021607,ENSMUSP00000021607,train,True,24,mouse,known,NC3
911,ENSMUST00000021609,ENSMUSP00000021609,train,True,24,mouse,known,NC3
912,ENSMUST00000021614,ENSMUSP00000021614,train,True,24,mouse,known,NC3
913,ENSMUST00000021631,ENSMUSP00000021631,test,True,24,mouse,known,NC3
914,ENSMUST00000021634,ENSMUSP00000021634,train,True,24,mouse,known,NC3
915,ENSMUST00000021639,ENSMUSP00000021639,val,True,24,mouse,known,NC3
916,ENSMUST00000021649,ENSMUSP00000021649,train,True,24,mouse,known,NC3
917,ENSMUST00000021667,ENSMUSP00000021667,train,True,24,mouse,known,NC3
918,ENSMUST00000021668,ENSMUSP00000021668,train,True,24,mouse,known,NC3
919,ENSMUST00000021669,ENSMUSP00000021669,train,True,24,mouse,known,NC3
920,ENSMUST00000021670,ENSMUSP00000021670,train,True,24,mouse,known,NC3
921,ENSMUST00000021676,ENSMUSP00000021676,train,True,24,mouse,known,NC3
922,ENSMUST00000021692,ENSMUSP00000021692,train,True,24,mouse,known,NC3
923,ENSMUST00000021698,ENSMUSP00000021698,train,True,24,mouse,known,NC3
924,ENSMUST00000021715,ENSMUSP00000021715,train,True,24,mouse,known,NC3
925,ENSMUST00000021719,ENSMUSP00000021719,train,True,24,mouse,known,NC3
926,ENSMUST00000021728,ENSMUSP00000021728,train,True,24,mouse,known,NC3
927,ENSMUST00000021797,ENSMUSP00000021797,train,True,24,mouse,known,NC3
928,ENSMUST00000021803,ENSMUSP00000021803,train,True,24,mouse,known,NC3
929,ENSMUST00000021806,ENSMUSP00000021806,train,True,24,mouse,known,NC3
930,ENSMUST00000021807,ENSMUSP00000021807,val,True,24,mouse,known,NC3
931,ENSMUST00000021818,ENSMUSP00000021818,train,True,24,mouse,known,NC3
932,ENSMUST00000021824,ENSMUSP00000021824,train,True,24,mouse,known,NC3
933,ENSMUST00000021832,ENSMUSP00000021832,val,True,24,mouse,known,NC3
934,ENSMUST00000021844,ENSMUSP00000021844,train,True,24,mouse,known,NC3
935,ENSMUST00000021864,ENSMUSP00000021864,train,True,24,mouse,known,NC3
936,ENSMUST00000021866,ENSMUSP00000021866,test,True,24,mouse,known,NC3
937,ENSMUST00000021907,ENSMUSP00000021907,val,True,24,mouse,known,NC3
938,ENSMUST00000021913,ENSMUSP00000021913,train,True,24,mouse,known,NC3
939,ENSMUST00000021918,ENSMUSP00000021918,train,True,24,mouse,known,NC3
940,ENSMUST00000021920,ENSMUSP00000021920,train,True,24,mouse,known,NC3
941,ENSMUST00000021930,ENSMUSP00000021930,train,True,24,mouse,known,NC3
942,ENSMUST00000021940,ENSMUSP00000021940,train,True,24,mouse,known,NC3
943,ENSMUST00000021950,ENSMUSP00000021950,val,True,24,mouse,known,NC3
944,ENSMUST00000021963,ENSMUSP00000021963,train,True,24,mouse,known,NC3
945,ENSMUST00000021991,ENSMUSP00000021991,train,True,24,mouse,known,NC3
946,ENSMUST00000021993,ENSMUSP00000021993,train,True,24,mouse,known,NC3
947,ENSMUST00000022009,ENSMUSP00000022009,train,True,24,mouse,known,NC3
948,ENSMUST00000022032,ENSMUSP00000022032,train,True,24,mouse,known,NC3
949,ENSMUST00000022038,ENSMUSP00000022038,train,True,24,mouse,known,NC3
950,ENSMUST00000022053,ENSMUSP00000022053,train,True,24,mouse,known,NC3
951,ENSMUST00000022060,ENSMUSP00000022060,train,True,24,mouse,known,NC3
952,ENSMUST00000022062,ENSMUSP00000022062,train,True,24,mouse,known,NC3
953,ENSMUST00000022063,ENSMUSP00000022063,train,True,24,mouse,known,NC3
954,ENSMUST00000022089,ENSMUSP00000022089,val,True,24,mouse,known,NC3
955,ENSMUST00000022097,ENSMUSP00000022097,train,True,24,mouse,known,NC3
956,ENSMUST00000022098,ENSMUSP00000022098,train,True,24,mouse,known,NC3
957,ENSMUST00000022099,ENSMUSP00000022099,train,True,24,mouse,known,NC3
958,ENSMUST00000022102,ENSMUSP00000022102,train,True,24,mouse,known,NC3
959,ENSMUST00000022115,ENSMUSP00000022115,train,True,24,mouse,known,NC3
960,ENSMUST00000022121,ENSMUSP00000022121,train,True,24,mouse,known,NC3
961,ENSMUST00000022135,ENSMUSP00000022135,train,True,24,mouse,known,NC3
962,ENSMUST00000022136,ENSMUSP00000022136,train,True,24,mouse,known,NC3
963,ENSMUST00000022147,ENSMUSP00000022147,train,True,24,mouse,known,NC3
964,ENSMUST00000022148,ENSMUSP00000022148,train,True,24,mouse,known,NC3
965,ENSMUST00000022153,ENSMUSP00000022153,val,True,24,mouse,known,NC3
966,ENSMUST00000022163,ENSMUSP00000022163,test,True,24,mouse,known,NC3
967,ENSMUST00000022169,ENSMUSP00000022169,test,True,24,mouse,known,NC3
968,ENSMUST00000022176,ENSMUSP00000022176,train,True,24,mouse,known,NC3
969,ENSMUST00000022196,ENSMUSP00000022196,val,True,24,mouse,known,NC3
970,ENSMUST00000022197,ENSMUSP00000022197,train,True,24,mouse,known,NC3
971,ENSMUST00000022203,ENSMUSP00000022203,val,True,24,mouse,known,NC3
972,ENSMUST00000022213,ENSMUSP00000022213,val,True,24,mouse,known,NC3
973,ENSMUST00000022217,ENSMUSP00000022217,train,True,24,mouse,known,NC3
974,ENSMUST00000022218,ENSMUSP00000022218,train,True,24,mouse,known,NC3
975,ENSMUST00000022224,ENSMUSP00000022224,train,True,24,mouse,known,NC3
976,ENSMUST00000022226,ENSMUSP00000022226,train,True,24,mouse,known,NC3
977,ENSMUST00000022228,ENSMUSP00000022228,train,True,24,mouse,known,NC3
978,ENSMUST00000022230,ENSMUSP00000022230,train,True,24,mouse,known,NC3
979,ENSMUST00000022242,ENSMUSP00000022242,train,True,24,mouse,known,NC3
980,ENSMUST00000022245,ENSMUSP00000022245,val,True,24,mouse,known,NC3
981,ENSMUST00000022256,ENSMUSP00000022256,test,True,24,mouse,known,NC3
982,ENSMUST00000022268,ENSMUSP00000022268,test,True,24,mouse,known,NC3
983,ENSMUST00000022281,ENSMUSP00000022281,test,True,24,mouse,known,NC3
984,ENSMUST00000022282,ENSMUSP00000022282,train,True,24,mouse,known,NC3
985,ENSMUST00000022286,ENSMUSP00000022286,train,True,24,mouse,known,NC3
986,ENSMUST00000022293,ENSMUSP00000022293,val,True,24,mouse,known,NC3
987,ENSMUST00000022296,ENSMUSP00000022296,train,True,24,mouse,known,NC3
988,ENSMUST00000022311,ENSMUSP00000022311,train,True,24,mouse,known,NC3
989,ENSMUST00000022322,ENSMUSP00000022322,val,True,24,mouse,known,NC3
990,ENSMUST00000022340,ENSMUSP00000022340,train,True,24,mouse,known,NC3
991,ENSMUST00000022341,ENSMUSP00000022341,train,True,24,mouse,known,NC3
992,ENSMUST00000022344,ENSMUSP00000022344,train,True,24,mouse,known,NC3
993,ENSMUST00000022345,ENSMUSP00000022345,train,True,24,mouse,known,NC3
994,ENSMUST00000022358,ENSMUSP00000022358,train,True,24,mouse,known,NC3
995,ENSMUST00000022369,ENSMUSP00000022369,train,True,24,mouse,known,NC3
996,ENSMUST00000022378,ENSMUSP00000022378,train,True,24,mouse,known,NC3
997,ENSMUST00000022380,ENSMUSP00000022380,test,True,24,mouse,known,NC3
998,ENSMUST00000022386,ENSMUSP00000022386,train,True,24,mouse,known,NC3
999,ENSMUST00000022391,ENSMUSP00000022391,train,True,24,mouse,known,NC3
1000,ENSMUST00000022416,ENSMUSP00000022416,train,True,24,mouse,known,NC3
1001,ENSMUST00000022419,ENSMUSP00000022419,train,True,24,mouse,known,NC3
1002,ENSMUST00000022428,ENSMUSP00000022428,test,True,24,mouse,known,NC3
1003,ENSMUST00000022429,ENSMUSP00000022429,train,True,24,mouse,known,NC3
1004,ENSMUST00000022446,ENSMUSP00000022446,train,True,24,mouse,known,NC3
1005,ENSMUST00000022450,ENSMUSP00000022450,train,True,24,mouse,known,NC3
1006,ENSMUST00000022451,ENSMUSP00000022451,test,True,24,mouse,known,NC3
1007,ENSMUST00000022458,ENSMUSP00000022458,train,True,24,mouse,known,NC3
1008,ENSMUST00000022462,ENSMUSP00000022462,train,True,24,mouse,known,NC3
1009,ENSMUST00000022469,ENSMUSP00000022469,train,True,24,mouse,known,NC3
1010,ENSMUST00000022470,ENSMUSP00000022470,val,True,24,mouse,known,NC3
1011,ENSMUST00000022480,ENSMUSP00000022480,train,True,24,mouse,known,NC3
1012,ENSMUST00000022496,ENSMUSP00000022496,train,True,24,mouse,known,NC3
1013,ENSMUST00000022497,ENSMUSP00000022497,train,True,24,mouse,known,NC3
1014,ENSMUST00000022499,ENSMUSP00000022499,train,True,24,mouse,known,NC3
1015,ENSMUST00000022504,ENSMUSP00000022504,train,True,24,mouse,known,NC3
1016,ENSMUST00000022507,ENSMUSP00000022507,train,True,24,mouse,known,NC3
1017,ENSMUST00000022511,ENSMUSP00000022511,test,True,24,mouse,known,NC3
1018,ENSMUST00000022518,ENSMUSP00000022518,train,True,24,mouse,known,NC3
1019,ENSMUST00000022519,ENSMUSP00000022519,train,True,24,mouse,known,NC3
1020,ENSMUST00000022522,ENSMUSP00000022522,train,True,24,mouse,known,NC3
1021,ENSMUST00000022528,ENSMUSP00000022528,train,True,24,mouse,known,NC3
1022,ENSMUST00000022529,ENSMUSP00000022529,train,True,24,mouse,known,NC3
1023,ENSMUST00000022531,ENSMUSP00000022531,val,True,24,mouse,known,NC3
1024,ENSMUST00000022535,ENSMUSP00000022535,train,True,24,mouse,known,NC3
1025,ENSMUST00000022536,ENSMUSP00000022536,train,True,24,mouse,known,NC3
1026,ENSMUST00000022538,ENSMUSP00000022538,train,True,24,mouse,known,NC3
1027,ENSMUST00000022543,ENSMUSP00000022543,val,True,24,mouse,known,NC3
1028,ENSMUST00000022553,ENSMUSP00000022553,val,True,24,mouse,known,NC3
1029,ENSMUST00000022580,ENSMUSP00000022580,val,True,24,mouse,known,NC3
1030,ENSMUST00000022585,ENSMUSP00000022585,train,True,24,mouse,known,NC3
1031,ENSMUST00000022586,ENSMUSP00000022586,train,True,24,mouse,known,NC3
1032,ENSMUST00000022587,ENSMUSP00000022587,test,True,24,mouse,known,NC3
1033,ENSMUST00000022597,ENSMUSP00000022597,val,True,24,mouse,known,NC3
1034,ENSMUST00000022601,ENSMUSP00000022601,train,True,24,mouse,known,NC3
1035,ENSMUST00000022609,ENSMUSP00000022609,train,True,24,mouse,known,NC3
1036,ENSMUST00000022612,ENSMUSP00000022612,val,True,24,mouse,known,NC3
1037,ENSMUST00000022613,ENSMUSP00000022613,train,True,24,mouse,known,NC3
1038,ENSMUST00000022614,ENSMUSP00000022614,train,True,24,mouse,known,NC3
1039,ENSMUST00000022629,ENSMUSP00000022629,train,True,24,mouse,known,NC3
1040,ENSMUST00000022634,ENSMUSP00000022634,train,True,24,mouse,known,NC3
1041,ENSMUST00000022650,ENSMUSP00000022650,train,True,24,mouse,known,NC3
1042,ENSMUST00000022660,ENSMUSP00000022660,train,True,24,mouse,known,NC3
1043,ENSMUST00000022663,ENSMUSP00000022663,train,True,24,mouse,known,NC3
1044,ENSMUST00000022680,ENSMUSP00000022680,train,True,24,mouse,known,NC3
1045,ENSMUST00000022688,ENSMUSP00000022688,train,True,24,mouse,known,NC3
1046,ENSMUST00000022690,ENSMUSP00000022690,train,True,24,mouse,known,NC3
1047,ENSMUST00000022693,ENSMUSP00000022693,train,True,24,mouse,known,NC3
1048,ENSMUST00000022702,ENSMUSP00000022702,train,True,24,mouse,known,NC3
1049,ENSMUST00000022704,ENSMUSP00000022704,val,True,24,mouse,known,NC3
1050,ENSMUST00000022705,ENSMUSP00000022705,train,True,24,mouse,known,NC3
1051,ENSMUST00000022715,ENSMUSP00000022715,train,True,24,mouse,known,NC3
1052,ENSMUST00000022734,ENSMUSP00000022734,train,True,24,mouse,known,NC3
1053,ENSMUST00000022746,ENSMUSP00000022746,train,True,24,mouse,known,NC3
1054,ENSMUST00000022766,ENSMUSP00000022766,train,True,24,mouse,known,NC3
1055,ENSMUST00000022767,ENSMUSP00000022767,train,True,24,mouse,known,NC3
1056,ENSMUST00000022782,ENSMUSP00000022782,train,True,24,mouse,known,NC3
1057,ENSMUST00000022784,ENSMUSP00000022784,train,True,24,mouse,known,NC3
1058,ENSMUST00000022791,ENSMUSP00000022791,train,True,24,mouse,known,NC3
1059,ENSMUST00000022803,ENSMUSP00000022803,test,True,24,mouse,known,NC3
1060,ENSMUST00000022815,ENSMUSP00000022815,train,True,24,mouse,known,NC3
1061,ENSMUST00000022816,ENSMUSP00000022816,val,True,24,mouse,known,NC3
1062,ENSMUST00000022821,ENSMUSP00000022821,train,True,24,mouse,known,NC3
1063,ENSMUST00000022830,ENSMUSP00000022830,train,True,24,mouse,known,NC3
1064,ENSMUST00000022842,ENSMUSP00000022842,train,True,24,mouse,known,NC3
1065,ENSMUST00000022849,ENSMUSP00000022849,train,True,24,mouse,known,NC3
1066,ENSMUST00000022855,ENSMUSP00000022855,train,True,24,mouse,known,NC3
1067,ENSMUST00000022856,ENSMUSP00000022856,train,True,24,mouse,known,NC3
1068,ENSMUST00000022865,ENSMUSP00000022865,train,True,24,mouse,known,NC3
1069,ENSMUST00000022871,ENSMUSP00000022871,train,True,24,mouse,known,NC3
1070,ENSMUST00000022875,ENSMUSP00000022875,train,True,24,mouse,known,NC3
1071,ENSMUST00000022881,ENSMUSP00000022881,train,True,24,mouse,known,NC3
1072,ENSMUST00000022890,ENSMUSP00000022890,train,True,24,mouse,known,NC3
1073,ENSMUST00000022901,ENSMUSP00000022901,train,True,24,mouse,known,NC3
1074,ENSMUST00000022904,ENSMUSP00000022904,val,True,24,mouse,known,NC3
1075,ENSMUST00000022908,ENSMUSP00000022908,train,True,24,mouse,known,NC3
1076,ENSMUST00000022909,ENSMUSP00000022909,train,True,24,mouse,known,NC3
1077,ENSMUST00000022925,ENSMUSP00000022925,train,True,24,mouse,known,NC3
1078,ENSMUST00000022927,ENSMUSP00000022927,train,True,24,mouse,known,NC3
1079,ENSMUST00000022945,ENSMUSP00000022945,test,True,24,mouse,known,NC3
1080,ENSMUST00000022946,ENSMUSP00000022946,train,True,24,mouse,known,NC3
1081,ENSMUST00000022960,ENSMUSP00000022960,train,True,24,mouse,known,NC3
1082,ENSMUST00000022962,ENSMUSP00000022962,test,True,24,mouse,known,NC3
1083,ENSMUST00000022976,ENSMUSP00000022976,train,True,24,mouse,known,NC3
1084,ENSMUST00000022977,ENSMUSP00000022977,train,True,24,mouse,known,NC3
1085,ENSMUST00000022980,ENSMUSP00000022980,val,True,24,mouse,known,NC3
1086,ENSMUST00000022992,ENSMUSP00000022992,train,True,24,mouse,known,NC3
1087,ENSMUST00000022993,ENSMUSP00000022993,val,True,24,mouse,known,NC3
1088,ENSMUST00000022998,ENSMUSP00000022998,train,True,24,mouse,known,NC3
1089,ENSMUST00000023019,ENSMUSP00000023019,train,True,24,mouse,known,NC3
1090,ENSMUST00000023043,ENSMUSP00000023043,val,True,24,mouse,known,NC3
1091,ENSMUST00000023048,ENSMUSP00000023048,train,True,24,mouse,known,NC3
1092,ENSMUST00000023050,ENSMUSP00000023050,train,True,24,mouse,known,NC3
1093,ENSMUST00000023054,ENSMUSP00000023054,val,True,24,mouse,known,NC3
1094,ENSMUST00000023061,ENSMUSP00000023061,train,True,24,mouse,known,NC3
1095,ENSMUST00000023062,ENSMUSP00000023062,train,True,24,mouse,known,NC3
1096,ENSMUST00000023064,ENSMUSP00000023064,train,True,24,mouse,known,NC3
1097,ENSMUST00000023069,ENSMUSP00000023069,train,True,24,mouse,known,NC3
1098,ENSMUST00000023071,ENSMUSP00000023071,train,True,24,mouse,known,NC3
1099,ENSMUST00000023085,ENSMUSP00000023085,train,True,24,mouse,known,NC3
1100,ENSMUST00000023086,ENSMUSP00000023086,train,True,24,mouse,known,NC3
1101,ENSMUST00000023087,ENSMUSP00000023087,train,True,24,mouse,known,NC3
1102,ENSMUST00000023088,ENSMUSP00000023088,train,True,24,mouse,known,NC3
1103,ENSMUST00000023099,ENSMUSP00000023099,train,True,24,mouse,known,NC3
1104,ENSMUST00000023100,ENSMUSP00000023100,test,True,24,mouse,known,NC3
1105,ENSMUST00000023104,ENSMUSP00000023104,val,True,24,mouse,known,NC3
1106,ENSMUST00000023112,ENSMUSP00000023112,train,True,24,mouse,known,NC3
1107,ENSMUST00000023113,ENSMUSP00000023113,test,True,24,mouse,known,NC3
1108,ENSMUST00000023116,ENSMUSP00000023116,train,True,24,mouse,known,NC3
1109,ENSMUST00000023117,ENSMUSP00000023117,train,True,24,mouse,known,NC3
1110,ENSMUST00000023123,ENSMUSP00000023123,train,True,24,mouse,known,NC3
1111,ENSMUST00000023128,ENSMUSP00000023128,train,True,24,mouse,known,NC3
1112,ENSMUST00000023146,ENSMUSP00000023146,train,True,24,mouse,known,NC3
1113,ENSMUST00000023156,ENSMUSP00000023156,train,True,24,mouse,known,NC3
1114,ENSMUST00000023159,ENSMUSP00000023159,train,True,24,mouse,known,NC3
1115,ENSMUST00000023165,ENSMUSP00000023165,train,True,24,mouse,known,NC3
1116,ENSMUST00000023171,ENSMUSP00000023171,train,True,24,mouse,known,NC3
1117,ENSMUST00000023206,ENSMUSP00000023206,test,True,24,mouse,known,NC3
1118,ENSMUST00000023210,ENSMUSP00000023210,train,True,24,mouse,known,NC3
1119,ENSMUST00000023211,ENSMUSP00000023211,train,True,24,mouse,known,NC3
1120,ENSMUST00000023213,ENSMUSP00000023213,train,True,24,mouse,known,NC3
1121,ENSMUST00000023214,ENSMUSP00000023214,train,True,24,mouse,known,NC3
1122,ENSMUST00000023217,ENSMUSP00000023217,train,True,24,mouse,known,NC3
1123,ENSMUST00000023219,ENSMUSP00000023219,test,True,24,mouse,known,NC3
1124,ENSMUST00000023221,ENSMUSP00000023221,test,True,24,mouse,known,NC3
1125,ENSMUST00000023226,ENSMUSP00000023226,train,True,24,mouse,known,NC3
1126,ENSMUST00000023238,ENSMUSP00000023238,train,True,24,mouse,known,NC3
1127,ENSMUST00000023269,ENSMUSP00000023269,train,True,24,mouse,known,NC3
1128,ENSMUST00000023270,ENSMUSP00000023270,val,True,24,mouse,known,NC3
1129,ENSMUST00000023283,ENSMUSP00000023283,train,True,24,mouse,known,NC3
1130,ENSMUST00000023289,ENSMUSP00000023289,train,True,24,mouse,known,NC3
1131,ENSMUST00000023343,ENSMUSP00000023343,test,True,24,mouse,known,NC3
1132,ENSMUST00000023353,ENSMUSP00000023353,test,True,24,mouse,known,NC3
1133,ENSMUST00000023357,ENSMUSP00000023357,test,True,24,mouse,known,NC3
1134,ENSMUST00000023359,ENSMUSP00000023359,test,True,24,mouse,known,NC3
1135,ENSMUST00000023361,ENSMUSP00000023361,train,True,24,mouse,known,NC3
1136,ENSMUST00000023362,ENSMUSP00000023362,train,True,24,mouse,known,NC3
1137,ENSMUST00000023363,ENSMUSP00000023363,test,True,24,mouse,known,NC3
1138,ENSMUST00000023365,ENSMUSP00000023365,train,True,24,mouse,known,NC3
1139,ENSMUST00000023391,ENSMUSP00000023391,val,True,24,mouse,known,NC3
1140,ENSMUST00000023432,ENSMUSP00000023432,test,True,24,mouse,known,NC3
1141,ENSMUST00000023444,ENSMUSP00000023444,train,True,24,mouse,known,NC3
1142,ENSMUST00000023449,ENSMUSP00000023449,train,True,24,mouse,known,NC3
1143,ENSMUST00000023453,ENSMUSP00000023453,train,True,24,mouse,known,NC3
1144,ENSMUST00000023465,ENSMUSP00000023465,train,True,24,mouse,known,NC3
1145,ENSMUST00000023467,ENSMUSP00000023467,train,True,24,mouse,known,NC3
1146,ENSMUST00000023482,ENSMUSP00000023482,val,True,24,mouse,known,NC3
1147,ENSMUST00000023486,ENSMUSP00000023486,test,True,24,mouse,known,NC3
1148,ENSMUST00000023489,ENSMUSP00000023489,train,True,24,mouse,known,NC3
1149,ENSMUST00000023491,ENSMUSP00000023491,train,True,24,mouse,known,NC3
1150,ENSMUST00000023502,ENSMUSP00000023502,train,True,24,mouse,known,NC3
1151,ENSMUST00000023510,ENSMUSP00000023510,val,True,24,mouse,known,NC3
1152,ENSMUST00000023514,nan,train,True,24,mouse,known,NC3
1153,ENSMUST00000023525,ENSMUSP00000023525,val,True,24,mouse,known,NC3
1154,ENSMUST00000023535,ENSMUSP00000023535,train,True,24,mouse,known,NC3
1155,ENSMUST00000023550,ENSMUSP00000023550,train,True,24,mouse,known,NC3
1156,ENSMUST00000023562,ENSMUSP00000023562,test,True,24,mouse,known,NC3
1157,ENSMUST00000023572,ENSMUSP00000023572,val,True,24,mouse,known,NC3
1158,ENSMUST00000023583,ENSMUSP00000023583,train,True,24,mouse,known,NC3
1159,ENSMUST00000023599,ENSMUSP00000023599,train,True,24,mouse,known,NC3
1160,ENSMUST00000023610,ENSMUSP00000023610,train,True,24,mouse,known,NC3
1161,ENSMUST00000023615,ENSMUSP00000023615,val,True,24,mouse,known,NC3
1162,ENSMUST00000023616,ENSMUSP00000023616,test,True,24,mouse,known,NC3
1163,ENSMUST00000023630,ENSMUSP00000023630,train,True,24,mouse,known,NC3
1164,ENSMUST00000023677,ENSMUSP00000023677,val,True,24,mouse,known,NC3
1165,ENSMUST00000023694,ENSMUSP00000023694,test,True,24,mouse,known,NC3
1166,ENSMUST00000023707,ENSMUSP00000023707,train,True,24,mouse,known,NC3
1167,ENSMUST00000023709,ENSMUSP00000023709,train,True,24,mouse,known,NC3
1168,ENSMUST00000023712,ENSMUSP00000023712,val,True,24,mouse,known,NC3
1169,ENSMUST00000023713,ENSMUSP00000023713,test,True,24,mouse,known,NC3
1170,ENSMUST00000023741,ENSMUSP00000023741,train,True,24,mouse,known,NC3
1171,ENSMUST00000023747,ENSMUSP00000023747,train,True,24,mouse,known,NC3
1172,ENSMUST00000023759,ENSMUSP00000023759,test,True,24,mouse,known,NC3
1173,ENSMUST00000023761,ENSMUSP00000023761,train,True,24,mouse,known,NC3
1174,ENSMUST00000023762,ENSMUSP00000023762,train,True,24,mouse,known,NC3
1175,ENSMUST00000023768,ENSMUSP00000023768,train,True,24,mouse,known,NC3
1176,ENSMUST00000023769,ENSMUSP00000023769,train,True,24,mouse,known,NC3
1177,ENSMUST00000023776,ENSMUSP00000023776,train,True,24,mouse,known,NC3
1178,ENSMUST00000023788,ENSMUSP00000023788,train,True,24,mouse,known,NC3
1179,ENSMUST00000023790,ENSMUSP00000023790,train,True,24,mouse,known,NC3
1180,ENSMUST00000023799,ENSMUSP00000023799,val,True,24,mouse,known,NC3
1181,ENSMUST00000023803,ENSMUSP00000023803,train,True,24,mouse,known,NC3
1182,ENSMUST00000023805,ENSMUSP00000023805,test,True,24,mouse,known,NC3
1183,ENSMUST00000023818,ENSMUSP00000023818,train,True,24,mouse,known,NC3
1184,ENSMUST00000023828,ENSMUSP00000023828,test,True,24,mouse,known,NC3
1185,ENSMUST00000023836,nan,test,True,24,mouse,known,NC3
1186,ENSMUST00000023846,ENSMUSP00000023846,train,True,24,mouse,known,NC3
1187,ENSMUST00000023849,ENSMUSP00000023849,train,True,24,mouse,known,NC3
1188,ENSMUST00000023851,ENSMUSP00000023851,val,True,24,mouse,known,NC3
1189,ENSMUST00000023867,ENSMUSP00000023867,train,True,24,mouse,known,NC3
1190,ENSMUST00000023869,ENSMUSP00000023869,train,True,24,mouse,known,NC3
1191,ENSMUST00000023873,ENSMUSP00000023873,train,True,24,mouse,known,NC3
1192,ENSMUST00000023882,ENSMUSP00000023882,train,True,24,mouse,known,NC3
1193,ENSMUST00000023911,ENSMUSP00000023911,val,True,24,mouse,known,NC3
1194,ENSMUST00000023918,ENSMUSP00000023918,train,True,24,mouse,known,NC3
1195,ENSMUST00000023924,ENSMUSP00000023924,train,True,24,mouse,known,NC3
1196,ENSMUST00000023952,ENSMUSP00000023952,train,True,24,mouse,known,NC3
1197,ENSMUST00000024031,ENSMUSP00000024031,val,True,24,mouse,known,NC3
1198,ENSMUST00000024042,ENSMUSP00000024042,train,True,24,mouse,known,NC3
1199,ENSMUST00000024047,ENSMUSP00000024047,train,True,24,mouse,known,NC3
1200,ENSMUST00000024078,ENSMUSP00000024078,train,True,24,mouse,known,NC3
1201,ENSMUST00000024119,ENSMUSP00000024119,train,True,24,mouse,known,NC3
1202,ENSMUST00000024123,ENSMUSP00000024123,test,True,24,mouse,known,NC3
1203,ENSMUST00000024249,ENSMUSP00000024249,train,True,24,mouse,known,NC3
1204,ENSMUST00000024260,ENSMUSP00000024260,train,True,24,mouse,known,NC3
1205,ENSMUST00000024270,ENSMUSP00000024270,train,True,24,mouse,known,NC3
1206,ENSMUST00000024594,ENSMUSP00000024594,train,True,24,mouse,known,NC3
1207,ENSMUST00000024599,ENSMUSP00000024599,train,True,24,mouse,known,NC3
1208,ENSMUST00000024620,ENSMUSP00000024620,train,True,24,mouse,known,NC3
1209,ENSMUST00000024627,ENSMUSP00000024627,train,True,24,mouse,known,NC3
1210,ENSMUST00000024657,ENSMUSP00000024657,train,True,24,mouse,known,NC3
1211,ENSMUST00000024698,ENSMUSP00000024698,train,True,24,mouse,known,NC3
1212,ENSMUST00000024701,ENSMUSP00000024701,val,True,24,mouse,known,NC3
1213,ENSMUST00000024702,ENSMUSP00000024702,test,True,24,mouse,known,NC3
1214,ENSMUST00000024706,ENSMUSP00000024706,test,True,24,mouse,known,NC3
1215,ENSMUST00000024709,ENSMUSP00000024709,train,True,24,mouse,known,NC3
1216,ENSMUST00000024727,ENSMUSP00000024727,train,True,24,mouse,known,NC3
1217,ENSMUST00000024733,ENSMUSP00000024733,val,True,24,mouse,known,NC3
1218,ENSMUST00000024734,ENSMUSP00000024734,train,True,24,mouse,known,NC3
1219,ENSMUST00000024736,ENSMUSP00000024736,train,True,24,mouse,known,NC3
1220,ENSMUST00000024739,ENSMUSP00000024739,train,True,24,mouse,known,NC3
1221,ENSMUST00000024749,ENSMUSP00000024749,train,True,24,mouse,known,NC3
1222,ENSMUST00000024756,ENSMUSP00000024756,val,True,24,mouse,known,NC3
1223,ENSMUST00000024763,ENSMUSP00000024763,val,True,24,mouse,known,NC3
1224,ENSMUST00000024778,ENSMUSP00000024778,test,True,24,mouse,known,NC3
1225,ENSMUST00000024783,ENSMUSP00000024783,train,True,24,mouse,known,NC3
1226,ENSMUST00000024786,ENSMUSP00000024786,test,True,24,mouse,known,NC3
1227,ENSMUST00000024802,ENSMUSP00000024802,train,True,24,mouse,known,NC3
1228,ENSMUST00000024816,ENSMUSP00000024816,train,True,24,mouse,known,NC3
1229,ENSMUST00000024851,ENSMUSP00000024851,train,True,24,mouse,known,NC3
1230,ENSMUST00000024857,ENSMUSP00000024857,train,True,24,mouse,known,NC3
1231,ENSMUST00000024866,ENSMUSP00000024866,train,True,24,mouse,known,NC3
1232,ENSMUST00000024869,ENSMUSP00000024869,test,True,24,mouse,known,NC3
1233,ENSMUST00000024873,ENSMUSP00000024873,train,True,24,mouse,known,NC3
1234,ENSMUST00000024882,ENSMUSP00000024882,val,True,24,mouse,known,NC3
1235,ENSMUST00000024884,ENSMUSP00000024884,train,True,24,mouse,known,NC3
1236,ENSMUST00000024885,ENSMUSP00000024885,test,True,24,mouse,known,NC3
1237,ENSMUST00000024887,ENSMUSP00000024887,train,True,24,mouse,known,NC3
1238,ENSMUST00000024894,ENSMUSP00000024894,train,True,24,mouse,known,NC3
1239,ENSMUST00000024897,ENSMUSP00000024897,train,True,24,mouse,known,NC3
1240,ENSMUST00000024906,ENSMUSP00000024906,test,True,24,mouse,known,NC3
1241,ENSMUST00000024932,ENSMUSP00000024932,train,True,24,mouse,known,NC3
1242,ENSMUST00000024959,ENSMUSP00000024959,test,True,24,mouse,known,NC3
1243,ENSMUST00000024963,ENSMUSP00000024963,train,True,24,mouse,known,NC3
1244,ENSMUST00000024967,ENSMUSP00000024967,test,True,24,mouse,known,NC3
1245,ENSMUST00000024978,ENSMUSP00000024978,val,True,24,mouse,known,NC3
1246,ENSMUST00000024983,ENSMUSP00000024983,train,True,24,mouse,known,NC3
1247,ENSMUST00000024988,ENSMUSP00000024988,train,True,24,mouse,known,NC3
1248,ENSMUST00000025014,ENSMUSP00000025014,train,True,24,mouse,known,NC3
1249,ENSMUST00000025027,ENSMUSP00000025027,train,True,24,mouse,known,NC3
1250,ENSMUST00000025045,ENSMUSP00000025045,train,True,24,mouse,known,NC3
1251,ENSMUST00000025050,ENSMUSP00000025050,val,True,24,mouse,known,NC3
1252,ENSMUST00000025053,ENSMUSP00000025053,train,True,24,mouse,known,NC3
1253,ENSMUST00000025058,ENSMUSP00000025058,train,True,24,mouse,known,NC3
1254,ENSMUST00000025065,ENSMUSP00000025065,train,True,24,mouse,known,NC3
1255,ENSMUST00000025077,ENSMUSP00000025077,val,True,24,mouse,known,NC3
1256,ENSMUST00000025081,ENSMUSP00000025081,test,True,24,mouse,known,NC3
1257,ENSMUST00000025083,ENSMUSP00000025083,train,True,24,mouse,known,NC3
1258,ENSMUST00000025106,ENSMUSP00000025106,train,True,24,mouse,known,NC3
1259,ENSMUST00000025127,ENSMUSP00000025127,train,True,24,mouse,known,NC3
1260,ENSMUST00000025137,ENSMUSP00000025137,train,True,24,mouse,known,NC3
1261,ENSMUST00000025142,ENSMUSP00000025142,val,True,24,mouse,known,NC3
1262,ENSMUST00000025161,ENSMUSP00000025161,test,True,24,mouse,known,NC3
1263,ENSMUST00000025166,ENSMUSP00000025166,test,True,24,mouse,known,NC3
1264,ENSMUST00000025170,ENSMUSP00000025170,train,True,24,mouse,known,NC3
1265,ENSMUST00000025178,ENSMUSP00000025178,train,True,24,mouse,known,NC3
1266,ENSMUST00000025181,ENSMUSP00000025181,train,True,24,mouse,known,NC3
1267,ENSMUST00000025183,ENSMUSP00000025183,train,True,24,mouse,known,NC3
1268,ENSMUST00000025186,ENSMUSP00000025186,train,True,24,mouse,known,NC3
1269,ENSMUST00000025197,ENSMUSP00000025197,val,True,24,mouse,known,NC3
1270,ENSMUST00000025204,ENSMUSP00000025204,train,True,24,mouse,known,NC3
1271,ENSMUST00000025215,ENSMUSP00000025215,test,True,24,mouse,known,NC3
1272,ENSMUST00000025217,ENSMUSP00000025217,train,True,24,mouse,known,NC3
1273,ENSMUST00000025218,ENSMUSP00000025218,train,True,24,mouse,known,NC3
1274,ENSMUST00000025236,ENSMUSP00000025236,train,True,24,mouse,known,NC3
1275,ENSMUST00000025239,ENSMUSP00000025239,train,True,24,mouse,known,NC3
1276,ENSMUST00000025241,ENSMUSP00000025241,train,True,24,mouse,known,NC3
1277,ENSMUST00000025243,ENSMUSP00000025243,val,True,24,mouse,known,NC3
1278,ENSMUST00000025250,ENSMUSP00000025250,train,True,24,mouse,known,NC3
1279,ENSMUST00000025253,ENSMUSP00000025253,train,True,24,mouse,known,NC3
1280,ENSMUST00000025264,ENSMUSP00000025264,test,True,24,mouse,known,NC3
1281,ENSMUST00000025270,ENSMUSP00000025270,train,True,24,mouse,known,NC3
1282,ENSMUST00000025276,ENSMUSP00000025276,train,True,24,mouse,known,NC3
1283,ENSMUST00000025278,ENSMUSP00000025278,train,True,24,mouse,known,NC3
1284,ENSMUST00000025279,ENSMUSP00000025279,train,True,24,mouse,known,NC3
1285,ENSMUST00000025290,ENSMUSP00000025290,train,True,24,mouse,known,NC3
1286,ENSMUST00000025292,ENSMUSP00000025292,train,True,24,mouse,known,NC3
1287,ENSMUST00000025293,ENSMUSP00000025293,train,True,24,mouse,known,NC3
1288,ENSMUST00000025305,ENSMUSP00000025305,test,True,24,mouse,known,NC3
1289,ENSMUST00000025319,ENSMUSP00000025319,train,True,24,mouse,known,NC3
1290,ENSMUST00000025337,ENSMUSP00000025337,train,True,24,mouse,known,NC3
1291,ENSMUST00000025350,ENSMUSP00000025350,train,True,24,mouse,known,NC3
1292,ENSMUST00000025357,ENSMUSP00000025357,test,True,24,mouse,known,NC3
1293,ENSMUST00000025364,ENSMUSP00000025364,train,True,24,mouse,known,NC3
1294,ENSMUST00000025385,ENSMUSP00000025385,train,True,24,mouse,known,NC3
1295,ENSMUST00000025403,ENSMUSP00000025403,train,True,24,mouse,known,NC3
1296,ENSMUST00000025406,ENSMUSP00000025406,train,True,24,mouse,known,NC3
1297,ENSMUST00000025408,ENSMUSP00000025408,train,True,24,mouse,known,NC3
1298,ENSMUST00000025418,ENSMUSP00000025418,train,True,24,mouse,known,NC3
1299,ENSMUST00000025419,ENSMUSP00000025419,val,True,24,mouse,known,NC3
1300,ENSMUST00000025421,ENSMUSP00000025421,test,True,24,mouse,known,NC3
1301,ENSMUST00000025425,ENSMUSP00000025425,val,True,24,mouse,known,NC3
1302,ENSMUST00000025439,ENSMUSP00000025439,train,True,24,mouse,known,NC3
1303,ENSMUST00000025444,ENSMUSP00000025444,test,True,24,mouse,known,NC3
1304,ENSMUST00000025453,ENSMUSP00000025453,train,True,24,mouse,known,NC3
1305,ENSMUST00000025462,ENSMUSP00000025462,train,True,24,mouse,known,NC3
1306,ENSMUST00000025472,ENSMUSP00000025472,train,True,24,mouse,known,NC3
1307,ENSMUST00000025474,ENSMUSP00000025474,val,True,24,mouse,known,NC3
1308,ENSMUST00000025476,ENSMUSP00000025476,train,True,24,mouse,known,NC3
1309,ENSMUST00000025486,ENSMUSP00000025486,train,True,24,mouse,known,NC3
1310,ENSMUST00000025490,ENSMUSP00000025490,train,True,24,mouse,known,NC3
1311,ENSMUST00000025500,ENSMUSP00000025500,val,True,24,mouse,known,NC3
1312,ENSMUST00000025503,ENSMUSP00000025503,train,True,24,mouse,known,NC3
1313,ENSMUST00000025505,ENSMUSP00000025505,train,True,24,mouse,known,NC3
1314,ENSMUST00000025506,ENSMUSP00000025506,train,True,24,mouse,known,NC3
1315,ENSMUST00000025515,ENSMUSP00000025515,val,True,24,mouse,known,NC3
1316,ENSMUST00000025541,ENSMUSP00000025541,train,True,24,mouse,known,NC3
1317,ENSMUST00000025542,ENSMUSP00000025542,train,True,24,mouse,known,NC3
1318,ENSMUST00000025567,ENSMUSP00000025567,val,True,24,mouse,known,NC3
1319,ENSMUST00000025590,ENSMUSP00000025590,train,True,24,mouse,known,NC3
1320,ENSMUST00000025595,ENSMUSP00000025595,val,True,24,mouse,known,NC3
1321,ENSMUST00000025617,ENSMUSP00000025617,test,True,24,mouse,known,NC3
1322,ENSMUST00000025631,ENSMUSP00000025631,train,True,24,mouse,known,NC3
1323,ENSMUST00000025632,ENSMUSP00000025632,test,True,24,mouse,known,NC3
1324,ENSMUST00000025639,ENSMUSP00000025639,train,True,24,mouse,known,NC3
1325,ENSMUST00000025642,ENSMUSP00000025642,train,True,24,mouse,known,NC3
1326,ENSMUST00000025649,ENSMUSP00000025649,test,True,24,mouse,known,NC3
1327,ENSMUST00000025668,ENSMUSP00000025668,train,True,24,mouse,known,NC3
1328,ENSMUST00000025675,ENSMUSP00000025675,val,True,24,mouse,known,NC3
1329,ENSMUST00000025679,ENSMUSP00000025679,train,True,24,mouse,known,NC3
1330,ENSMUST00000025684,ENSMUSP00000025684,train,True,24,mouse,known,NC3
1331,ENSMUST00000025691,ENSMUSP00000025691,train,True,24,mouse,known,NC3
1332,ENSMUST00000025695,ENSMUSP00000025695,train,True,24,mouse,known,NC3
1333,ENSMUST00000025696,ENSMUSP00000025696,train,True,24,mouse,known,NC3
1334,ENSMUST00000025702,ENSMUSP00000025702,train,True,24,mouse,known,NC3
1335,ENSMUST00000025704,ENSMUSP00000025704,train,True,24,mouse,known,NC3
1336,ENSMUST00000025707,ENSMUSP00000025707,train,True,24,mouse,known,NC3
1337,ENSMUST00000025711,ENSMUSP00000025711,train,True,24,mouse,known,NC3
1338,ENSMUST00000025714,ENSMUSP00000025714,val,True,24,mouse,known,NC3
1339,ENSMUST00000025719,ENSMUSP00000025719,train,True,24,mouse,known,NC3
1340,ENSMUST00000025728,ENSMUSP00000025728,train,True,24,mouse,known,NC3
1341,ENSMUST00000025739,ENSMUSP00000025739,val,True,24,mouse,known,NC3
1342,ENSMUST00000025740,ENSMUSP00000025740,train,True,24,mouse,known,NC3
1343,ENSMUST00000025743,ENSMUSP00000025743,val,True,24,mouse,known,NC3
1344,ENSMUST00000025749,ENSMUSP00000025749,val,True,24,mouse,known,NC3
1345,ENSMUST00000025751,ENSMUSP00000025751,test,True,24,mouse,known,NC3
1346,ENSMUST00000025752,ENSMUSP00000025752,train,True,24,mouse,known,NC3
1347,ENSMUST00000025759,ENSMUSP00000025759,train,True,24,mouse,known,NC3
1348,ENSMUST00000025760,ENSMUSP00000025760,train,True,24,mouse,known,NC3
1349,ENSMUST00000025762,ENSMUSP00000025762,test,True,24,mouse,known,NC3
1350,ENSMUST00000025767,ENSMUSP00000025767,train,True,24,mouse,known,NC3
1351,ENSMUST00000025773,ENSMUSP00000025773,test,True,24,mouse,known,NC3
1352,ENSMUST00000025774,ENSMUSP00000025774,test,True,24,mouse,known,NC3
1353,ENSMUST00000025779,ENSMUSP00000025779,train,True,24,mouse,known,NC3
1354,ENSMUST00000025786,ENSMUSP00000025786,train,True,24,mouse,known,NC3
1355,ENSMUST00000025802,ENSMUSP00000025802,test,True,24,mouse,known,NC3
1356,ENSMUST00000025803,ENSMUSP00000025803,train,True,24,mouse,known,NC3
1357,ENSMUST00000025815,ENSMUSP00000025815,test,True,24,mouse,known,NC3
1358,ENSMUST00000025818,ENSMUSP00000025818,train,True,24,mouse,known,NC3
1359,ENSMUST00000025823,ENSMUSP00000025823,train,True,24,mouse,known,NC3
1360,ENSMUST00000025827,ENSMUSP00000025827,train,True,24,mouse,known,NC3
1361,ENSMUST00000025833,ENSMUSP00000025833,train,True,24,mouse,known,NC3
1362,ENSMUST00000025835,ENSMUSP00000025835,train,True,24,mouse,known,NC3
1363,ENSMUST00000025836,ENSMUSP00000025836,train,True,24,mouse,known,NC3
1364,ENSMUST00000025847,ENSMUSP00000025847,val,True,24,mouse,known,NC3
1365,ENSMUST00000025851,ENSMUSP00000025851,train,True,24,mouse,known,NC3
1366,ENSMUST00000025867,ENSMUSP00000025867,train,True,24,mouse,known,NC3
1367,ENSMUST00000025893,ENSMUSP00000025893,train,True,24,mouse,known,NC3
1368,ENSMUST00000025897,ENSMUSP00000025897,train,True,24,mouse,known,NC3
1369,ENSMUST00000025904,ENSMUSP00000025904,test,True,24,mouse,known,NC3
1370,ENSMUST00000025910,ENSMUSP00000025910,train,True,24,mouse,known,NC3
1371,ENSMUST00000025912,ENSMUSP00000025912,train,True,24,mouse,known,NC3
1372,ENSMUST00000025918,ENSMUSP00000025918,train,True,24,mouse,known,NC3
1373,ENSMUST00000025924,ENSMUSP00000025924,train,True,24,mouse,known,NC3
1374,ENSMUST00000025930,ENSMUSP00000025930,test,True,24,mouse,known,NC3
1375,ENSMUST00000025932,ENSMUSP00000025932,train,True,24,mouse,known,NC3
1376,ENSMUST00000025955,ENSMUSP00000025955,train,True,24,mouse,known,NC3
1377,ENSMUST00000025957,ENSMUSP00000025957,train,True,24,mouse,known,NC3
1378,ENSMUST00000025961,ENSMUSP00000025961,train,True,24,mouse,known,NC3
1379,ENSMUST00000025963,ENSMUSP00000025963,train,True,24,mouse,known,NC3
1380,ENSMUST00000025965,ENSMUSP00000025965,train,True,24,mouse,known,NC3
1381,ENSMUST00000025979,ENSMUSP00000025979,train,True,24,mouse,known,NC3
1382,ENSMUST00000026009,ENSMUSP00000026009,train,True,24,mouse,known,NC3
1383,ENSMUST00000026011,ENSMUSP00000026011,train,True,24,mouse,known,NC3
1384,ENSMUST00000026013,ENSMUSP00000026013,train,True,24,mouse,known,NC3
1385,ENSMUST00000026016,ENSMUSP00000026016,train,True,24,mouse,known,NC3
1386,ENSMUST00000026027,ENSMUSP00000026027,train,True,24,mouse,known,NC3
1387,ENSMUST00000026032,ENSMUSP00000026032,train,True,24,mouse,known,NC3
1388,ENSMUST00000026043,ENSMUSP00000026043,val,True,24,mouse,known,NC3
1389,ENSMUST00000026050,ENSMUSP00000026050,train,True,24,mouse,known,NC3
1390,ENSMUST00000026062,ENSMUSP00000026062,train,True,24,mouse,known,NC3
1391,ENSMUST00000026073,ENSMUSP00000026073,train,True,24,mouse,known,NC3
1392,ENSMUST00000026092,ENSMUSP00000026092,test,True,24,mouse,known,NC3
1393,ENSMUST00000026093,ENSMUSP00000026093,val,True,24,mouse,known,NC3
1394,ENSMUST00000026094,ENSMUSP00000026094,train,True,24,mouse,known,NC3
1395,ENSMUST00000026096,ENSMUSP00000026096,train,True,24,mouse,known,NC3
1396,ENSMUST00000026122,ENSMUSP00000026122,train,True,24,mouse,known,NC3
1397,ENSMUST00000026125,ENSMUSP00000026125,train,True,24,mouse,known,NC3
1398,ENSMUST00000026126,ENSMUSP00000026126,val,True,24,mouse,known,NC3
1399,ENSMUST00000026133,ENSMUSP00000026133,val,True,24,mouse,known,NC3
1400,ENSMUST00000026135,ENSMUSP00000026135,train,True,24,mouse,known,NC3
1401,ENSMUST00000026139,ENSMUSP00000026139,train,True,24,mouse,known,NC3
1402,ENSMUST00000026142,ENSMUSP00000026142,train,True,24,mouse,known,NC3
1403,ENSMUST00000026169,ENSMUSP00000026169,train,True,24,mouse,known,NC3
1404,ENSMUST00000026170,ENSMUSP00000026170,test,True,24,mouse,known,NC3
1405,ENSMUST00000026173,ENSMUSP00000026173,train,True,24,mouse,known,NC3
1406,ENSMUST00000026188,ENSMUSP00000026188,train,True,24,mouse,known,NC3
1407,ENSMUST00000026196,ENSMUSP00000026196,train,True,24,mouse,known,NC3
1408,ENSMUST00000026209,ENSMUSP00000026209,test,True,24,mouse,known,NC3
1409,ENSMUST00000026217,ENSMUSP00000026217,train,True,24,mouse,known,NC3
1410,ENSMUST00000026218,ENSMUSP00000026218,train,True,24,mouse,known,NC3
1411,ENSMUST00000026222,ENSMUSP00000026222,test,True,24,mouse,known,NC3
1412,ENSMUST00000026227,ENSMUSP00000026227,train,True,24,mouse,known,NC3
1413,ENSMUST00000026243,ENSMUSP00000026243,train,True,24,mouse,known,NC3
1414,ENSMUST00000026254,ENSMUSP00000026254,train,True,24,mouse,known,NC3
1415,ENSMUST00000026262,ENSMUSP00000026262,train,True,24,mouse,known,NC3
1416,ENSMUST00000026269,ENSMUSP00000026269,train,True,24,mouse,known,NC3
1417,ENSMUST00000026274,ENSMUSP00000026274,test,True,24,mouse,known,NC3
1418,ENSMUST00000026292,ENSMUSP00000026292,val,True,24,mouse,known,NC3
1419,ENSMUST00000026295,ENSMUSP00000026295,val,True,24,mouse,known,NC3
1420,ENSMUST00000026322,ENSMUSP00000026322,train,True,24,mouse,known,NC3
1421,ENSMUST00000026324,ENSMUSP00000026324,test,True,24,mouse,known,NC3
1422,ENSMUST00000026328,ENSMUSP00000026328,train,True,24,mouse,known,NC3
1423,ENSMUST00000026377,ENSMUSP00000026377,train,True,24,mouse,known,NC3
1424,ENSMUST00000026387,ENSMUSP00000026387,train,True,24,mouse,known,NC3
1425,ENSMUST00000026390,ENSMUSP00000026390,train,True,24,mouse,known,NC3
1426,ENSMUST00000026398,ENSMUSP00000026398,train,True,24,mouse,known,NC3
1427,ENSMUST00000026405,ENSMUSP00000026405,test,True,24,mouse,known,NC3
1428,ENSMUST00000026406,ENSMUSP00000026406,test,True,24,mouse,known,NC3
1429,ENSMUST00000026416,ENSMUSP00000026416,train,True,24,mouse,known,NC3
1430,ENSMUST00000026420,ENSMUSP00000026420,train,True,24,mouse,known,NC3
1431,ENSMUST00000026425,ENSMUSP00000026425,val,True,24,mouse,known,NC3
1432,ENSMUST00000026427,ENSMUSP00000026427,train,True,24,mouse,known,NC3
1433,ENSMUST00000026434,ENSMUSP00000026434,train,True,24,mouse,known,NC3
1434,ENSMUST00000026436,ENSMUSP00000026436,train,True,24,mouse,known,NC3
1435,ENSMUST00000026448,ENSMUSP00000026448,train,True,24,mouse,known,NC3
1436,ENSMUST00000026459,ENSMUSP00000026459,test,True,24,mouse,known,NC3
1437,ENSMUST00000026461,ENSMUSP00000026461,test,True,24,mouse,known,NC3
1438,ENSMUST00000026469,ENSMUSP00000026469,train,True,24,mouse,known,NC3
1439,ENSMUST00000026470,ENSMUSP00000026470,train,True,24,mouse,known,NC3
1440,ENSMUST00000026479,ENSMUSP00000026479,train,True,24,mouse,known,NC3
1441,ENSMUST00000026480,ENSMUSP00000026480,train,True,24,mouse,known,NC3
1442,ENSMUST00000026487,ENSMUSP00000026487,train,True,24,mouse,known,NC3
1443,ENSMUST00000026495,ENSMUSP00000026495,train,True,24,mouse,known,NC3
1444,ENSMUST00000026506,ENSMUSP00000026506,train,True,24,mouse,known,NC3
1445,ENSMUST00000026537,ENSMUSP00000026537,train,True,24,mouse,known,NC3
1446,ENSMUST00000026538,ENSMUSP00000026538,train,True,24,mouse,known,NC3
1447,ENSMUST00000026547,ENSMUSP00000026547,train,True,24,mouse,known,NC3
1448,ENSMUST00000026550,ENSMUSP00000026550,test,True,24,mouse,known,NC3
1449,ENSMUST00000026557,ENSMUSP00000026557,train,True,24,mouse,known,NC3
1450,ENSMUST00000026558,ENSMUSP00000026558,train,True,24,mouse,known,NC3
1451,ENSMUST00000026560,ENSMUSP00000026560,test,True,24,mouse,known,NC3
1452,ENSMUST00000026565,ENSMUSP00000026565,val,True,24,mouse,known,NC3
1453,ENSMUST00000026568,ENSMUSP00000026568,train,True,24,mouse,known,NC3
1454,ENSMUST00000026571,ENSMUSP00000026571,train,True,24,mouse,known,NC3
1455,ENSMUST00000026572,ENSMUSP00000026572,train,True,24,mouse,known,NC3
1456,ENSMUST00000026577,ENSMUSP00000026577,train,True,24,mouse,known,NC3
1457,ENSMUST00000026595,ENSMUSP00000026595,val,True,24,mouse,known,NC3
1458,ENSMUST00000026599,ENSMUSP00000026599,test,True,24,mouse,known,NC3
1459,ENSMUST00000026607,ENSMUSP00000026607,val,True,24,mouse,known,NC3
1460,ENSMUST00000026608,ENSMUSP00000026608,train,True,24,mouse,known,NC3
1461,ENSMUST00000026613,ENSMUSP00000026613,train,True,24,mouse,known,NC3
1462,ENSMUST00000026624,ENSMUSP00000026624,train,True,24,mouse,known,NC3
1463,ENSMUST00000026625,ENSMUSP00000026625,test,True,24,mouse,known,NC3
1464,ENSMUST00000026635,ENSMUSP00000026635,val,True,24,mouse,known,NC3
1465,ENSMUST00000026649,ENSMUSP00000026649,test,True,24,mouse,known,NC3
1466,ENSMUST00000026661,ENSMUSP00000026661,train,True,24,mouse,known,NC3
1467,ENSMUST00000026663,ENSMUSP00000026663,test,True,24,mouse,known,NC3
1468,ENSMUST00000026665,ENSMUSP00000026665,train,True,24,mouse,known,NC3
1469,ENSMUST00000026667,ENSMUSP00000026667,train,True,24,mouse,known,NC3
1470,ENSMUST00000026681,ENSMUSP00000026681,train,True,24,mouse,known,NC3
1471,ENSMUST00000026698,ENSMUSP00000026698,train,True,24,mouse,known,NC3
1472,ENSMUST00000026699,ENSMUSP00000026699,train,True,24,mouse,known,NC3
1473,ENSMUST00000026704,ENSMUSP00000026704,val,True,24,mouse,known,NC3
1474,ENSMUST00000026710,ENSMUSP00000026710,train,True,24,mouse,known,NC3
1475,ENSMUST00000026723,ENSMUSP00000026723,test,True,24,mouse,known,NC3
1476,ENSMUST00000026735,ENSMUSP00000026735,train,True,24,mouse,known,NC3
1477,ENSMUST00000026743,ENSMUSP00000026743,train,True,24,mouse,known,NC3
1478,ENSMUST00000026816,ENSMUSP00000026816,val,True,24,mouse,known,NC3
1479,ENSMUST00000026826,ENSMUSP00000026826,train,True,24,mouse,known,NC3
1480,ENSMUST00000026827,ENSMUSP00000026827,train,True,24,mouse,known,NC3
1481,ENSMUST00000026833,ENSMUSP00000026833,test,True,24,mouse,known,NC3
1482,ENSMUST00000026839,ENSMUSP00000026839,train,True,24,mouse,known,NC3
1483,ENSMUST00000026846,ENSMUSP00000026846,train,True,24,mouse,known,NC3
1484,ENSMUST00000026887,ENSMUSP00000026887,train,True,24,mouse,known,NC3
1485,ENSMUST00000026888,ENSMUSP00000026888,train,True,24,mouse,known,NC3
1486,ENSMUST00000026891,ENSMUSP00000026891,train,True,24,mouse,known,NC3
1487,ENSMUST00000026899,ENSMUSP00000026899,train,True,24,mouse,known,NC3
1488,ENSMUST00000026927,ENSMUSP00000026927,train,True,24,mouse,known,NC3
1489,ENSMUST00000026975,ENSMUSP00000026975,train,True,24,mouse,known,NC3
1490,ENSMUST00000026976,ENSMUSP00000026976,train,True,24,mouse,known,NC3
1491,ENSMUST00000026988,ENSMUSP00000026988,train,True,24,mouse,known,NC3
1492,ENSMUST00000026990,ENSMUSP00000026990,train,True,24,mouse,known,NC3
1493,ENSMUST00000026997,ENSMUSP00000026997,train,True,24,mouse,known,NC3
1494,ENSMUST00000027009,ENSMUSP00000027009,train,True,24,mouse,known,NC3
1495,ENSMUST00000027012,ENSMUSP00000027012,train,True,24,mouse,known,NC3
1496,ENSMUST00000027027,ENSMUSP00000027027,val,True,24,mouse,known,NC3
1497,ENSMUST00000027036,ENSMUSP00000027036,train,True,24,mouse,known,NC3
1498,ENSMUST00000027040,ENSMUSP00000027040,test,True,24,mouse,known,NC3
1499,ENSMUST00000027049,ENSMUSP00000027049,train,True,24,mouse,known,NC3
1500,ENSMUST00000027050,ENSMUSP00000027050,test,True,24,mouse,known,NC3
1501,ENSMUST00000027053,ENSMUSP00000027053,train,True,24,mouse,known,NC3
1502,ENSMUST00000027068,ENSMUSP00000027068,train,True,24,mouse,known,NC3
1503,ENSMUST00000027071,ENSMUSP00000027071,train,True,24,mouse,known,NC3
1504,ENSMUST00000027103,ENSMUSP00000027103,train,True,24,mouse,known,NC3
1505,ENSMUST00000027114,ENSMUSP00000027114,train,True,24,mouse,known,NC3
1506,ENSMUST00000027123,ENSMUSP00000027123,train,True,24,mouse,known,NC3
1507,ENSMUST00000027127,ENSMUSP00000027127,val,True,24,mouse,known,NC3
1508,ENSMUST00000027131,ENSMUSP00000027131,train,True,24,mouse,known,NC3
1509,ENSMUST00000027139,ENSMUSP00000027139,train,True,24,mouse,known,NC3
1510,ENSMUST00000027153,ENSMUSP00000027153,test,True,24,mouse,known,NC3
1511,ENSMUST00000027168,ENSMUSP00000027168,train,True,24,mouse,known,NC3
1512,ENSMUST00000027178,ENSMUSP00000027178,train,True,24,mouse,known,NC3
1513,ENSMUST00000027185,ENSMUSP00000027185,train,True,24,mouse,known,NC3
1514,ENSMUST00000027193,nan,train,True,24,mouse,known,NC3
1515,ENSMUST00000027198,ENSMUSP00000027198,train,True,24,mouse,known,NC3
1516,ENSMUST00000027247,ENSMUSP00000027247,train,True,24,mouse,known,NC3
1517,ENSMUST00000027252,ENSMUSP00000027252,test,True,24,mouse,known,NC3
1518,ENSMUST00000027256,ENSMUSP00000027256,train,True,24,mouse,known,NC3
1519,ENSMUST00000027266,ENSMUSP00000027266,train,True,24,mouse,known,NC3
1520,ENSMUST00000027267,ENSMUSP00000027267,train,True,24,mouse,known,NC3
1521,ENSMUST00000027271,ENSMUSP00000027271,train,True,24,mouse,known,NC3
1522,ENSMUST00000027286,ENSMUSP00000027286,test,True,24,mouse,known,NC3
1523,ENSMUST00000027302,ENSMUSP00000027302,train,True,24,mouse,known,NC3
1524,ENSMUST00000027303,ENSMUSP00000027303,test,True,24,mouse,known,NC3
1525,ENSMUST00000027312,ENSMUSP00000027312,test,True,24,mouse,known,NC3
1526,ENSMUST00000027322,ENSMUSP00000027322,train,True,24,mouse,known,NC3
1527,ENSMUST00000027338,ENSMUSP00000027338,train,True,24,mouse,known,NC3
1528,ENSMUST00000027339,ENSMUSP00000027339,train,True,24,mouse,known,NC3
1529,ENSMUST00000027356,ENSMUSP00000027356,train,True,24,mouse,known,NC3
1530,ENSMUST00000027357,ENSMUSP00000027357,val,True,24,mouse,known,NC3
1531,ENSMUST00000027358,ENSMUSP00000027358,train,True,24,mouse,known,NC3
1532,ENSMUST00000027367,ENSMUSP00000027367,val,True,24,mouse,known,NC3
1533,ENSMUST00000027373,ENSMUSP00000027373,train,True,24,mouse,known,NC3
1534,ENSMUST00000027379,ENSMUSP00000027379,train,True,24,mouse,known,NC3
1535,ENSMUST00000027381,ENSMUSP00000027381,train,True,24,mouse,known,NC3
1536,ENSMUST00000027384,ENSMUSP00000027384,val,True,24,mouse,known,NC3
1537,ENSMUST00000027393,ENSMUSP00000027393,val,True,24,mouse,known,NC3
1538,ENSMUST00000027394,ENSMUSP00000027394,val,True,24,mouse,known,NC3
1539,ENSMUST00000027396,ENSMUSP00000027396,val,True,24,mouse,known,NC3
1540,ENSMUST00000027401,ENSMUSP00000027401,test,True,24,mouse,known,NC3
1541,ENSMUST00000027414,ENSMUSP00000027414,test,True,24,mouse,known,NC3
1542,ENSMUST00000027421,ENSMUSP00000027421,train,True,24,mouse,known,NC3
1543,ENSMUST00000027425,ENSMUSP00000027425,train,True,24,mouse,known,NC3
1544,ENSMUST00000027432,ENSMUSP00000027432,train,True,24,mouse,known,NC3
1545,ENSMUST00000027438,ENSMUSP00000027438,val,True,24,mouse,known,NC3
1546,ENSMUST00000027444,ENSMUSP00000027444,train,True,24,mouse,known,NC3
1547,ENSMUST00000027464,ENSMUSP00000027464,train,True,24,mouse,known,NC3
1548,ENSMUST00000027475,ENSMUSP00000027475,test,True,24,mouse,known,NC3
1549,ENSMUST00000027478,ENSMUSP00000027478,train,True,24,mouse,known,NC3
1550,ENSMUST00000027492,ENSMUSP00000027492,test,True,24,mouse,known,NC3
1551,ENSMUST00000027493,ENSMUSP00000027493,test,True,24,mouse,known,NC3
1552,ENSMUST00000027494,ENSMUSP00000027494,train,True,24,mouse,known,NC3
1553,ENSMUST00000027498,ENSMUSP00000027498,train,True,24,mouse,known,NC3
1554,ENSMUST00000027502,ENSMUSP00000027502,train,True,24,mouse,known,NC3
1555,ENSMUST00000027503,ENSMUSP00000027503,val,True,24,mouse,known,NC3
1556,ENSMUST00000027505,ENSMUSP00000027505,train,True,24,mouse,known,NC3
1557,ENSMUST00000027521,ENSMUSP00000027521,train,True,24,mouse,known,NC3
1558,ENSMUST00000027532,ENSMUSP00000027532,train,True,24,mouse,known,NC3
1559,ENSMUST00000027534,ENSMUSP00000027534,train,True,24,mouse,known,NC3
1560,ENSMUST00000027554,ENSMUSP00000027554,train,True,24,mouse,known,NC3
1561,ENSMUST00000027579,ENSMUSP00000027579,train,True,24,mouse,known,NC3
1562,ENSMUST00000027581,ENSMUSP00000027581,test,True,24,mouse,known,NC3
1563,ENSMUST00000027587,ENSMUSP00000027587,train,True,24,mouse,known,NC3
1564,ENSMUST00000027592,ENSMUSP00000027592,test,True,24,mouse,known,NC3
1565,ENSMUST00000027601,ENSMUSP00000027601,train,True,24,mouse,known,NC3
1566,ENSMUST00000027602,ENSMUSP00000027602,train,True,24,mouse,known,NC3
1567,ENSMUST00000027615,ENSMUSP00000027615,val,True,24,mouse,known,NC3
1568,ENSMUST00000027623,ENSMUSP00000027623,train,True,24,mouse,known,NC3
1569,ENSMUST00000027626,ENSMUSP00000027626,train,True,24,mouse,known,NC3
1570,ENSMUST00000027629,ENSMUSP00000027629,train,True,24,mouse,known,NC3
1571,ENSMUST00000027655,ENSMUSP00000027655,train,True,24,mouse,known,NC3
1572,ENSMUST00000027684,ENSMUSP00000027684,val,True,24,mouse,known,NC3
1573,ENSMUST00000027687,ENSMUSP00000027687,train,True,24,mouse,known,NC3
1574,ENSMUST00000027693,ENSMUSP00000027693,train,True,24,mouse,known,NC3
1575,ENSMUST00000027697,ENSMUSP00000027697,train,True,24,mouse,known,NC3
1576,ENSMUST00000027725,ENSMUSP00000027725,train,True,24,mouse,known,NC3
1577,ENSMUST00000027726,ENSMUSP00000027726,train,True,24,mouse,known,NC3
1578,ENSMUST00000027727,ENSMUSP00000027727,train,True,24,mouse,known,NC3
1579,ENSMUST00000027743,ENSMUSP00000027743,train,True,24,mouse,known,NC3
1580,ENSMUST00000027752,ENSMUSP00000027752,train,True,24,mouse,known,NC3
1581,ENSMUST00000027768,ENSMUSP00000027768,val,True,24,mouse,known,NC3
1582,ENSMUST00000027777,ENSMUSP00000027777,train,True,24,mouse,known,NC3
1583,ENSMUST00000027780,ENSMUSP00000027780,val,True,24,mouse,known,NC3
1584,ENSMUST00000027783,ENSMUSP00000027783,val,True,24,mouse,known,NC3
1585,ENSMUST00000027792,nan,val,True,24,mouse,known,NC3
1586,ENSMUST00000027797,ENSMUSP00000027797,val,True,24,mouse,known,NC3
1587,ENSMUST00000027802,ENSMUSP00000027802,test,True,24,mouse,known,NC3
1588,ENSMUST00000027810,ENSMUSP00000027810,train,True,24,mouse,known,NC3
1589,ENSMUST00000027846,ENSMUSP00000027846,train,True,24,mouse,known,NC3
1590,ENSMUST00000027853,ENSMUSP00000027853,val,True,24,mouse,known,NC3
1591,ENSMUST00000027863,ENSMUSP00000027863,train,True,24,mouse,known,NC3
1592,ENSMUST00000027866,ENSMUSP00000027866,train,True,24,mouse,known,NC3
1593,ENSMUST00000027876,ENSMUSP00000027876,train,True,24,mouse,known,NC3
1594,ENSMUST00000027877,ENSMUSP00000027877,train,True,24,mouse,known,NC3
1595,ENSMUST00000027888,ENSMUSP00000027888,train,True,24,mouse,known,NC3
1596,ENSMUST00000027897,ENSMUSP00000027897,train,True,24,mouse,known,NC3
1597,ENSMUST00000027921,ENSMUSP00000027921,train,True,24,mouse,known,NC3
1598,ENSMUST00000027940,ENSMUSP00000027940,train,True,24,mouse,known,NC3
1599,ENSMUST00000027956,ENSMUSP00000027956,train,True,24,mouse,known,NC3
1600,ENSMUST00000027961,ENSMUSP00000027961,train,True,24,mouse,known,NC3
1601,ENSMUST00000027970,ENSMUSP00000027970,train,True,24,mouse,known,NC3
1602,ENSMUST00000027974,ENSMUSP00000027974,test,True,24,mouse,known,NC3
1603,ENSMUST00000027975,ENSMUSP00000027975,test,True,24,mouse,known,NC3
1604,ENSMUST00000027980,ENSMUSP00000027980,train,True,24,mouse,known,NC3
1605,ENSMUST00000027986,ENSMUSP00000027986,train,True,24,mouse,known,NC3
1606,ENSMUST00000028000,ENSMUSP00000028000,test,True,24,mouse,known,NC3
1607,ENSMUST00000028004,ENSMUSP00000028004,train,True,24,mouse,known,NC3
1608,ENSMUST00000028017,ENSMUSP00000028017,val,True,24,mouse,known,NC3
1609,ENSMUST00000028049,ENSMUSP00000028049,test,True,24,mouse,known,NC3
1610,ENSMUST00000028052,ENSMUSP00000028052,val,True,24,mouse,known,NC3
1611,ENSMUST00000028059,ENSMUSP00000028059,train,True,24,mouse,known,NC3
1612,ENSMUST00000028062,ENSMUSP00000028062,train,True,24,mouse,known,NC3
1613,ENSMUST00000028071,ENSMUSP00000028071,train,True,24,mouse,known,NC3
1614,ENSMUST00000028076,ENSMUSP00000028076,train,True,24,mouse,known,NC3
1615,ENSMUST00000028080,ENSMUSP00000028080,train,True,24,mouse,known,NC3
1616,ENSMUST00000028083,ENSMUSP00000028083,train,True,24,mouse,known,NC3
1617,ENSMUST00000028087,ENSMUSP00000028087,train,True,24,mouse,known,NC3
1618,ENSMUST00000028098,ENSMUSP00000028098,train,True,24,mouse,known,NC3
1619,ENSMUST00000028100,ENSMUSP00000028100,train,True,24,mouse,known,NC3
1620,ENSMUST00000028102,ENSMUSP00000028102,train,True,24,mouse,known,NC3
1621,ENSMUST00000028105,ENSMUSP00000028105,train,True,24,mouse,known,NC3
1622,ENSMUST00000028117,ENSMUSP00000028117,test,True,24,mouse,known,NC3
1623,ENSMUST00000028119,ENSMUSP00000028119,val,True,24,mouse,known,NC3
1624,ENSMUST00000028135,ENSMUSP00000028135,val,True,24,mouse,known,NC3
1625,ENSMUST00000028137,ENSMUSP00000028137,train,True,24,mouse,known,NC3
1626,ENSMUST00000028139,ENSMUSP00000028139,train,True,24,mouse,known,NC3
1627,ENSMUST00000028148,ENSMUSP00000028148,val,True,24,mouse,known,NC3
1628,ENSMUST00000028160,ENSMUSP00000028160,test,True,24,mouse,known,NC3
1629,ENSMUST00000028162,ENSMUSP00000028162,train,True,24,mouse,known,NC3
1630,ENSMUST00000028167,ENSMUSP00000028167,train,True,24,mouse,known,NC3
1631,ENSMUST00000028199,ENSMUSP00000028199,train,True,24,mouse,known,NC3
1632,ENSMUST00000028200,ENSMUSP00000028200,train,True,24,mouse,known,NC3
1633,ENSMUST00000028205,ENSMUSP00000028205,train,True,24,mouse,known,NC3
1634,ENSMUST00000028225,ENSMUSP00000028225,train,True,24,mouse,known,NC3
1635,ENSMUST00000028229,ENSMUSP00000028229,train,True,24,mouse,known,NC3
1636,ENSMUST00000028238,ENSMUSP00000028238,train,True,24,mouse,known,NC3
1637,ENSMUST00000028241,ENSMUSP00000028241,train,True,24,mouse,known,NC3
1638,ENSMUST00000028250,ENSMUSP00000028250,train,True,24,mouse,known,NC3
1639,ENSMUST00000028257,ENSMUSP00000028257,train,True,24,mouse,known,NC3
1640,ENSMUST00000028259,ENSMUSP00000028259,train,True,24,mouse,known,NC3
1641,ENSMUST00000028278,ENSMUSP00000028278,test,True,24,mouse,known,NC3
1642,ENSMUST00000028279,ENSMUSP00000028279,train,True,24,mouse,known,NC3
1643,ENSMUST00000028280,ENSMUSP00000028280,train,True,24,mouse,known,NC3
1644,ENSMUST00000028286,ENSMUSP00000028286,train,True,24,mouse,known,NC3
1645,ENSMUST00000028332,ENSMUSP00000028332,train,True,24,mouse,known,NC3
1646,ENSMUST00000028341,ENSMUSP00000028341,train,True,24,mouse,known,NC3
1647,ENSMUST00000028342,ENSMUSP00000028342,train,True,24,mouse,known,NC3
1648,ENSMUST00000028349,ENSMUSP00000028349,val,True,24,mouse,known,NC3
1649,ENSMUST00000028351,ENSMUSP00000028351,train,True,24,mouse,known,NC3
1650,ENSMUST00000028361,ENSMUSP00000028361,train,True,24,mouse,known,NC3
1651,ENSMUST00000028362,ENSMUSP00000028362,train,True,24,mouse,known,NC3
1652,ENSMUST00000028368,ENSMUSP00000028368,train,True,24,mouse,known,NC3
1653,ENSMUST00000028382,ENSMUSP00000028382,train,True,24,mouse,known,NC3
1654,ENSMUST00000028392,ENSMUSP00000028392,train,True,24,mouse,known,NC3
1655,ENSMUST00000028408,ENSMUSP00000028408,train,True,24,mouse,known,NC3
1656,ENSMUST00000028475,ENSMUSP00000028475,train,True,24,mouse,known,NC3
1657,ENSMUST00000028499,ENSMUSP00000028499,train,True,24,mouse,known,NC3
1658,ENSMUST00000028509,ENSMUSP00000028509,train,True,24,mouse,known,NC3
1659,ENSMUST00000028511,ENSMUSP00000028511,train,True,24,mouse,known,NC3
1660,ENSMUST00000028517,ENSMUSP00000028517,test,True,24,mouse,known,NC3
1661,ENSMUST00000028551,ENSMUSP00000028551,train,True,24,mouse,known,NC3
1662,ENSMUST00000028553,ENSMUSP00000028553,train,True,24,mouse,known,NC3
1663,ENSMUST00000028554,ENSMUSP00000028554,train,True,24,mouse,known,NC3
1664,ENSMUST00000028583,ENSMUSP00000028583,train,True,24,mouse,known,NC3
1665,ENSMUST00000028584,ENSMUSP00000028584,val,True,24,mouse,known,NC3
1666,ENSMUST00000028592,ENSMUSP00000028592,train,True,24,mouse,known,NC3
1667,ENSMUST00000028595,ENSMUSP00000028595,train,True,24,mouse,known,NC3
1668,ENSMUST00000028599,ENSMUSP00000028599,train,True,24,mouse,known,NC3
1669,ENSMUST00000028603,ENSMUSP00000028603,train,True,24,mouse,known,NC3
1670,ENSMUST00000028607,ENSMUSP00000028607,train,True,24,mouse,known,NC3
1671,ENSMUST00000028608,ENSMUSP00000028608,train,True,24,mouse,known,NC3
1672,ENSMUST00000028610,ENSMUSP00000028610,train,True,24,mouse,known,NC3
1673,ENSMUST00000028617,ENSMUSP00000028617,train,True,24,mouse,known,NC3
1674,ENSMUST00000028619,ENSMUSP00000028619,train,True,24,mouse,known,NC3
1675,ENSMUST00000028623,ENSMUSP00000028623,train,True,24,mouse,known,NC3
1676,ENSMUST00000028624,ENSMUSP00000028624,train,True,24,mouse,known,NC3
1677,ENSMUST00000028639,ENSMUSP00000028639,train,True,24,mouse,known,NC3
1678,ENSMUST00000028650,ENSMUSP00000028650,train,True,24,mouse,known,NC3
1679,ENSMUST00000028678,ENSMUSP00000028678,train,True,24,mouse,known,NC3
1680,ENSMUST00000028681,ENSMUSP00000028681,train,True,24,mouse,known,NC3
1681,ENSMUST00000028683,ENSMUSP00000028683,train,True,24,mouse,known,NC3
1682,ENSMUST00000028691,ENSMUSP00000028691,train,True,24,mouse,known,NC3
1683,ENSMUST00000028696,ENSMUSP00000028696,train,True,24,mouse,known,NC3
1684,ENSMUST00000028726,ENSMUSP00000028726,train,True,24,mouse,known,NC3
1685,ENSMUST00000028728,ENSMUSP00000028728,test,True,24,mouse,known,NC3
1686,ENSMUST00000028735,ENSMUSP00000028735,train,True,24,mouse,known,NC3
1687,ENSMUST00000028755,ENSMUSP00000028755,train,True,24,mouse,known,NC3
1688,ENSMUST00000028767,ENSMUSP00000028767,train,True,24,mouse,known,NC3
1689,ENSMUST00000028768,ENSMUSP00000028768,train,True,24,mouse,known,NC3
1690,ENSMUST00000028781,ENSMUSP00000028781,train,True,24,mouse,known,NC3
1691,ENSMUST00000028794,ENSMUSP00000028794,train,True,24,mouse,known,NC3
1692,ENSMUST00000028795,ENSMUSP00000028795,train,True,24,mouse,known,NC3
1693,ENSMUST00000028796,ENSMUSP00000028796,train,True,24,mouse,known,NC3
1694,ENSMUST00000028800,ENSMUSP00000028800,train,True,24,mouse,known,NC3
1695,ENSMUST00000028802,ENSMUSP00000028802,train,True,24,mouse,known,NC3
1696,ENSMUST00000028807,ENSMUSP00000028807,train,True,24,mouse,known,NC3
1697,ENSMUST00000028814,ENSMUSP00000028814,train,True,24,mouse,known,NC3
1698,ENSMUST00000028815,ENSMUSP00000028815,val,True,24,mouse,known,NC3
1699,ENSMUST00000028817,ENSMUSP00000028817,train,True,24,mouse,known,NC3
1700,ENSMUST00000028825,ENSMUSP00000028825,train,True,24,mouse,known,NC3
1701,ENSMUST00000028835,ENSMUSP00000028835,train,True,24,mouse,known,NC3
1702,ENSMUST00000028844,ENSMUSP00000028844,train,True,24,mouse,known,NC3
1703,ENSMUST00000028848,ENSMUSP00000028848,test,True,24,mouse,known,NC3
1704,ENSMUST00000028852,ENSMUSP00000028852,train,True,24,mouse,known,NC3
1705,ENSMUST00000028858,ENSMUSP00000028858,train,True,24,mouse,known,NC3
1706,ENSMUST00000028866,ENSMUSP00000028866,train,True,24,mouse,known,NC3
1707,ENSMUST00000028892,ENSMUSP00000028892,train,True,24,mouse,known,NC3
1708,ENSMUST00000028900,ENSMUSP00000028900,train,True,24,mouse,known,NC3
1709,ENSMUST00000028909,ENSMUSP00000028909,test,True,24,mouse,known,NC3
1710,ENSMUST00000028914,ENSMUSP00000028914,train,True,24,mouse,known,NC3
1711,ENSMUST00000028915,ENSMUSP00000028915,val,True,24,mouse,known,NC3
1712,ENSMUST00000028916,ENSMUSP00000028916,train,True,24,mouse,known,NC3
1713,ENSMUST00000028917,ENSMUSP00000028917,train,True,24,mouse,known,NC3
1714,ENSMUST00000028921,ENSMUSP00000028921,train,True,24,mouse,known,NC3
1715,ENSMUST00000028928,ENSMUSP00000028928,train,True,24,mouse,known,NC3
1716,ENSMUST00000028938,ENSMUSP00000028938,train,True,24,mouse,known,NC3
1717,ENSMUST00000028948,ENSMUSP00000028948,train,True,24,mouse,known,NC3
1718,ENSMUST00000028963,ENSMUSP00000028963,train,True,24,mouse,known,NC3
1719,ENSMUST00000028964,ENSMUSP00000028964,train,True,24,mouse,known,NC3
1720,ENSMUST00000028972,ENSMUSP00000028972,train,True,24,mouse,known,NC3
1721,ENSMUST00000028977,ENSMUSP00000028977,train,True,24,mouse,known,NC3
1722,ENSMUST00000028981,ENSMUSP00000028981,test,True,24,mouse,known,NC3
1723,ENSMUST00000028984,ENSMUSP00000028984,train,True,24,mouse,known,NC3
1724,ENSMUST00000028995,ENSMUSP00000028995,train,True,24,mouse,known,NC3
1725,ENSMUST00000028997,ENSMUSP00000028997,train,True,24,mouse,known,NC3
1726,ENSMUST00000028999,ENSMUSP00000028999,train,True,24,mouse,known,NC3
1727,ENSMUST00000029005,ENSMUSP00000029005,train,True,24,mouse,known,NC3
1728,ENSMUST00000029013,ENSMUSP00000029013,train,True,24,mouse,known,NC3
1729,ENSMUST00000029018,ENSMUSP00000029018,train,True,24,mouse,known,NC3
1730,ENSMUST00000029024,ENSMUSP00000029024,train,True,24,mouse,known,NC3
1731,ENSMUST00000029046,ENSMUSP00000029046,train,True,24,mouse,known,NC3
1732,ENSMUST00000029047,ENSMUSP00000029047,train,True,24,mouse,known,NC3
1733,ENSMUST00000029049,ENSMUSP00000029049,train,True,24,mouse,known,NC3
1734,ENSMUST00000029053,ENSMUSP00000029053,test,True,24,mouse,known,NC3
1735,ENSMUST00000029071,ENSMUSP00000029071,train,True,24,mouse,known,NC3
1736,ENSMUST00000029082,ENSMUSP00000029082,train,True,24,mouse,known,NC3
1737,ENSMUST00000029087,ENSMUSP00000029087,train,True,24,mouse,known,NC3
1738,ENSMUST00000029090,ENSMUSP00000029090,val,True,24,mouse,known,NC3
1739,ENSMUST00000029092,ENSMUSP00000029092,train,True,24,mouse,known,NC3
1740,ENSMUST00000029105,ENSMUSP00000029105,val,True,24,mouse,known,NC3
1741,ENSMUST00000029116,ENSMUSP00000029116,train,True,24,mouse,known,NC3
1742,ENSMUST00000029120,ENSMUSP00000029120,train,True,24,mouse,known,NC3
1743,ENSMUST00000029125,ENSMUSP00000029125,train,True,24,mouse,known,NC3
1744,ENSMUST00000029126,ENSMUSP00000029126,train,True,24,mouse,known,NC3
1745,ENSMUST00000029128,ENSMUSP00000029128,val,True,24,mouse,known,NC3
1746,ENSMUST00000029140,ENSMUSP00000029140,train,True,24,mouse,known,NC3
1747,ENSMUST00000029142,ENSMUSP00000029142,train,True,24,mouse,known,NC3
1748,ENSMUST00000029147,ENSMUSP00000029147,val,True,24,mouse,known,NC3
1749,ENSMUST00000029158,ENSMUSP00000029158,train,True,24,mouse,known,NC3
1750,ENSMUST00000029170,ENSMUSP00000029170,val,True,24,mouse,known,NC3
1751,ENSMUST00000029178,ENSMUSP00000029178,train,True,24,mouse,known,NC3
1752,ENSMUST00000029179,ENSMUSP00000029179,test,True,24,mouse,known,NC3
1753,ENSMUST00000029180,ENSMUSP00000029180,test,True,24,mouse,known,NC3
1754,ENSMUST00000029201,ENSMUSP00000029201,train,True,24,mouse,known,NC3
1755,ENSMUST00000029208,ENSMUSP00000029208,train,True,24,mouse,known,NC3
1756,ENSMUST00000029214,ENSMUSP00000029214,train,True,24,mouse,known,NC3
1757,ENSMUST00000029256,ENSMUSP00000029256,train,True,24,mouse,known,NC3
1758,ENSMUST00000029257,ENSMUSP00000029257,test,True,24,mouse,known,NC3
1759,ENSMUST00000029259,ENSMUSP00000029259,val,True,24,mouse,known,NC3
1760,ENSMUST00000029266,ENSMUSP00000029266,train,True,24,mouse,known,NC3
1761,ENSMUST00000029269,ENSMUSP00000029269,train,True,24,mouse,known,NC3
1762,ENSMUST00000029270,ENSMUSP00000029270,train,True,24,mouse,known,NC3
1763,ENSMUST00000029297,ENSMUSP00000029297,train,True,24,mouse,known,NC3
1764,ENSMUST00000029303,ENSMUSP00000029303,train,True,24,mouse,known,NC3
1765,ENSMUST00000029307,ENSMUSP00000029307,train,True,24,mouse,known,NC3
1766,ENSMUST00000029316,ENSMUSP00000029316,train,True,24,mouse,known,NC3
1767,ENSMUST00000029336,ENSMUSP00000029336,test,True,24,mouse,known,NC3
1768,ENSMUST00000029344,ENSMUSP00000029344,train,True,24,mouse,known,NC3
1769,ENSMUST00000029353,ENSMUSP00000029353,train,True,24,mouse,known,NC3
1770,ENSMUST00000029355,ENSMUSP00000029355,val,True,24,mouse,known,NC3
1771,ENSMUST00000029358,ENSMUSP00000029358,train,True,24,mouse,known,NC3
1772,ENSMUST00000029374,ENSMUSP00000029374,val,True,24,mouse,known,NC3
1773,ENSMUST00000029382,ENSMUSP00000029382,val,True,24,mouse,known,NC3
1774,ENSMUST00000029386,ENSMUSP00000029386,val,True,24,mouse,known,NC3
1775,ENSMUST00000029387,ENSMUSP00000029387,train,True,24,mouse,known,NC3
1776,ENSMUST00000029400,ENSMUSP00000029400,train,True,24,mouse,known,NC3
1777,ENSMUST00000029402,ENSMUSP00000029402,val,True,24,mouse,known,NC3
1778,ENSMUST00000029405,ENSMUSP00000029405,train,True,24,mouse,known,NC3
1779,ENSMUST00000029414,ENSMUSP00000029414,train,True,24,mouse,known,NC3
1780,ENSMUST00000029416,ENSMUSP00000029416,val,True,24,mouse,known,NC3
1781,ENSMUST00000029424,ENSMUSP00000029424,test,True,24,mouse,known,NC3
1782,ENSMUST00000029444,ENSMUSP00000029444,train,True,24,mouse,known,NC3
1783,ENSMUST00000029447,ENSMUSP00000029447,val,True,24,mouse,known,NC3
1784,ENSMUST00000029453,ENSMUSP00000029453,train,True,24,mouse,known,NC3
1785,ENSMUST00000029476,ENSMUSP00000029476,train,True,24,mouse,known,NC3
1786,ENSMUST00000029477,ENSMUSP00000029477,train,True,24,mouse,known,NC3
1787,ENSMUST00000029480,ENSMUSP00000029480,test,True,24,mouse,known,NC3
1788,ENSMUST00000029490,ENSMUSP00000029490,val,True,24,mouse,known,NC3
1789,ENSMUST00000029515,nan,train,True,24,mouse,known,NC3
1790,ENSMUST00000029545,ENSMUSP00000029545,train,True,24,mouse,known,NC3
1791,ENSMUST00000029549,ENSMUSP00000029549,train,True,24,mouse,known,NC3
1792,ENSMUST00000029564,ENSMUSP00000029564,train,True,24,mouse,known,NC3
1793,ENSMUST00000029568,ENSMUSP00000029568,train,True,24,mouse,known,NC3
1794,ENSMUST00000029569,ENSMUSP00000029569,train,True,24,mouse,known,NC3
1795,ENSMUST00000029574,ENSMUSP00000029574,train,True,24,mouse,known,NC3
1796,ENSMUST00000029575,ENSMUSP00000029575,train,True,24,mouse,known,NC3
1797,ENSMUST00000029588,ENSMUSP00000029588,train,True,24,mouse,known,NC3
1798,ENSMUST00000029610,ENSMUSP00000029610,train,True,24,mouse,known,NC3
1799,ENSMUST00000029623,ENSMUSP00000029623,train,True,24,mouse,known,NC3
1800,ENSMUST00000029624,ENSMUSP00000029624,test,True,24,mouse,known,NC3
1801,ENSMUST00000029626,ENSMUSP00000029626,train,True,24,mouse,known,NC3
1802,ENSMUST00000029639,ENSMUSP00000029639,train,True,24,mouse,known,NC3
1803,ENSMUST00000029643,ENSMUSP00000029643,train,True,24,mouse,known,NC3
1804,ENSMUST00000029644,ENSMUSP00000029644,test,True,24,mouse,known,NC3
1805,ENSMUST00000029645,ENSMUSP00000029645,val,True,24,mouse,known,NC3
1806,ENSMUST00000029650,ENSMUSP00000029650,train,True,24,mouse,known,NC3
1807,ENSMUST00000029663,ENSMUSP00000029663,test,True,24,mouse,known,NC3
1808,ENSMUST00000029666,ENSMUSP00000029666,val,True,24,mouse,known,NC3
1809,ENSMUST00000029671,ENSMUSP00000029671,train,True,24,mouse,known,NC3
1810,ENSMUST00000029676,ENSMUSP00000029676,train,True,24,mouse,known,NC3
1811,ENSMUST00000029684,ENSMUSP00000029684,train,True,24,mouse,known,NC3
1812,ENSMUST00000029694,ENSMUSP00000029694,train,True,24,mouse,known,NC3
1813,ENSMUST00000029696,ENSMUSP00000029696,train,True,24,mouse,known,NC3
1814,ENSMUST00000029698,ENSMUSP00000029698,test,True,24,mouse,known,NC3
1815,ENSMUST00000029699,ENSMUSP00000029699,train,True,24,mouse,known,NC3
1816,ENSMUST00000029708,ENSMUSP00000029708,val,True,24,mouse,known,NC3
1817,ENSMUST00000029719,ENSMUSP00000029719,train,True,24,mouse,known,NC3
1818,ENSMUST00000029722,ENSMUSP00000029722,train,True,24,mouse,known,NC3
1819,ENSMUST00000029730,ENSMUSP00000029730,train,True,24,mouse,known,NC3
1820,ENSMUST00000029738,ENSMUSP00000029738,val,True,24,mouse,known,NC3
1821,ENSMUST00000029740,ENSMUSP00000029740,test,True,24,mouse,known,NC3
1822,ENSMUST00000029741,ENSMUSP00000029741,train,True,24,mouse,known,NC3
1823,ENSMUST00000029752,ENSMUSP00000029752,val,True,24,mouse,known,NC3
1824,ENSMUST00000029759,ENSMUSP00000029759,train,True,24,mouse,known,NC3
1825,ENSMUST00000029769,ENSMUSP00000029769,test,True,24,mouse,known,NC3
1826,ENSMUST00000029770,ENSMUSP00000029770,val,True,24,mouse,known,NC3
1827,ENSMUST00000029771,ENSMUSP00000029771,test,True,24,mouse,known,NC3
1828,ENSMUST00000029773,ENSMUSP00000029773,train,True,24,mouse,known,NC3
1829,ENSMUST00000029786,ENSMUSP00000029786,train,True,24,mouse,known,NC3
1830,ENSMUST00000029803,ENSMUSP00000029803,train,True,24,mouse,known,NC3
1831,ENSMUST00000029804,ENSMUSP00000029804,train,True,24,mouse,known,NC3
1832,ENSMUST00000029806,ENSMUSP00000029806,train,True,24,mouse,known,NC3
1833,ENSMUST00000029810,ENSMUSP00000029810,train,True,24,mouse,known,NC3
1834,ENSMUST00000029812,ENSMUSP00000029812,test,True,24,mouse,known,NC3
1835,ENSMUST00000029814,ENSMUSP00000029814,train,True,24,mouse,known,NC3
1836,ENSMUST00000029815,ENSMUSP00000029815,val,True,24,mouse,known,NC3
1837,ENSMUST00000029838,ENSMUSP00000029838,test,True,24,mouse,known,NC3
1838,ENSMUST00000029842,ENSMUSP00000029842,val,True,24,mouse,known,NC3
1839,ENSMUST00000029845,ENSMUSP00000029845,train,True,24,mouse,known,NC3
1840,ENSMUST00000029846,ENSMUSP00000029846,val,True,24,mouse,known,NC3
1841,ENSMUST00000029848,ENSMUSP00000029848,val,True,24,mouse,known,NC3
1842,ENSMUST00000029875,ENSMUSP00000029875,train,True,24,mouse,known,NC3
1843,ENSMUST00000029877,ENSMUSP00000029877,train,True,24,mouse,known,NC3
1844,ENSMUST00000029879,ENSMUSP00000029879,train,True,24,mouse,known,NC3
1845,ENSMUST00000029885,ENSMUSP00000029885,test,True,24,mouse,known,NC3
1846,ENSMUST00000029888,ENSMUSP00000029888,train,True,24,mouse,known,NC3
1847,ENSMUST00000029891,ENSMUSP00000029891,train,True,24,mouse,known,NC3
1848,ENSMUST00000029907,ENSMUSP00000029907,train,True,24,mouse,known,NC3
1849,ENSMUST00000029909,ENSMUSP00000029909,train,True,24,mouse,known,NC3
1850,ENSMUST00000029910,ENSMUSP00000029910,test,True,24,mouse,known,NC3
1851,ENSMUST00000029911,ENSMUSP00000029911,train,True,24,mouse,known,NC3
1852,ENSMUST00000029912,ENSMUSP00000029912,train,True,24,mouse,known,NC3
1853,ENSMUST00000029925,ENSMUSP00000029925,train,True,24,mouse,known,NC3
1854,ENSMUST00000029936,ENSMUSP00000029936,train,True,24,mouse,known,NC3
1855,ENSMUST00000029938,ENSMUSP00000029938,train,True,24,mouse,known,NC3
1856,ENSMUST00000029941,ENSMUSP00000029941,train,True,24,mouse,known,NC3
1857,ENSMUST00000029950,ENSMUSP00000029950,train,True,24,mouse,known,NC3
1858,ENSMUST00000029968,ENSMUSP00000029968,val,True,24,mouse,known,NC3
1859,ENSMUST00000029970,ENSMUSP00000029970,train,True,24,mouse,known,NC3
1860,ENSMUST00000029989,ENSMUSP00000029989,train,True,24,mouse,known,NC3
1861,ENSMUST00000029999,ENSMUSP00000029999,train,True,24,mouse,known,NC3
1862,ENSMUST00000030003,ENSMUSP00000030003,train,True,24,mouse,known,NC3
1863,ENSMUST00000030014,ENSMUSP00000030014,val,True,24,mouse,known,NC3
1864,ENSMUST00000030018,ENSMUSP00000030018,train,True,24,mouse,known,NC3
1865,ENSMUST00000030028,ENSMUSP00000030028,test,True,24,mouse,known,NC3
1866,ENSMUST00000030039,ENSMUSP00000030039,train,True,24,mouse,known,NC3
1867,ENSMUST00000030051,ENSMUSP00000030051,train,True,24,mouse,known,NC3
1868,ENSMUST00000030069,ENSMUSP00000030069,train,True,24,mouse,known,NC3
1869,ENSMUST00000030078,ENSMUSP00000030078,train,True,24,mouse,known,NC3
1870,ENSMUST00000030080,ENSMUSP00000030080,train,True,24,mouse,known,NC3
1871,ENSMUST00000030091,ENSMUSP00000030091,train,True,24,mouse,known,NC3
1872,ENSMUST00000030103,ENSMUSP00000030103,train,True,24,mouse,known,NC3
1873,ENSMUST00000030110,ENSMUSP00000030110,val,True,24,mouse,known,NC3
1874,ENSMUST00000030117,ENSMUSP00000030117,train,True,24,mouse,known,NC3
1875,ENSMUST00000030121,ENSMUSP00000030121,train,True,24,mouse,known,NC3
1876,ENSMUST00000030125,ENSMUSP00000030125,train,True,24,mouse,known,NC3
1877,ENSMUST00000030128,ENSMUSP00000030128,train,True,24,mouse,known,NC3
1878,ENSMUST00000030134,ENSMUSP00000030134,train,True,24,mouse,known,NC3
1879,ENSMUST00000030138,ENSMUSP00000030138,train,True,24,mouse,known,NC3
1880,ENSMUST00000030140,ENSMUSP00000030140,train,True,24,mouse,known,NC3
1881,ENSMUST00000030143,ENSMUSP00000030143,train,True,24,mouse,known,NC3
1882,ENSMUST00000030154,ENSMUSP00000030154,train,True,24,mouse,known,NC3
1883,ENSMUST00000030158,ENSMUSP00000030158,train,True,24,mouse,known,NC3
1884,ENSMUST00000030164,ENSMUSP00000030164,train,True,24,mouse,known,NC3
1885,ENSMUST00000030165,ENSMUSP00000030165,train,True,24,mouse,known,NC3
1886,ENSMUST00000030169,ENSMUSP00000030169,train,True,24,mouse,known,NC3
1887,ENSMUST00000030187,ENSMUSP00000030187,train,True,24,mouse,known,NC3
1888,ENSMUST00000030189,ENSMUSP00000030189,train,True,24,mouse,known,NC3
1889,ENSMUST00000030190,ENSMUSP00000030190,train,True,24,mouse,known,NC3
1890,ENSMUST00000030192,ENSMUSP00000030192,test,True,24,mouse,known,NC3
1891,ENSMUST00000030201,ENSMUSP00000030201,train,True,24,mouse,known,NC3
1892,ENSMUST00000030202,ENSMUSP00000030202,train,True,24,mouse,known,NC3
1893,ENSMUST00000030207,ENSMUSP00000030207,train,True,24,mouse,known,NC3
1894,ENSMUST00000030254,ENSMUSP00000030254,train,True,24,mouse,known,NC3
1895,ENSMUST00000030257,ENSMUSP00000030257,train,True,24,mouse,known,NC3
1896,ENSMUST00000030265,ENSMUSP00000030265,test,True,24,mouse,known,NC3
1897,ENSMUST00000030286,ENSMUSP00000030286,train,True,24,mouse,known,NC3
1898,ENSMUST00000030288,ENSMUSP00000030288,train,True,24,mouse,known,NC3
1899,ENSMUST00000030296,ENSMUSP00000030296,train,True,24,mouse,known,NC3
1900,ENSMUST00000030303,ENSMUSP00000030303,train,True,24,mouse,known,NC3
1901,ENSMUST00000030306,ENSMUSP00000030306,train,True,24,mouse,known,NC3
1902,ENSMUST00000030311,ENSMUSP00000030311,train,True,24,mouse,known,NC3
1903,ENSMUST00000030313,ENSMUSP00000030313,val,True,24,mouse,known,NC3
1904,ENSMUST00000030315,ENSMUSP00000030315,train,True,24,mouse,known,NC3
1905,ENSMUST00000030317,ENSMUSP00000030317,val,True,24,mouse,known,NC3
1906,ENSMUST00000030320,ENSMUSP00000030320,train,True,24,mouse,known,NC3
1907,ENSMUST00000030336,ENSMUSP00000030336,train,True,24,mouse,known,NC3
1908,ENSMUST00000030340,ENSMUSP00000030340,train,True,24,mouse,known,NC3
1909,ENSMUST00000030345,ENSMUSP00000030345,val,True,24,mouse,known,NC3
1910,ENSMUST00000030360,ENSMUSP00000030360,test,True,24,mouse,known,NC3
1911,ENSMUST00000030361,ENSMUSP00000030361,train,True,24,mouse,known,NC3
1912,ENSMUST00000030362,ENSMUSP00000030362,train,True,24,mouse,known,NC3
1913,ENSMUST00000030365,ENSMUSP00000030365,train,True,24,mouse,known,NC3
1914,ENSMUST00000030381,ENSMUSP00000030381,train,True,24,mouse,known,NC3
1915,ENSMUST00000030385,ENSMUSP00000030385,val,True,24,mouse,known,NC3
1916,ENSMUST00000030398,ENSMUSP00000030398,train,True,24,mouse,known,NC3
1917,ENSMUST00000030399,ENSMUSP00000030399,train,True,24,mouse,known,NC3
1918,ENSMUST00000030400,ENSMUSP00000030400,train,True,24,mouse,known,NC3
1919,ENSMUST00000030404,ENSMUSP00000030404,train,True,24,mouse,known,NC3
1920,ENSMUST00000030412,ENSMUSP00000030412,train,True,24,mouse,known,NC3
1921,ENSMUST00000030427,ENSMUSP00000030427,train,True,24,mouse,known,NC3
1922,ENSMUST00000030432,ENSMUSP00000030432,train,True,24,mouse,known,NC3
1923,ENSMUST00000030446,ENSMUSP00000030446,train,True,24,mouse,known,NC3
1924,ENSMUST00000030451,ENSMUSP00000030451,train,True,24,mouse,known,NC3
1925,ENSMUST00000030455,ENSMUSP00000030455,train,True,24,mouse,known,NC3
1926,ENSMUST00000030456,ENSMUSP00000030456,train,True,24,mouse,known,NC3
1927,ENSMUST00000030471,ENSMUSP00000030471,train,True,24,mouse,known,NC3
1928,ENSMUST00000030475,ENSMUSP00000030475,train,True,24,mouse,known,NC3
1929,ENSMUST00000030491,ENSMUSP00000030491,test,True,24,mouse,known,NC3
1930,ENSMUST00000030501,ENSMUSP00000030501,train,True,24,mouse,known,NC3
1931,ENSMUST00000030518,ENSMUSP00000030518,val,True,24,mouse,known,NC3
1932,ENSMUST00000030535,ENSMUSP00000030535,train,True,24,mouse,known,NC3
1933,ENSMUST00000030538,ENSMUSP00000030538,train,True,24,mouse,known,NC3
1934,ENSMUST00000030541,ENSMUSP00000030541,train,True,24,mouse,known,NC3
1935,ENSMUST00000030556,ENSMUSP00000030556,train,True,24,mouse,known,NC3
1936,ENSMUST00000030560,ENSMUSP00000030560,train,True,24,mouse,known,NC3
1937,ENSMUST00000030581,ENSMUSP00000030581,train,True,24,mouse,known,NC3
1938,ENSMUST00000030583,ENSMUSP00000030583,train,True,24,mouse,known,NC3
1939,ENSMUST00000030584,ENSMUSP00000030584,val,True,24,mouse,known,NC3
1940,ENSMUST00000030588,ENSMUSP00000030588,train,True,24,mouse,known,NC3
1941,ENSMUST00000030606,ENSMUSP00000030606,val,True,24,mouse,known,NC3
1942,ENSMUST00000030622,ENSMUSP00000030622,train,True,24,mouse,known,NC3
1943,ENSMUST00000030628,ENSMUSP00000030628,train,True,24,mouse,known,NC3
1944,ENSMUST00000030636,nan,train,True,24,mouse,known,NC3
1945,ENSMUST00000030642,ENSMUSP00000030642,train,True,24,mouse,known,NC3
1946,ENSMUST00000030644,ENSMUSP00000030644,train,True,24,mouse,known,NC3
1947,ENSMUST00000030651,ENSMUSP00000030651,train,True,24,mouse,known,NC3
1948,ENSMUST00000030660,ENSMUSP00000030660,train,True,24,mouse,known,NC3
1949,ENSMUST00000030661,ENSMUSP00000030661,train,True,24,mouse,known,NC3
1950,ENSMUST00000030665,ENSMUSP00000030665,test,True,24,mouse,known,NC3
1951,ENSMUST00000030669,ENSMUSP00000030669,train,True,24,mouse,known,NC3
1952,ENSMUST00000030675,ENSMUSP00000030675,train,True,24,mouse,known,NC3
1953,ENSMUST00000030684,ENSMUSP00000030684,train,True,24,mouse,known,NC3
1954,ENSMUST00000030696,ENSMUSP00000030696,val,True,24,mouse,known,NC3
1955,ENSMUST00000030698,ENSMUSP00000030698,train,True,24,mouse,known,NC3
1956,ENSMUST00000030702,ENSMUSP00000030702,train,True,24,mouse,known,NC3
1957,ENSMUST00000030709,ENSMUSP00000030709,train,True,24,mouse,known,NC3
1958,ENSMUST00000030724,ENSMUSP00000030724,train,True,24,mouse,known,NC3
1959,ENSMUST00000030726,ENSMUSP00000030726,train,True,24,mouse,known,NC3
1960,ENSMUST00000030730,ENSMUSP00000030730,train,True,24,mouse,known,NC3
1961,ENSMUST00000030734,ENSMUSP00000030734,train,True,24,mouse,known,NC3
1962,ENSMUST00000030738,ENSMUSP00000030738,val,True,24,mouse,known,NC3
1963,ENSMUST00000030742,ENSMUSP00000030742,train,True,24,mouse,known,NC3
1964,ENSMUST00000030747,ENSMUSP00000030747,train,True,24,mouse,known,NC3
1965,ENSMUST00000030757,ENSMUSP00000030757,train,True,24,mouse,known,NC3
1966,ENSMUST00000030760,ENSMUSP00000030760,train,True,24,mouse,known,NC3
1967,ENSMUST00000030769,ENSMUSP00000030769,train,True,24,mouse,known,NC3
1968,ENSMUST00000030771,ENSMUSP00000030771,val,True,24,mouse,known,NC3
1969,ENSMUST00000030784,ENSMUSP00000030784,test,True,24,mouse,known,NC3
1970,ENSMUST00000030787,ENSMUSP00000030787,train,True,24,mouse,known,NC3
1971,ENSMUST00000030791,ENSMUSP00000030791,test,True,24,mouse,known,NC3
1972,ENSMUST00000030795,ENSMUSP00000030795,train,True,24,mouse,known,NC3
1973,ENSMUST00000030797,ENSMUSP00000030797,test,True,24,mouse,known,NC3
1974,ENSMUST00000030800,ENSMUSP00000030800,val,True,24,mouse,known,NC3
1975,ENSMUST00000030806,ENSMUSP00000030806,val,True,24,mouse,known,NC3
1976,ENSMUST00000030813,ENSMUSP00000030813,test,True,24,mouse,known,NC3
1977,ENSMUST00000030814,ENSMUSP00000030814,train,True,24,mouse,known,NC3
1978,ENSMUST00000030816,ENSMUSP00000030816,train,True,24,mouse,known,NC3
1979,ENSMUST00000030830,ENSMUSP00000030830,test,True,24,mouse,known,NC3
1980,ENSMUST00000030842,ENSMUSP00000030842,test,True,24,mouse,known,NC3
1981,ENSMUST00000030849,ENSMUSP00000030849,train,True,24,mouse,known,NC3
1982,ENSMUST00000030851,ENSMUSP00000030851,test,True,24,mouse,known,NC3
1983,ENSMUST00000030852,ENSMUSP00000030852,train,True,24,mouse,known,NC3
1984,ENSMUST00000030865,ENSMUSP00000030865,val,True,24,mouse,known,NC3
1985,ENSMUST00000030868,ENSMUSP00000030868,train,True,24,mouse,known,NC3
1986,ENSMUST00000030872,ENSMUSP00000030872,train,True,24,mouse,known,NC3
1987,ENSMUST00000030882,ENSMUSP00000030882,val,True,24,mouse,known,NC3
1988,ENSMUST00000030884,ENSMUSP00000030884,val,True,24,mouse,known,NC3
1989,ENSMUST00000030895,ENSMUSP00000030895,train,True,24,mouse,known,NC3
1990,ENSMUST00000030896,ENSMUSP00000030896,train,True,24,mouse,known,NC3
1991,ENSMUST00000030901,ENSMUSP00000030901,train,True,24,mouse,known,NC3
1992,ENSMUST00000030903,ENSMUSP00000030903,train,True,24,mouse,known,NC3
1993,ENSMUST00000030905,ENSMUSP00000030905,train,True,24,mouse,known,NC3
1994,ENSMUST00000030914,ENSMUSP00000030914,train,True,24,mouse,known,NC3
1995,ENSMUST00000030931,ENSMUSP00000030931,train,True,24,mouse,known,NC3
1996,ENSMUST00000030944,ENSMUSP00000030944,train,True,24,mouse,known,NC3
1997,ENSMUST00000030947,ENSMUSP00000030947,train,True,24,mouse,known,NC3
1998,ENSMUST00000030980,ENSMUSP00000030980,train,True,24,mouse,known,NC3
1999,ENSMUST00000030986,ENSMUSP00000030986,train,True,24,mouse,known,NC3
2000,ENSMUST00000030991,ENSMUSP00000030991,train,True,24,mouse,known,NC3
2001,ENSMUST00000030993,ENSMUSP00000030993,train,True,24,mouse,known,NC3
2002,ENSMUST00000031002,ENSMUSP00000031002,train,True,24,mouse,known,NC3
2003,ENSMUST00000031011,ENSMUSP00000031011,train,True,24,mouse,known,NC3
2004,ENSMUST00000031017,ENSMUSP00000031017,train,True,24,mouse,known,NC3
2005,ENSMUST00000031024,ENSMUSP00000031024,train,True,24,mouse,known,NC3
2006,ENSMUST00000031029,ENSMUSP00000031029,train,True,24,mouse,known,NC3
2007,ENSMUST00000031032,ENSMUSP00000031032,train,True,24,mouse,known,NC3
2008,ENSMUST00000031034,ENSMUSP00000031034,train,True,24,mouse,known,NC3
2009,ENSMUST00000031038,ENSMUSP00000031038,train,True,24,mouse,known,NC3
2010,ENSMUST00000031058,ENSMUSP00000031058,test,True,24,mouse,known,NC3
2011,ENSMUST00000031061,ENSMUSP00000031061,test,True,24,mouse,known,NC3
2012,ENSMUST00000031069,ENSMUSP00000031069,train,True,24,mouse,known,NC3
2013,ENSMUST00000031072,ENSMUSP00000031072,val,True,24,mouse,known,NC3
2014,ENSMUST00000031077,ENSMUSP00000031077,train,True,24,mouse,known,NC3
2015,ENSMUST00000031080,ENSMUSP00000031080,train,True,24,mouse,known,NC3
2016,ENSMUST00000031081,ENSMUSP00000031081,val,True,24,mouse,known,NC3
2017,ENSMUST00000031097,ENSMUSP00000031097,train,True,24,mouse,known,NC3
2018,ENSMUST00000031099,ENSMUSP00000031099,train,True,24,mouse,known,NC3
2019,ENSMUST00000031103,ENSMUSP00000031103,train,True,24,mouse,known,NC3
2020,ENSMUST00000031117,ENSMUSP00000031117,train,True,24,mouse,known,NC3
2021,ENSMUST00000031131,ENSMUSP00000031131,test,True,24,mouse,known,NC3
2022,ENSMUST00000031144,ENSMUSP00000031144,train,True,24,mouse,known,NC3
2023,ENSMUST00000031167,ENSMUSP00000031167,train,True,24,mouse,known,NC3
2024,ENSMUST00000031170,ENSMUSP00000031170,train,True,24,mouse,known,NC3
2025,ENSMUST00000031190,ENSMUSP00000031190,train,True,24,mouse,known,NC3
2026,ENSMUST00000031198,ENSMUSP00000031198,val,True,24,mouse,known,NC3
2027,ENSMUST00000031227,ENSMUSP00000031227,train,True,24,mouse,known,NC3
2028,ENSMUST00000031250,ENSMUSP00000031250,train,True,24,mouse,known,NC3
2029,ENSMUST00000031251,ENSMUSP00000031251,val,True,24,mouse,known,NC3
2030,ENSMUST00000031256,ENSMUSP00000031256,train,True,24,mouse,known,NC3
2031,ENSMUST00000031288,ENSMUSP00000031288,train,True,24,mouse,known,NC3
2032,ENSMUST00000031311,ENSMUSP00000031311,test,True,24,mouse,known,NC3
2033,ENSMUST00000031314,ENSMUSP00000031314,train,True,24,mouse,known,NC3
2034,ENSMUST00000031334,ENSMUSP00000031334,train,True,24,mouse,known,NC3
2035,ENSMUST00000031345,ENSMUSP00000031345,train,True,24,mouse,known,NC3
2036,ENSMUST00000031347,ENSMUSP00000031347,train,True,24,mouse,known,NC3
2037,ENSMUST00000031351,ENSMUSP00000031351,val,True,24,mouse,known,NC3
2038,ENSMUST00000031355,ENSMUSP00000031355,train,True,24,mouse,known,NC3
2039,ENSMUST00000031364,ENSMUSP00000031364,train,True,24,mouse,known,NC3
2040,ENSMUST00000031366,ENSMUSP00000031366,train,True,24,mouse,known,NC3
2041,ENSMUST00000031367,ENSMUSP00000031367,train,True,24,mouse,known,NC3
2042,ENSMUST00000031377,ENSMUSP00000031377,test,True,24,mouse,known,NC3
2043,ENSMUST00000031382,ENSMUSP00000031382,train,True,24,mouse,known,NC3
2044,ENSMUST00000031388,ENSMUSP00000031388,val,True,24,mouse,known,NC3
2045,ENSMUST00000031399,ENSMUSP00000031399,val,True,24,mouse,known,NC3
2046,ENSMUST00000031410,ENSMUSP00000031410,train,True,24,mouse,known,NC3
2047,ENSMUST00000031411,ENSMUSP00000031411,train,True,24,mouse,known,NC3
2048,ENSMUST00000031414,ENSMUSP00000031414,train,True,24,mouse,known,NC3
2049,ENSMUST00000031420,ENSMUSP00000031420,train,True,24,mouse,known,NC3
2050,ENSMUST00000031422,ENSMUSP00000031422,train,True,24,mouse,known,NC3
2051,ENSMUST00000031423,ENSMUSP00000031423,val,True,24,mouse,known,NC3
2052,ENSMUST00000031426,ENSMUSP00000031426,train,True,24,mouse,known,NC3
2053,ENSMUST00000031429,ENSMUSP00000031429,train,True,24,mouse,known,NC3
2054,ENSMUST00000031434,ENSMUSP00000031434,train,True,24,mouse,known,NC3
2055,ENSMUST00000031445,ENSMUSP00000031445,train,True,24,mouse,known,NC3
2056,ENSMUST00000031447,ENSMUSP00000031447,train,True,24,mouse,known,NC3
2057,ENSMUST00000031477,ENSMUSP00000031477,train,True,24,mouse,known,NC3
2058,ENSMUST00000031478,ENSMUSP00000031478,train,True,24,mouse,known,NC3
2059,ENSMUST00000031483,ENSMUSP00000031483,train,True,24,mouse,known,NC3
2060,ENSMUST00000031486,ENSMUSP00000031486,test,True,24,mouse,known,NC3
2061,ENSMUST00000031492,ENSMUSP00000031492,train,True,24,mouse,known,NC3
2062,ENSMUST00000031508,ENSMUSP00000031508,train,True,24,mouse,known,NC3
2063,ENSMUST00000031513,ENSMUSP00000031513,train,True,24,mouse,known,NC3
2064,ENSMUST00000031524,ENSMUSP00000031524,val,True,24,mouse,known,NC3
2065,ENSMUST00000031534,ENSMUSP00000031534,train,True,24,mouse,known,NC3
2066,ENSMUST00000031536,ENSMUSP00000031536,train,True,24,mouse,known,NC3
2067,ENSMUST00000031538,ENSMUSP00000031538,train,True,24,mouse,known,NC3
2068,ENSMUST00000031539,ENSMUSP00000031539,test,True,24,mouse,known,NC3
2069,ENSMUST00000031542,ENSMUSP00000031542,train,True,24,mouse,known,NC3
2070,ENSMUST00000031554,ENSMUSP00000031554,train,True,24,mouse,known,NC3
2071,ENSMUST00000031556,ENSMUSP00000031556,train,True,24,mouse,known,NC3
2072,ENSMUST00000031565,ENSMUSP00000031565,train,True,24,mouse,known,NC3
2073,ENSMUST00000031587,ENSMUSP00000031587,val,True,24,mouse,known,NC3
2074,ENSMUST00000031588,ENSMUSP00000031588,test,True,24,mouse,known,NC3
2075,ENSMUST00000031590,ENSMUSP00000031590,train,True,24,mouse,known,NC3
2076,ENSMUST00000031597,ENSMUSP00000031597,train,True,24,mouse,known,NC3
2077,ENSMUST00000031598,ENSMUSP00000031598,train,True,24,mouse,known,NC3
2078,ENSMUST00000031613,ENSMUSP00000031613,train,True,24,mouse,known,NC3
2079,ENSMUST00000031617,ENSMUSP00000031617,train,True,24,mouse,known,NC3
2080,ENSMUST00000031621,ENSMUSP00000031621,val,True,24,mouse,known,NC3
2081,ENSMUST00000031625,ENSMUSP00000031625,train,True,24,mouse,known,NC3
2082,ENSMUST00000031627,ENSMUSP00000031627,test,True,24,mouse,known,NC3
2083,ENSMUST00000031628,ENSMUSP00000031628,train,True,24,mouse,known,NC3
2084,ENSMUST00000031640,ENSMUSP00000031640,train,True,24,mouse,known,NC3
2085,ENSMUST00000031651,ENSMUSP00000031651,train,True,24,mouse,known,NC3
2086,ENSMUST00000031653,ENSMUSP00000031653,train,True,24,mouse,known,NC3
2087,ENSMUST00000031654,ENSMUSP00000031654,train,True,24,mouse,known,NC3
2088,ENSMUST00000031668,ENSMUSP00000031668,train,True,24,mouse,known,NC3
2089,ENSMUST00000031680,ENSMUSP00000031680,train,True,24,mouse,known,NC3
2090,ENSMUST00000031692,ENSMUSP00000031692,train,True,24,mouse,known,NC3
2091,ENSMUST00000031695,ENSMUSP00000031695,val,True,24,mouse,known,NC3
2092,ENSMUST00000031697,ENSMUSP00000031697,train,True,24,mouse,known,NC3
2093,ENSMUST00000031727,ENSMUSP00000031727,train,True,24,mouse,known,NC3
2094,ENSMUST00000031734,ENSMUSP00000031734,train,True,24,mouse,known,NC3
2095,ENSMUST00000031739,ENSMUSP00000031739,train,True,24,mouse,known,NC3
2096,ENSMUST00000031740,ENSMUSP00000031740,train,True,24,mouse,known,NC3
2097,ENSMUST00000031750,ENSMUSP00000031750,train,True,24,mouse,known,NC3
2098,ENSMUST00000031766,ENSMUSP00000031766,train,True,24,mouse,known,NC3
2099,ENSMUST00000031773,ENSMUSP00000031773,train,True,24,mouse,known,NC3
2100,ENSMUST00000031779,ENSMUSP00000031779,train,True,24,mouse,known,NC3
2101,ENSMUST00000031788,ENSMUSP00000031788,val,True,24,mouse,known,NC3
2102,ENSMUST00000031793,ENSMUSP00000031793,test,True,24,mouse,known,NC3
2103,ENSMUST00000031795,ENSMUSP00000031795,train,True,24,mouse,known,NC3
2104,ENSMUST00000031805,ENSMUSP00000031805,train,True,24,mouse,known,NC3
2105,ENSMUST00000031810,ENSMUSP00000031810,train,True,24,mouse,known,NC3
2106,ENSMUST00000031817,ENSMUSP00000031817,train,True,24,mouse,known,NC3
2107,ENSMUST00000031822,ENSMUSP00000031822,train,True,24,mouse,known,NC3
2108,ENSMUST00000031841,ENSMUSP00000031841,train,True,24,mouse,known,NC3
2109,ENSMUST00000031845,ENSMUSP00000031845,train,True,24,mouse,known,NC3
2110,ENSMUST00000031859,ENSMUSP00000031859,train,True,24,mouse,known,NC3
2111,ENSMUST00000031862,ENSMUSP00000031862,train,True,24,mouse,known,NC3
2112,ENSMUST00000031866,ENSMUSP00000031866,test,True,24,mouse,known,NC3
2113,ENSMUST00000031879,ENSMUSP00000031879,train,True,24,mouse,known,NC3
2114,ENSMUST00000031895,ENSMUSP00000031895,train,True,24,mouse,known,NC3
2115,ENSMUST00000031910,ENSMUSP00000031910,val,True,24,mouse,known,NC3
2116,ENSMUST00000031977,ENSMUSP00000031977,test,True,24,mouse,known,NC3
2117,ENSMUST00000031978,ENSMUSP00000031978,train,True,24,mouse,known,NC3
2118,ENSMUST00000031984,ENSMUSP00000031984,train,True,24,mouse,known,NC3
2119,ENSMUST00000032057,ENSMUSP00000032057,test,True,24,mouse,known,NC3
2120,ENSMUST00000032065,ENSMUSP00000032065,test,True,24,mouse,known,NC3
2121,ENSMUST00000032071,ENSMUSP00000032071,val,True,24,mouse,known,NC3
2122,ENSMUST00000032078,ENSMUSP00000032078,train,True,24,mouse,known,NC3
2123,ENSMUST00000032088,ENSMUSP00000032088,train,True,24,mouse,known,NC3
2124,ENSMUST00000032114,ENSMUSP00000032114,train,True,24,mouse,known,NC3
2125,ENSMUST00000032124,ENSMUSP00000032124,train,True,24,mouse,known,NC3
2126,ENSMUST00000032130,ENSMUSP00000032130,val,True,24,mouse,known,NC3
2127,ENSMUST00000032143,ENSMUSP00000032143,train,True,24,mouse,known,NC3
2128,ENSMUST00000032146,ENSMUSP00000032146,train,True,24,mouse,known,NC3
2129,ENSMUST00000032165,ENSMUSP00000032165,train,True,24,mouse,known,NC3
2130,ENSMUST00000032168,ENSMUSP00000032168,train,True,24,mouse,known,NC3
2131,ENSMUST00000032172,ENSMUSP00000032172,val,True,24,mouse,known,NC3
2132,ENSMUST00000032179,ENSMUSP00000032179,train,True,24,mouse,known,NC3
2133,ENSMUST00000032182,ENSMUSP00000032182,train,True,24,mouse,known,NC3
2134,ENSMUST00000032183,ENSMUSP00000032183,test,True,24,mouse,known,NC3
2135,ENSMUST00000032185,ENSMUSP00000032185,test,True,24,mouse,known,NC3
2136,ENSMUST00000032191,ENSMUSP00000032191,train,True,24,mouse,known,NC3
2137,ENSMUST00000032192,ENSMUSP00000032192,train,True,24,mouse,known,NC3
2138,ENSMUST00000032194,ENSMUSP00000032194,train,True,24,mouse,known,NC3
2139,ENSMUST00000032196,ENSMUSP00000032196,train,True,24,mouse,known,NC3
2140,ENSMUST00000032198,ENSMUSP00000032198,train,True,24,mouse,known,NC3
2141,ENSMUST00000032203,ENSMUSP00000032203,train,True,24,mouse,known,NC3
2142,ENSMUST00000032214,ENSMUSP00000032214,train,True,24,mouse,known,NC3
2143,ENSMUST00000032222,ENSMUSP00000032222,val,True,24,mouse,known,NC3
2144,ENSMUST00000032228,ENSMUSP00000032228,train,True,24,mouse,known,NC3
2145,ENSMUST00000032237,ENSMUSP00000032237,train,True,24,mouse,known,NC3
2146,ENSMUST00000032265,ENSMUSP00000032265,train,True,24,mouse,known,NC3
2147,ENSMUST00000032283,ENSMUSP00000032283,val,True,24,mouse,known,NC3
2148,ENSMUST00000032307,ENSMUSP00000032307,test,True,24,mouse,known,NC3
2149,ENSMUST00000032309,ENSMUSP00000032309,train,True,24,mouse,known,NC3
2150,ENSMUST00000032322,ENSMUSP00000032322,train,True,24,mouse,known,NC3
2151,ENSMUST00000032326,ENSMUSP00000032326,train,True,24,mouse,known,NC3
2152,ENSMUST00000032335,ENSMUSP00000032335,val,True,24,mouse,known,NC3
2153,ENSMUST00000032372,ENSMUSP00000032372,val,True,24,mouse,known,NC3
2154,ENSMUST00000032398,ENSMUSP00000032398,val,True,24,mouse,known,NC3
2155,ENSMUST00000032399,ENSMUSP00000032399,val,True,24,mouse,known,NC3
2156,ENSMUST00000032402,ENSMUSP00000032402,train,True,24,mouse,known,NC3
2157,ENSMUST00000032406,ENSMUSP00000032406,test,True,24,mouse,known,NC3
2158,ENSMUST00000032409,ENSMUSP00000032409,val,True,24,mouse,known,NC3
2159,ENSMUST00000032410,ENSMUSP00000032410,train,True,24,mouse,known,NC3
2160,ENSMUST00000032413,ENSMUSP00000032413,train,True,24,mouse,known,NC3
2161,ENSMUST00000032419,ENSMUSP00000032419,train,True,24,mouse,known,NC3
2162,ENSMUST00000032422,ENSMUSP00000032422,train,True,24,mouse,known,NC3
2163,ENSMUST00000032425,ENSMUSP00000032425,train,True,24,mouse,known,NC3
2164,ENSMUST00000032427,ENSMUSP00000032427,test,True,24,mouse,known,NC3
2165,ENSMUST00000032440,ENSMUSP00000032440,train,True,24,mouse,known,NC3
2166,ENSMUST00000032441,ENSMUSP00000032441,train,True,24,mouse,known,NC3
2167,ENSMUST00000032451,ENSMUSP00000032451,train,True,24,mouse,known,NC3
2168,ENSMUST00000032461,ENSMUSP00000032461,train,True,24,mouse,known,NC3
2169,ENSMUST00000032469,ENSMUSP00000032469,train,True,24,mouse,known,NC3
2170,ENSMUST00000032477,ENSMUSP00000032477,train,True,24,mouse,known,NC3
2171,ENSMUST00000032485,ENSMUSP00000032485,train,True,24,mouse,known,NC3
2172,ENSMUST00000032489,ENSMUSP00000032489,train,True,24,mouse,known,NC3
2173,ENSMUST00000032491,ENSMUSP00000032491,train,True,24,mouse,known,NC3
2174,ENSMUST00000032492,ENSMUSP00000032492,train,True,24,mouse,known,NC3
2175,ENSMUST00000032497,ENSMUSP00000032497,train,True,24,mouse,known,NC3
2176,ENSMUST00000032508,ENSMUSP00000032508,test,True,24,mouse,known,NC3
2177,ENSMUST00000032555,ENSMUSP00000032555,train,True,24,mouse,known,NC3
2178,ENSMUST00000032560,ENSMUSP00000032560,train,True,24,mouse,known,NC3
2179,ENSMUST00000032561,ENSMUSP00000032561,test,True,24,mouse,known,NC3
2180,ENSMUST00000032566,ENSMUSP00000032566,train,True,24,mouse,known,NC3
2181,ENSMUST00000032571,ENSMUSP00000032571,test,True,24,mouse,known,NC3
2182,ENSMUST00000032585,ENSMUSP00000032585,test,True,24,mouse,known,NC3
2183,ENSMUST00000032591,ENSMUSP00000032591,train,True,24,mouse,known,NC3
2184,ENSMUST00000032598,ENSMUSP00000032598,test,True,24,mouse,known,NC3
2185,ENSMUST00000032627,ENSMUSP00000032627,train,True,24,mouse,known,NC3
2186,ENSMUST00000032629,ENSMUSP00000032629,train,True,24,mouse,known,NC3
2187,ENSMUST00000032705,ENSMUSP00000032705,train,True,24,mouse,known,NC3
2188,ENSMUST00000032715,ENSMUSP00000032715,train,True,24,mouse,known,NC3
2189,ENSMUST00000032728,ENSMUSP00000032728,val,True,24,mouse,known,NC3
2190,ENSMUST00000032729,ENSMUSP00000032729,train,True,24,mouse,known,NC3
2191,ENSMUST00000032735,ENSMUSP00000032735,train,True,24,mouse,known,NC3
2192,ENSMUST00000032736,ENSMUSP00000032736,train,True,24,mouse,known,NC3
2193,ENSMUST00000032749,ENSMUSP00000032749,train,True,24,mouse,known,NC3
2194,ENSMUST00000032808,ENSMUSP00000032808,train,True,24,mouse,known,NC3
2195,ENSMUST00000032809,ENSMUSP00000032809,train,True,24,mouse,known,NC3
2196,ENSMUST00000032824,ENSMUSP00000032824,train,True,24,mouse,known,NC3
2197,ENSMUST00000032825,ENSMUSP00000032825,test,True,24,mouse,known,NC3
2198,ENSMUST00000032840,ENSMUSP00000032840,train,True,24,mouse,known,NC3
2199,ENSMUST00000032841,ENSMUSP00000032841,test,True,24,mouse,known,NC3
2200,ENSMUST00000032842,ENSMUSP00000032842,train,True,24,mouse,known,NC3
2201,ENSMUST00000032843,ENSMUSP00000032843,test,True,24,mouse,known,NC3
2202,ENSMUST00000032844,ENSMUSP00000032844,test,True,24,mouse,known,NC3
2203,ENSMUST00000032865,ENSMUSP00000032865,test,True,24,mouse,known,NC3
2204,ENSMUST00000032882,ENSMUSP00000032882,train,True,24,mouse,known,NC3
2205,ENSMUST00000032888,ENSMUSP00000032888,val,True,24,mouse,known,NC3
2206,ENSMUST00000032891,ENSMUSP00000032891,train,True,24,mouse,known,NC3
2207,ENSMUST00000032895,ENSMUSP00000032895,train,True,24,mouse,known,NC3
2208,ENSMUST00000032898,ENSMUSP00000032898,train,True,24,mouse,known,NC3
2209,ENSMUST00000032899,ENSMUSP00000032899,train,True,24,mouse,known,NC3
2210,ENSMUST00000032910,ENSMUSP00000032910,train,True,24,mouse,known,NC3
2211,ENSMUST00000032915,ENSMUSP00000032915,train,True,24,mouse,known,NC3
2212,ENSMUST00000032934,ENSMUSP00000032934,train,True,24,mouse,known,NC3
2213,ENSMUST00000032946,ENSMUSP00000032946,train,True,24,mouse,known,NC3
2214,ENSMUST00000032956,ENSMUSP00000032956,test,True,24,mouse,known,NC3
2215,ENSMUST00000032963,ENSMUSP00000032963,val,True,24,mouse,known,NC3
2216,ENSMUST00000032969,ENSMUSP00000032969,test,True,24,mouse,known,NC3
2217,ENSMUST00000032992,ENSMUSP00000032992,val,True,24,mouse,known,NC3
2218,ENSMUST00000032995,ENSMUSP00000032995,train,True,24,mouse,known,NC3
2219,ENSMUST00000032998,ENSMUSP00000032998,train,True,24,mouse,known,NC3
2220,ENSMUST00000033006,ENSMUSP00000033006,val,True,24,mouse,known,NC3
2221,ENSMUST00000033008,ENSMUSP00000033008,train,True,24,mouse,known,NC3
2222,ENSMUST00000033009,ENSMUSP00000033009,train,True,24,mouse,known,NC3
2223,ENSMUST00000033012,ENSMUSP00000033012,train,True,24,mouse,known,NC3
2224,ENSMUST00000033018,ENSMUSP00000033018,train,True,24,mouse,known,NC3
2225,ENSMUST00000033025,ENSMUSP00000033025,val,True,24,mouse,known,NC3
2226,ENSMUST00000033030,ENSMUSP00000033030,train,True,24,mouse,known,NC3
2227,ENSMUST00000033040,ENSMUSP00000033040,train,True,24,mouse,known,NC3
2228,ENSMUST00000033044,ENSMUSP00000033044,train,True,24,mouse,known,NC3
2229,ENSMUST00000033070,ENSMUSP00000033070,train,True,24,mouse,known,NC3
2230,ENSMUST00000033074,ENSMUSP00000033074,train,True,24,mouse,known,NC3
2231,ENSMUST00000033081,ENSMUSP00000033081,train,True,24,mouse,known,NC3
2232,ENSMUST00000033086,ENSMUSP00000033086,train,True,24,mouse,known,NC3
2233,ENSMUST00000033093,ENSMUSP00000033093,train,True,24,mouse,known,NC3
2234,ENSMUST00000033098,ENSMUSP00000033098,train,True,24,mouse,known,NC3
2235,ENSMUST00000033121,ENSMUSP00000033121,train,True,24,mouse,known,NC3
2236,ENSMUST00000033123,ENSMUSP00000033123,test,True,24,mouse,known,NC3
2237,ENSMUST00000033127,ENSMUSP00000033127,train,True,24,mouse,known,NC3
2238,ENSMUST00000033131,ENSMUSP00000033131,train,True,24,mouse,known,NC3
2239,ENSMUST00000033133,ENSMUSP00000033133,train,True,24,mouse,known,NC3
2240,ENSMUST00000033136,ENSMUSP00000033136,train,True,24,mouse,known,NC3
2241,ENSMUST00000033154,ENSMUSP00000033154,train,True,24,mouse,known,NC3
2242,ENSMUST00000033156,ENSMUSP00000033156,train,True,24,mouse,known,NC3
2243,ENSMUST00000033157,nan,train,True,24,mouse,known,NC3
2244,ENSMUST00000033158,ENSMUSP00000033158,train,True,24,mouse,known,NC3
2245,ENSMUST00000033159,ENSMUSP00000033159,train,True,24,mouse,known,NC3
2246,ENSMUST00000033163,ENSMUSP00000033163,train,True,24,mouse,known,NC3
2247,ENSMUST00000033176,ENSMUSP00000033176,train,True,24,mouse,known,NC3
2248,ENSMUST00000033180,ENSMUSP00000033180,train,True,24,mouse,known,NC3
2249,ENSMUST00000033184,ENSMUSP00000033184,train,True,24,mouse,known,NC3
2250,ENSMUST00000033236,ENSMUSP00000033236,train,True,24,mouse,known,NC3
2251,ENSMUST00000033241,ENSMUSP00000033241,train,True,24,mouse,known,NC3
2252,ENSMUST00000033257,ENSMUSP00000033257,train,True,24,mouse,known,NC3
2253,ENSMUST00000033282,ENSMUSP00000033282,train,True,24,mouse,known,NC3
2254,ENSMUST00000033283,ENSMUSP00000033283,train,True,24,mouse,known,NC3
2255,ENSMUST00000033310,ENSMUSP00000033310,train,True,24,mouse,known,NC3
2256,ENSMUST00000033313,ENSMUSP00000033313,val,True,24,mouse,known,NC3
2257,ENSMUST00000033325,ENSMUSP00000033325,test,True,24,mouse,known,NC3
2258,ENSMUST00000033326,ENSMUSP00000033326,train,True,24,mouse,known,NC3
2259,ENSMUST00000033333,ENSMUSP00000033333,train,True,24,mouse,known,NC3
2260,ENSMUST00000033342,ENSMUSP00000033342,train,True,24,mouse,known,NC3
2261,ENSMUST00000033380,ENSMUSP00000033380,train,True,24,mouse,known,NC3
2262,ENSMUST00000033394,ENSMUSP00000033394,val,True,24,mouse,known,NC3
2263,ENSMUST00000033419,ENSMUSP00000033419,train,True,24,mouse,known,NC3
2264,ENSMUST00000033429,ENSMUSP00000033429,test,True,24,mouse,known,NC3
2265,ENSMUST00000033433,ENSMUSP00000033433,train,True,24,mouse,known,NC3
2266,ENSMUST00000033444,ENSMUSP00000033444,train,True,24,mouse,known,NC3
2267,ENSMUST00000033450,ENSMUSP00000033450,train,True,24,mouse,known,NC3
2268,ENSMUST00000033477,ENSMUSP00000033477,train,True,24,mouse,known,NC3
2269,ENSMUST00000033483,ENSMUSP00000033483,train,True,24,mouse,known,NC3
2270,ENSMUST00000033489,ENSMUSP00000033489,val,True,24,mouse,known,NC3
2271,ENSMUST00000033497,ENSMUSP00000033497,train,True,24,mouse,known,NC3
2272,ENSMUST00000033498,ENSMUSP00000033498,train,True,24,mouse,known,NC3
2273,ENSMUST00000033509,ENSMUSP00000033509,val,True,24,mouse,known,NC3
2274,ENSMUST00000033513,ENSMUSP00000033513,train,True,24,mouse,known,NC3
2275,ENSMUST00000033539,ENSMUSP00000033539,train,True,24,mouse,known,NC3
2276,ENSMUST00000033540,ENSMUSP00000033540,train,True,24,mouse,known,NC3
2277,ENSMUST00000033541,ENSMUSP00000033541,train,True,24,mouse,known,NC3
2278,ENSMUST00000033544,ENSMUSP00000033544,train,True,24,mouse,known,NC3
2279,ENSMUST00000033570,ENSMUSP00000033570,train,True,24,mouse,known,NC3
2280,ENSMUST00000033575,ENSMUSP00000033575,train,True,24,mouse,known,NC3
2281,ENSMUST00000033577,ENSMUSP00000033577,test,True,24,mouse,known,NC3
2282,ENSMUST00000033582,ENSMUSP00000033582,train,True,24,mouse,known,NC3
2283,ENSMUST00000033597,ENSMUSP00000033597,train,True,24,mouse,known,NC3
2284,ENSMUST00000033598,ENSMUSP00000033598,train,True,24,mouse,known,NC3
2285,ENSMUST00000033608,ENSMUSP00000033608,train,True,24,mouse,known,NC3
2286,ENSMUST00000033609,ENSMUSP00000033609,train,True,24,mouse,known,NC3
2287,ENSMUST00000033634,ENSMUSP00000033634,train,True,24,mouse,known,NC3
2288,ENSMUST00000033640,ENSMUSP00000033640,train,True,24,mouse,known,NC3
2289,ENSMUST00000033643,ENSMUSP00000033643,train,True,24,mouse,known,NC3
2290,ENSMUST00000033662,ENSMUSP00000033662,train,True,24,mouse,known,NC3
2291,ENSMUST00000033671,ENSMUSP00000033671,train,True,24,mouse,known,NC3
2292,ENSMUST00000033673,ENSMUSP00000033673,test,True,24,mouse,known,NC3
2293,ENSMUST00000033683,ENSMUSP00000033683,train,True,24,mouse,known,NC3
2294,ENSMUST00000033695,ENSMUSP00000033695,train,True,24,mouse,known,NC3
2295,ENSMUST00000033699,ENSMUSP00000033699,train,True,24,mouse,known,NC3
2296,ENSMUST00000033715,ENSMUSP00000033715,test,True,24,mouse,known,NC3
2297,ENSMUST00000033720,ENSMUSP00000033720,train,True,24,mouse,known,NC3
2298,ENSMUST00000033723,ENSMUSP00000033723,train,True,24,mouse,known,NC3
2299,ENSMUST00000033725,ENSMUSP00000033725,train,True,24,mouse,known,NC3
2300,ENSMUST00000033727,ENSMUSP00000033727,train,True,24,mouse,known,NC3
2301,ENSMUST00000033737,ENSMUSP00000033737,train,True,24,mouse,known,NC3
2302,ENSMUST00000033739,ENSMUSP00000033739,train,True,24,mouse,known,NC3
2303,ENSMUST00000033741,ENSMUSP00000033741,train,True,24,mouse,known,NC3
2304,ENSMUST00000033761,ENSMUSP00000033761,val,True,24,mouse,known,NC3
2305,ENSMUST00000033763,ENSMUSP00000033763,train,True,24,mouse,known,NC3
2306,ENSMUST00000033770,ENSMUSP00000033770,train,True,24,mouse,known,NC3
2307,ENSMUST00000033775,ENSMUSP00000033775,train,True,24,mouse,known,NC3
2308,ENSMUST00000033776,ENSMUSP00000033776,val,True,24,mouse,known,NC3
2309,ENSMUST00000033805,ENSMUSP00000033805,train,True,24,mouse,known,NC3
2310,ENSMUST00000033809,ENSMUSP00000033809,train,True,24,mouse,known,NC3
2311,ENSMUST00000033824,ENSMUSP00000033824,train,True,24,mouse,known,NC3
2312,ENSMUST00000033826,ENSMUSP00000033826,train,True,24,mouse,known,NC3
2313,ENSMUST00000033839,ENSMUSP00000033839,train,True,24,mouse,known,NC3
2314,ENSMUST00000033866,ENSMUSP00000033866,train,True,24,mouse,known,NC3
2315,ENSMUST00000033871,ENSMUSP00000033871,test,True,24,mouse,known,NC3
2316,ENSMUST00000033873,ENSMUSP00000033873,train,True,24,mouse,known,NC3
2317,ENSMUST00000033876,ENSMUSP00000033876,train,True,24,mouse,known,NC3
2318,ENSMUST00000033880,ENSMUSP00000033880,val,True,24,mouse,known,NC3
2319,ENSMUST00000033898,ENSMUSP00000033898,train,True,24,mouse,known,NC3
2320,ENSMUST00000033899,ENSMUSP00000033899,train,True,24,mouse,known,NC3
2321,ENSMUST00000033901,ENSMUSP00000033901,train,True,24,mouse,known,NC3
2322,ENSMUST00000033905,ENSMUSP00000033905,val,True,24,mouse,known,NC3
2323,ENSMUST00000033909,ENSMUSP00000033909,train,True,24,mouse,known,NC3
2324,ENSMUST00000033913,ENSMUSP00000033913,train,True,24,mouse,known,NC3
2325,ENSMUST00000033915,ENSMUSP00000033915,train,True,24,mouse,known,NC3
2326,ENSMUST00000033920,ENSMUSP00000033920,train,True,24,mouse,known,NC3
2327,ENSMUST00000033927,ENSMUSP00000033927,train,True,24,mouse,known,NC3
2328,ENSMUST00000033929,ENSMUSP00000033929,test,True,24,mouse,known,NC3
2329,ENSMUST00000033930,ENSMUSP00000033930,train,True,24,mouse,known,NC3
2330,ENSMUST00000033934,ENSMUSP00000033934,val,True,24,mouse,known,NC3
2331,ENSMUST00000033938,ENSMUSP00000033938,test,True,24,mouse,known,NC3
2332,ENSMUST00000033939,ENSMUSP00000033939,test,True,24,mouse,known,NC3
2333,ENSMUST00000033941,ENSMUSP00000033941,train,True,24,mouse,known,NC3
2334,ENSMUST00000033950,ENSMUSP00000033950,train,True,24,mouse,known,NC3
2335,ENSMUST00000033961,ENSMUSP00000033961,val,True,24,mouse,known,NC3
2336,ENSMUST00000033965,ENSMUSP00000033965,train,True,24,mouse,known,NC3
2337,ENSMUST00000033966,ENSMUSP00000033966,train,True,24,mouse,known,NC3
2338,ENSMUST00000033973,ENSMUSP00000033973,train,True,24,mouse,known,NC3
2339,ENSMUST00000033975,ENSMUSP00000033975,test,True,24,mouse,known,NC3
2340,ENSMUST00000033983,ENSMUSP00000033983,val,True,24,mouse,known,NC3
2341,ENSMUST00000033990,ENSMUSP00000033990,train,True,24,mouse,known,NC3
2342,ENSMUST00000033992,ENSMUSP00000033992,train,True,24,mouse,known,NC3
2343,ENSMUST00000033995,ENSMUSP00000033995,train,True,24,mouse,known,NC3
2344,ENSMUST00000033999,ENSMUSP00000033999,train,True,24,mouse,known,NC3
2345,ENSMUST00000034000,ENSMUSP00000034000,train,True,24,mouse,known,NC3
2346,ENSMUST00000034015,ENSMUSP00000034015,val,True,24,mouse,known,NC3
2347,ENSMUST00000034021,ENSMUSP00000034021,train,True,24,mouse,known,NC3
2348,ENSMUST00000034022,ENSMUSP00000034022,train,True,24,mouse,known,NC3
2349,ENSMUST00000034045,ENSMUSP00000034045,train,True,24,mouse,known,NC3
2350,ENSMUST00000034046,ENSMUSP00000034046,train,True,24,mouse,known,NC3
2351,ENSMUST00000034049,ENSMUSP00000034049,val,True,24,mouse,known,NC3
2352,ENSMUST00000034051,ENSMUSP00000034051,train,True,24,mouse,known,NC3
2353,ENSMUST00000034058,ENSMUSP00000034058,train,True,24,mouse,known,NC3
2354,ENSMUST00000034060,ENSMUSP00000034060,train,True,24,mouse,known,NC3
2355,ENSMUST00000034074,ENSMUSP00000034074,train,True,24,mouse,known,NC3
2356,ENSMUST00000034079,ENSMUSP00000034079,val,True,24,mouse,known,NC3
2357,ENSMUST00000034093,ENSMUSP00000034093,train,True,24,mouse,known,NC3
2358,ENSMUST00000034094,ENSMUSP00000034094,train,True,24,mouse,known,NC3
2359,ENSMUST00000034096,ENSMUSP00000034096,val,True,24,mouse,known,NC3
2360,ENSMUST00000034097,ENSMUSP00000034097,val,True,24,mouse,known,NC3
2361,ENSMUST00000034121,ENSMUSP00000034121,train,True,24,mouse,known,NC3
2362,ENSMUST00000034131,ENSMUSP00000034131,train,True,24,mouse,known,NC3
2363,ENSMUST00000034132,ENSMUSP00000034132,train,True,24,mouse,known,NC3
2364,ENSMUST00000034136,ENSMUSP00000034136,train,True,24,mouse,known,NC3
2365,ENSMUST00000034138,ENSMUSP00000034138,val,True,24,mouse,known,NC3
2366,ENSMUST00000034140,ENSMUSP00000034140,test,True,24,mouse,known,NC3
2367,ENSMUST00000034141,ENSMUSP00000034141,train,True,24,mouse,known,NC3
2368,ENSMUST00000034147,ENSMUSP00000034147,test,True,24,mouse,known,NC3
2369,ENSMUST00000034159,ENSMUSP00000034159,train,True,24,mouse,known,NC3
2370,ENSMUST00000034162,ENSMUSP00000034162,test,True,24,mouse,known,NC3
2371,ENSMUST00000034164,ENSMUSP00000034164,test,True,24,mouse,known,NC3
2372,ENSMUST00000034187,ENSMUSP00000034187,train,True,24,mouse,known,NC3
2373,ENSMUST00000034190,ENSMUSP00000034190,train,True,24,mouse,known,NC3
2374,ENSMUST00000034197,ENSMUSP00000034197,val,True,24,mouse,known,NC3
2375,ENSMUST00000034203,ENSMUSP00000034203,train,True,24,mouse,known,NC3
2376,ENSMUST00000034204,ENSMUSP00000034204,train,True,24,mouse,known,NC3
2377,ENSMUST00000034206,ENSMUSP00000034206,train,True,24,mouse,known,NC3
2378,ENSMUST00000034214,ENSMUSP00000034214,train,True,24,mouse,known,NC3
2379,ENSMUST00000034215,ENSMUSP00000034215,train,True,24,mouse,known,NC3
2380,ENSMUST00000034226,ENSMUSP00000034226,train,True,24,mouse,known,NC3
2381,ENSMUST00000034228,ENSMUSP00000034228,train,True,24,mouse,known,NC3
2382,ENSMUST00000034234,ENSMUSP00000034234,train,True,24,mouse,known,NC3
2383,ENSMUST00000034239,ENSMUSP00000034239,train,True,24,mouse,known,NC3
2384,ENSMUST00000034240,ENSMUSP00000034240,test,True,24,mouse,known,NC3
2385,ENSMUST00000034245,ENSMUSP00000034245,train,True,24,mouse,known,NC3
2386,ENSMUST00000034249,ENSMUSP00000034249,val,True,24,mouse,known,NC3
2387,ENSMUST00000034264,ENSMUSP00000034264,train,True,24,mouse,known,NC3
2388,ENSMUST00000034270,ENSMUSP00000034270,train,True,24,mouse,known,NC3
2389,ENSMUST00000034272,ENSMUSP00000034272,val,True,24,mouse,known,NC3
2390,ENSMUST00000034277,ENSMUSP00000034277,train,True,24,mouse,known,NC3
2391,ENSMUST00000034278,ENSMUSP00000034278,train,True,24,mouse,known,NC3
2392,ENSMUST00000034279,ENSMUSP00000034279,train,True,24,mouse,known,NC3
2393,ENSMUST00000034280,ENSMUSP00000034280,val,True,24,mouse,known,NC3
2394,ENSMUST00000034281,ENSMUSP00000034281,train,True,24,mouse,known,NC3
2395,ENSMUST00000034285,ENSMUSP00000034285,train,True,24,mouse,known,NC3
2396,ENSMUST00000034296,ENSMUSP00000034296,train,True,24,mouse,known,NC3
2397,ENSMUST00000034303,ENSMUSP00000034303,train,True,24,mouse,known,NC3
2398,ENSMUST00000034311,ENSMUSP00000034311,train,True,24,mouse,known,NC3
2399,ENSMUST00000034313,ENSMUSP00000034313,train,True,24,mouse,known,NC3
2400,ENSMUST00000034326,ENSMUSP00000034326,train,True,24,mouse,known,NC3
2401,ENSMUST00000034328,ENSMUSP00000034328,train,True,24,mouse,known,NC3
2402,ENSMUST00000034349,ENSMUSP00000034349,train,True,24,mouse,known,NC3
2403,ENSMUST00000034351,ENSMUSP00000034351,train,True,24,mouse,known,NC3
2404,ENSMUST00000034359,ENSMUSP00000034359,train,True,24,mouse,known,NC3
2405,ENSMUST00000034369,ENSMUSP00000034369,train,True,24,mouse,known,NC3
2406,ENSMUST00000034370,ENSMUSP00000034370,val,True,24,mouse,known,NC3
2407,ENSMUST00000034375,ENSMUSP00000034375,train,True,24,mouse,known,NC3
2408,ENSMUST00000034377,ENSMUSP00000034377,val,True,24,mouse,known,NC3
2409,ENSMUST00000034378,ENSMUSP00000034378,train,True,24,mouse,known,NC3
2410,ENSMUST00000034388,ENSMUSP00000034388,train,True,24,mouse,known,NC3
2411,ENSMUST00000034391,ENSMUSP00000034391,train,True,24,mouse,known,NC3
2412,ENSMUST00000034392,ENSMUSP00000034392,train,True,24,mouse,known,NC3
2413,ENSMUST00000034396,ENSMUSP00000034396,train,True,24,mouse,known,NC3
2414,ENSMUST00000034398,ENSMUSP00000034398,train,True,24,mouse,known,NC3
2415,ENSMUST00000034400,ENSMUSP00000034400,test,True,24,mouse,known,NC3
2416,ENSMUST00000034405,ENSMUSP00000034405,train,True,24,mouse,known,NC3
2417,ENSMUST00000034411,ENSMUSP00000034411,train,True,24,mouse,known,NC3
2418,ENSMUST00000034427,ENSMUSP00000034427,train,True,24,mouse,known,NC3
2419,ENSMUST00000034428,nan,train,True,24,mouse,known,NC3
2420,ENSMUST00000034432,ENSMUSP00000034432,train,True,24,mouse,known,NC3
2421,ENSMUST00000034437,ENSMUSP00000034437,train,True,24,mouse,known,NC3
2422,ENSMUST00000034441,ENSMUSP00000034441,train,True,24,mouse,known,NC3
2423,ENSMUST00000034443,ENSMUSP00000034443,train,True,24,mouse,known,NC3
2424,ENSMUST00000034457,ENSMUSP00000034457,train,True,24,mouse,known,NC3
2425,ENSMUST00000034458,ENSMUSP00000034458,test,True,24,mouse,known,NC3
2426,ENSMUST00000034460,ENSMUSP00000034460,train,True,24,mouse,known,NC3
2427,ENSMUST00000034463,ENSMUSP00000034463,val,True,24,mouse,known,NC3
2428,ENSMUST00000034464,ENSMUSP00000034464,train,True,24,mouse,known,NC3
2429,ENSMUST00000034465,ENSMUSP00000034465,train,True,24,mouse,known,NC3
2430,ENSMUST00000034466,ENSMUSP00000034466,train,True,24,mouse,known,NC3
2431,ENSMUST00000034469,ENSMUSP00000034469,test,True,24,mouse,known,NC3
2432,ENSMUST00000034470,ENSMUSP00000034470,train,True,24,mouse,known,NC3
2433,ENSMUST00000034472,ENSMUSP00000034472,train,True,24,mouse,known,NC3
2434,ENSMUST00000034488,ENSMUSP00000034488,train,True,24,mouse,known,NC3
2435,ENSMUST00000034521,ENSMUSP00000034521,test,True,24,mouse,known,NC3
2436,ENSMUST00000034524,ENSMUSP00000034524,train,True,24,mouse,known,NC3
2437,ENSMUST00000034529,ENSMUSP00000034529,train,True,24,mouse,known,NC3
2438,ENSMUST00000034537,ENSMUSP00000034537,train,True,24,mouse,known,NC3
2439,ENSMUST00000034539,ENSMUSP00000034539,train,True,24,mouse,known,NC3
2440,ENSMUST00000034541,ENSMUSP00000034541,train,True,24,mouse,known,NC3
2441,ENSMUST00000034543,ENSMUSP00000034543,train,True,24,mouse,known,NC3
2442,ENSMUST00000034547,ENSMUSP00000034547,train,True,24,mouse,known,NC3
2443,ENSMUST00000034552,ENSMUSP00000034552,train,True,24,mouse,known,NC3
2444,ENSMUST00000034561,ENSMUSP00000034561,train,True,24,mouse,known,NC3
2445,ENSMUST00000034562,ENSMUSP00000034562,val,True,24,mouse,known,NC3
2446,ENSMUST00000034567,ENSMUSP00000034567,train,True,24,mouse,known,NC3
2447,ENSMUST00000034570,nan,train,True,24,mouse,known,NC3
2448,ENSMUST00000034588,ENSMUSP00000034588,val,True,24,mouse,known,NC3
2449,ENSMUST00000034590,ENSMUSP00000034590,test,True,24,mouse,known,NC3
2450,ENSMUST00000034591,ENSMUSP00000034591,train,True,24,mouse,known,NC3
2451,ENSMUST00000034597,ENSMUSP00000034597,train,True,24,mouse,known,NC3
2452,ENSMUST00000034600,ENSMUSP00000034600,train,True,24,mouse,known,NC3
2453,ENSMUST00000034607,ENSMUSP00000034607,train,True,24,mouse,known,NC3
2454,ENSMUST00000034615,ENSMUSP00000034615,train,True,24,mouse,known,NC3
2455,ENSMUST00000034621,ENSMUSP00000034621,val,True,24,mouse,known,NC3
2456,ENSMUST00000034623,ENSMUSP00000034623,test,True,24,mouse,known,NC3
2457,ENSMUST00000034644,ENSMUSP00000034644,train,True,24,mouse,known,NC3
2458,ENSMUST00000034650,ENSMUSP00000034650,train,True,24,mouse,known,NC3
2459,ENSMUST00000034689,ENSMUSP00000034689,train,True,24,mouse,known,NC3
2460,ENSMUST00000034697,ENSMUSP00000034697,train,True,24,mouse,known,NC3
2461,ENSMUST00000034698,ENSMUSP00000034698,test,True,24,mouse,known,NC3
2462,ENSMUST00000034713,ENSMUSP00000034713,train,True,24,mouse,known,NC3
2463,ENSMUST00000034717,ENSMUSP00000034717,train,True,24,mouse,known,NC3
2464,ENSMUST00000034720,ENSMUSP00000034720,train,True,24,mouse,known,NC3
2465,ENSMUST00000034740,ENSMUSP00000034740,train,True,24,mouse,known,NC3
2466,ENSMUST00000034742,ENSMUSP00000034742,train,True,24,mouse,known,NC3
2467,ENSMUST00000034745,ENSMUSP00000034745,test,True,24,mouse,known,NC3
2468,ENSMUST00000034756,ENSMUSP00000034756,train,True,24,mouse,known,NC3
2469,ENSMUST00000034761,ENSMUSP00000034761,train,True,24,mouse,known,NC3
2470,ENSMUST00000034763,ENSMUSP00000034763,val,True,24,mouse,known,NC3
2471,ENSMUST00000034775,ENSMUSP00000034775,train,True,24,mouse,known,NC3
2472,ENSMUST00000034776,ENSMUSP00000034776,train,True,24,mouse,known,NC3
2473,ENSMUST00000034787,ENSMUSP00000034787,train,True,24,mouse,known,NC3
2474,ENSMUST00000034803,ENSMUSP00000034803,train,True,24,mouse,known,NC3
2475,ENSMUST00000034815,ENSMUSP00000034815,train,True,24,mouse,known,NC3
2476,ENSMUST00000034827,ENSMUSP00000034827,train,True,24,mouse,known,NC3
2477,ENSMUST00000034832,ENSMUSP00000034832,test,True,24,mouse,known,NC3
2478,ENSMUST00000034834,ENSMUSP00000034834,train,True,24,mouse,known,NC3
2479,ENSMUST00000034843,ENSMUSP00000034843,train,True,24,mouse,known,NC3
2480,ENSMUST00000034848,ENSMUSP00000034848,train,True,24,mouse,known,NC3
2481,ENSMUST00000034856,ENSMUSP00000034856,train,True,24,mouse,known,NC3
2482,ENSMUST00000034859,ENSMUSP00000034859,test,True,24,mouse,known,NC3
2483,ENSMUST00000034866,ENSMUSP00000034866,val,True,24,mouse,known,NC3
2484,ENSMUST00000034876,ENSMUSP00000034876,train,True,24,mouse,known,NC3
2485,ENSMUST00000034878,ENSMUSP00000034878,val,True,24,mouse,known,NC3
2486,ENSMUST00000034881,ENSMUSP00000034881,train,True,24,mouse,known,NC3
2487,ENSMUST00000034896,ENSMUSP00000034896,train,True,24,mouse,known,NC3
2488,ENSMUST00000034903,ENSMUSP00000034903,test,True,24,mouse,known,NC3
2489,ENSMUST00000034904,ENSMUSP00000034904,train,True,24,mouse,known,NC3
2490,ENSMUST00000034905,ENSMUSP00000034905,train,True,24,mouse,known,NC3
2491,ENSMUST00000034913,ENSMUSP00000034913,train,True,24,mouse,known,NC3
2492,ENSMUST00000034929,ENSMUSP00000034929,train,True,24,mouse,known,NC3
2493,ENSMUST00000034945,ENSMUSP00000034945,train,True,24,mouse,known,NC3
2494,ENSMUST00000034946,ENSMUSP00000034946,val,True,24,mouse,known,NC3
2495,ENSMUST00000034947,ENSMUSP00000034947,train,True,24,mouse,known,NC3
2496,ENSMUST00000034955,ENSMUSP00000034955,train,True,24,mouse,known,NC3
2497,ENSMUST00000034960,ENSMUSP00000034960,train,True,24,mouse,known,NC3
2498,ENSMUST00000034966,ENSMUSP00000034966,train,True,24,mouse,known,NC3
2499,ENSMUST00000034973,ENSMUSP00000034973,train,True,24,mouse,known,NC3
2500,ENSMUST00000034981,ENSMUSP00000034981,train,True,24,mouse,known,NC3
2501,ENSMUST00000034983,ENSMUSP00000034983,train,True,24,mouse,known,NC3
2502,ENSMUST00000034984,ENSMUSP00000034984,train,True,24,mouse,known,NC3
2503,ENSMUST00000034989,ENSMUSP00000034989,val,True,24,mouse,known,NC3
2504,ENSMUST00000035007,ENSMUSP00000035007,train,True,24,mouse,known,NC3
2505,ENSMUST00000035009,ENSMUSP00000035009,train,True,24,mouse,known,NC3
2506,ENSMUST00000035010,ENSMUSP00000035010,val,True,24,mouse,known,NC3
2507,ENSMUST00000035033,ENSMUSP00000035033,train,True,24,mouse,known,NC3
2508,ENSMUST00000035034,ENSMUSP00000035034,train,True,24,mouse,known,NC3
2509,ENSMUST00000035037,ENSMUSP00000035037,train,True,24,mouse,known,NC3
2510,ENSMUST00000035043,ENSMUSP00000035043,train,True,24,mouse,known,NC3
2511,ENSMUST00000035055,ENSMUSP00000035055,train,True,24,mouse,known,NC3
2512,ENSMUST00000035065,ENSMUSP00000035065,train,True,24,mouse,known,NC3
2513,ENSMUST00000035069,ENSMUSP00000035069,val,True,24,mouse,known,NC3
2514,ENSMUST00000035077,ENSMUSP00000035077,train,True,24,mouse,known,NC3
2515,ENSMUST00000035079,ENSMUSP00000035079,train,True,24,mouse,known,NC3
2516,ENSMUST00000035086,ENSMUSP00000035086,val,True,24,mouse,known,NC3
2517,ENSMUST00000035092,ENSMUSP00000035092,train,True,24,mouse,known,NC3
2518,ENSMUST00000035094,ENSMUSP00000035094,train,True,24,mouse,known,NC3
2519,ENSMUST00000035099,ENSMUSP00000035099,val,True,24,mouse,known,NC3
2520,ENSMUST00000035100,ENSMUSP00000035100,test,True,24,mouse,known,NC3
2521,ENSMUST00000035116,ENSMUSP00000035116,test,True,24,mouse,known,NC3
2522,ENSMUST00000035148,ENSMUSP00000035148,train,True,24,mouse,known,NC3
2523,ENSMUST00000035154,ENSMUSP00000035154,train,True,24,mouse,known,NC3
2524,ENSMUST00000035155,ENSMUSP00000035155,train,True,24,mouse,known,NC3
2525,ENSMUST00000035157,ENSMUSP00000035157,test,True,24,mouse,known,NC3
2526,ENSMUST00000035164,ENSMUSP00000035164,train,True,24,mouse,known,NC3
2527,ENSMUST00000035166,ENSMUSP00000035166,test,True,24,mouse,known,NC3
2528,ENSMUST00000035177,ENSMUSP00000035177,train,True,24,mouse,known,NC3
2529,ENSMUST00000035202,ENSMUSP00000035202,train,True,24,mouse,known,NC3
2530,ENSMUST00000035203,ENSMUSP00000035203,train,True,24,mouse,known,NC3
2531,ENSMUST00000035216,ENSMUSP00000035216,train,True,24,mouse,known,NC3
2532,ENSMUST00000035218,ENSMUSP00000035218,val,True,24,mouse,known,NC3
2533,ENSMUST00000035220,ENSMUSP00000035220,test,True,24,mouse,known,NC3
2534,ENSMUST00000035222,ENSMUSP00000035222,train,True,24,mouse,known,NC3
2535,ENSMUST00000035237,ENSMUSP00000035237,test,True,24,mouse,known,NC3
2536,ENSMUST00000038574,ENSMUSP00000035244,train,True,24,mouse,known,NC3
2537,ENSMUST00000047652,ENSMUSP00000035263,val,True,24,mouse,known,NC3
2538,ENSMUST00000046575,ENSMUSP00000035281,train,True,24,mouse,known,NC3
2539,ENSMUST00000041003,ENSMUSP00000035291,train,True,24,mouse,known,NC3
2540,ENSMUST00000041830,ENSMUSP00000035303,train,True,24,mouse,known,NC3
2541,ENSMUST00000044825,ENSMUSP00000035325,test,True,24,mouse,known,NC3
2542,ENSMUST00000040455,ENSMUSP00000035326,train,True,24,mouse,known,NC3
2543,ENSMUST00000039373,ENSMUSP00000035328,train,True,24,mouse,known,NC3
2544,ENSMUST00000047404,ENSMUSP00000035366,val,True,24,mouse,known,NC3
2545,ENSMUST00000039665,ENSMUSP00000035389,train,True,24,mouse,known,NC3
2546,ENSMUST00000037246,ENSMUSP00000035486,test,True,24,mouse,known,NC3
2547,ENSMUST00000040717,ENSMUSP00000035490,train,True,24,mouse,known,NC3
2548,ENSMUST00000041008,ENSMUSP00000035498,val,True,24,mouse,known,NC3
2549,ENSMUST00000046305,ENSMUSP00000035512,train,True,24,mouse,known,NC3
2550,ENSMUST00000037248,ENSMUSP00000035535,test,True,24,mouse,known,NC3
2551,ENSMUST00000043722,ENSMUSP00000035579,val,True,24,mouse,known,NC3
2552,ENSMUST00000046306,ENSMUSP00000035583,train,True,24,mouse,known,NC3
2553,ENSMUST00000044833,ENSMUSP00000035588,train,True,24,mouse,known,NC3
2554,ENSMUST00000042942,ENSMUSP00000035610,train,True,24,mouse,known,NC3
2555,ENSMUST00000043195,ENSMUSP00000035644,test,True,24,mouse,known,NC3
2556,ENSMUST00000038039,ENSMUSP00000035660,train,True,24,mouse,known,NC3
2557,ENSMUST00000048188,ENSMUSP00000035682,train,True,24,mouse,known,NC3
2558,ENSMUST00000038580,ENSMUSP00000035687,train,True,24,mouse,known,NC3
2559,ENSMUST00000045726,ENSMUSP00000035726,train,True,24,mouse,known,NC3
2560,ENSMUST00000045441,ENSMUSP00000035743,train,True,24,mouse,known,NC3
2561,ENSMUST00000044564,ENSMUSP00000035746,train,True,24,mouse,known,NC3
2562,ENSMUST00000043200,ENSMUSP00000035800,test,True,24,mouse,known,NC3
2563,ENSMUST00000047923,ENSMUSP00000035823,train,True,24,mouse,known,NC3
2564,ENSMUST00000048192,ENSMUSP00000035826,train,True,24,mouse,known,NC3
2565,ENSMUST00000045730,ENSMUSP00000035829,train,True,24,mouse,known,NC3
2566,ENSMUST00000044567,ENSMUSP00000035879,val,True,24,mouse,known,NC3
2567,ENSMUST00000036153,ENSMUSP00000035884,val,True,24,mouse,known,NC3
2568,ENSMUST00000046587,ENSMUSP00000035898,train,True,24,mouse,known,NC3
2569,ENSMUST00000048194,ENSMUSP00000035902,test,True,24,mouse,known,NC3
2570,ENSMUST00000046011,ENSMUSP00000035930,train,True,24,mouse,known,NC3
2571,ENSMUST00000038584,ENSMUSP00000035961,train,True,24,mouse,known,NC3
2572,ENSMUST00000036156,ENSMUSP00000035989,train,True,24,mouse,known,NC3
2573,ENSMUST00000041587,ENSMUSP00000035992,val,True,24,mouse,known,NC3
2574,ENSMUST00000042365,ENSMUSP00000036013,train,True,24,mouse,known,NC3
2575,ENSMUST00000047666,ENSMUSP00000036025,train,True,24,mouse,known,NC3
2576,ENSMUST00000037811,ENSMUSP00000036044,train,True,24,mouse,known,NC3
2577,ENSMUST00000042953,ENSMUSP00000036082,val,True,24,mouse,known,NC3
2578,ENSMUST00000041317,ENSMUSP00000036085,train,True,24,mouse,known,NC3
2579,ENSMUST00000041023,ENSMUSP00000036093,train,True,24,mouse,known,NC3
2580,ENSMUST00000041024,ENSMUSP00000036149,train,True,24,mouse,known,NC3
2581,ENSMUST00000039127,ENSMUSP00000036188,train,True,24,mouse,known,NC3
2582,ENSMUST00000044277,ENSMUSP00000036206,train,True,24,mouse,known,NC3
2583,ENSMUST00000035340,ENSMUSP00000036214,train,True,24,mouse,known,NC3
2584,ENSMUST00000042957,ENSMUSP00000036246,train,True,24,mouse,known,NC3
2585,ENSMUST00000045138,ENSMUSP00000036253,train,True,24,mouse,known,NC3
2586,ENSMUST00000046022,ENSMUSP00000036265,train,True,24,mouse,known,NC3
2587,ENSMUST00000046864,ENSMUSP00000036270,train,True,24,mouse,known,NC3
2588,ENSMUST00000045450,ENSMUSP00000036277,train,True,24,mouse,known,NC3
2589,ENSMUST00000047672,ENSMUSP00000036288,test,True,24,mouse,known,NC3
2590,ENSMUST00000038053,ENSMUSP00000036304,train,True,24,mouse,known,NC3
2591,ENSMUST00000037820,ENSMUSP00000036337,train,True,24,mouse,known,NC3
2592,ENSMUST00000039949,ENSMUSP00000036361,train,True,24,mouse,known,NC3
2593,ENSMUST00000045140,ENSMUSP00000036379,test,True,24,mouse,known,NC3
2594,ENSMUST00000045454,ENSMUSP00000036382,train,True,24,mouse,known,NC3
2595,ENSMUST00000041852,ENSMUSP00000036394,test,True,24,mouse,known,NC3
2596,ENSMUST00000045743,ENSMUSP00000036410,train,True,24,mouse,known,NC3
2597,ENSMUST00000043493,ENSMUSP00000036482,train,True,24,mouse,known,NC3
2598,ENSMUST00000046030,ENSMUSP00000036523,train,True,24,mouse,known,NC3
2599,ENSMUST00000037270,ENSMUSP00000036524,train,True,24,mouse,known,NC3
2600,ENSMUST00000044857,ENSMUSP00000036541,val,True,24,mouse,known,NC3
2601,ENSMUST00000047131,ENSMUSP00000036555,train,True,24,mouse,known,NC3
2602,ENSMUST00000035346,ENSMUSP00000036571,train,True,24,mouse,known,NC3
2603,ENSMUST00000044858,ENSMUSP00000036585,train,True,24,mouse,known,NC3
2604,ENSMUST00000045748,ENSMUSP00000036604,train,True,24,mouse,known,NC3
2605,ENSMUST00000035899,ENSMUSP00000036614,train,True,24,mouse,known,NC3
2606,ENSMUST00000039135,ENSMUSP00000036674,test,True,24,mouse,known,NC3
2607,ENSMUST00000041859,ENSMUSP00000036696,val,True,24,mouse,known,NC3
2608,ENSMUST00000049020,ENSMUSP00000036699,test,True,24,mouse,known,NC3
2609,ENSMUST00000046603,ENSMUSP00000036705,train,True,24,mouse,known,NC3
2610,ENSMUST00000038863,ENSMUSP00000036710,train,True,24,mouse,known,NC3
2611,ENSMUST00000038600,ENSMUSP00000036725,test,True,24,mouse,known,NC3
2612,ENSMUST00000035606,ENSMUSP00000036726,train,True,24,mouse,known,NC3
2613,ENSMUST00000037828,ENSMUSP00000036749,train,True,24,mouse,known,NC3
2614,ENSMUST00000038332,ENSMUSP00000036770,test,True,24,mouse,known,NC3
2615,ENSMUST00000037275,ENSMUSP00000036784,train,True,24,mouse,known,NC3
2616,ENSMUST00000041042,ENSMUSP00000036861,train,True,24,mouse,known,NC3
2617,ENSMUST00000043757,ENSMUSP00000036881,train,True,24,mouse,known,NC3
2618,ENSMUST00000039408,ENSMUSP00000036890,val,True,24,mouse,known,NC3
2619,ENSMUST00000041045,ENSMUSP00000036907,val,True,24,mouse,known,NC3
2620,ENSMUST00000037280,ENSMUSP00000036915,train,True,24,mouse,known,NC3
2621,ENSMUST00000035612,ENSMUSP00000036924,train,True,24,mouse,known,NC3
2622,ENSMUST00000045756,ENSMUSP00000036949,val,True,24,mouse,known,NC3
2623,ENSMUST00000039144,ENSMUSP00000036962,train,True,24,mouse,known,NC3
2624,ENSMUST00000040210,ENSMUSP00000036991,train,True,24,mouse,known,NC3
2625,ENSMUST00000042390,ENSMUSP00000036996,train,True,24,mouse,known,NC3
2626,ENSMUST00000041047,ENSMUSP00000036998,train,True,24,mouse,known,NC3
2627,ENSMUST00000036991,ENSMUSP00000037007,test,True,24,mouse,known,NC3
2628,ENSMUST00000044009,ENSMUSP00000037028,train,True,24,mouse,known,NC3
2629,ENSMUST00000049031,ENSMUSP00000037035,test,True,24,mouse,known,NC3
2630,ENSMUST00000047145,ENSMUSP00000037055,train,True,24,mouse,known,NC3
2631,ENSMUST00000049032,ENSMUSP00000037075,train,True,24,mouse,known,NC3
2632,ENSMUST00000038608,ENSMUSP00000037107,train,True,24,mouse,known,NC3
2633,ENSMUST00000038341,ENSMUSP00000037126,train,True,24,mouse,known,NC3
2634,ENSMUST00000048490,ENSMUSP00000037127,val,True,24,mouse,known,NC3
2635,ENSMUST00000036187,ENSMUSP00000037128,test,True,24,mouse,known,NC3
2636,ENSMUST00000040484,ENSMUSP00000037131,train,True,24,mouse,known,NC3
2637,ENSMUST00000040213,ENSMUSP00000037173,train,True,24,mouse,known,NC3
2638,ENSMUST00000044011,ENSMUSP00000037206,train,True,24,mouse,known,NC3
2639,ENSMUST00000037285,ENSMUSP00000037210,train,True,24,mouse,known,NC3
2640,ENSMUST00000047950,ENSMUSP00000037233,test,True,24,mouse,known,NC3
2641,ENSMUST00000039152,ENSMUSP00000037251,val,True,24,mouse,known,NC3
2642,ENSMUST00000036720,ENSMUSP00000037273,val,True,24,mouse,known,NC3
2643,ENSMUST00000048493,ENSMUSP00000037275,train,True,24,mouse,known,NC3
2644,ENSMUST00000039153,ENSMUSP00000037277,train,True,24,mouse,known,NC3
2645,ENSMUST00000038075,ENSMUSP00000037278,val,True,24,mouse,known,NC3
2646,ENSMUST00000042657,ENSMUSP00000037331,test,True,24,mouse,known,NC3
2647,ENSMUST00000045766,ENSMUSP00000037340,train,True,24,mouse,known,NC3
2648,ENSMUST00000036996,ENSMUSP00000037341,train,True,24,mouse,known,NC3
2649,ENSMUST00000041053,ENSMUSP00000037348,train,True,24,mouse,known,NC3
2650,ENSMUST00000043767,ENSMUSP00000037354,train,True,24,mouse,known,NC3
2651,ENSMUST00000042658,ENSMUSP00000037371,val,True,24,mouse,known,NC3
2652,ENSMUST00000039156,ENSMUSP00000037417,train,True,24,mouse,known,NC3
2653,ENSMUST00000041055,ENSMUSP00000037441,train,True,24,mouse,known,NC3
2654,ENSMUST00000042661,ENSMUSP00000037447,train,True,24,mouse,known,NC3
2655,ENSMUST00000037839,ENSMUSP00000037459,train,True,24,mouse,known,NC3
2656,ENSMUST00000043235,ENSMUSP00000037514,train,True,24,mouse,known,NC3
2657,ENSMUST00000036450,ENSMUSP00000037543,train,True,24,mouse,known,NC3
2658,ENSMUST00000037001,ENSMUSP00000037546,train,True,24,mouse,known,NC3
2659,ENSMUST00000041059,ENSMUSP00000037574,train,True,24,mouse,known,NC3
2660,ENSMUST00000040766,ENSMUSP00000037583,train,True,24,mouse,known,NC3
2661,ENSMUST00000049294,ENSMUSP00000037597,train,True,24,mouse,known,NC3
2662,ENSMUST00000047157,ENSMUSP00000037600,train,True,24,mouse,known,NC3
2663,ENSMUST00000049040,ENSMUSP00000037609,train,True,24,mouse,known,NC3
2664,ENSMUST00000042405,ENSMUSP00000037613,train,True,24,mouse,known,NC3
2665,ENSMUST00000040219,ENSMUSP00000037619,val,True,24,mouse,known,NC3
2666,ENSMUST00000043775,ENSMUSP00000037628,train,True,24,mouse,known,NC3
2667,ENSMUST00000047429,ENSMUSP00000037631,test,True,24,mouse,known,NC3
2668,ENSMUST00000049295,ENSMUSP00000037656,train,True,24,mouse,known,NC3
2669,ENSMUST00000042665,ENSMUSP00000037657,train,True,24,mouse,known,NC3
2670,ENSMUST00000039165,ENSMUSP00000037735,train,True,24,mouse,known,NC3
2671,ENSMUST00000036734,ENSMUSP00000037783,train,True,24,mouse,known,NC3
2672,ENSMUST00000041065,ENSMUSP00000037819,train,True,24,mouse,known,NC3
2673,ENSMUST00000045779,ENSMUSP00000037821,train,True,24,mouse,known,NC3
2674,ENSMUST00000038091,ENSMUSP00000037890,train,True,24,mouse,known,NC3
2675,ENSMUST00000040500,ENSMUSP00000037900,test,True,24,mouse,known,NC3
2676,ENSMUST00000038890,ENSMUSP00000037915,train,True,24,mouse,known,NC3
2677,ENSMUST00000038626,ENSMUSP00000037929,test,True,24,mouse,known,NC3
2678,ENSMUST00000046875,ENSMUSP00000037930,val,True,24,mouse,known,NC3
2679,ENSMUST00000038356,ENSMUSP00000037939,test,True,24,mouse,known,NC3
2680,ENSMUST00000035635,ENSMUSP00000037970,train,True,24,mouse,known,NC3
2681,ENSMUST00000038627,ENSMUSP00000037971,train,True,24,mouse,known,NC3
2682,ENSMUST00000043498,ENSMUSP00000037981,train,True,24,mouse,known,NC3
2683,ENSMUST00000038096,ENSMUSP00000038061,train,True,24,mouse,known,NC3
2684,ENSMUST00000047973,ENSMUSP00000038063,train,True,24,mouse,known,NC3
2685,ENSMUST00000036206,ENSMUSP00000038075,train,True,24,mouse,known,NC3
2686,ENSMUST00000041892,ENSMUSP00000038098,val,True,24,mouse,known,NC3
2687,ENSMUST00000039991,ENSMUSP00000038106,train,True,24,mouse,known,NC3
2688,ENSMUST00000042141,ENSMUSP00000038135,test,True,24,mouse,known,NC3
2689,ENSMUST00000047714,ENSMUSP00000038138,test,True,24,mouse,known,NC3
2690,ENSMUST00000038893,ENSMUSP00000038144,test,True,24,mouse,known,NC3
2691,ENSMUST00000049308,ENSMUSP00000038150,train,True,24,mouse,known,NC3
2692,ENSMUST00000036210,ENSMUSP00000038166,train,True,24,mouse,known,NC3
2693,ENSMUST00000044331,ENSMUSP00000038181,val,True,24,mouse,known,NC3
2694,ENSMUST00000040776,ENSMUSP00000038188,train,True,24,mouse,known,NC3
2695,ENSMUST00000040234,ENSMUSP00000038211,train,True,24,mouse,known,NC3
2696,ENSMUST00000042147,ENSMUSP00000038263,train,True,24,mouse,known,NC3
2697,ENSMUST00000047173,ENSMUSP00000038267,train,True,24,mouse,known,NC3
2698,ENSMUST00000042148,ENSMUSP00000038305,train,True,24,mouse,known,NC3
2699,ENSMUST00000047177,ENSMUSP00000038329,train,True,24,mouse,known,NC3
2700,ENSMUST00000047978,ENSMUSP00000038335,train,True,24,mouse,known,NC3
2701,ENSMUST00000045791,ENSMUSP00000038350,train,True,24,mouse,known,NC3
2702,ENSMUST00000037023,nan,train,True,24,mouse,known,NC3
2703,ENSMUST00000037315,ENSMUSP00000038361,train,True,24,mouse,known,NC3
2704,ENSMUST00000048774,ENSMUSP00000038368,train,True,24,mouse,known,NC3
2705,ENSMUST00000037025,ENSMUSP00000038373,train,True,24,mouse,known,NC3
2706,ENSMUST00000041364,ENSMUSP00000038382,train,True,24,mouse,known,NC3
2707,ENSMUST00000039442,ENSMUSP00000038387,train,True,24,mouse,known,NC3
2708,ENSMUST00000038900,ENSMUSP00000038421,train,True,24,mouse,known,NC3
2709,ENSMUST00000038644,ENSMUSP00000038485,train,True,24,mouse,known,NC3
2710,ENSMUST00000035648,ENSMUSP00000038489,val,True,24,mouse,known,NC3
2711,ENSMUST00000041366,ENSMUSP00000038505,test,True,24,mouse,known,NC3
2712,ENSMUST00000040514,ENSMUSP00000038514,train,True,24,mouse,known,NC3
2713,ENSMUST00000041616,ENSMUSP00000038540,test,True,24,mouse,known,NC3
2714,ENSMUST00000048781,ENSMUSP00000038555,train,True,24,mouse,known,NC3
2715,ENSMUST00000041367,ENSMUSP00000038568,train,True,24,mouse,known,NC3
2716,ENSMUST00000047721,ENSMUSP00000038580,train,True,24,mouse,known,NC3
2717,ENSMUST00000036470,ENSMUSP00000038589,train,True,24,mouse,known,NC3
2718,ENSMUST00000041618,ENSMUSP00000038610,train,True,24,mouse,known,NC3
2719,ENSMUST00000041370,ENSMUSP00000038615,train,True,24,mouse,known,NC3
2720,ENSMUST00000036221,ENSMUSP00000038638,train,True,24,mouse,known,NC3
2721,ENSMUST00000041374,ENSMUSP00000038671,train,True,24,mouse,known,NC3
2722,ENSMUST00000041905,ENSMUSP00000038716,train,True,24,mouse,known,NC3
2723,ENSMUST00000046897,ENSMUSP00000038719,train,True,24,mouse,known,NC3
2724,ENSMUST00000040005,ENSMUSP00000038721,val,True,24,mouse,known,NC3
2725,ENSMUST00000036473,ENSMUSP00000038722,val,True,24,mouse,known,NC3
2726,ENSMUST00000038374,ENSMUSP00000038763,train,True,24,mouse,known,NC3
2727,ENSMUST00000039449,ENSMUSP00000038775,train,True,24,mouse,known,NC3
2728,ENSMUST00000048788,ENSMUSP00000038779,train,True,24,mouse,known,NC3
2729,ENSMUST00000046644,ENSMUSP00000038781,val,True,24,mouse,known,NC3
2730,ENSMUST00000039450,ENSMUSP00000038801,train,True,24,mouse,known,NC3
2731,ENSMUST00000040008,ENSMUSP00000038813,train,True,24,mouse,known,NC3
2732,ENSMUST00000036226,ENSMUSP00000038816,train,True,24,mouse,known,NC3
2733,ENSMUST00000037035,ENSMUSP00000038833,train,True,24,mouse,known,NC3
2734,ENSMUST00000040518,ENSMUSP00000038839,val,True,24,mouse,known,NC3
2735,ENSMUST00000049064,ENSMUSP00000038841,train,True,24,mouse,known,NC3
2736,ENSMUST00000040519,ENSMUSP00000038865,val,True,24,mouse,known,NC3
2737,ENSMUST00000045802,ENSMUSP00000038877,train,True,24,mouse,known,NC3
2738,ENSMUST00000045487,ENSMUSP00000038915,test,True,24,mouse,known,NC3
2739,ENSMUST00000043805,ENSMUSP00000038924,train,True,24,mouse,known,NC3
2740,ENSMUST00000042700,ENSMUSP00000038931,train,True,24,mouse,known,NC3
2741,ENSMUST00000036229,ENSMUSP00000038938,train,True,24,mouse,known,NC3
2742,ENSMUST00000038379,ENSMUSP00000038958,train,True,24,mouse,known,NC3
2743,ENSMUST00000044043,ENSMUSP00000038961,train,True,24,mouse,known,NC3
2744,ENSMUST00000048792,ENSMUSP00000038970,train,True,24,mouse,known,NC3
2745,ENSMUST00000042163,ENSMUSP00000038977,train,True,24,mouse,known,NC3
2746,ENSMUST00000036759,ENSMUSP00000038983,train,True,24,mouse,known,NC3
2747,ENSMUST00000049323,ENSMUSP00000039010,train,True,24,mouse,known,NC3
2748,ENSMUST00000045807,ENSMUSP00000039027,train,True,24,mouse,known,NC3
2749,ENSMUST00000035925,ENSMUSP00000039029,train,True,24,mouse,known,NC3
2750,ENSMUST00000042167,ENSMUSP00000039046,train,True,24,mouse,known,NC3
2751,ENSMUST00000042166,nan,train,True,24,mouse,known,NC3
2752,ENSMUST00000042702,ENSMUSP00000039094,test,True,24,mouse,known,NC3
2753,ENSMUST00000038913,ENSMUSP00000039098,train,True,24,mouse,known,NC3
2754,ENSMUST00000046094,ENSMUSP00000039109,train,True,24,mouse,known,NC3
2755,ENSMUST00000042990,ENSMUSP00000039110,train,True,24,mouse,known,NC3
2756,ENSMUST00000038383,ENSMUSP00000039114,train,True,24,mouse,known,NC3
2757,ENSMUST00000038384,ENSMUSP00000039133,train,True,24,mouse,known,NC3
2758,ENSMUST00000040254,ENSMUSP00000039134,val,True,24,mouse,known,NC3
2759,ENSMUST00000039173,ENSMUSP00000039178,train,True,24,mouse,known,NC3
2760,ENSMUST00000043517,ENSMUSP00000039205,train,True,24,mouse,known,NC3
2761,ENSMUST00000037850,ENSMUSP00000039243,train,True,24,mouse,known,NC3
2762,ENSMUST00000041382,ENSMUSP00000039271,train,True,24,mouse,known,NC3
2763,ENSMUST00000040017,ENSMUSP00000039301,train,True,24,mouse,known,NC3
2764,ENSMUST00000037853,ENSMUSP00000039313,train,True,24,mouse,known,NC3
2765,ENSMUST00000036236,ENSMUSP00000039314,train,True,24,mouse,known,NC3
2766,ENSMUST00000038388,ENSMUSP00000039322,train,True,24,mouse,known,NC3
2767,ENSMUST00000037854,ENSMUSP00000039334,test,True,24,mouse,known,NC3
2768,ENSMUST00000044051,ENSMUSP00000039335,train,True,24,mouse,known,NC3
2769,ENSMUST00000042172,ENSMUSP00000039338,train,True,24,mouse,known,NC3
2770,ENSMUST00000035672,ENSMUSP00000039360,val,True,24,mouse,known,NC3
2771,ENSMUST00000037585,ENSMUSP00000039361,train,True,24,mouse,known,NC3
2772,ENSMUST00000049074,ENSMUSP00000039368,train,True,24,mouse,known,NC3
2773,ENSMUST00000048544,ENSMUSP00000039394,train,True,24,mouse,known,NC3
2774,ENSMUST00000035934,ENSMUSP00000039416,train,True,24,mouse,known,NC3
2775,ENSMUST00000035673,ENSMUSP00000039418,val,True,24,mouse,known,NC3
2776,ENSMUST00000041638,ENSMUSP00000039420,train,True,24,mouse,known,NC3
2777,ENSMUST00000044053,ENSMUSP00000039422,train,True,24,mouse,known,NC3
2778,ENSMUST00000048246,ENSMUSP00000039472,test,True,24,mouse,known,NC3
2779,ENSMUST00000036489,ENSMUSP00000039482,val,True,24,mouse,known,NC3
2780,ENSMUST00000041640,ENSMUSP00000039484,train,True,24,mouse,known,NC3
2781,ENSMUST00000047203,ENSMUSP00000039486,train,True,24,mouse,known,NC3
2782,ENSMUST00000040260,ENSMUSP00000039487,val,True,24,mouse,known,NC3
2783,ENSMUST00000048545,ENSMUSP00000039493,train,True,24,mouse,known,NC3
2784,ENSMUST00000048807,ENSMUSP00000039500,train,True,24,mouse,known,NC3
2785,ENSMUST00000046916,ENSMUSP00000039518,train,True,24,mouse,known,NC3
2786,ENSMUST00000038128,ENSMUSP00000039529,train,True,24,mouse,known,NC3
2787,ENSMUST00000041643,ENSMUSP00000039555,train,True,24,mouse,known,NC3
2788,ENSMUST00000043812,ENSMUSP00000039566,train,True,24,mouse,known,NC3
2789,ENSMUST00000040021,ENSMUSP00000039580,train,True,24,mouse,known,NC3
2790,ENSMUST00000041388,ENSMUSP00000039586,train,True,24,mouse,known,NC3
2791,ENSMUST00000043814,ENSMUSP00000039598,train,True,24,mouse,known,NC3
2792,ENSMUST00000038131,ENSMUSP00000039621,train,True,24,mouse,known,NC3
2793,ENSMUST00000047206,ENSMUSP00000039628,test,True,24,mouse,known,NC3
2794,ENSMUST00000039733,ENSMUSP00000039632,train,True,24,mouse,known,NC3
2795,ENSMUST00000036493,ENSMUSP00000039657,train,True,24,mouse,known,NC3
2796,ENSMUST00000048250,ENSMUSP00000039668,train,True,24,mouse,known,NC3
2797,ENSMUST00000038671,ENSMUSP00000039688,train,True,24,mouse,known,NC3
2798,ENSMUST00000048249,ENSMUSP00000039692,train,True,24,mouse,known,NC3
2799,ENSMUST00000038398,ENSMUSP00000039704,train,True,24,mouse,known,NC3
2800,ENSMUST00000044642,ENSMUSP00000039707,train,True,24,mouse,known,NC3
2801,ENSMUST00000037865,ENSMUSP00000039737,train,True,24,mouse,known,NC3
2802,ENSMUST00000049343,ENSMUSP00000039776,train,True,24,mouse,known,NC3
2803,ENSMUST00000038675,ENSMUSP00000039784,train,True,24,mouse,known,NC3
2804,ENSMUST00000045827,ENSMUSP00000039810,val,True,24,mouse,known,NC3
2805,ENSMUST00000049344,ENSMUSP00000039819,train,True,24,mouse,known,NC3
2806,ENSMUST00000040270,ENSMUSP00000039844,train,True,24,mouse,known,NC3
2807,ENSMUST00000038677,ENSMUSP00000039853,train,True,24,mouse,known,NC3
2808,ENSMUST00000040271,ENSMUSP00000039889,train,True,24,mouse,known,NC3
2809,ENSMUST00000039476,ENSMUSP00000039900,train,True,24,mouse,known,NC3
2810,ENSMUST00000042724,ENSMUSP00000039943,test,True,24,mouse,known,NC3
2811,ENSMUST00000046114,ENSMUSP00000039951,train,True,24,mouse,known,NC3
2812,ENSMUST00000043531,ENSMUSP00000039966,train,True,24,mouse,known,NC3
2813,ENSMUST00000039742,ENSMUSP00000039980,test,True,24,mouse,known,NC3
2814,ENSMUST00000042726,ENSMUSP00000040005,train,True,24,mouse,known,NC3
2815,ENSMUST00000048557,ENSMUSP00000040033,test,True,24,mouse,known,NC3
2816,ENSMUST00000041400,ENSMUSP00000040045,train,True,24,mouse,known,NC3
2817,ENSMUST00000047486,ENSMUSP00000040134,val,True,24,mouse,known,NC3
2818,ENSMUST00000049091,ENSMUSP00000040138,train,True,24,mouse,known,NC3
2819,ENSMUST00000038684,ENSMUSP00000040150,train,True,24,mouse,known,NC3
2820,ENSMUST00000036509,ENSMUSP00000040220,train,True,24,mouse,known,NC3
2821,ENSMUST00000046122,ENSMUSP00000040222,train,True,24,mouse,known,NC3
2822,ENSMUST00000038406,ENSMUSP00000040244,test,True,24,mouse,known,NC3
2823,ENSMUST00000045228,ENSMUSP00000040248,test,True,24,mouse,known,NC3
2824,ENSMUST00000037607,ENSMUSP00000040307,train,True,24,mouse,known,NC3
2825,ENSMUST00000041097,ENSMUSP00000040321,train,True,24,mouse,known,NC3
2826,ENSMUST00000039487,ENSMUSP00000040355,val,True,24,mouse,known,NC3
2827,ENSMUST00000037609,ENSMUSP00000040356,train,True,24,mouse,known,NC3
2828,ENSMUST00000042194,ENSMUSP00000040367,train,True,24,mouse,known,NC3
2829,ENSMUST00000043296,ENSMUSP00000040416,train,True,24,mouse,known,NC3
2830,ENSMUST00000046389,ENSMUSP00000040420,train,True,24,mouse,known,NC3
2831,ENSMUST00000038942,ENSMUSP00000040429,train,True,24,mouse,known,NC3
2832,ENSMUST00000044911,ENSMUSP00000040431,train,True,24,mouse,known,NC3
2833,ENSMUST00000040820,ENSMUSP00000040550,train,True,24,mouse,known,NC3
2834,ENSMUST00000045235,ENSMUSP00000040578,train,True,24,mouse,known,NC3
2835,ENSMUST00000039205,ENSMUSP00000040580,test,True,24,mouse,known,NC3
2836,ENSMUST00000037615,ENSMUSP00000040591,train,True,24,mouse,known,NC3
2837,ENSMUST00000046945,ENSMUSP00000040596,train,True,24,mouse,known,NC3
2838,ENSMUST00000041416,ENSMUSP00000040599,val,True,24,mouse,known,NC3
2839,ENSMUST00000038945,ENSMUSP00000040614,train,True,24,mouse,known,NC3
2840,ENSMUST00000043305,ENSMUSP00000040647,train,True,24,mouse,known,NC3
2841,ENSMUST00000037618,ENSMUSP00000040694,train,True,24,mouse,known,NC3
2842,ENSMUST00000044369,ENSMUSP00000040756,train,True,24,mouse,known,NC3
2843,ENSMUST00000047497,ENSMUSP00000040762,train,True,24,mouse,known,NC3
2844,ENSMUST00000048578,ENSMUSP00000040779,train,True,24,mouse,known,NC3
2845,ENSMUST00000035960,ENSMUSP00000040802,train,True,24,mouse,known,NC3
2846,ENSMUST00000046399,ENSMUSP00000040840,train,True,24,mouse,known,NC3
2847,ENSMUST00000046951,ENSMUSP00000040846,val,True,24,mouse,known,NC3
2848,ENSMUST00000045243,ENSMUSP00000040905,train,True,24,mouse,known,NC3
2849,ENSMUST00000044672,ENSMUSP00000040936,train,True,24,mouse,known,NC3
2850,ENSMUST00000046955,ENSMUSP00000040938,val,True,24,mouse,known,NC3
2851,ENSMUST00000049369,ENSMUSP00000040944,val,True,24,mouse,known,NC3
2852,ENSMUST00000048028,ENSMUSP00000040945,train,True,24,mouse,known,NC3
2853,ENSMUST00000043551,ENSMUSP00000040946,train,True,24,mouse,known,NC3
2854,ENSMUST00000040538,ENSMUSP00000040956,train,True,24,mouse,known,NC3
2855,ENSMUST00000047749,ENSMUSP00000040975,val,True,24,mouse,known,NC3
2856,ENSMUST00000038421,ENSMUSP00000041022,val,True,24,mouse,known,NC3
2857,ENSMUST00000045247,ENSMUSP00000041049,train,True,24,mouse,known,NC3
2858,ENSMUST00000038422,ENSMUSP00000041070,test,True,24,mouse,known,NC3
2859,ENSMUST00000047503,ENSMUSP00000041082,val,True,24,mouse,known,NC3
2860,ENSMUST00000046144,ENSMUSP00000041087,test,True,24,mouse,known,NC3
2861,ENSMUST00000037349,ENSMUSP00000041104,val,True,24,mouse,known,NC3
2862,ENSMUST00000038424,ENSMUSP00000041113,train,True,24,mouse,known,NC3
2863,ENSMUST00000039213,ENSMUSP00000041145,train,True,24,mouse,known,NC3
2864,ENSMUST00000038169,nan,train,True,24,mouse,known,NC3
2865,ENSMUST00000036274,ENSMUSP00000041152,val,True,24,mouse,known,NC3
2866,ENSMUST00000043314,ENSMUSP00000041175,train,True,24,mouse,known,NC3
2867,ENSMUST00000046689,ENSMUSP00000041180,train,True,24,mouse,known,NC3
2868,ENSMUST00000040833,ENSMUSP00000041202,train,True,24,mouse,known,NC3
2869,ENSMUST00000038172,ENSMUSP00000041227,train,True,24,mouse,known,NC3
2870,ENSMUST00000043560,ENSMUSP00000041241,test,True,24,mouse,known,NC3
2871,ENSMUST00000046404,ENSMUSP00000041247,val,True,24,mouse,known,NC3
2872,ENSMUST00000043315,ENSMUSP00000041250,train,True,24,mouse,known,NC3
2873,ENSMUST00000044384,ENSMUSP00000041260,test,True,24,mouse,known,NC3
2874,ENSMUST00000046963,ENSMUSP00000041282,train,True,24,mouse,known,NC3
2875,ENSMUST00000047510,ENSMUSP00000041299,val,True,24,mouse,known,NC3
2876,ENSMUST00000044385,ENSMUSP00000041307,train,True,24,mouse,known,NC3
2877,ENSMUST00000037633,ENSMUSP00000041308,train,True,24,mouse,known,NC3
2878,ENSMUST00000041684,ENSMUSP00000041328,train,True,24,mouse,known,NC3
2879,ENSMUST00000047511,ENSMUSP00000041378,train,True,24,mouse,known,NC3
2880,ENSMUST00000040835,ENSMUSP00000041380,train,True,24,mouse,known,NC3
2881,ENSMUST00000037362,ENSMUSP00000041450,train,True,24,mouse,known,NC3
2882,ENSMUST00000037099,ENSMUSP00000041453,train,True,24,mouse,known,NC3
2883,ENSMUST00000038434,ENSMUSP00000041477,train,True,24,mouse,known,NC3
2884,ENSMUST00000044681,ENSMUSP00000041503,val,True,24,mouse,known,NC3
2885,ENSMUST00000049385,ENSMUSP00000041538,train,True,24,mouse,known,NC3
2886,ENSMUST00000049095,ENSMUSP00000041543,val,True,24,mouse,known,NC3
2887,ENSMUST00000045557,ENSMUSP00000041557,train,True,24,mouse,known,NC3
2888,ENSMUST00000044684,ENSMUSP00000041599,test,True,24,mouse,known,NC3
2889,ENSMUST00000035724,ENSMUSP00000041614,val,True,24,mouse,known,NC3
2890,ENSMUST00000042771,ENSMUSP00000041635,val,True,24,mouse,known,NC3
2891,ENSMUST00000035725,ENSMUSP00000041644,train,True,24,mouse,known,NC3
2892,ENSMUST00000049388,ENSMUSP00000041650,train,True,24,mouse,known,NC3
2893,ENSMUST00000043050,ENSMUSP00000041663,test,True,24,mouse,known,NC3
2894,ENSMUST00000047524,ENSMUSP00000041701,val,True,24,mouse,known,NC3
2895,ENSMUST00000038696,ENSMUSP00000041732,train,True,24,mouse,known,NC3
2896,ENSMUST00000040844,ENSMUSP00000041751,train,True,24,mouse,known,NC3
2897,ENSMUST00000036541,ENSMUSP00000041756,train,True,24,mouse,known,NC3
2898,ENSMUST00000047762,ENSMUSP00000041774,train,True,24,mouse,known,NC3
2899,ENSMUST00000046418,ENSMUSP00000041800,train,True,24,mouse,known,NC3
2900,ENSMUST00000047226,ENSMUSP00000041814,train,True,24,mouse,known,NC3
2901,ENSMUST00000045562,ENSMUSP00000041820,test,True,24,mouse,known,NC3
2902,ENSMUST00000048043,ENSMUSP00000041826,val,True,24,mouse,known,NC3
2903,ENSMUST00000040314,ENSMUSP00000041831,train,True,24,mouse,known,NC3
2904,ENSMUST00000035988,ENSMUSP00000041839,train,True,24,mouse,known,NC3
2905,ENSMUST00000038439,ENSMUSP00000041841,train,True,24,mouse,known,NC3
2906,ENSMUST00000048044,ENSMUSP00000041848,test,True,24,mouse,known,NC3
2907,ENSMUST00000035430,ENSMUSP00000041851,train,True,24,mouse,known,NC3
2908,ENSMUST00000041139,ENSMUSP00000041857,train,True,24,mouse,known,NC3
2909,ENSMUST00000038699,ENSMUSP00000041863,train,True,24,mouse,known,NC3
2910,ENSMUST00000039517,ENSMUSP00000041897,train,True,24,mouse,known,NC3
2911,ENSMUST00000042471,ENSMUSP00000041906,train,True,24,mouse,known,NC3
2912,ENSMUST00000043839,ENSMUSP00000041907,train,True,24,mouse,known,NC3
2913,ENSMUST00000045847,ENSMUSP00000041912,val,True,24,mouse,known,NC3
2914,ENSMUST00000048309,ENSMUSP00000041920,test,True,24,mouse,known,NC3
2915,ENSMUST00000042779,ENSMUSP00000041955,train,True,24,mouse,known,NC3
2916,ENSMUST00000047232,ENSMUSP00000041967,val,True,24,mouse,known,NC3
2917,ENSMUST00000044106,ENSMUSP00000041968,test,True,24,mouse,known,NC3
2918,ENSMUST00000046704,ENSMUSP00000041975,test,True,24,mouse,known,NC3
2919,ENSMUST00000042780,ENSMUSP00000041985,val,True,24,mouse,known,NC3
2920,ENSMUST00000044691,ENSMUSP00000042009,train,True,24,mouse,known,NC3
2921,ENSMUST00000039522,ENSMUSP00000042028,train,True,24,mouse,known,NC3
2922,ENSMUST00000040320,ENSMUSP00000042053,train,True,24,mouse,known,NC3
2923,ENSMUST00000037649,ENSMUSP00000042070,train,True,24,mouse,known,NC3
2924,ENSMUST00000042477,ENSMUSP00000042088,val,True,24,mouse,known,NC3
2925,ENSMUST00000043843,ENSMUSP00000042123,train,True,24,mouse,known,NC3
2926,ENSMUST00000040560,ENSMUSP00000042134,val,True,24,mouse,known,NC3
2927,ENSMUST00000044111,ENSMUSP00000042150,train,True,24,mouse,known,NC3
2928,ENSMUST00000040561,ENSMUSP00000042151,train,True,24,mouse,known,NC3
2929,ENSMUST00000040853,ENSMUSP00000042155,train,True,24,mouse,known,NC3
2930,ENSMUST00000044949,ENSMUSP00000042162,train,True,24,mouse,known,NC3
2931,ENSMUST00000049400,ENSMUSP00000042177,train,True,24,mouse,known,NC3
2932,ENSMUST00000036554,ENSMUSP00000042186,train,True,24,mouse,known,NC3
2933,ENSMUST00000046983,ENSMUSP00000042187,train,True,24,mouse,known,NC3
2934,ENSMUST00000046426,ENSMUSP00000042188,test,True,24,mouse,known,NC3
2935,ENSMUST00000037115,ENSMUSP00000042204,train,True,24,mouse,known,NC3
2936,ENSMUST00000044113,ENSMUSP00000042207,train,True,24,mouse,known,NC3
2937,ENSMUST00000039234,ENSMUSP00000042219,train,True,24,mouse,known,NC3
2938,ENSMUST00000045855,ENSMUSP00000042232,val,True,24,mouse,known,NC3
2939,ENSMUST00000043848,ENSMUSP00000042260,train,True,24,mouse,known,NC3
2940,ENSMUST00000037117,ENSMUSP00000042265,train,True,24,mouse,known,NC3
2941,ENSMUST00000041956,ENSMUSP00000042271,train,True,24,mouse,known,NC3
2942,ENSMUST00000038709,ENSMUSP00000042277,test,True,24,mouse,known,NC3
2943,ENSMUST00000046709,ENSMUSP00000042283,train,True,24,mouse,known,NC3
2944,ENSMUST00000037383,ENSMUSP00000042285,val,True,24,mouse,known,NC3
2945,ENSMUST00000043584,ENSMUSP00000042342,val,True,24,mouse,known,NC3
2946,ENSMUST00000039784,ENSMUSP00000042351,train,True,24,mouse,known,NC3
2947,ENSMUST00000043062,ENSMUSP00000042352,train,True,24,mouse,known,NC3
2948,ENSMUST00000044954,ENSMUSP00000042410,train,True,24,mouse,known,NC3
2949,ENSMUST00000037907,ENSMUSP00000042433,test,True,24,mouse,known,NC3
2950,ENSMUST00000042235,ENSMUSP00000042457,train,True,24,mouse,known,NC3
2951,ENSMUST00000036561,ENSMUSP00000042509,val,True,24,mouse,known,NC3
2952,ENSMUST00000036003,ENSMUSP00000042558,train,True,24,mouse,known,NC3
2953,ENSMUST00000041965,ENSMUSP00000042565,val,True,24,mouse,known,NC3
2954,ENSMUST00000049411,ENSMUSP00000042602,train,True,24,mouse,known,NC3
2955,ENSMUST00000036004,ENSMUSP00000042658,test,True,24,mouse,known,NC3
2956,ENSMUST00000045866,ENSMUSP00000042691,train,True,24,mouse,known,NC3
2957,ENSMUST00000041160,ENSMUSP00000042705,val,True,24,mouse,known,NC3
2958,ENSMUST00000040336,ENSMUSP00000042742,train,True,24,mouse,known,NC3
2959,ENSMUST00000049122,ENSMUSP00000042762,train,True,24,mouse,known,NC3
2960,ENSMUST00000037915,ENSMUSP00000042792,train,True,24,mouse,known,NC3
2961,ENSMUST00000037127,ENSMUSP00000042796,train,True,24,mouse,known,NC3
2962,ENSMUST00000040865,ENSMUSP00000042825,val,True,24,mouse,known,NC3
2963,ENSMUST00000037918,ENSMUSP00000042852,train,True,24,mouse,known,NC3
2964,ENSMUST00000046191,ENSMUSP00000042860,train,True,24,mouse,known,NC3
2965,ENSMUST00000036570,ENSMUSP00000042875,train,True,24,mouse,known,NC3
2966,ENSMUST00000040577,ENSMUSP00000042882,test,True,24,mouse,known,NC3
2967,ENSMUST00000042493,ENSMUSP00000042918,train,True,24,mouse,known,NC3
2968,ENSMUST00000040340,ENSMUSP00000042959,test,True,24,mouse,known,NC3
2969,ENSMUST00000042497,ENSMUSP00000042967,train,True,24,mouse,known,NC3
2970,ENSMUST00000043599,ENSMUSP00000042987,val,True,24,mouse,known,NC3
2971,ENSMUST00000043864,ENSMUSP00000043033,train,True,24,mouse,known,NC3
2972,ENSMUST00000046999,ENSMUSP00000043041,val,True,24,mouse,known,NC3
2973,ENSMUST00000038185,ENSMUSP00000043049,train,True,24,mouse,known,NC3
2974,ENSMUST00000043325,ENSMUSP00000043066,train,True,24,mouse,known,NC3
2975,ENSMUST00000040580,ENSMUSP00000043085,train,True,24,mouse,known,NC3
2976,ENSMUST00000045593,ENSMUSP00000043088,val,True,24,mouse,known,NC3
2977,ENSMUST00000037399,ENSMUSP00000043092,test,True,24,mouse,known,NC3
2978,ENSMUST00000036288,ENSMUSP00000043103,train,True,24,mouse,known,NC3
2979,ENSMUST00000044423,ENSMUSP00000043108,train,True,24,mouse,known,NC3
2980,ENSMUST00000043867,ENSMUSP00000043111,train,True,24,mouse,known,NC3
2981,ENSMUST00000040583,ENSMUSP00000043115,train,True,24,mouse,known,NC3
2982,ENSMUST00000037401,ENSMUSP00000043138,train,True,24,mouse,known,NC3
2983,ENSMUST00000040344,ENSMUSP00000043167,train,True,24,mouse,known,NC3
2984,ENSMUST00000043604,ENSMUSP00000043190,test,True,24,mouse,known,NC3
2985,ENSMUST00000047257,ENSMUSP00000043210,test,True,24,mouse,known,NC3
2986,ENSMUST00000036579,ENSMUSP00000043240,train,True,24,mouse,known,NC3
2987,ENSMUST00000041723,ENSMUSP00000043279,train,True,24,mouse,known,NC3
2988,ENSMUST00000049424,ENSMUSP00000043315,val,True,24,mouse,known,NC3
2989,ENSMUST00000041725,ENSMUSP00000043346,train,True,24,mouse,known,NC3
2990,ENSMUST00000042251,ENSMUSP00000043355,test,True,24,mouse,known,NC3
2991,ENSMUST00000047799,ENSMUSP00000043424,train,True,24,mouse,known,NC3
2992,ENSMUST00000043610,ENSMUSP00000043437,train,True,24,mouse,known,NC3
2993,ENSMUST00000045884,ENSMUSP00000043439,train,True,24,mouse,known,NC3
2994,ENSMUST00000036025,ENSMUSP00000043442,val,True,24,mouse,known,NC3
2995,ENSMUST00000041726,ENSMUSP00000043462,train,True,24,mouse,known,NC3
2996,ENSMUST00000047560,ENSMUSP00000043467,train,True,24,mouse,known,NC3
2997,ENSMUST00000039810,ENSMUSP00000043488,train,True,24,mouse,known,NC3
2998,ENSMUST00000037141,ENSMUSP00000043492,train,True,24,mouse,known,NC3
2999,ENSMUST00000038474,ENSMUSP00000043519,train,True,24,mouse,known,NC3
3000,ENSMUST00000043338,ENSMUSP00000043537,train,True,24,mouse,known,NC3
3001,ENSMUST00000040888,ENSMUSP00000043540,val,True,24,mouse,known,NC3
3002,ENSMUST00000045602,ENSMUSP00000043543,test,True,24,mouse,known,NC3
3003,ENSMUST00000045281,ENSMUSP00000043555,train,True,24,mouse,known,NC3
3004,ENSMUST00000045887,ENSMUSP00000043559,train,True,24,mouse,known,NC3
3005,ENSMUST00000045604,nan,train,True,24,mouse,known,NC3
3006,ENSMUST00000046463,ENSMUSP00000043575,train,True,24,mouse,known,NC3
3007,ENSMUST00000044148,ENSMUSP00000043580,train,True,24,mouse,known,NC3
3008,ENSMUST00000043881,ENSMUSP00000043583,train,True,24,mouse,known,NC3
3009,ENSMUST00000042512,ENSMUSP00000043614,train,True,24,mouse,known,NC3
3010,ENSMUST00000046206,ENSMUSP00000043618,train,True,24,mouse,known,NC3
3011,ENSMUST00000046207,ENSMUSP00000043662,train,True,24,mouse,known,NC3
3012,ENSMUST00000041987,ENSMUSP00000043676,train,True,24,mouse,known,NC3
3013,ENSMUST00000036031,ENSMUSP00000043679,train,True,24,mouse,known,NC3
3014,ENSMUST00000038194,ENSMUSP00000043691,test,True,24,mouse,known,NC3
3015,ENSMUST00000044442,ENSMUSP00000043703,train,True,24,mouse,known,NC3
3016,ENSMUST00000043342,ENSMUSP00000043730,train,True,24,mouse,known,NC3
3017,ENSMUST00000041733,ENSMUSP00000043733,train,True,24,mouse,known,NC3
3018,ENSMUST00000037418,ENSMUSP00000043742,test,True,24,mouse,known,NC3
3019,ENSMUST00000037941,ENSMUSP00000043768,train,True,24,mouse,known,NC3
3020,ENSMUST00000045607,ENSMUSP00000043806,train,True,24,mouse,known,NC3
3021,ENSMUST00000036300,ENSMUSP00000043816,train,True,24,mouse,known,NC3
3022,ENSMUST00000039818,ENSMUSP00000043821,val,True,24,mouse,known,NC3
3023,ENSMUST00000043616,ENSMUSP00000043844,train,True,24,mouse,known,NC3
3024,ENSMUST00000048898,ENSMUSP00000043851,train,True,24,mouse,known,NC3
3025,ENSMUST00000041190,ENSMUSP00000043901,train,True,24,mouse,known,NC3
3026,ENSMUST00000039267,ENSMUSP00000043903,val,True,24,mouse,known,NC3
3027,ENSMUST00000046719,ENSMUSP00000043909,train,True,24,mouse,known,NC3
3028,ENSMUST00000048615,ENSMUSP00000043926,test,True,24,mouse,known,NC3
3029,ENSMUST00000048359,ENSMUSP00000043953,train,True,24,mouse,known,NC3
3030,ENSMUST00000044158,ENSMUSP00000043981,train,True,24,mouse,known,NC3
3031,ENSMUST00000036041,ENSMUSP00000043996,val,True,24,mouse,known,NC3
3032,ENSMUST00000049149,ENSMUSP00000044004,train,True,24,mouse,known,NC3
3033,ENSMUST00000035751,ENSMUSP00000044038,train,True,24,mouse,known,NC3
3034,ENSMUST00000037947,ENSMUSP00000044048,val,True,24,mouse,known,NC3
3035,ENSMUST00000039541,ENSMUSP00000044049,train,True,24,mouse,known,NC3
3036,ENSMUST00000036044,ENSMUSP00000044069,train,True,24,mouse,known,NC3
3037,ENSMUST00000049151,ENSMUSP00000044075,train,True,24,mouse,known,NC3
3038,ENSMUST00000047281,ENSMUSP00000044129,val,True,24,mouse,known,NC3
3039,ENSMUST00000037666,ENSMUSP00000044135,train,True,24,mouse,known,NC3
3040,ENSMUST00000045897,nan,test,True,24,mouse,known,NC3
3041,ENSMUST00000035481,ENSMUSP00000044253,train,True,24,mouse,known,NC3
3042,ENSMUST00000047285,ENSMUSP00000044262,train,True,24,mouse,known,NC3
3043,ENSMUST00000043624,ENSMUSP00000044268,test,True,24,mouse,known,NC3
3044,ENSMUST00000040090,ENSMUSP00000044292,val,True,24,mouse,known,NC3
3045,ENSMUST00000044166,ENSMUSP00000044305,train,True,24,mouse,known,NC3
3046,ENSMUST00000043359,ENSMUSP00000044361,train,True,24,mouse,known,NC3
3047,ENSMUST00000036852,ENSMUSP00000044363,test,True,24,mouse,known,NC3
3048,ENSMUST00000038210,ENSMUSP00000044370,test,True,24,mouse,known,NC3
3049,ENSMUST00000036049,ENSMUSP00000044371,train,True,24,mouse,known,NC3
3050,ENSMUST00000045301,ENSMUSP00000044395,train,True,24,mouse,known,NC3
3051,ENSMUST00000043627,ENSMUSP00000044417,train,True,24,mouse,known,NC3
3052,ENSMUST00000035484,ENSMUSP00000044420,val,True,24,mouse,known,NC3
3053,ENSMUST00000049156,ENSMUSP00000044430,train,True,24,mouse,known,NC3
3054,ENSMUST00000038211,ENSMUSP00000044435,val,True,24,mouse,known,NC3
3055,ENSMUST00000039280,ENSMUSP00000044472,train,True,24,mouse,known,NC3
3056,ENSMUST00000048914,ENSMUSP00000044497,train,True,24,mouse,known,NC3
3057,ENSMUST00000036854,ENSMUSP00000044502,train,True,24,mouse,known,NC3
3058,ENSMUST00000041466,ENSMUSP00000044533,train,True,24,mouse,known,NC3
3059,ENSMUST00000038213,ENSMUSP00000044535,train,True,24,mouse,known,NC3
3060,ENSMUST00000045905,ENSMUSP00000044554,train,True,24,mouse,known,NC3
3061,ENSMUST00000045628,ENSMUSP00000044570,test,True,24,mouse,known,NC3
3062,ENSMUST00000043893,ENSMUSP00000044577,train,True,24,mouse,known,NC3
3063,ENSMUST00000039551,ENSMUSP00000044582,train,True,24,mouse,known,NC3
3064,ENSMUST00000041208,ENSMUSP00000044604,val,True,24,mouse,known,NC3
3065,ENSMUST00000037958,ENSMUSP00000044624,train,True,24,mouse,known,NC3
3066,ENSMUST00000043897,ENSMUSP00000044639,train,True,24,mouse,known,NC3
3067,ENSMUST00000045312,ENSMUSP00000044645,train,True,24,mouse,known,NC3
3068,ENSMUST00000047036,ENSMUSP00000044653,test,True,24,mouse,known,NC3
3069,ENSMUST00000046735,ENSMUSP00000044654,val,True,24,mouse,known,NC3
3070,ENSMUST00000047037,ENSMUSP00000044677,test,True,24,mouse,known,NC3
3071,ENSMUST00000039554,ENSMUSP00000044687,train,True,24,mouse,known,NC3
3072,ENSMUST00000048374,ENSMUSP00000044714,train,True,24,mouse,known,NC3
3073,ENSMUST00000038498,ENSMUSP00000044725,train,True,24,mouse,known,NC3
3074,ENSMUST00000039286,ENSMUSP00000044769,train,True,24,mouse,known,NC3
3075,ENSMUST00000035771,ENSMUSP00000044790,train,True,24,mouse,known,NC3
3076,ENSMUST00000036862,ENSMUSP00000044797,val,True,24,mouse,known,NC3
3077,ENSMUST00000042824,ENSMUSP00000044801,test,True,24,mouse,known,NC3
3078,ENSMUST00000045633,ENSMUSP00000044827,train,True,24,mouse,known,NC3
3079,ENSMUST00000040624,ENSMUSP00000044833,train,True,24,mouse,known,NC3
3080,ENSMUST00000039557,ENSMUSP00000044834,train,True,24,mouse,known,NC3
3081,ENSMUST00000048073,ENSMUSP00000044871,val,True,24,mouse,known,NC3
3082,ENSMUST00000047835,ENSMUSP00000044898,train,True,24,mouse,known,NC3
3083,ENSMUST00000039559,ENSMUSP00000044903,train,True,24,mouse,known,NC3
3084,ENSMUST00000042281,ENSMUSP00000044924,val,True,24,mouse,known,NC3
3085,ENSMUST00000036865,ENSMUSP00000044931,val,True,24,mouse,known,NC3
3086,ENSMUST00000044466,ENSMUSP00000044937,train,True,24,mouse,known,NC3
3087,ENSMUST00000036615,ENSMUSP00000044955,test,True,24,mouse,known,NC3
3088,ENSMUST00000047040,ENSMUSP00000044979,train,True,24,mouse,known,NC3
3089,ENSMUST00000049167,ENSMUSP00000044990,train,True,24,mouse,known,NC3
3090,ENSMUST00000035775,ENSMUSP00000044993,test,True,24,mouse,known,NC3
3091,ENSMUST00000049168,ENSMUSP00000045016,val,True,24,mouse,known,NC3
3092,ENSMUST00000035776,ENSMUSP00000045043,train,True,24,mouse,known,NC3
3093,ENSMUST00000035493,ENSMUSP00000045048,test,True,24,mouse,known,NC3
3094,ENSMUST00000046746,ENSMUSP00000045057,train,True,24,mouse,known,NC3
3095,ENSMUST00000042012,ENSMUSP00000045073,train,True,24,mouse,known,NC3
3096,ENSMUST00000048079,ENSMUSP00000045084,test,True,24,mouse,known,NC3
3097,ENSMUST00000041759,ENSMUSP00000045126,val,True,24,mouse,known,NC3
3098,ENSMUST00000039007,ENSMUSP00000045141,train,True,24,mouse,known,NC3
3099,ENSMUST00000038228,ENSMUSP00000045154,train,True,24,mouse,known,NC3
3100,ENSMUST00000036872,ENSMUSP00000045201,train,True,24,mouse,known,NC3
3101,ENSMUST00000042546,ENSMUSP00000045214,train,True,24,mouse,known,NC3
3102,ENSMUST00000046212,ENSMUSP00000045216,train,True,24,mouse,known,NC3
3103,ENSMUST00000035495,ENSMUSP00000045217,train,True,24,mouse,known,NC3
3104,ENSMUST00000043378,ENSMUSP00000045252,train,True,24,mouse,known,NC3
3105,ENSMUST00000045918,ENSMUSP00000045272,test,True,24,mouse,known,NC3
3106,ENSMUST00000046497,ENSMUSP00000045283,train,True,24,mouse,known,NC3
3107,ENSMUST00000042834,ENSMUSP00000045284,train,True,24,mouse,known,NC3
3108,ENSMUST00000045026,ENSMUSP00000045286,test,True,24,mouse,known,NC3
3109,ENSMUST00000037968,ENSMUSP00000045297,train,True,24,mouse,known,NC3
3110,ENSMUST00000036333,ENSMUSP00000045304,train,True,24,mouse,known,NC3
3111,ENSMUST00000048391,ENSMUSP00000045344,train,True,24,mouse,known,NC3
3112,ENSMUST00000045029,ENSMUSP00000045351,train,True,24,mouse,known,NC3
3113,ENSMUST00000048642,ENSMUSP00000045361,train,True,24,mouse,known,NC3
3114,ENSMUST00000038775,ENSMUSP00000045369,train,True,24,mouse,known,NC3
3115,ENSMUST00000039571,ENSMUSP00000045376,test,True,24,mouse,known,NC3
3116,ENSMUST00000043126,ENSMUSP00000045386,train,True,24,mouse,known,NC3
3117,ENSMUST00000041768,ENSMUSP00000045394,train,True,24,mouse,known,NC3
3118,ENSMUST00000044475,ENSMUSP00000045409,train,True,24,mouse,known,NC3
3119,ENSMUST00000041767,ENSMUSP00000045413,train,True,24,mouse,known,NC3
3120,ENSMUST00000046502,ENSMUSP00000045454,val,True,24,mouse,known,NC3
3121,ENSMUST00000041231,ENSMUSP00000045460,train,True,24,mouse,known,NC3
3122,ENSMUST00000048393,ENSMUSP00000045474,train,True,24,mouse,known,NC3
3123,ENSMUST00000041769,ENSMUSP00000045480,val,True,24,mouse,known,NC3
3124,ENSMUST00000048646,ENSMUSP00000045490,train,True,24,mouse,known,NC3
3125,ENSMUST00000036880,ENSMUSP00000045527,train,True,24,mouse,known,NC3
3126,ENSMUST00000041772,ENSMUSP00000045559,train,True,24,mouse,known,NC3
3127,ENSMUST00000038237,ENSMUSP00000045580,train,True,24,mouse,known,NC3
3128,ENSMUST00000044478,ENSMUSP00000045606,train,True,24,mouse,known,NC3
3129,ENSMUST00000040907,ENSMUSP00000045621,train,True,24,mouse,known,NC3
3130,ENSMUST00000042025,ENSMUSP00000045634,train,True,24,mouse,known,NC3
3131,ENSMUST00000037709,ENSMUSP00000045650,train,True,24,mouse,known,NC3
3132,ENSMUST00000036340,ENSMUSP00000045667,train,True,24,mouse,known,NC3
3133,ENSMUST00000036074,ENSMUSP00000045676,test,True,24,mouse,known,NC3
3134,ENSMUST00000047057,ENSMUSP00000045683,train,True,24,mouse,known,NC3
3135,ENSMUST00000046755,ENSMUSP00000045693,train,True,24,mouse,known,NC3
3136,ENSMUST00000045041,ENSMUSP00000045721,train,True,24,mouse,known,NC3
3137,ENSMUST00000040117,ENSMUSP00000045740,train,True,24,mouse,known,NC3
3138,ENSMUST00000048653,ENSMUSP00000045755,train,True,24,mouse,known,NC3
3139,ENSMUST00000042556,ENSMUSP00000045812,val,True,24,mouse,known,NC3
3140,ENSMUST00000040914,ENSMUSP00000045816,train,True,24,mouse,known,NC3
3141,ENSMUST00000039581,ENSMUSP00000045832,val,True,24,mouse,known,NC3
3142,ENSMUST00000048655,ENSMUSP00000045838,train,True,24,mouse,known,NC3
3143,ENSMUST00000046514,ENSMUSP00000045841,train,True,24,mouse,known,NC3
3144,ENSMUST00000046515,ENSMUSP00000045864,test,True,24,mouse,known,NC3
3145,ENSMUST00000040912,ENSMUSP00000045873,val,True,24,mouse,known,NC3
3146,ENSMUST00000041782,ENSMUSP00000045888,train,True,24,mouse,known,NC3
3147,ENSMUST00000043138,ENSMUSP00000045910,train,True,24,mouse,known,NC3
3148,ENSMUST00000041783,ENSMUSP00000045913,val,True,24,mouse,known,NC3
3149,ENSMUST00000042852,ENSMUSP00000045927,test,True,24,mouse,known,NC3
3150,ENSMUST00000040915,ENSMUSP00000045945,train,True,24,mouse,known,NC3
3151,ENSMUST00000047860,ENSMUSP00000045948,val,True,24,mouse,known,NC3
3152,ENSMUST00000048657,ENSMUSP00000045955,train,True,24,mouse,known,NC3
3153,ENSMUST00000048099,ENSMUSP00000045988,test,True,24,mouse,known,NC3
3154,ENSMUST00000049453,ENSMUSP00000045998,train,True,24,mouse,known,NC3
3155,ENSMUST00000040917,ENSMUSP00000046016,train,True,24,mouse,known,NC3
3156,ENSMUST00000046518,ENSMUSP00000046027,train,True,24,mouse,known,NC3
3157,ENSMUST00000043397,ENSMUSP00000046044,val,True,24,mouse,known,NC3
3158,ENSMUST00000039881,ENSMUSP00000046046,train,True,24,mouse,known,NC3
3159,ENSMUST00000047864,ENSMUSP00000046101,train,True,24,mouse,known,NC3
3160,ENSMUST00000044492,ENSMUSP00000046129,train,True,24,mouse,known,NC3
3161,ENSMUST00000040656,ENSMUSP00000046168,test,True,24,mouse,known,NC3
3162,ENSMUST00000047865,ENSMUSP00000046185,val,True,24,mouse,known,NC3
3163,ENSMUST00000035242,ENSMUSP00000046188,val,True,24,mouse,known,NC3
3164,ENSMUST00000043929,ENSMUSP00000046197,train,True,24,mouse,known,NC3
3165,ENSMUST00000044179,ENSMUSP00000046203,train,True,24,mouse,known,NC3
3166,ENSMUST00000043141,ENSMUSP00000046204,train,True,24,mouse,known,NC3
3167,ENSMUST00000043931,ENSMUSP00000046256,train,True,24,mouse,known,NC3
3168,ENSMUST00000046770,ENSMUSP00000046311,train,True,24,mouse,known,NC3
3169,ENSMUST00000040924,ENSMUSP00000046320,train,True,24,mouse,known,NC3
3170,ENSMUST00000049460,ENSMUSP00000046340,train,True,24,mouse,known,NC3
3171,ENSMUST00000038791,ENSMUSP00000046371,test,True,24,mouse,known,NC3
3172,ENSMUST00000040381,ENSMUSP00000046388,train,True,24,mouse,known,NC3
3173,ENSMUST00000045351,ENSMUSP00000046412,train,True,24,mouse,known,NC3
3174,ENSMUST00000040383,ENSMUSP00000046449,val,True,24,mouse,known,NC3
3175,ENSMUST00000049461,ENSMUSP00000046453,train,True,24,mouse,known,NC3
3176,ENSMUST00000043937,ENSMUSP00000046480,val,True,24,mouse,known,NC3
3177,ENSMUST00000045356,ENSMUSP00000046506,train,True,24,mouse,known,NC3
3178,ENSMUST00000042290,ENSMUSP00000046530,train,True,24,mouse,known,NC3
3179,ENSMUST00000043149,ENSMUSP00000046532,train,True,24,mouse,known,NC3
3180,ENSMUST00000040668,ENSMUSP00000046538,train,True,24,mouse,known,NC3
3181,ENSMUST00000038514,ENSMUSP00000046540,train,True,24,mouse,known,NC3
3182,ENSMUST00000043150,ENSMUSP00000046585,val,True,24,mouse,known,NC3
3183,ENSMUST00000038794,ENSMUSP00000046604,train,True,24,mouse,known,NC3
3184,ENSMUST00000044507,ENSMUSP00000046625,train,True,24,mouse,known,NC3
3185,ENSMUST00000049209,ENSMUSP00000046636,train,True,24,mouse,known,NC3
3186,ENSMUST00000039333,ENSMUSP00000046639,train,True,24,mouse,known,NC3
3187,ENSMUST00000043152,ENSMUSP00000046643,test,True,24,mouse,known,NC3
3188,ENSMUST00000045644,ENSMUSP00000046658,train,True,24,mouse,known,NC3
3189,ENSMUST00000048116,ENSMUSP00000046714,train,True,24,mouse,known,NC3
3190,ENSMUST00000040135,ENSMUSP00000046732,test,True,24,mouse,known,NC3
3191,ENSMUST00000048418,ENSMUSP00000046759,test,True,24,mouse,known,NC3
3192,ENSMUST00000042052,ENSMUSP00000046766,train,True,24,mouse,known,NC3
3193,ENSMUST00000043414,ENSMUSP00000046774,test,True,24,mouse,known,NC3
3194,ENSMUST00000037182,ENSMUSP00000046788,train,True,24,mouse,known,NC3
3195,ENSMUST00000042055,ENSMUSP00000046837,val,True,24,mouse,known,NC3
3196,ENSMUST00000042575,ENSMUSP00000046843,train,True,24,mouse,known,NC3
3197,ENSMUST00000048678,ENSMUSP00000046856,test,True,24,mouse,known,NC3
3198,ENSMUST00000048677,ENSMUSP00000046877,test,True,24,mouse,known,NC3
3199,ENSMUST00000035812,ENSMUSP00000046883,val,True,24,mouse,known,NC3
3200,ENSMUST00000048937,ENSMUSP00000046905,train,True,24,mouse,known,NC3
3201,ENSMUST00000082437,ENSMUSP00000046910,train,True,24,mouse,known,NC3
3202,ENSMUST00000038523,ENSMUSP00000046981,train,True,24,mouse,known,NC3
3203,ENSMUST00000037480,ENSMUSP00000046991,train,True,24,mouse,known,NC3
3204,ENSMUST00000044766,ENSMUSP00000046992,train,True,24,mouse,known,NC3
3205,ENSMUST00000049474,ENSMUSP00000047012,train,True,24,mouse,known,NC3
3206,ENSMUST00000041262,ENSMUSP00000047015,train,True,24,mouse,known,NC3
3207,ENSMUST00000047883,ENSMUSP00000047029,test,True,24,mouse,known,NC3
3208,ENSMUST00000040676,ENSMUSP00000047042,train,True,24,mouse,known,NC3
3209,ENSMUST00000039608,ENSMUSP00000047054,val,True,24,mouse,known,NC3
3210,ENSMUST00000043422,ENSMUSP00000047105,train,True,24,mouse,known,NC3
3211,ENSMUST00000044521,ENSMUSP00000047113,train,True,24,mouse,known,NC3
3212,ENSMUST00000037739,ENSMUSP00000047119,train,True,24,mouse,known,NC3
3213,ENSMUST00000044200,ENSMUSP00000047123,train,True,24,mouse,known,NC3
3214,ENSMUST00000047885,ENSMUSP00000047126,val,True,24,mouse,known,NC3
3215,ENSMUST00000043160,ENSMUSP00000047157,train,True,24,mouse,known,NC3
3216,ENSMUST00000046246,ENSMUSP00000047173,train,True,24,mouse,known,NC3
3217,ENSMUST00000044524,ENSMUSP00000047186,test,True,24,mouse,known,NC3
3218,ENSMUST00000045970,ENSMUSP00000047199,test,True,24,mouse,known,NC3
3219,ENSMUST00000045366,ENSMUSP00000047208,train,True,24,mouse,known,NC3
3220,ENSMUST00000045078,ENSMUSP00000047218,train,True,24,mouse,known,NC3
3221,ENSMUST00000037190,ENSMUSP00000047235,train,True,24,mouse,known,NC3
3222,ENSMUST00000039610,ENSMUSP00000047254,train,True,24,mouse,known,NC3
3223,ENSMUST00000040148,ENSMUSP00000047273,train,True,24,mouse,known,NC3
3224,ENSMUST00000045368,ENSMUSP00000047275,val,True,24,mouse,known,NC3
3225,ENSMUST00000035822,ENSMUSP00000047278,train,True,24,mouse,known,NC3
3226,ENSMUST00000046792,ENSMUSP00000047291,train,True,24,mouse,known,NC3
3227,ENSMUST00000035540,ENSMUSP00000047308,test,True,24,mouse,known,NC3
3228,ENSMUST00000041524,ENSMUSP00000047320,val,True,24,mouse,known,NC3
3229,ENSMUST00000043951,ENSMUSP00000047326,train,True,24,mouse,known,NC3
3230,ENSMUST00000041272,ENSMUSP00000047327,test,True,24,mouse,known,NC3
3231,ENSMUST00000048128,ENSMUSP00000047333,train,True,24,mouse,known,NC3
3232,ENSMUST00000035266,ENSMUSP00000047356,train,True,24,mouse,known,NC3
3233,ENSMUST00000044776,ENSMUSP00000047376,train,True,24,mouse,known,NC3
3234,ENSMUST00000044207,ENSMUSP00000047397,train,True,24,mouse,known,NC3
3235,ENSMUST00000040687,ENSMUSP00000047410,test,True,24,mouse,known,NC3
3236,ENSMUST00000045664,ENSMUSP00000047445,train,True,24,mouse,known,NC3
3237,ENSMUST00000045665,ENSMUSP00000047463,train,True,24,mouse,known,NC3
3238,ENSMUST00000047349,ENSMUSP00000047467,train,True,24,mouse,known,NC3
3239,ENSMUST00000048687,ENSMUSP00000047474,train,True,24,mouse,known,NC3
3240,ENSMUST00000042312,ENSMUSP00000047475,train,True,24,mouse,known,NC3
3241,ENSMUST00000044530,ENSMUSP00000047505,train,True,24,mouse,known,NC3
3242,ENSMUST00000048688,ENSMUSP00000047541,train,True,24,mouse,known,NC3
3243,ENSMUST00000036928,ENSMUSP00000047551,train,True,24,mouse,known,NC3
3244,ENSMUST00000039061,ENSMUSP00000047562,train,True,24,mouse,known,NC3
3245,ENSMUST00000048946,ENSMUSP00000047569,train,True,24,mouse,known,NC3
3246,ENSMUST00000047616,ENSMUSP00000047570,train,True,24,mouse,known,NC3
3247,ENSMUST00000037748,ENSMUSP00000047571,val,True,24,mouse,known,NC3
3248,ENSMUST00000036649,ENSMUSP00000047588,val,True,24,mouse,known,NC3
3249,ENSMUST00000045376,ENSMUSP00000047665,val,True,24,mouse,known,NC3
3250,ENSMUST00000047898,ENSMUSP00000047683,train,True,24,mouse,known,NC3
3251,ENSMUST00000044217,ENSMUSP00000047697,train,True,24,mouse,known,NC3
3252,ENSMUST00000036381,ENSMUSP00000047700,train,True,24,mouse,known,NC3
3253,ENSMUST00000039620,ENSMUSP00000047712,train,True,24,mouse,known,NC3
3254,ENSMUST00000048138,ENSMUSP00000047737,train,True,24,mouse,known,NC3
3255,ENSMUST00000040962,ENSMUSP00000047778,val,True,24,mouse,known,NC3
3256,ENSMUST00000046257,ENSMUSP00000047792,train,True,24,mouse,known,NC3
3257,ENSMUST00000047357,ENSMUSP00000047797,train,True,24,mouse,known,NC3
3258,ENSMUST00000048139,ENSMUSP00000047825,test,True,24,mouse,known,NC3
3259,ENSMUST00000039892,ENSMUSP00000047838,train,True,24,mouse,known,NC3
3260,ENSMUST00000047621,ENSMUSP00000047839,train,True,24,mouse,known,NC3
3261,ENSMUST00000035276,ENSMUSP00000047845,train,True,24,mouse,known,NC3
3262,ENSMUST00000046259,ENSMUSP00000047864,train,True,24,mouse,known,NC3
3263,ENSMUST00000042601,ENSMUSP00000047865,train,True,24,mouse,known,NC3
3264,ENSMUST00000042901,ENSMUSP00000047872,train,True,24,mouse,known,NC3
3265,ENSMUST00000043437,ENSMUSP00000047878,val,True,24,mouse,known,NC3
3266,ENSMUST00000039894,ENSMUSP00000047880,train,True,24,mouse,known,NC3
3267,ENSMUST00000040700,ENSMUSP00000047881,train,True,24,mouse,known,NC3
3268,ENSMUST00000040416,ENSMUSP00000047898,test,True,24,mouse,known,NC3
3269,ENSMUST00000044220,ENSMUSP00000047904,train,True,24,mouse,known,NC3
3270,ENSMUST00000043674,ENSMUSP00000047917,val,True,24,mouse,known,NC3
3271,ENSMUST00000047903,ENSMUSP00000047923,train,True,24,mouse,known,NC3
3272,ENSMUST00000043961,ENSMUSP00000047927,train,True,24,mouse,known,NC3
3273,ENSMUST00000040159,ENSMUSP00000047931,train,True,24,mouse,known,NC3
3274,ENSMUST00000043962,ENSMUSP00000047950,test,True,24,mouse,known,NC3
3275,ENSMUST00000043675,nan,train,True,24,mouse,known,NC3
3276,ENSMUST00000040967,ENSMUSP00000047980,train,True,24,mouse,known,NC3
3277,ENSMUST00000037998,ENSMUSP00000047992,train,True,24,mouse,known,NC3
3278,ENSMUST00000040421,ENSMUSP00000048001,train,True,24,mouse,known,NC3
3279,ENSMUST00000043680,ENSMUSP00000048036,train,True,24,mouse,known,NC3
3280,ENSMUST00000049242,ENSMUSP00000048042,train,True,24,mouse,known,NC3
3281,ENSMUST00000043964,ENSMUSP00000048053,train,True,24,mouse,known,NC3
3282,ENSMUST00000043966,ENSMUSP00000048078,train,True,24,mouse,known,NC3
3283,ENSMUST00000044795,ENSMUSP00000048084,train,True,24,mouse,known,NC3
3284,ENSMUST00000039900,ENSMUSP00000048099,train,True,24,mouse,known,NC3
3285,ENSMUST00000035283,ENSMUSP00000048101,train,True,24,mouse,known,NC3
3286,ENSMUST00000045986,ENSMUSP00000048111,train,True,24,mouse,known,NC3
3287,ENSMUST00000046266,ENSMUSP00000048120,train,True,24,mouse,known,NC3
3288,ENSMUST00000049245,nan,test,True,24,mouse,known,NC3
3289,ENSMUST00000042608,ENSMUSP00000048180,train,True,24,mouse,known,NC3
3290,ENSMUST00000040971,ENSMUSP00000048183,train,True,24,mouse,known,NC3
3291,ENSMUST00000037210,ENSMUSP00000048190,val,True,24,mouse,known,NC3
3292,ENSMUST00000035840,ENSMUSP00000048198,train,True,24,mouse,known,NC3
3293,ENSMUST00000040972,ENSMUSP00000048204,train,True,24,mouse,known,NC3
3294,ENSMUST00000038295,ENSMUSP00000048214,train,True,24,mouse,known,NC3
3295,ENSMUST00000039631,ENSMUSP00000048218,train,True,24,mouse,known,NC3
3296,ENSMUST00000049246,ENSMUSP00000048225,train,True,24,mouse,known,NC3
3297,ENSMUST00000041804,ENSMUSP00000048238,train,True,24,mouse,known,NC3
3298,ENSMUST00000047085,ENSMUSP00000048260,val,True,24,mouse,known,NC3
3299,ENSMUST00000047368,ENSMUSP00000048262,train,True,24,mouse,known,NC3
3300,ENSMUST00000048706,ENSMUSP00000048319,train,True,24,mouse,known,NC3
3301,ENSMUST00000041544,ENSMUSP00000048334,train,True,24,mouse,known,NC3
3302,ENSMUST00000047086,ENSMUSP00000048337,val,True,24,mouse,known,NC3
3303,ENSMUST00000037763,ENSMUSP00000048340,train,True,24,mouse,known,NC3
3304,ENSMUST00000042614,ENSMUSP00000048345,train,True,24,mouse,known,NC3
3305,ENSMUST00000036111,ENSMUSP00000048348,train,True,24,mouse,known,NC3
3306,ENSMUST00000040430,ENSMUSP00000048350,train,True,24,mouse,known,NC3
3307,ENSMUST00000047629,ENSMUSP00000048377,train,True,24,mouse,known,NC3
3308,ENSMUST00000048962,ENSMUSP00000048383,val,True,24,mouse,known,NC3
3309,ENSMUST00000038830,ENSMUSP00000048395,test,True,24,mouse,known,NC3
3310,ENSMUST00000045993,ENSMUSP00000048416,train,True,24,mouse,known,NC3
3311,ENSMUST00000036951,ENSMUSP00000048425,train,True,24,mouse,known,NC3
3312,ENSMUST00000044556,ENSMUSP00000048426,train,True,24,mouse,known,NC3
3313,ENSMUST00000036952,ENSMUSP00000048441,train,True,24,mouse,known,NC3
3314,ENSMUST00000038551,ENSMUSP00000048443,train,True,24,mouse,known,NC3
3315,ENSMUST00000045994,ENSMUSP00000048450,train,True,24,mouse,known,NC3
3316,ENSMUST00000045396,ENSMUSP00000048454,test,True,24,mouse,known,NC3
3317,ENSMUST00000047632,ENSMUSP00000048457,train,True,24,mouse,known,NC3
3318,ENSMUST00000042334,ENSMUSP00000048469,train,True,24,mouse,known,NC3
3319,ENSMUST00000048155,ENSMUSP00000048470,train,True,24,mouse,known,NC3
3320,ENSMUST00000038831,ENSMUSP00000048479,val,True,24,mouse,known,NC3
3321,ENSMUST00000038552,ENSMUSP00000048489,train,True,24,mouse,known,NC3
3322,ENSMUST00000035295,ENSMUSP00000048519,train,True,24,mouse,known,NC3
3323,ENSMUST00000045693,ENSMUSP00000048537,train,True,24,mouse,known,NC3
3324,ENSMUST00000048967,ENSMUSP00000048555,train,True,24,mouse,known,NC3
3325,ENSMUST00000043975,ENSMUSP00000048557,train,True,24,mouse,known,NC3
3326,ENSMUST00000039088,ENSMUSP00000048592,train,True,24,mouse,known,NC3
3327,ENSMUST00000041551,ENSMUSP00000048595,train,True,24,mouse,known,NC3
3328,ENSMUST00000036665,ENSMUSP00000048603,val,True,24,mouse,known,NC3
3329,ENSMUST00000039913,ENSMUSP00000048643,train,True,24,mouse,known,NC3
3330,ENSMUST00000040434,ENSMUSP00000048696,train,True,24,mouse,known,NC3
3331,ENSMUST00000035850,ENSMUSP00000048709,train,True,24,mouse,known,NC3
3332,ENSMUST00000038014,ENSMUSP00000048714,train,True,24,mouse,known,NC3
3333,ENSMUST00000040437,ENSMUSP00000048721,train,True,24,mouse,known,NC3
3334,ENSMUST00000048162,ENSMUSP00000048742,train,True,24,mouse,known,NC3
3335,ENSMUST00000035301,ENSMUSP00000048770,train,True,24,mouse,known,NC3
3336,ENSMUST00000049257,ENSMUSP00000048802,val,True,24,mouse,known,NC3
3337,ENSMUST00000046558,ENSMUSP00000048810,val,True,24,mouse,known,NC3
3338,ENSMUST00000046283,ENSMUSP00000048817,val,True,24,mouse,known,NC3
3339,ENSMUST00000038558,ENSMUSP00000048825,train,True,24,mouse,known,NC3
3340,ENSMUST00000048718,ENSMUSP00000048826,val,True,24,mouse,known,NC3
3341,ENSMUST00000036125,ENSMUSP00000048833,val,True,24,mouse,known,NC3
3342,ENSMUST00000043172,ENSMUSP00000048838,test,True,24,mouse,known,NC3
3343,ENSMUST00000036126,ENSMUSP00000048877,test,True,24,mouse,known,NC3
3344,ENSMUST00000041555,ENSMUSP00000048901,train,True,24,mouse,known,NC3
3345,ENSMUST00000040990,ENSMUSP00000048925,train,True,24,mouse,known,NC3
3346,ENSMUST00000042923,ENSMUSP00000048971,train,True,24,mouse,known,NC3
3347,ENSMUST00000040445,ENSMUSP00000048994,train,True,24,mouse,known,NC3
3348,ENSMUST00000046288,ENSMUSP00000049000,train,True,24,mouse,known,NC3
3349,ENSMUST00000042345,ENSMUSP00000049007,train,True,24,mouse,known,NC3
3350,ENSMUST00000046835,ENSMUSP00000049026,train,True,24,mouse,known,NC3
3351,ENSMUST00000042096,ENSMUSP00000049034,val,True,24,mouse,known,NC3
3352,ENSMUST00000041558,ENSMUSP00000049038,train,True,24,mouse,known,NC3
3353,ENSMUST00000040992,ENSMUSP00000049056,train,True,24,mouse,known,NC3
3354,ENSMUST00000041282,ENSMUSP00000049057,train,True,24,mouse,known,NC3
3355,ENSMUST00000039652,ENSMUSP00000049095,val,True,24,mouse,known,NC3
3356,ENSMUST00000045097,ENSMUSP00000049104,train,True,24,mouse,known,NC3
3357,ENSMUST00000049263,ENSMUSP00000049112,train,True,24,mouse,known,NC3
3358,ENSMUST00000044250,ENSMUSP00000049116,train,True,24,mouse,known,NC3
3359,ENSMUST00000035560,ENSMUSP00000049124,train,True,24,mouse,known,NC3
3360,ENSMUST00000043464,ENSMUSP00000049128,train,True,24,mouse,known,NC3
3361,ENSMUST00000043990,ENSMUSP00000049146,train,True,24,mouse,known,NC3
3362,ENSMUST00000040188,ENSMUSP00000049156,test,True,24,mouse,known,NC3
3363,ENSMUST00000046290,ENSMUSP00000049252,train,True,24,mouse,known,NC3
3364,ENSMUST00000045705,ENSMUSP00000049258,train,True,24,mouse,known,NC3
3365,ENSMUST00000037232,ENSMUSP00000049265,train,True,24,mouse,known,NC3
3366,ENSMUST00000037783,ENSMUSP00000049280,train,True,24,mouse,known,NC3
3367,ENSMUST00000037504,ENSMUSP00000049284,train,True,24,mouse,known,NC3
3368,ENSMUST00000044252,ENSMUSP00000049319,train,True,24,mouse,known,NC3
3369,ENSMUST00000041826,ENSMUSP00000049331,train,True,24,mouse,known,NC3
3370,ENSMUST00000038570,ENSMUSP00000049338,train,True,24,mouse,known,NC3
3371,ENSMUST00000038027,ENSMUSP00000049355,train,True,24,mouse,known,NC3
3372,ENSMUST00000039659,ENSMUSP00000049394,train,True,24,mouse,known,NC3
3373,ENSMUST00000048988,ENSMUSP00000049404,train,True,24,mouse,known,NC3
3374,ENSMUST00000048731,ENSMUSP00000049440,train,True,24,mouse,known,NC3
3375,ENSMUST00000052135,ENSMUSP00000049528,train,True,24,mouse,known,NC3
3376,ENSMUST00000053918,ENSMUSP00000049605,train,True,24,mouse,known,NC3
3377,ENSMUST00000059042,ENSMUSP00000049625,val,True,24,mouse,known,NC3
3378,ENSMUST00000057910,ENSMUSP00000049705,train,True,24,mouse,known,NC3
3379,ENSMUST00000054234,ENSMUSP00000049723,train,True,24,mouse,known,NC3
3380,ENSMUST00000054523,ENSMUSP00000049823,val,True,24,mouse,known,NC3
3381,ENSMUST00000058615,ENSMUSP00000049834,train,True,24,mouse,known,NC3
3382,ENSMUST00000061158,ENSMUSP00000049882,train,True,24,mouse,known,NC3
3383,ENSMUST00000060049,ENSMUSP00000049973,train,True,24,mouse,known,NC3
3384,ENSMUST00000062153,ENSMUSP00000050014,test,True,24,mouse,known,NC3
3385,ENSMUST00000054030,ENSMUSP00000050056,train,True,24,mouse,known,NC3
3386,ENSMUST00000061437,ENSMUSP00000050076,test,True,24,mouse,known,NC3
3387,ENSMUST00000059438,ENSMUSP00000050128,train,True,24,mouse,known,NC3
3388,ENSMUST00000054213,nan,train,True,24,mouse,known,NC3
3389,ENSMUST00000056237,ENSMUSP00000050181,val,True,24,mouse,known,NC3
3390,ENSMUST00000058735,ENSMUSP00000050191,test,True,24,mouse,known,NC3
3391,ENSMUST00000060766,ENSMUSP00000050220,test,True,24,mouse,known,NC3
3392,ENSMUST00000060561,ENSMUSP00000050237,train,True,24,mouse,known,NC3
3393,ENSMUST00000055389,ENSMUSP00000050246,train,True,24,mouse,known,NC3
3394,ENSMUST00000055409,ENSMUSP00000050258,train,True,24,mouse,known,NC3
3395,ENSMUST00000060500,ENSMUSP00000050289,test,True,24,mouse,known,NC3
3396,ENSMUST00000052798,nan,train,True,24,mouse,known,NC3
3397,ENSMUST00000059844,ENSMUSP00000050309,train,True,24,mouse,known,NC3
3398,ENSMUST00000054050,ENSMUSP00000050330,train,True,24,mouse,known,NC3
3399,ENSMUST00000053871,ENSMUSP00000050336,train,True,24,mouse,known,NC3
3400,ENSMUST00000062525,ENSMUSP00000050388,train,True,24,mouse,known,NC3
3401,ENSMUST00000058163,ENSMUSP00000050395,train,True,24,mouse,known,NC3
3402,ENSMUST00000057816,ENSMUSP00000050398,train,True,24,mouse,known,NC3
3403,ENSMUST00000058383,ENSMUSP00000050404,train,True,24,mouse,known,NC3
3404,ENSMUST00000053469,ENSMUSP00000050424,train,True,24,mouse,known,NC3
3405,ENSMUST00000049519,ENSMUSP00000050446,val,True,24,mouse,known,NC3
3406,ENSMUST00000060479,ENSMUSP00000050454,test,True,24,mouse,known,NC3
3407,ENSMUST00000056904,ENSMUSP00000050592,train,True,24,mouse,known,NC3
3408,ENSMUST00000053183,ENSMUSP00000050689,train,True,24,mouse,known,NC3
3409,ENSMUST00000052839,ENSMUSP00000050716,train,True,24,mouse,known,NC3
3410,ENSMUST00000058470,ENSMUSP00000050771,val,True,24,mouse,known,NC3
3411,ENSMUST00000053771,ENSMUSP00000050788,train,True,24,mouse,known,NC3
3412,ENSMUST00000060366,ENSMUSP00000050820,test,True,24,mouse,known,NC3
3413,ENSMUST00000060608,ENSMUSP00000050823,train,True,24,mouse,known,NC3
3414,ENSMUST00000056635,ENSMUSP00000050825,train,True,24,mouse,known,NC3
3415,ENSMUST00000060447,ENSMUSP00000050907,train,True,24,mouse,known,NC3
3416,ENSMUST00000059045,ENSMUSP00000050940,train,True,24,mouse,known,NC3
3417,ENSMUST00000062672,ENSMUSP00000050992,train,True,24,mouse,known,NC3
3418,ENSMUST00000058914,ENSMUSP00000051033,val,True,24,mouse,known,NC3
3419,ENSMUST00000049537,ENSMUSP00000051092,train,True,24,mouse,known,NC3
3420,ENSMUST00000060397,ENSMUSP00000051107,train,True,24,mouse,known,NC3
3421,ENSMUST00000050149,ENSMUSP00000051163,test,True,24,mouse,known,NC3
3422,ENSMUST00000049628,ENSMUSP00000051222,train,True,24,mouse,known,NC3
3423,ENSMUST00000055808,ENSMUSP00000051223,train,True,24,mouse,known,NC3
3424,ENSMUST00000057438,ENSMUSP00000051248,test,True,24,mouse,known,NC3
3425,ENSMUST00000058119,nan,train,True,24,mouse,known,NC3
3426,ENSMUST00000059390,ENSMUSP00000051263,train,True,24,mouse,known,NC3
3427,ENSMUST00000052999,ENSMUSP00000051268,train,True,24,mouse,known,NC3
3428,ENSMUST00000055242,ENSMUSP00000051293,val,True,24,mouse,known,NC3
3429,ENSMUST00000053467,ENSMUSP00000051335,train,True,24,mouse,known,NC3
3430,ENSMUST00000050398,ENSMUSP00000051366,train,True,24,mouse,known,NC3
3431,ENSMUST00000050214,ENSMUSP00000051389,train,True,24,mouse,known,NC3
3432,ENSMUST00000055077,ENSMUSP00000051396,train,True,24,mouse,known,NC3
3433,ENSMUST00000052686,ENSMUSP00000051432,val,True,24,mouse,known,NC3
3434,ENSMUST00000061895,ENSMUSP00000051438,test,True,24,mouse,known,NC3
3435,ENSMUST00000060945,ENSMUSP00000051479,train,True,24,mouse,known,NC3
3436,ENSMUST00000053666,ENSMUSP00000051490,train,True,24,mouse,known,NC3
3437,ENSMUST00000061578,ENSMUSP00000051492,train,True,24,mouse,known,NC3
3438,ENSMUST00000061882,ENSMUSP00000051569,train,True,24,mouse,known,NC3
3439,ENSMUST00000057669,ENSMUSP00000051619,train,True,24,mouse,known,NC3
3440,ENSMUST00000059899,nan,test,True,24,mouse,known,NC3
3441,ENSMUST00000061244,ENSMUSP00000051622,train,True,24,mouse,known,NC3
3442,ENSMUST00000062904,ENSMUSP00000051643,train,True,24,mouse,known,NC3
3443,ENSMUST00000049948,ENSMUSP00000051709,train,True,24,mouse,known,NC3
3444,ENSMUST00000060808,ENSMUSP00000051731,test,True,24,mouse,known,NC3
3445,ENSMUST00000058230,ENSMUSP00000051799,train,True,24,mouse,known,NC3
3446,ENSMUST00000061656,ENSMUSP00000051809,train,True,24,mouse,known,NC3
3447,ENSMUST00000053426,ENSMUSP00000051838,train,True,24,mouse,known,NC3
3448,ENSMUST00000049920,ENSMUSP00000051845,train,True,24,mouse,known,NC3
3449,ENSMUST00000051672,ENSMUSP00000051921,train,True,24,mouse,known,NC3
3450,ENSMUST00000050067,ENSMUSP00000051922,train,True,24,mouse,known,NC3
3451,ENSMUST00000052266,ENSMUSP00000051965,train,True,24,mouse,known,NC3
3452,ENSMUST00000057177,nan,train,True,24,mouse,known,NC3
3453,ENSMUST00000052678,ENSMUSP00000052020,val,True,24,mouse,known,NC3
3454,ENSMUST00000053288,ENSMUSP00000052096,train,True,24,mouse,known,NC3
3455,ENSMUST00000052201,ENSMUSP00000052109,val,True,24,mouse,known,NC3
3456,ENSMUST00000050077,ENSMUSP00000052146,train,True,24,mouse,known,NC3
3457,ENSMUST00000055454,ENSMUSP00000052166,train,True,24,mouse,known,NC3
3458,ENSMUST00000052138,ENSMUSP00000052170,train,True,24,mouse,known,NC3
3459,ENSMUST00000052514,ENSMUSP00000052172,test,True,24,mouse,known,NC3
3460,ENSMUST00000062945,nan,train,True,24,mouse,known,NC3
3461,ENSMUST00000053766,ENSMUSP00000052258,train,True,24,mouse,known,NC3
3462,ENSMUST00000061755,ENSMUSP00000052283,val,True,24,mouse,known,NC3
3463,ENSMUST00000053902,ENSMUSP00000052287,train,True,24,mouse,known,NC3
3464,ENSMUST00000050516,ENSMUSP00000052351,train,True,24,mouse,known,NC3
3465,ENSMUST00000056085,ENSMUSP00000052373,train,True,24,mouse,known,NC3
3466,ENSMUST00000053663,ENSMUSP00000052465,train,True,24,mouse,known,NC3
3467,ENSMUST00000057767,ENSMUSP00000052469,test,True,24,mouse,known,NC3
3468,ENSMUST00000057486,ENSMUSP00000052521,train,True,24,mouse,known,NC3
3469,ENSMUST00000054450,ENSMUSP00000052523,train,True,24,mouse,known,NC3
3470,ENSMUST00000060223,ENSMUSP00000052544,val,True,24,mouse,known,NC3
3471,ENSMUST00000060642,ENSMUSP00000052584,val,True,24,mouse,known,NC3
3472,ENSMUST00000052125,ENSMUSP00000052619,train,True,24,mouse,known,NC3
3473,ENSMUST00000052290,ENSMUSP00000052654,train,True,24,mouse,known,NC3
3474,ENSMUST00000054145,ENSMUSP00000052755,val,True,24,mouse,known,NC3
3475,ENSMUST00000053981,ENSMUSP00000052765,train,True,24,mouse,known,NC3
3476,ENSMUST00000052455,ENSMUSP00000052838,train,True,24,mouse,known,NC3
3477,ENSMUST00000053024,ENSMUSP00000052866,train,True,24,mouse,known,NC3
3478,ENSMUST00000057773,ENSMUSP00000052869,train,True,24,mouse,known,NC3
3479,ENSMUST00000053355,ENSMUSP00000052871,val,True,24,mouse,known,NC3
3480,ENSMUST00000055655,ENSMUSP00000052872,train,True,24,mouse,known,NC3
3481,ENSMUST00000060711,ENSMUSP00000052904,train,True,24,mouse,known,NC3
3482,ENSMUST00000060652,ENSMUSP00000052905,train,True,24,mouse,known,NC3
3483,ENSMUST00000052832,ENSMUSP00000052908,train,True,24,mouse,known,NC3
3484,ENSMUST00000054908,ENSMUSP00000052942,train,True,24,mouse,known,NC3
3485,ENSMUST00000053872,ENSMUSP00000052986,train,True,24,mouse,known,NC3
3486,ENSMUST00000058109,ENSMUSP00000053033,val,True,24,mouse,known,NC3
3487,ENSMUST00000052919,ENSMUSP00000053056,train,True,24,mouse,known,NC3
3488,ENSMUST00000054622,ENSMUSP00000053120,train,True,24,mouse,known,NC3
3489,ENSMUST00000049863,ENSMUSP00000053122,train,True,24,mouse,known,NC3
3490,ENSMUST00000055190,ENSMUSP00000053129,test,True,24,mouse,known,NC3
3491,ENSMUST00000062015,ENSMUSP00000053232,train,True,24,mouse,known,NC3
3492,ENSMUST00000061837,ENSMUSP00000053235,val,True,24,mouse,known,NC3
3493,ENSMUST00000060396,ENSMUSP00000053325,train,True,24,mouse,known,NC3
3494,ENSMUST00000062991,ENSMUSP00000053440,test,True,24,mouse,known,NC3
3495,ENSMUST00000055244,ENSMUSP00000053474,train,True,24,mouse,known,NC3
3496,ENSMUST00000063117,ENSMUSP00000053540,train,True,24,mouse,known,NC3
3497,ENSMUST00000050069,nan,train,True,24,mouse,known,NC3
3498,ENSMUST00000056149,ENSMUSP00000053558,train,True,24,mouse,known,NC3
3499,ENSMUST00000050211,ENSMUSP00000053616,train,True,24,mouse,known,NC3
3500,ENSMUST00000059256,ENSMUSP00000053632,test,True,24,mouse,known,NC3
3501,ENSMUST00000060061,ENSMUSP00000053672,train,True,24,mouse,known,NC3
3502,ENSMUST00000054599,ENSMUSP00000053751,train,True,24,mouse,known,NC3
3503,ENSMUST00000057855,ENSMUSP00000053766,train,True,24,mouse,known,NC3
3504,ENSMUST00000060067,ENSMUSP00000053842,val,True,24,mouse,known,NC3
3505,ENSMUST00000052204,ENSMUSP00000053871,train,True,24,mouse,known,NC3
3506,ENSMUST00000060805,ENSMUSP00000053877,val,True,24,mouse,known,NC3
3507,ENSMUST00000058295,ENSMUSP00000053897,train,True,24,mouse,known,NC3
3508,ENSMUST00000058754,ENSMUSP00000053900,train,True,24,mouse,known,NC3
3509,ENSMUST00000050073,ENSMUSP00000053916,test,True,24,mouse,known,NC3
3510,ENSMUST00000058845,ENSMUSP00000053943,train,True,24,mouse,known,NC3
3511,ENSMUST00000053287,ENSMUSP00000053955,train,True,24,mouse,known,NC3
3512,ENSMUST00000051589,ENSMUSP00000053971,train,True,24,mouse,known,NC3
3513,ENSMUST00000057659,ENSMUSP00000054033,val,True,24,mouse,known,NC3
3514,ENSMUST00000059270,ENSMUSP00000054084,train,True,24,mouse,known,NC3
3515,ENSMUST00000052712,ENSMUSP00000054112,train,True,24,mouse,known,NC3
3516,ENSMUST00000050323,ENSMUSP00000054150,train,True,24,mouse,known,NC3
3517,ENSMUST00000061070,ENSMUSP00000054154,train,True,24,mouse,known,NC3
3518,ENSMUST00000053740,ENSMUSP00000054168,train,True,24,mouse,known,NC3
3519,ENSMUST00000062584,ENSMUSP00000054209,test,True,24,mouse,known,NC3
3520,ENSMUST00000054674,ENSMUSP00000054263,train,True,24,mouse,known,NC3
3521,ENSMUST00000050952,ENSMUSP00000054322,train,True,24,mouse,known,NC3
3522,ENSMUST00000061143,ENSMUSP00000054338,val,True,24,mouse,known,NC3
3523,ENSMUST00000050646,ENSMUSP00000054367,train,True,24,mouse,known,NC3
3524,ENSMUST00000060513,ENSMUSP00000054370,train,True,24,mouse,known,NC3
3525,ENSMUST00000062831,ENSMUSP00000054380,val,True,24,mouse,known,NC3
3526,ENSMUST00000055352,ENSMUSP00000054420,val,True,24,mouse,known,NC3
3527,ENSMUST00000057110,ENSMUSP00000054421,train,True,24,mouse,known,NC3
3528,ENSMUST00000061772,ENSMUSP00000054424,train,True,24,mouse,known,NC3
3529,ENSMUST00000052838,ENSMUSP00000054428,val,True,24,mouse,known,NC3
3530,ENSMUST00000051955,nan,test,True,24,mouse,known,NC3
3531,ENSMUST00000055226,ENSMUSP00000054499,test,True,24,mouse,known,NC3
3532,ENSMUST00000058793,ENSMUSP00000054548,train,True,24,mouse,known,NC3
3533,ENSMUST00000057410,ENSMUSP00000054583,train,True,24,mouse,known,NC3
3534,ENSMUST00000059081,ENSMUSP00000054591,train,True,24,mouse,known,NC3
3535,ENSMUST00000057416,ENSMUSP00000054611,train,True,24,mouse,known,NC3
3536,ENSMUST00000051477,ENSMUSP00000054634,train,True,24,mouse,known,NC3
3537,ENSMUST00000058393,ENSMUSP00000054638,train,True,24,mouse,known,NC3
3538,ENSMUST00000057293,ENSMUSP00000054702,train,True,24,mouse,known,NC3
3539,ENSMUST00000051431,ENSMUSP00000054718,train,True,24,mouse,known,NC3
3540,ENSMUST00000061995,ENSMUSP00000054731,train,True,24,mouse,known,NC3
3541,ENSMUST00000051064,ENSMUSP00000054734,test,True,24,mouse,known,NC3
3542,ENSMUST00000054776,ENSMUSP00000054745,train,True,24,mouse,known,NC3
3543,ENSMUST00000051377,ENSMUSP00000054747,train,True,24,mouse,known,NC3
3544,ENSMUST00000060226,ENSMUSP00000054834,train,True,24,mouse,known,NC3
3545,ENSMUST00000058407,ENSMUSP00000054856,train,True,24,mouse,known,NC3
3546,ENSMUST00000057115,nan,train,True,24,mouse,known,NC3
3547,ENSMUST00000053015,ENSMUSP00000054863,test,True,24,mouse,known,NC3
3548,ENSMUST00000056665,ENSMUSP00000054963,test,True,24,mouse,known,NC3
3549,ENSMUST00000055131,ENSMUSP00000055016,train,True,24,mouse,known,NC3
3550,ENSMUST00000055485,ENSMUSP00000055036,train,True,24,mouse,known,NC3
3551,ENSMUST00000063166,ENSMUSP00000055079,train,True,24,mouse,known,NC3
3552,ENSMUST00000058136,ENSMUSP00000055104,train,True,24,mouse,known,NC3
3553,ENSMUST00000057692,ENSMUSP00000055254,train,True,24,mouse,known,NC3
3554,ENSMUST00000057844,ENSMUSP00000055271,train,True,24,mouse,known,NC3
3555,ENSMUST00000059955,ENSMUSP00000055277,test,True,24,mouse,known,NC3
3556,ENSMUST00000060710,ENSMUSP00000055427,train,True,24,mouse,known,NC3
3557,ENSMUST00000060077,ENSMUSP00000055455,test,True,24,mouse,known,NC3
3558,ENSMUST00000058496,ENSMUSP00000055470,train,True,24,mouse,known,NC3
3559,ENSMUST00000060798,ENSMUSP00000055475,train,True,24,mouse,known,NC3
3560,ENSMUST00000060212,ENSMUSP00000055519,train,True,24,mouse,known,NC3
3561,ENSMUST00000056157,ENSMUSP00000055521,val,True,24,mouse,known,NC3
3562,ENSMUST00000050140,ENSMUSP00000055528,test,True,24,mouse,known,NC3
3563,ENSMUST00000054014,ENSMUSP00000055535,train,True,24,mouse,known,NC3
3564,ENSMUST00000055006,ENSMUSP00000055542,val,True,24,mouse,known,NC3
3565,ENSMUST00000055241,ENSMUSP00000055602,train,True,24,mouse,known,NC3
3566,ENSMUST00000061444,ENSMUSP00000055619,train,True,24,mouse,known,NC3
3567,ENSMUST00000062356,ENSMUSP00000055637,train,True,24,mouse,known,NC3
3568,ENSMUST00000051572,ENSMUSP00000055694,train,True,24,mouse,known,NC3
3569,ENSMUST00000058659,ENSMUSP00000055743,train,True,24,mouse,known,NC3
3570,ENSMUST00000053699,ENSMUSP00000055772,test,True,24,mouse,known,NC3
3571,ENSMUST00000063042,ENSMUSP00000055803,train,True,24,mouse,known,NC3
3572,ENSMUST00000052140,ENSMUSP00000055806,val,True,24,mouse,known,NC3
3573,ENSMUST00000059206,ENSMUSP00000055823,train,True,24,mouse,known,NC3
3574,ENSMUST00000049642,ENSMUSP00000055827,train,True,24,mouse,known,NC3
3575,ENSMUST00000050063,ENSMUSP00000055862,train,True,24,mouse,known,NC3
3576,ENSMUST00000056907,ENSMUSP00000055926,train,True,24,mouse,known,NC3
3577,ENSMUST00000058884,ENSMUSP00000055969,val,True,24,mouse,known,NC3
3578,ENSMUST00000050575,ENSMUSP00000056026,train,True,24,mouse,known,NC3
3579,ENSMUST00000059354,ENSMUSP00000056027,train,True,24,mouse,known,NC3
3580,ENSMUST00000054697,ENSMUSP00000056039,train,True,24,mouse,known,NC3
3581,ENSMUST00000053657,ENSMUSP00000056043,train,True,24,mouse,known,NC3
3582,ENSMUST00000052556,ENSMUSP00000056099,train,True,24,mouse,known,NC3
3583,ENSMUST00000054415,ENSMUSP00000056105,train,True,24,mouse,known,NC3
3584,ENSMUST00000057561,ENSMUSP00000056121,val,True,24,mouse,known,NC3
3585,ENSMUST00000052708,ENSMUSP00000056145,train,True,24,mouse,known,NC3
3586,ENSMUST00000056677,ENSMUSP00000056154,train,True,24,mouse,known,NC3
3587,ENSMUST00000060101,ENSMUSP00000056189,test,True,24,mouse,known,NC3
3588,ENSMUST00000054764,ENSMUSP00000056195,val,True,24,mouse,known,NC3
3589,ENSMUST00000061757,ENSMUSP00000056226,val,True,24,mouse,known,NC3
3590,ENSMUST00000051803,ENSMUSP00000056276,train,True,24,mouse,known,NC3
3591,ENSMUST00000054708,ENSMUSP00000056282,train,True,24,mouse,known,NC3
3592,ENSMUST00000058060,ENSMUSP00000056417,val,True,24,mouse,known,NC3
3593,ENSMUST00000055776,ENSMUSP00000056461,val,True,24,mouse,known,NC3
3594,ENSMUST00000053249,ENSMUSP00000056475,train,True,24,mouse,known,NC3
3595,ENSMUST00000057934,ENSMUSP00000056485,train,True,24,mouse,known,NC3
3596,ENSMUST00000049527,ENSMUSP00000056500,train,True,24,mouse,known,NC3
3597,ENSMUST00000052761,ENSMUSP00000056502,train,True,24,mouse,known,NC3
3598,ENSMUST00000058578,ENSMUSP00000056643,train,True,24,mouse,known,NC3
3599,ENSMUST00000058716,ENSMUSP00000056655,train,True,24,mouse,known,NC3
3600,ENSMUST00000061829,ENSMUSP00000056669,train,True,24,mouse,known,NC3
3601,ENSMUST00000051950,ENSMUSP00000056715,train,True,24,mouse,known,NC3
3602,ENSMUST00000055506,ENSMUSP00000056719,train,True,24,mouse,known,NC3
3603,ENSMUST00000056433,ENSMUSP00000056739,train,True,24,mouse,known,NC3
3604,ENSMUST00000051053,ENSMUSP00000056765,train,True,24,mouse,known,NC3
3605,ENSMUST00000058745,ENSMUSP00000056778,train,True,24,mouse,known,NC3
3606,ENSMUST00000052885,ENSMUSP00000056792,val,True,24,mouse,known,NC3
3607,ENSMUST00000057208,ENSMUSP00000056855,test,True,24,mouse,known,NC3
3608,ENSMUST00000060714,ENSMUSP00000056888,train,True,24,mouse,known,NC3
3609,ENSMUST00000052509,ENSMUSP00000056959,train,True,24,mouse,known,NC3
3610,ENSMUST00000054487,ENSMUSP00000056977,train,True,24,mouse,known,NC3
3611,ENSMUST00000054564,ENSMUSP00000057002,train,True,24,mouse,known,NC3
3612,ENSMUST00000051236,ENSMUSP00000057085,val,True,24,mouse,known,NC3
3613,ENSMUST00000057627,ENSMUSP00000057095,train,True,24,mouse,known,NC3
3614,ENSMUST00000056398,ENSMUSP00000057238,train,True,24,mouse,known,NC3
3615,ENSMUST00000057623,ENSMUSP00000057291,train,True,24,mouse,known,NC3
3616,ENSMUST00000062045,ENSMUSP00000057308,train,True,24,mouse,known,NC3
3617,ENSMUST00000053063,ENSMUSP00000057339,test,True,24,mouse,known,NC3
3618,ENSMUST00000059680,ENSMUSP00000057375,train,True,24,mouse,known,NC3
3619,ENSMUST00000055262,ENSMUSP00000057462,val,True,24,mouse,known,NC3
3620,ENSMUST00000051145,ENSMUSP00000057482,train,True,24,mouse,known,NC3
3621,ENSMUST00000050410,ENSMUSP00000057512,train,True,24,mouse,known,NC3
3622,ENSMUST00000052185,ENSMUSP00000057521,train,True,24,mouse,known,NC3
3623,ENSMUST00000052011,ENSMUSP00000057527,train,True,24,mouse,known,NC3
3624,ENSMUST00000055844,ENSMUSP00000057600,train,True,24,mouse,known,NC3
3625,ENSMUST00000060232,ENSMUSP00000057664,train,True,24,mouse,known,NC3
3626,ENSMUST00000059849,ENSMUSP00000057731,train,True,24,mouse,known,NC3
3627,ENSMUST00000060991,ENSMUSP00000057751,train,True,24,mouse,known,NC3
3628,ENSMUST00000059229,ENSMUSP00000057760,train,True,24,mouse,known,NC3
3629,ENSMUST00000052374,ENSMUSP00000057771,test,True,24,mouse,known,NC3
3630,ENSMUST00000052774,ENSMUSP00000057828,train,True,24,mouse,known,NC3
3631,ENSMUST00000051605,ENSMUSP00000057854,train,True,24,mouse,known,NC3
3632,ENSMUST00000059662,ENSMUSP00000057893,train,True,24,mouse,known,NC3
3633,ENSMUST00000060579,ENSMUSP00000057905,train,True,24,mouse,known,NC3
3634,ENSMUST00000062893,ENSMUSP00000057938,train,True,24,mouse,known,NC3
3635,ENSMUST00000053744,ENSMUSP00000057984,train,True,24,mouse,known,NC3
3636,ENSMUST00000060253,ENSMUSP00000057996,train,True,24,mouse,known,NC3
3637,ENSMUST00000050372,ENSMUSP00000058007,test,True,24,mouse,known,NC3
3638,ENSMUST00000055539,ENSMUSP00000058021,train,True,24,mouse,known,NC3
3639,ENSMUST00000054212,ENSMUSP00000058042,train,True,24,mouse,known,NC3
3640,ENSMUST00000055559,ENSMUSP00000058077,train,True,24,mouse,known,NC3
3641,ENSMUST00000054384,ENSMUSP00000058109,test,True,24,mouse,known,NC3
3642,ENSMUST00000061706,ENSMUSP00000058114,train,True,24,mouse,known,NC3
3643,ENSMUST00000058438,ENSMUSP00000058168,train,True,24,mouse,known,NC3
3644,ENSMUST00000052258,ENSMUSP00000058198,val,True,24,mouse,known,NC3
3645,ENSMUST00000055117,ENSMUSP00000058221,train,True,24,mouse,known,NC3
3646,ENSMUST00000060738,ENSMUSP00000058237,train,True,24,mouse,known,NC3
3647,ENSMUST00000059093,ENSMUSP00000058279,train,True,24,mouse,known,NC3
3648,ENSMUST00000062125,ENSMUSP00000058283,train,True,24,mouse,known,NC3
3649,ENSMUST00000060792,ENSMUSP00000058321,train,True,24,mouse,known,NC3
3650,ENSMUST00000056045,ENSMUSP00000058333,train,True,24,mouse,known,NC3
3651,ENSMUST00000050970,ENSMUSP00000058355,val,True,24,mouse,known,NC3
3652,ENSMUST00000054220,ENSMUSP00000058368,train,True,24,mouse,known,NC3
3653,ENSMUST00000062613,ENSMUSP00000058371,train,True,24,mouse,known,NC3
3654,ENSMUST00000060092,ENSMUSP00000058375,train,True,24,mouse,known,NC3
3655,ENSMUST00000059057,ENSMUSP00000058377,test,True,24,mouse,known,NC3
3656,ENSMUST00000053593,ENSMUSP00000058391,test,True,24,mouse,known,NC3
3657,ENSMUST00000059080,ENSMUSP00000058432,train,True,24,mouse,known,NC3
3658,ENSMUST00000051633,ENSMUSP00000058502,train,True,24,mouse,known,NC3
3659,ENSMUST00000055833,ENSMUSP00000058521,train,True,24,mouse,known,NC3
3660,ENSMUST00000055052,ENSMUSP00000058567,train,True,24,mouse,known,NC3
3661,ENSMUST00000052566,ENSMUSP00000058599,train,True,24,mouse,known,NC3
3662,ENSMUST00000061586,ENSMUSP00000058609,test,True,24,mouse,known,NC3
3663,ENSMUST00000050556,ENSMUSP00000058618,train,True,24,mouse,known,NC3
3664,ENSMUST00000062962,ENSMUSP00000058680,train,True,24,mouse,known,NC3
3665,ENSMUST00000058137,ENSMUSP00000058746,train,True,24,mouse,known,NC3
3666,ENSMUST00000054547,ENSMUSP00000058757,val,True,24,mouse,known,NC3
3667,ENSMUST00000062678,ENSMUSP00000058785,train,True,24,mouse,known,NC3
3668,ENSMUST00000052375,ENSMUSP00000058813,test,True,24,mouse,known,NC3
3669,ENSMUST00000055941,ENSMUSP00000058840,train,True,24,mouse,known,NC3
3670,ENSMUST00000056710,ENSMUSP00000058846,test,True,24,mouse,known,NC3
3671,ENSMUST00000059980,nan,train,True,24,mouse,known,NC3
3672,ENSMUST00000058579,ENSMUSP00000058950,train,True,24,mouse,known,NC3
3673,ENSMUST00000059052,ENSMUSP00000058954,train,True,24,mouse,known,NC3
3674,ENSMUST00000057576,ENSMUSP00000058990,train,True,24,mouse,known,NC3
3675,ENSMUST00000060311,ENSMUSP00000059033,train,True,24,mouse,known,NC3
3676,ENSMUST00000054920,ENSMUSP00000059038,train,True,24,mouse,known,NC3
3677,ENSMUST00000060108,ENSMUSP00000059095,test,True,24,mouse,known,NC3
3678,ENSMUST00000051758,nan,train,True,24,mouse,known,NC3
3679,ENSMUST00000051888,ENSMUSP00000059143,train,True,24,mouse,known,NC3
3680,ENSMUST00000053364,ENSMUSP00000059159,train,True,24,mouse,known,NC3
3681,ENSMUST00000051169,ENSMUSP00000059166,train,True,24,mouse,known,NC3
3682,ENSMUST00000061937,ENSMUSP00000059167,test,True,24,mouse,known,NC3
3683,ENSMUST00000062789,ENSMUSP00000059173,train,True,24,mouse,known,NC3
3684,ENSMUST00000053266,ENSMUSP00000059192,train,True,24,mouse,known,NC3
3685,ENSMUST00000054835,ENSMUSP00000059211,test,True,24,mouse,known,NC3
3686,ENSMUST00000058265,ENSMUSP00000059224,train,True,24,mouse,known,NC3
3687,ENSMUST00000057481,ENSMUSP00000059289,test,True,24,mouse,known,NC3
3688,ENSMUST00000050207,ENSMUSP00000059304,test,True,24,mouse,known,NC3
3689,ENSMUST00000055843,ENSMUSP00000059330,train,True,24,mouse,known,NC3
3690,ENSMUST00000052209,ENSMUSP00000059382,train,True,24,mouse,known,NC3
3691,ENSMUST00000052965,ENSMUSP00000059385,train,True,24,mouse,known,NC3
3692,ENSMUST00000050328,ENSMUSP00000059395,train,True,24,mouse,known,NC3
3693,ENSMUST00000051301,ENSMUSP00000059404,test,True,24,mouse,known,NC3
3694,ENSMUST00000062213,ENSMUSP00000059419,test,True,24,mouse,known,NC3
3695,ENSMUST00000061639,ENSMUSP00000059457,train,True,24,mouse,known,NC3
3696,ENSMUST00000062677,ENSMUSP00000059494,train,True,24,mouse,known,NC3
3697,ENSMUST00000059983,ENSMUSP00000059501,test,True,24,mouse,known,NC3
3698,ENSMUST00000050867,ENSMUSP00000059533,train,True,24,mouse,known,NC3
3699,ENSMUST00000052932,ENSMUSP00000059666,train,True,24,mouse,known,NC3
3700,ENSMUST00000061875,ENSMUSP00000059678,train,True,24,mouse,known,NC3
3701,ENSMUST00000057725,ENSMUSP00000059717,test,True,24,mouse,known,NC3
3702,ENSMUST00000054544,ENSMUSP00000059766,train,True,24,mouse,known,NC3
3703,ENSMUST00000055984,ENSMUSP00000059783,train,True,24,mouse,known,NC3
3704,ENSMUST00000059555,ENSMUSP00000059798,train,True,24,mouse,known,NC3
3705,ENSMUST00000052355,ENSMUSP00000059880,train,True,24,mouse,known,NC3
3706,ENSMUST00000055458,ENSMUSP00000059883,train,True,24,mouse,known,NC3
3707,ENSMUST00000058679,ENSMUSP00000059894,train,True,24,mouse,known,NC3
3708,ENSMUST00000053230,ENSMUSP00000059947,train,True,24,mouse,known,NC3
3709,ENSMUST00000062069,ENSMUSP00000059977,train,True,24,mouse,known,NC3
3710,ENSMUST00000060435,ENSMUSP00000060026,train,True,24,mouse,known,NC3
3711,ENSMUST00000061283,ENSMUSP00000060028,train,True,24,mouse,known,NC3
3712,ENSMUST00000053434,ENSMUSP00000060103,train,True,24,mouse,known,NC3
3713,ENSMUST00000060188,ENSMUSP00000060118,train,True,24,mouse,known,NC3
3714,ENSMUST00000053686,ENSMUSP00000060202,train,True,24,mouse,known,NC3
3715,ENSMUST00000050916,ENSMUSP00000060225,train,True,24,mouse,known,NC3
3716,ENSMUST00000053536,ENSMUSP00000060227,train,True,24,mouse,known,NC3
3717,ENSMUST00000058444,ENSMUSP00000060233,val,True,24,mouse,known,NC3
3718,ENSMUST00000056427,ENSMUSP00000060246,train,True,24,mouse,known,NC3
3719,ENSMUST00000061391,ENSMUSP00000060309,train,True,24,mouse,known,NC3
3720,ENSMUST00000061618,ENSMUSP00000060398,train,True,24,mouse,known,NC3
3721,ENSMUST00000050148,ENSMUSP00000060421,train,True,24,mouse,known,NC3
3722,ENSMUST00000061986,ENSMUSP00000060433,train,True,24,mouse,known,NC3
3723,ENSMUST00000061156,ENSMUSP00000060462,train,True,24,mouse,known,NC3
3724,ENSMUST00000053150,nan,train,True,24,mouse,known,NC3
3725,ENSMUST00000056972,ENSMUSP00000060558,val,True,24,mouse,known,NC3
3726,ENSMUST00000052120,ENSMUSP00000060613,test,True,24,mouse,known,NC3
3727,ENSMUST00000063021,ENSMUSP00000060619,train,True,24,mouse,known,NC3
3728,ENSMUST00000059768,ENSMUSP00000060671,train,True,24,mouse,known,NC3
3729,ENSMUST00000052183,ENSMUSP00000060721,train,True,24,mouse,known,NC3
3730,ENSMUST00000055144,ENSMUSP00000060730,train,True,24,mouse,known,NC3
3731,ENSMUST00000058981,ENSMUSP00000060732,val,True,24,mouse,known,NC3
3732,ENSMUST00000052346,ENSMUSP00000060749,train,True,24,mouse,known,NC3
3733,ENSMUST00000056403,ENSMUSP00000060761,val,True,24,mouse,known,NC3
3734,ENSMUST00000056950,ENSMUSP00000060771,train,True,24,mouse,known,NC3
3735,ENSMUST00000053265,ENSMUSP00000060779,train,True,24,mouse,known,NC3
3736,ENSMUST00000051395,ENSMUSP00000060803,train,True,24,mouse,known,NC3
3737,ENSMUST00000057454,nan,train,True,24,mouse,known,NC3
3738,ENSMUST00000055296,ENSMUSP00000060858,train,True,24,mouse,known,NC3
3739,ENSMUST00000059619,ENSMUSP00000060930,train,True,24,mouse,known,NC3
3740,ENSMUST00000058720,ENSMUSP00000060941,train,True,24,mouse,known,NC3
3741,ENSMUST00000050884,ENSMUSP00000061012,test,True,24,mouse,known,NC3
3742,ENSMUST00000053969,ENSMUSP00000061014,test,True,24,mouse,known,NC3
3743,ENSMUST00000050104,ENSMUSP00000061062,val,True,24,mouse,known,NC3
3744,ENSMUST00000058030,ENSMUSP00000061092,train,True,24,mouse,known,NC3
3745,ENSMUST00000055032,ENSMUSP00000061095,train,True,24,mouse,known,NC3
3746,ENSMUST00000061446,ENSMUSP00000061100,train,True,24,mouse,known,NC3
3747,ENSMUST00000052499,ENSMUSP00000061167,train,True,24,mouse,known,NC3
3748,ENSMUST00000053094,ENSMUSP00000061221,train,True,24,mouse,known,NC3
3749,ENSMUST00000058351,ENSMUSP00000061227,train,True,24,mouse,known,NC3
3750,ENSMUST00000053713,ENSMUSP00000061234,train,True,24,mouse,known,NC3
3751,ENSMUST00000061859,ENSMUSP00000061264,train,True,24,mouse,known,NC3
3752,ENSMUST00000054098,ENSMUSP00000061282,train,True,24,mouse,known,NC3
3753,ENSMUST00000058022,ENSMUSP00000061308,test,True,24,mouse,known,NC3
3754,ENSMUST00000056601,ENSMUSP00000061317,train,True,24,mouse,known,NC3
3755,ENSMUST00000057062,ENSMUSP00000061345,train,True,24,mouse,known,NC3
3756,ENSMUST00000058154,ENSMUSP00000061470,train,True,24,mouse,known,NC3
3757,ENSMUST00000053819,ENSMUSP00000061474,val,True,24,mouse,known,NC3
3758,ENSMUST00000053484,ENSMUSP00000061493,train,True,24,mouse,known,NC3
3759,ENSMUST00000052368,ENSMUSP00000061539,train,True,24,mouse,known,NC3
3760,ENSMUST00000054344,ENSMUSP00000061610,train,True,24,mouse,known,NC3
3761,ENSMUST00000061179,ENSMUSP00000061624,train,True,24,mouse,known,NC3
3762,ENSMUST00000049699,ENSMUSP00000061700,train,True,24,mouse,known,NC3
3763,ENSMUST00000051386,ENSMUSP00000061731,train,True,24,mouse,known,NC3
3764,ENSMUST00000059193,ENSMUSP00000061754,val,True,24,mouse,known,NC3
3765,ENSMUST00000061611,ENSMUSP00000061769,train,True,24,mouse,known,NC3
3766,ENSMUST00000049937,ENSMUSP00000061800,train,True,24,mouse,known,NC3
3767,ENSMUST00000062915,ENSMUSP00000061808,train,True,24,mouse,known,NC3
3768,ENSMUST00000054442,ENSMUSP00000061835,val,True,24,mouse,known,NC3
3769,ENSMUST00000058011,ENSMUSP00000061923,val,True,24,mouse,known,NC3
3770,ENSMUST00000062694,ENSMUSP00000061958,train,True,24,mouse,known,NC3
3771,ENSMUST00000052012,ENSMUSP00000061991,train,True,24,mouse,known,NC3
3772,ENSMUST00000051341,ENSMUSP00000061997,train,True,24,mouse,known,NC3
3773,ENSMUST00000053705,ENSMUSP00000062016,train,True,24,mouse,known,NC3
3774,ENSMUST00000055770,ENSMUSP00000062030,train,True,24,mouse,known,NC3
3775,ENSMUST00000058183,ENSMUSP00000062039,train,True,24,mouse,known,NC3
3776,ENSMUST00000049630,ENSMUSP00000062046,train,True,24,mouse,known,NC3
3777,ENSMUST00000050183,ENSMUSP00000062047,val,True,24,mouse,known,NC3
3778,ENSMUST00000056078,ENSMUSP00000062066,test,True,24,mouse,known,NC3
3779,ENSMUST00000054368,ENSMUSP00000062108,train,True,24,mouse,known,NC3
3780,ENSMUST00000055128,ENSMUSP00000062110,train,True,24,mouse,known,NC3
3781,ENSMUST00000054251,ENSMUSP00000062174,train,True,24,mouse,known,NC3
3782,ENSMUST00000062606,ENSMUSP00000062312,val,True,24,mouse,known,NC3
3783,ENSMUST00000052249,ENSMUSP00000062326,train,True,24,mouse,known,NC3
3784,ENSMUST00000055436,ENSMUSP00000062327,train,True,24,mouse,known,NC3
3785,ENSMUST00000061101,ENSMUSP00000062333,train,True,24,mouse,known,NC3
3786,ENSMUST00000059595,ENSMUSP00000062392,train,True,24,mouse,known,NC3
3787,ENSMUST00000052602,ENSMUSP00000062395,train,True,24,mouse,known,NC3
3788,ENSMUST00000054471,ENSMUSP00000062410,train,True,24,mouse,known,NC3
3789,ENSMUST00000053737,ENSMUSP00000062413,test,True,24,mouse,known,NC3
3790,ENSMUST00000056370,ENSMUSP00000062420,train,True,24,mouse,known,NC3
3791,ENSMUST00000059644,ENSMUSP00000062449,train,True,24,mouse,known,NC3
3792,ENSMUST00000054815,ENSMUSP00000062464,train,True,24,mouse,known,NC3
3793,ENSMUST00000049567,ENSMUSP00000062467,val,True,24,mouse,known,NC3
3794,ENSMUST00000060357,ENSMUSP00000062468,test,True,24,mouse,known,NC3
3795,ENSMUST00000058524,ENSMUSP00000062475,train,True,24,mouse,known,NC3
3796,ENSMUST00000057829,ENSMUSP00000062476,train,True,24,mouse,known,NC3
3797,ENSMUST00000050011,ENSMUSP00000062528,train,True,24,mouse,known,NC3
3798,ENSMUST00000058370,ENSMUSP00000062540,train,True,24,mouse,known,NC3
3799,ENSMUST00000054730,ENSMUSP00000062566,train,True,24,mouse,known,NC3
3800,ENSMUST00000062264,ENSMUSP00000062576,train,True,24,mouse,known,NC3
3801,ENSMUST00000054399,ENSMUSP00000062593,test,True,24,mouse,known,NC3
3802,ENSMUST00000062368,ENSMUSP00000062622,val,True,24,mouse,known,NC3
3803,ENSMUST00000055922,ENSMUSP00000062628,test,True,24,mouse,known,NC3
3804,ENSMUST00000051014,ENSMUSP00000062632,train,True,24,mouse,known,NC3
3805,ENSMUST00000059579,ENSMUSP00000062642,test,True,24,mouse,known,NC3
3806,ENSMUST00000057792,ENSMUSP00000062670,val,True,24,mouse,known,NC3
3807,ENSMUST00000054960,ENSMUSP00000062753,val,True,24,mouse,known,NC3
3808,ENSMUST00000049887,ENSMUSP00000062766,train,True,24,mouse,known,NC3
3809,ENSMUST00000056937,ENSMUSP00000062811,test,True,24,mouse,known,NC3
3810,ENSMUST00000049822,ENSMUSP00000062841,train,True,24,mouse,known,NC3
3811,ENSMUST00000057557,ENSMUSP00000062843,test,True,24,mouse,known,NC3
3812,ENSMUST00000057551,ENSMUSP00000062930,test,True,24,mouse,known,NC3
3813,ENSMUST00000051094,nan,train,True,24,mouse,known,NC3
3814,ENSMUST00000058440,ENSMUSP00000062995,train,True,24,mouse,known,NC3
3815,ENSMUST00000061372,ENSMUSP00000063051,test,True,24,mouse,known,NC3
3816,ENSMUST00000054387,ENSMUSP00000063054,train,True,24,mouse,known,NC3
3817,ENSMUST00000051186,ENSMUSP00000063166,train,True,24,mouse,known,NC3
3818,ENSMUST00000067103,ENSMUSP00000063201,train,True,24,mouse,known,NC3
3819,ENSMUST00000065060,ENSMUSP00000063264,train,True,24,mouse,known,NC3
3820,ENSMUST00000070257,ENSMUSP00000063272,train,True,24,mouse,known,NC3
3821,ENSMUST00000066587,ENSMUSP00000063325,train,True,24,mouse,known,NC3
3822,ENSMUST00000070742,ENSMUSP00000063331,train,True,24,mouse,known,NC3
3823,ENSMUST00000066646,ENSMUSP00000063335,train,True,24,mouse,known,NC3
3824,ENSMUST00000066912,ENSMUSP00000063390,train,True,24,mouse,known,NC3
3825,ENSMUST00000067632,ENSMUSP00000063410,train,True,24,mouse,known,NC3
3826,ENSMUST00000067631,ENSMUSP00000063461,val,True,24,mouse,known,NC3
3827,ENSMUST00000069486,ENSMUSP00000063554,train,True,24,mouse,known,NC3
3828,ENSMUST00000064848,ENSMUSP00000063590,train,True,24,mouse,known,NC3
3829,ENSMUST00000068006,ENSMUSP00000063609,test,True,24,mouse,known,NC3
3830,ENSMUST00000068664,ENSMUSP00000063656,train,True,24,mouse,known,NC3
3831,ENSMUST00000068593,ENSMUSP00000063707,val,True,24,mouse,known,NC3
3832,ENSMUST00000064234,ENSMUSP00000063734,train,True,24,mouse,known,NC3
3833,ENSMUST00000068004,ENSMUSP00000063825,train,True,24,mouse,known,NC3
3834,ENSMUST00000067880,ENSMUSP00000063839,train,True,24,mouse,known,NC3
3835,ENSMUST00000066640,nan,train,True,24,mouse,known,NC3
3836,ENSMUST00000071006,ENSMUSP00000063976,train,True,24,mouse,known,NC3
3837,ENSMUST00000066652,ENSMUSP00000063999,train,True,24,mouse,known,NC3
3838,ENSMUST00000067538,ENSMUSP00000064048,train,True,24,mouse,known,NC3
3839,ENSMUST00000069562,ENSMUSP00000064132,train,True,24,mouse,known,NC3
3840,ENSMUST00000066134,ENSMUSP00000064158,test,True,24,mouse,known,NC3
3841,ENSMUST00000065090,ENSMUSP00000064163,train,True,24,mouse,known,NC3
3842,ENSMUST00000067567,ENSMUSP00000064204,train,True,24,mouse,known,NC3
3843,ENSMUST00000065896,ENSMUSP00000064261,test,True,24,mouse,known,NC3
3844,ENSMUST00000064477,ENSMUSP00000064280,train,True,24,mouse,known,NC3
3845,ENSMUST00000067496,ENSMUSP00000064282,train,True,24,mouse,known,NC3
3846,ENSMUST00000067582,ENSMUSP00000064310,val,True,24,mouse,known,NC3
3847,ENSMUST00000066439,ENSMUSP00000064332,train,True,24,mouse,known,NC3
3848,ENSMUST00000067689,ENSMUSP00000064336,train,True,24,mouse,known,NC3
3849,ENSMUST00000069690,ENSMUSP00000064338,train,True,24,mouse,known,NC3
3850,ENSMUST00000068697,ENSMUSP00000064410,train,True,24,mouse,known,NC3
3851,ENSMUST00000070951,ENSMUSP00000064423,val,True,24,mouse,known,NC3
3852,ENSMUST00000069125,ENSMUSP00000064462,train,True,24,mouse,known,NC3
3853,ENSMUST00000064924,ENSMUSP00000064465,train,True,24,mouse,known,NC3
3854,ENSMUST00000065767,ENSMUSP00000064500,train,True,24,mouse,known,NC3
3855,ENSMUST00000070345,ENSMUSP00000064515,train,True,24,mouse,known,NC3
3856,ENSMUST00000068581,ENSMUSP00000064536,val,True,24,mouse,known,NC3
3857,ENSMUST00000068439,ENSMUSP00000064545,train,True,24,mouse,known,NC3
3858,ENSMUST00000066632,ENSMUSP00000064556,train,True,24,mouse,known,NC3
3859,ENSMUST00000067563,ENSMUSP00000064622,train,True,24,mouse,known,NC3
3860,ENSMUST00000070726,ENSMUSP00000064667,train,True,24,mouse,known,NC3
3861,ENSMUST00000066496,ENSMUSP00000064668,train,True,24,mouse,known,NC3
3862,ENSMUST00000064922,ENSMUSP00000064680,train,True,24,mouse,known,NC3
3863,ENSMUST00000067530,ENSMUSP00000064699,val,True,24,mouse,known,NC3
3864,ENSMUST00000065793,ENSMUSP00000064755,test,True,24,mouse,known,NC3
3865,ENSMUST00000068282,ENSMUSP00000064758,train,True,24,mouse,known,NC3
3866,ENSMUST00000068973,ENSMUSP00000064787,test,True,24,mouse,known,NC3
3867,ENSMUST00000070326,ENSMUSP00000064839,train,True,24,mouse,known,NC3
3868,ENSMUST00000070117,ENSMUSP00000064840,val,True,24,mouse,known,NC3
3869,ENSMUST00000069817,ENSMUSP00000064892,train,True,24,mouse,known,NC3
3870,ENSMUST00000067215,ENSMUSP00000064893,val,True,24,mouse,known,NC3
3871,ENSMUST00000068237,ENSMUSP00000064943,train,True,24,mouse,known,NC3
3872,ENSMUST00000065889,ENSMUSP00000064947,train,True,24,mouse,known,NC3
3873,ENSMUST00000066208,ENSMUSP00000065089,train,True,24,mouse,known,NC3
3874,ENSMUST00000066987,ENSMUSP00000065096,train,True,24,mouse,known,NC3
3875,ENSMUST00000064740,ENSMUSP00000065113,val,True,24,mouse,known,NC3
3876,ENSMUST00000066179,ENSMUSP00000065125,train,True,24,mouse,known,NC3
3877,ENSMUST00000065887,ENSMUSP00000065160,train,True,24,mouse,known,NC3
3878,ENSMUST00000065630,ENSMUSP00000065198,val,True,24,mouse,known,NC3
3879,ENSMUST00000067485,ENSMUSP00000065254,train,True,24,mouse,known,NC3
3880,ENSMUST00000067752,ENSMUSP00000065271,train,True,24,mouse,known,NC3
3881,ENSMUST00000066489,ENSMUSP00000065278,train,True,24,mouse,known,NC3
3882,ENSMUST00000066983,ENSMUSP00000065282,train,True,24,mouse,known,NC3
3883,ENSMUST00000064314,ENSMUSP00000065337,train,True,24,mouse,known,NC3
3884,ENSMUST00000070112,ENSMUSP00000065352,train,True,24,mouse,known,NC3
3885,ENSMUST00000071065,ENSMUSP00000065363,train,True,24,mouse,known,NC3
3886,ENSMUST00000064679,ENSMUSP00000065456,train,True,24,mouse,known,NC3
3887,ENSMUST00000067620,ENSMUSP00000065542,train,True,24,mouse,known,NC3
3888,ENSMUST00000066272,ENSMUSP00000065645,train,True,24,mouse,known,NC3
3889,ENSMUST00000063414,ENSMUSP00000065721,test,True,24,mouse,known,NC3
3890,ENSMUST00000067927,ENSMUSP00000065754,train,True,24,mouse,known,NC3
3891,ENSMUST00000065865,ENSMUSP00000065819,val,True,24,mouse,known,NC3
3892,ENSMUST00000064447,ENSMUSP00000065836,val,True,24,mouse,known,NC3
3893,ENSMUST00000067744,ENSMUSP00000065845,train,True,24,mouse,known,NC3
3894,ENSMUST00000071104,ENSMUSP00000065922,test,True,24,mouse,known,NC3
3895,ENSMUST00000067786,ENSMUSP00000065935,train,True,24,mouse,known,NC3
3896,ENSMUST00000067925,ENSMUSP00000065940,train,True,24,mouse,known,NC3
3897,ENSMUST00000065302,ENSMUSP00000065949,train,True,24,mouse,known,NC3
3898,ENSMUST00000071103,ENSMUSP00000065987,val,True,24,mouse,known,NC3
3899,ENSMUST00000067924,ENSMUSP00000066015,val,True,24,mouse,known,NC3
3900,ENSMUST00000066070,ENSMUSP00000066038,train,True,24,mouse,known,NC3
3901,ENSMUST00000068045,ENSMUSP00000066068,val,True,24,mouse,known,NC3
3902,ENSMUST00000066264,ENSMUSP00000066092,test,True,24,mouse,known,NC3
3903,ENSMUST00000069580,ENSMUSP00000066128,train,True,24,mouse,known,NC3
3904,ENSMUST00000069579,ENSMUSP00000066210,train,True,24,mouse,known,NC3
3905,ENSMUST00000064667,ENSMUSP00000066238,train,True,24,mouse,known,NC3
3906,ENSMUST00000064798,ENSMUSP00000066303,train,True,24,mouse,known,NC3
3907,ENSMUST00000069652,ENSMUSP00000066325,train,True,24,mouse,known,NC3
3908,ENSMUST00000064797,ENSMUSP00000066361,train,True,24,mouse,known,NC3
3909,ENSMUST00000066427,ENSMUSP00000066399,test,True,24,mouse,known,NC3
3910,ENSMUST00000071095,ENSMUSP00000066413,train,True,24,mouse,known,NC3
3911,ENSMUST00000065398,ENSMUSP00000066492,val,True,24,mouse,known,NC3
3912,ENSMUST00000065103,ENSMUSP00000066493,test,True,24,mouse,known,NC3
3913,ENSMUST00000069098,ENSMUSP00000066556,train,True,24,mouse,known,NC3
3914,ENSMUST00000064404,ENSMUSP00000066621,val,True,24,mouse,known,NC3
3915,ENSMUST00000066160,ENSMUSP00000066679,train,True,24,mouse,known,NC3
3916,ENSMUST00000063344,ENSMUSP00000066682,train,True,24,mouse,known,NC3
3917,ENSMUST00000069792,ENSMUSP00000066696,train,True,24,mouse,known,NC3
3918,ENSMUST00000068725,ENSMUSP00000066715,train,True,24,mouse,known,NC3
3919,ENSMUST00000064099,ENSMUSP00000066736,train,True,24,mouse,known,NC3
3920,ENSMUST00000068567,ENSMUSP00000066741,train,True,24,mouse,known,NC3
3921,ENSMUST00000068387,ENSMUSP00000066789,train,True,24,mouse,known,NC3
3922,ENSMUST00000067386,ENSMUSP00000066803,train,True,24,mouse,known,NC3
3923,ENSMUST00000065784,ENSMUSP00000066806,train,True,24,mouse,known,NC3
3924,ENSMUST00000066285,ENSMUSP00000066860,train,True,24,mouse,known,NC3
3925,ENSMUST00000063661,ENSMUSP00000066886,test,True,24,mouse,known,NC3
3926,ENSMUST00000064503,ENSMUSP00000066891,train,True,24,mouse,known,NC3
3927,ENSMUST00000070877,ENSMUSP00000066915,test,True,24,mouse,known,NC3
3928,ENSMUST00000070755,ENSMUSP00000066977,train,True,24,mouse,known,NC3
3929,ENSMUST00000067384,ENSMUSP00000067013,train,True,24,mouse,known,NC3
3930,ENSMUST00000064364,ENSMUSP00000067053,train,True,24,mouse,known,NC3
3931,ENSMUST00000064545,ENSMUSP00000067070,train,True,24,mouse,known,NC3
3932,ENSMUST00000063507,ENSMUSP00000067075,train,True,24,mouse,known,NC3
3933,ENSMUST00000068795,ENSMUSP00000067135,train,True,24,mouse,known,NC3
3934,ENSMUST00000068856,ENSMUSP00000067200,train,True,24,mouse,known,NC3
3935,ENSMUST00000063886,ENSMUSP00000067305,train,True,24,mouse,known,NC3
3936,ENSMUST00000063710,ENSMUSP00000067334,train,True,24,mouse,known,NC3
3937,ENSMUST00000065388,ENSMUSP00000067337,train,True,24,mouse,known,NC3
3938,ENSMUST00000065330,ENSMUSP00000067341,train,True,24,mouse,known,NC3
3939,ENSMUST00000064377,ENSMUSP00000067395,train,True,24,mouse,known,NC3
3940,ENSMUST00000065778,ENSMUSP00000067400,train,True,24,mouse,known,NC3
3941,ENSMUST00000064032,ENSMUSP00000067418,train,True,24,mouse,known,NC3
3942,ENSMUST00000064393,ENSMUSP00000067579,train,True,24,mouse,known,NC3
3943,ENSMUST00000066279,ENSMUSP00000067581,train,True,24,mouse,known,NC3
3944,ENSMUST00000065678,nan,test,True,24,mouse,known,NC3
3945,ENSMUST00000069828,ENSMUSP00000067701,train,True,24,mouse,known,NC3
3946,ENSMUST00000064495,ENSMUSP00000067752,train,True,24,mouse,known,NC3
3947,ENSMUST00000066277,ENSMUSP00000067767,val,True,24,mouse,known,NC3
3948,ENSMUST00000064391,ENSMUSP00000067774,train,True,24,mouse,known,NC3
3949,ENSMUST00000064571,ENSMUSP00000067779,val,True,24,mouse,known,NC3
3950,ENSMUST00000068714,ENSMUSP00000067786,train,True,24,mouse,known,NC3
3951,ENSMUST00000065515,ENSMUSP00000067867,val,True,24,mouse,known,NC3
3952,ENSMUST00000070395,ENSMUSP00000067912,train,True,24,mouse,known,NC3
3953,ENSMUST00000064536,ENSMUSP00000067953,val,True,24,mouse,known,NC3
3954,ENSMUST00000066889,ENSMUSP00000067964,test,True,24,mouse,known,NC3
3955,ENSMUST00000064635,ENSMUSP00000068003,val,True,24,mouse,known,NC3
3956,ENSMUST00000070004,ENSMUSP00000068086,train,True,24,mouse,known,NC3
3957,ENSMUST00000066888,ENSMUSP00000068103,train,True,24,mouse,known,NC3
3958,ENSMUST00000067284,ENSMUSP00000068148,train,True,24,mouse,known,NC3
3959,ENSMUST00000065938,ENSMUSP00000068174,val,True,24,mouse,known,NC3
3960,ENSMUST00000064911,ENSMUSP00000068188,train,True,24,mouse,known,NC3
3961,ENSMUST00000070673,ENSMUSP00000068195,train,True,24,mouse,known,NC3
3962,ENSMUST00000064910,ENSMUSP00000068267,train,True,24,mouse,known,NC3
3963,ENSMUST00000065625,ENSMUSP00000068309,train,True,24,mouse,known,NC3
3964,ENSMUST00000064762,ENSMUSP00000068374,train,True,24,mouse,known,NC3
3965,ENSMUST00000069718,ENSMUSP00000068380,val,True,24,mouse,known,NC3
3966,ENSMUST00000068271,ENSMUSP00000068479,train,True,24,mouse,known,NC3
3967,ENSMUST00000070524,ENSMUSP00000068487,test,True,24,mouse,known,NC3
3968,ENSMUST00000067505,ENSMUSP00000068551,train,True,24,mouse,known,NC3
3969,ENSMUST00000066743,ENSMUSP00000068560,train,True,24,mouse,known,NC3
3970,ENSMUST00000064759,ENSMUSP00000068587,train,True,24,mouse,known,NC3
3971,ENSMUST00000066601,ENSMUSP00000068594,train,True,24,mouse,known,NC3
3972,ENSMUST00000069747,ENSMUSP00000068610,test,True,24,mouse,known,NC3
3973,ENSMUST00000069180,ENSMUSP00000068677,val,True,24,mouse,known,NC3
3974,ENSMUST00000067545,ENSMUSP00000068690,train,True,24,mouse,known,NC3
3975,ENSMUST00000068225,ENSMUSP00000068713,train,True,24,mouse,known,NC3
3976,ENSMUST00000068156,ENSMUSP00000068716,train,True,24,mouse,known,NC3
3977,ENSMUST00000065932,ENSMUSP00000068789,test,True,24,mouse,known,NC3
3978,ENSMUST00000066882,ENSMUSP00000068890,train,True,24,mouse,known,NC3
3979,ENSMUST00000068505,ENSMUSP00000068895,train,True,24,mouse,known,NC3
3980,ENSMUST00000068031,ENSMUSP00000068896,train,True,24,mouse,known,NC3
3981,ENSMUST00000066568,ENSMUSP00000068939,val,True,24,mouse,known,NC3
3982,ENSMUST00000068421,ENSMUSP00000068948,train,True,24,mouse,known,NC3
3983,ENSMUST00000064725,ENSMUSP00000068971,train,True,24,mouse,known,NC3
3984,ENSMUST00000068408,ENSMUSP00000069004,train,True,24,mouse,known,NC3
3985,ENSMUST00000066597,ENSMUSP00000069077,train,True,24,mouse,known,NC3
3986,ENSMUST00000065358,ENSMUSP00000069078,test,True,24,mouse,known,NC3
3987,ENSMUST00000063814,ENSMUSP00000069081,test,True,24,mouse,known,NC3
3988,ENSMUST00000065014,ENSMUSP00000069087,train,True,24,mouse,known,NC3
3989,ENSMUST00000068407,ENSMUSP00000069159,train,True,24,mouse,known,NC3
3990,ENSMUST00000066052,ENSMUSP00000069230,train,True,24,mouse,known,NC3
3991,ENSMUST00000066778,ENSMUSP00000069284,train,True,24,mouse,known,NC3
3992,ENSMUST00000067539,ENSMUSP00000069300,train,True,24,mouse,known,NC3
3993,ENSMUST00000069174,ENSMUSP00000069371,val,True,24,mouse,known,NC3
3994,ENSMUST00000069507,ENSMUSP00000069418,train,True,24,mouse,known,NC3
3995,ENSMUST00000064454,ENSMUSP00000069432,train,True,24,mouse,known,NC3
3996,ENSMUST00000064694,ENSMUSP00000069443,train,True,24,mouse,known,NC3
3997,ENSMUST00000068333,ENSMUSP00000069508,train,True,24,mouse,known,NC3
3998,ENSMUST00000067947,ENSMUSP00000069549,train,True,24,mouse,known,NC3
3999,ENSMUST00000065353,ENSMUSP00000069554,train,True,24,mouse,known,NC3
4000,ENSMUST00000070215,ENSMUSP00000069578,train,True,24,mouse,known,NC3
4001,ENSMUST00000066774,ENSMUSP00000069652,val,True,24,mouse,known,NC3
4002,ENSMUST00000063879,ENSMUSP00000069670,train,True,24,mouse,known,NC3
4003,ENSMUST00000070923,ENSMUSP00000069692,train,True,24,mouse,known,NC3
4004,ENSMUST00000069449,ENSMUSP00000069752,train,True,24,mouse,known,NC3
4005,ENSMUST00000063562,ENSMUSP00000069840,train,True,24,mouse,known,NC3
4006,ENSMUST00000070642,ENSMUSP00000069850,test,True,24,mouse,known,NC3
4007,ENSMUST00000068063,ENSMUSP00000069914,train,True,24,mouse,known,NC3
4008,ENSMUST00000063976,ENSMUSP00000069965,train,True,24,mouse,known,NC3
4009,ENSMUST00000069600,ENSMUSP00000070052,train,True,24,mouse,known,NC3
4010,ENSMUST00000067857,ENSMUSP00000070054,train,True,24,mouse,known,NC3
4011,ENSMUST00000065906,ENSMUSP00000070109,train,True,24,mouse,known,NC3
4012,ENSMUST00000070538,ENSMUSP00000070134,train,True,24,mouse,known,NC3
4013,ENSMUST00000066379,ENSMUSP00000070149,test,True,24,mouse,known,NC3
4014,ENSMUST00000064488,ENSMUSP00000070168,train,True,24,mouse,known,NC3
4015,ENSMUST00000065422,ENSMUSP00000070209,train,True,24,mouse,known,NC3
4016,ENSMUST00000065169,ENSMUSP00000070229,train,True,24,mouse,known,NC3
4017,ENSMUST00000068999,ENSMUSP00000070241,train,True,24,mouse,known,NC3
4018,ENSMUST00000071057,ENSMUSP00000070279,train,True,24,mouse,known,NC3
4019,ENSMUST00000063531,ENSMUSP00000070313,val,True,24,mouse,known,NC3
4020,ENSMUST00000071056,ENSMUSP00000070345,test,True,24,mouse,known,NC3
4021,ENSMUST00000069965,ENSMUSP00000070355,train,True,24,mouse,known,NC3
4022,ENSMUST00000070070,ENSMUSP00000070413,train,True,24,mouse,known,NC3
4023,ENSMUST00000069994,ENSMUSP00000070414,train,True,24,mouse,known,NC3
4024,ENSMUST00000065167,ENSMUSP00000070445,train,True,24,mouse,known,NC3
4025,ENSMUST00000068822,ENSMUSP00000070463,train,True,24,mouse,known,NC3
4026,ENSMUST00000070607,ENSMUSP00000070504,train,True,24,mouse,known,NC3
4027,ENSMUST00000067167,ENSMUSP00000070534,train,True,24,mouse,known,NC3
4028,ENSMUST00000068532,ENSMUSP00000070548,test,True,24,mouse,known,NC3
4029,ENSMUST00000063517,ENSMUSP00000070549,train,True,24,mouse,known,NC3
4030,ENSMUST00000064786,ENSMUSP00000070567,train,True,24,mouse,known,NC3
4031,ENSMUST00000065418,ENSMUSP00000070588,train,True,24,mouse,known,NC3
4032,ENSMUST00000069443,ENSMUSP00000070592,train,True,24,mouse,known,NC3
4033,ENSMUST00000063682,ENSMUSP00000070596,train,True,24,mouse,known,NC3
4034,ENSMUST00000070705,ENSMUSP00000070662,test,True,24,mouse,known,NC3
4035,ENSMUST00000068056,ENSMUSP00000070682,train,True,24,mouse,known,NC3
4036,ENSMUST00000064104,ENSMUSP00000070725,train,True,24,mouse,known,NC3
4037,ENSMUST00000067976,ENSMUSP00000070726,train,True,24,mouse,known,NC3
4038,ENSMUST00000067036,ENSMUSP00000070751,train,True,24,mouse,known,NC3
4039,ENSMUST00000070173,ENSMUSP00000070778,train,True,24,mouse,known,NC3
4040,ENSMUST00000066594,ENSMUSP00000070825,train,True,24,mouse,known,NC3
4041,ENSMUST00000067975,ENSMUSP00000070827,train,True,24,mouse,known,NC3
4042,ENSMUST00000070200,ENSMUSP00000070868,train,True,24,mouse,known,NC3
4043,ENSMUST00000070064,ENSMUSP00000070871,train,True,24,mouse,known,NC3
4044,ENSMUST00000064190,ENSMUSP00000070896,test,True,24,mouse,known,NC3
4045,ENSMUST00000068700,ENSMUSP00000070927,train,True,24,mouse,known,NC3
4046,ENSMUST00000068892,ENSMUSP00000070957,train,True,24,mouse,known,NC3
4047,ENSMUST00000063417,ENSMUSP00000070983,train,True,24,mouse,known,NC3
4048,ENSMUST00000066650,ENSMUSP00000070991,train,True,24,mouse,known,NC3
4049,ENSMUST00000067664,ENSMUSP00000070993,train,True,24,mouse,known,NC3
4050,ENSMUST00000063249,ENSMUSP00000070995,test,True,24,mouse,known,NC3
4051,ENSMUST00000066091,ENSMUSP00000071035,train,True,24,mouse,known,NC3
4052,ENSMUST00000070198,ENSMUSP00000071040,train,True,24,mouse,known,NC3
4053,ENSMUST00000067663,ENSMUSP00000071054,train,True,24,mouse,known,NC3
4054,ENSMUST00000066469,ENSMUSP00000071078,train,True,24,mouse,known,NC3
4055,ENSMUST00000066330,ENSMUSP00000071081,train,True,24,mouse,known,NC3
4056,ENSMUST00000071134,ENSMUSP00000071134,test,True,24,mouse,known,NC3
4057,ENSMUST00000071230,ENSMUSP00000071214,train,True,24,mouse,known,NC3
4058,ENSMUST00000071268,ENSMUSP00000071246,test,True,24,mouse,known,NC3
4059,ENSMUST00000071325,ENSMUSP00000071289,train,True,24,mouse,known,NC3
4060,ENSMUST00000071329,ENSMUSP00000071292,train,True,24,mouse,known,NC3
4061,ENSMUST00000071423,ENSMUSP00000071370,val,True,24,mouse,known,NC3
4062,ENSMUST00000071430,ENSMUSP00000071378,train,True,24,mouse,known,NC3
4063,ENSMUST00000071487,ENSMUSP00000071421,val,True,24,mouse,known,NC3
4064,ENSMUST00000071488,ENSMUSP00000071422,train,True,24,mouse,known,NC3
4065,ENSMUST00000071492,ENSMUSP00000071426,test,True,24,mouse,known,NC3
4066,ENSMUST00000071537,ENSMUSP00000071467,val,True,24,mouse,known,NC3
4067,ENSMUST00000081649,ENSMUSP00000071470,train,True,24,mouse,known,NC3
4068,ENSMUST00000071555,ENSMUSP00000071486,train,True,24,mouse,known,NC3
4069,ENSMUST00000071562,ENSMUSP00000071493,train,True,24,mouse,known,NC3
4070,ENSMUST00000071592,ENSMUSP00000071521,train,True,24,mouse,known,NC3
4071,ENSMUST00000071642,ENSMUSP00000071569,train,True,24,mouse,known,NC3
4072,ENSMUST00000071664,ENSMUSP00000071589,train,True,24,mouse,known,NC3
4073,ENSMUST00000058437,ENSMUSP00000071616,train,True,24,mouse,known,NC3
4074,ENSMUST00000071703,ENSMUSP00000071623,train,True,24,mouse,known,NC3
4075,ENSMUST00000071718,ENSMUSP00000071636,train,True,24,mouse,known,NC3
4076,ENSMUST00000071739,ENSMUSP00000071654,train,True,24,mouse,known,NC3
4077,ENSMUST00000071750,ENSMUSP00000071662,train,True,24,mouse,known,NC3
4078,ENSMUST00000071792,ENSMUSP00000071698,train,True,24,mouse,known,NC3
4079,ENSMUST00000071812,ENSMUSP00000071715,train,True,24,mouse,known,NC3
4080,ENSMUST00000071852,ENSMUSP00000071752,train,True,24,mouse,known,NC3
4081,ENSMUST00000071858,ENSMUSP00000071756,train,True,24,mouse,known,NC3
4082,ENSMUST00000071891,ENSMUSP00000071788,train,True,24,mouse,known,NC3
4083,ENSMUST00000071898,ENSMUSP00000071794,test,True,24,mouse,known,NC3
4084,ENSMUST00000071921,ENSMUSP00000071815,train,True,24,mouse,known,NC3
4085,ENSMUST00000071926,ENSMUSP00000071818,train,True,24,mouse,known,NC3
4086,ENSMUST00000071949,ENSMUSP00000071840,train,True,24,mouse,known,NC3
4087,ENSMUST00000072008,ENSMUSP00000071896,train,True,24,mouse,known,NC3
4088,ENSMUST00000072031,ENSMUSP00000071914,test,True,24,mouse,known,NC3
4089,ENSMUST00000072061,ENSMUSP00000071939,train,True,24,mouse,known,NC3
4090,ENSMUST00000072079,ENSMUSP00000071955,val,True,24,mouse,known,NC3
4091,ENSMUST00000072080,ENSMUSP00000071956,test,True,24,mouse,known,NC3
4092,ENSMUST00000072113,ENSMUSP00000071984,val,True,24,mouse,known,NC3
4093,ENSMUST00000072119,ENSMUSP00000071989,train,True,24,mouse,known,NC3
4094,ENSMUST00000072141,ENSMUSP00000072008,train,True,24,mouse,known,NC3
4095,ENSMUST00000072156,ENSMUSP00000072020,train,True,24,mouse,known,NC3
4096,ENSMUST00000072187,ENSMUSP00000072048,train,True,24,mouse,known,NC3
4097,ENSMUST00000072232,ENSMUSP00000072087,train,True,24,mouse,known,NC3
4098,ENSMUST00000072237,ENSMUSP00000072091,train,True,24,mouse,known,NC3
4099,ENSMUST00000072239,ENSMUSP00000072092,train,True,24,mouse,known,NC3
4100,ENSMUST00000072289,ENSMUSP00000072136,train,True,24,mouse,known,NC3
4101,ENSMUST00000072312,ENSMUSP00000072155,train,True,24,mouse,known,NC3
4102,ENSMUST00000072329,ENSMUSP00000072170,test,True,24,mouse,known,NC3
4103,ENSMUST00000072362,ENSMUSP00000072199,val,True,24,mouse,known,NC3
4104,ENSMUST00000072376,ENSMUSP00000072212,val,True,24,mouse,known,NC3
4105,ENSMUST00000072465,ENSMUSP00000072286,train,True,24,mouse,known,NC3
4106,ENSMUST00000072519,ENSMUSP00000072334,train,True,24,mouse,known,NC3
4107,ENSMUST00000072572,ENSMUSP00000072382,val,True,24,mouse,known,NC3
4108,ENSMUST00000072576,ENSMUSP00000072386,train,True,24,mouse,known,NC3
4109,ENSMUST00000072634,ENSMUSP00000072428,train,True,24,mouse,known,NC3
4110,ENSMUST00000072697,ENSMUSP00000072483,train,True,24,mouse,known,NC3
4111,ENSMUST00000072713,ENSMUSP00000072496,train,True,24,mouse,known,NC3
4112,ENSMUST00000072726,ENSMUSP00000072509,val,True,24,mouse,known,NC3
4113,ENSMUST00000072735,ENSMUSP00000072518,train,True,24,mouse,known,NC3
4114,ENSMUST00000072744,ENSMUSP00000072527,train,True,24,mouse,known,NC3
4115,ENSMUST00000072750,ENSMUSP00000072533,train,True,24,mouse,known,NC3
4116,ENSMUST00000072751,ENSMUSP00000072534,train,True,24,mouse,known,NC3
4117,ENSMUST00000072837,ENSMUSP00000072616,train,True,24,mouse,known,NC3
4118,ENSMUST00000072841,ENSMUSP00000072620,test,True,24,mouse,known,NC3
4119,ENSMUST00000072857,ENSMUSP00000072636,val,True,24,mouse,known,NC3
4120,ENSMUST00000072866,ENSMUSP00000072643,train,True,24,mouse,known,NC3
4121,ENSMUST00000072889,ENSMUSP00000072662,test,True,24,mouse,known,NC3
4122,ENSMUST00000072896,ENSMUSP00000072669,test,True,24,mouse,known,NC3
4123,ENSMUST00000072899,ENSMUSP00000072672,train,True,24,mouse,known,NC3
4124,ENSMUST00000072910,ENSMUSP00000072682,train,True,24,mouse,known,NC3
4125,ENSMUST00000072943,ENSMUSP00000072712,val,True,24,mouse,known,NC3
4126,ENSMUST00000072961,ENSMUSP00000072729,train,True,24,mouse,known,NC3
4127,ENSMUST00000072965,ENSMUSP00000072732,train,True,24,mouse,known,NC3
4128,ENSMUST00000072971,ENSMUSP00000072738,train,True,24,mouse,known,NC3
4129,ENSMUST00000073094,ENSMUSP00000072840,train,True,24,mouse,known,NC3
4130,ENSMUST00000073104,ENSMUSP00000072848,train,True,24,mouse,known,NC3
4131,ENSMUST00000073115,ENSMUSP00000072858,train,True,24,mouse,known,NC3
4132,ENSMUST00000073116,ENSMUSP00000072859,train,True,24,mouse,known,NC3
4133,ENSMUST00000073120,ENSMUSP00000072863,test,True,24,mouse,known,NC3
4134,ENSMUST00000073192,ENSMUSP00000072929,train,True,24,mouse,known,NC3
4135,ENSMUST00000073208,ENSMUSP00000072942,train,True,24,mouse,known,NC3
4136,ENSMUST00000073316,ENSMUSP00000073041,train,True,24,mouse,known,NC3
4137,ENSMUST00000073325,ENSMUSP00000073047,test,True,24,mouse,known,NC3
4138,ENSMUST00000073339,ENSMUSP00000073061,train,True,24,mouse,known,NC3
4139,ENSMUST00000073364,ENSMUSP00000073082,train,True,24,mouse,known,NC3
4140,ENSMUST00000073418,ENSMUSP00000073124,train,True,24,mouse,known,NC3
4141,ENSMUST00000073456,ENSMUSP00000073161,train,True,24,mouse,known,NC3
4142,ENSMUST00000073466,ENSMUSP00000073171,train,True,24,mouse,known,NC3
4143,ENSMUST00000073570,ENSMUSP00000073259,train,True,24,mouse,known,NC3
4144,ENSMUST00000073691,ENSMUSP00000073371,train,True,24,mouse,known,NC3
4145,ENSMUST00000073787,ENSMUSP00000073459,train,True,24,mouse,known,NC3
4146,ENSMUST00000073889,ENSMUSP00000073551,train,True,24,mouse,known,NC3
4147,ENSMUST00000071857,ENSMUSP00000073618,train,True,24,mouse,known,NC3
4148,ENSMUST00000074002,ENSMUSP00000073652,test,True,24,mouse,known,NC3
4149,ENSMUST00000074046,ENSMUSP00000073691,test,True,24,mouse,known,NC3
4150,ENSMUST00000074058,ENSMUSP00000073701,val,True,24,mouse,known,NC3
4151,ENSMUST00000074114,ENSMUSP00000073752,train,True,24,mouse,known,NC3
4152,ENSMUST00000074144,ENSMUSP00000073778,train,True,24,mouse,known,NC3
4153,ENSMUST00000074208,ENSMUSP00000073832,val,True,24,mouse,known,NC3
4154,ENSMUST00000074231,ENSMUSP00000073852,train,True,24,mouse,known,NC3
4155,ENSMUST00000074241,ENSMUSP00000073861,test,True,24,mouse,known,NC3
4156,ENSMUST00000074259,ENSMUSP00000073873,train,True,24,mouse,known,NC3
4157,ENSMUST00000074267,ENSMUSP00000073880,test,True,24,mouse,known,NC3
4158,ENSMUST00000074352,ENSMUSP00000073957,train,True,24,mouse,known,NC3
4159,ENSMUST00000074371,ENSMUSP00000073975,train,True,24,mouse,known,NC3
4160,ENSMUST00000074425,ENSMUSP00000074025,train,True,24,mouse,known,NC3
4161,ENSMUST00000074575,ENSMUSP00000074160,train,True,24,mouse,known,NC3
4162,ENSMUST00000074613,ENSMUSP00000074195,train,True,24,mouse,known,NC3
4163,ENSMUST00000074616,ENSMUSP00000074196,train,True,24,mouse,known,NC3
4164,ENSMUST00000074628,ENSMUSP00000074204,train,True,24,mouse,known,NC3
4165,ENSMUST00000074653,ENSMUSP00000074225,val,True,24,mouse,known,NC3
4166,ENSMUST00000074669,ENSMUSP00000074238,train,True,24,mouse,known,NC3
4167,ENSMUST00000074694,ENSMUSP00000074259,train,True,24,mouse,known,NC3
4168,ENSMUST00000074752,ENSMUSP00000074310,val,True,24,mouse,known,NC3
4169,ENSMUST00000074792,ENSMUSP00000074347,train,True,24,mouse,known,NC3
4170,ENSMUST00000074805,ENSMUSP00000074359,train,True,24,mouse,known,NC3
4171,ENSMUST00000074840,ENSMUSP00000074387,train,True,24,mouse,known,NC3
4172,ENSMUST00000074849,ENSMUSP00000074394,train,True,24,mouse,known,NC3
4173,ENSMUST00000074936,ENSMUSP00000074471,train,True,24,mouse,known,NC3
4174,ENSMUST00000075012,ENSMUSP00000074533,train,True,24,mouse,known,NC3
4175,ENSMUST00000075076,ENSMUSP00000074585,train,True,24,mouse,known,NC3
4176,ENSMUST00000075175,ENSMUSP00000074670,train,True,24,mouse,known,NC3
4177,ENSMUST00000075220,ENSMUSP00000074707,train,True,24,mouse,known,NC3
4178,ENSMUST00000075242,ENSMUSP00000074724,val,True,24,mouse,known,NC3
4179,ENSMUST00000075249,ENSMUSP00000074729,train,True,24,mouse,known,NC3
4180,ENSMUST00000075280,ENSMUSP00000074756,train,True,24,mouse,known,NC3
4181,ENSMUST00000075303,ENSMUSP00000074775,train,True,24,mouse,known,NC3
4182,ENSMUST00000075418,ENSMUSP00000074872,train,True,24,mouse,known,NC3
4183,ENSMUST00000075444,ENSMUSP00000074895,train,True,24,mouse,known,NC3
4184,ENSMUST00000075447,ENSMUSP00000074898,train,True,24,mouse,known,NC3
4185,ENSMUST00000075448,ENSMUSP00000074899,train,True,24,mouse,known,NC3
4186,ENSMUST00000075451,ENSMUSP00000074902,train,True,24,mouse,known,NC3
4187,ENSMUST00000075491,ENSMUSP00000074935,train,True,24,mouse,known,NC3
4188,ENSMUST00000075510,ENSMUSP00000074953,val,True,24,mouse,known,NC3
4189,ENSMUST00000075550,ENSMUSP00000074988,train,True,24,mouse,known,NC3
4190,ENSMUST00000075578,ENSMUSP00000075011,train,True,24,mouse,known,NC3
4191,ENSMUST00000075588,ENSMUSP00000075018,train,True,24,mouse,known,NC3
4192,ENSMUST00000075641,ENSMUSP00000075067,train,True,24,mouse,known,NC3
4193,ENSMUST00000075666,ENSMUSP00000075089,train,True,24,mouse,known,NC3
4194,ENSMUST00000075671,ENSMUSP00000075094,train,True,24,mouse,known,NC3
4195,ENSMUST00000075689,ENSMUSP00000075110,val,True,24,mouse,known,NC3
4196,ENSMUST00000075738,ENSMUSP00000075150,val,True,24,mouse,known,NC3
4197,ENSMUST00000075774,ENSMUSP00000075178,test,True,24,mouse,known,NC3
4198,ENSMUST00000075812,ENSMUSP00000075210,train,True,24,mouse,known,NC3
4199,ENSMUST00000075829,ENSMUSP00000075226,train,True,24,mouse,known,NC3
4200,ENSMUST00000075843,ENSMUSP00000075240,train,True,24,mouse,known,NC3
4201,ENSMUST00000075845,ENSMUSP00000075242,train,True,24,mouse,known,NC3
4202,ENSMUST00000075853,nan,train,True,24,mouse,known,NC3
4203,ENSMUST00000075872,ENSMUSP00000075269,train,True,24,mouse,known,NC3
4204,ENSMUST00000075884,ENSMUSP00000075279,train,True,24,mouse,known,NC3
4205,ENSMUST00000075895,ENSMUSP00000075289,val,True,24,mouse,known,NC3
4206,ENSMUST00000075896,ENSMUSP00000075290,val,True,24,mouse,known,NC3
4207,ENSMUST00000075941,ENSMUSP00000075327,train,True,24,mouse,known,NC3
4208,ENSMUST00000075954,ENSMUSP00000075339,train,True,24,mouse,known,NC3
4209,ENSMUST00000075994,ENSMUSP00000075376,train,True,24,mouse,known,NC3
4210,ENSMUST00000075995,ENSMUSP00000075377,test,True,24,mouse,known,NC3
4211,ENSMUST00000076052,ENSMUSP00000075429,train,True,24,mouse,known,NC3
4212,ENSMUST00000076070,ENSMUSP00000075441,train,True,24,mouse,known,NC3
4213,ENSMUST00000076133,ENSMUSP00000075495,train,True,24,mouse,known,NC3
4214,ENSMUST00000076140,ENSMUSP00000075501,train,True,24,mouse,known,NC3
4215,ENSMUST00000076169,ENSMUSP00000075526,val,True,24,mouse,known,NC3
4216,ENSMUST00000076212,ENSMUSP00000075566,train,True,24,mouse,known,NC3
4217,ENSMUST00000076219,ENSMUSP00000075573,train,True,24,mouse,known,NC3
4218,ENSMUST00000076228,ENSMUSP00000075581,train,True,24,mouse,known,NC3
4219,ENSMUST00000076249,ENSMUSP00000075599,train,True,24,mouse,known,NC3
4220,ENSMUST00000076264,ENSMUSP00000075613,train,True,24,mouse,known,NC3
4221,ENSMUST00000076265,ENSMUSP00000075614,val,True,24,mouse,known,NC3
4222,ENSMUST00000076313,ENSMUSP00000075655,val,True,24,mouse,known,NC3
4223,ENSMUST00000076316,ENSMUSP00000075658,train,True,24,mouse,known,NC3
4224,ENSMUST00000076333,ENSMUSP00000075672,train,True,24,mouse,known,NC3
4225,ENSMUST00000075068,ENSMUSP00000075683,test,True,24,mouse,known,NC3
4226,ENSMUST00000076354,ENSMUSP00000075692,val,True,24,mouse,known,NC3
4227,ENSMUST00000076372,ENSMUSP00000075709,test,True,24,mouse,known,NC3
4228,ENSMUST00000076383,ENSMUSP00000075721,train,True,24,mouse,known,NC3
4229,ENSMUST00000076431,ENSMUSP00000075762,test,True,24,mouse,known,NC3
4230,ENSMUST00000076435,ENSMUSP00000075766,test,True,24,mouse,known,NC3
4231,ENSMUST00000076615,ENSMUSP00000075916,train,True,24,mouse,known,NC3
4232,ENSMUST00000076635,ENSMUSP00000075933,train,True,24,mouse,known,NC3
4233,ENSMUST00000076648,ENSMUSP00000075945,train,True,24,mouse,known,NC3
4234,ENSMUST00000076698,ENSMUSP00000075990,train,True,24,mouse,known,NC3
4235,ENSMUST00000076734,ENSMUSP00000076024,train,True,24,mouse,known,NC3
4236,ENSMUST00000076813,ENSMUSP00000076090,test,True,24,mouse,known,NC3
4237,ENSMUST00000076817,ENSMUSP00000076093,train,True,24,mouse,known,NC3
4238,ENSMUST00000076891,ENSMUSP00000076157,train,True,24,mouse,known,NC3
4239,ENSMUST00000049896,ENSMUSP00000076178,train,True,24,mouse,known,NC3
4240,ENSMUST00000076941,ENSMUSP00000076208,val,True,24,mouse,known,NC3
4241,ENSMUST00000076949,ENSMUSP00000076217,val,True,24,mouse,known,NC3
4242,ENSMUST00000076961,ENSMUSP00000076227,train,True,24,mouse,known,NC3
4243,ENSMUST00000076991,ENSMUSP00000076255,test,True,24,mouse,known,NC3
4244,ENSMUST00000077088,ENSMUSP00000076341,train,True,24,mouse,known,NC3
4245,ENSMUST00000078267,ENSMUSP00000076397,train,True,24,mouse,known,NC3
4246,ENSMUST00000077175,ENSMUSP00000076418,test,True,24,mouse,known,NC3
4247,ENSMUST00000077191,ENSMUSP00000076433,train,True,24,mouse,known,NC3
4248,ENSMUST00000077196,ENSMUSP00000076437,train,True,24,mouse,known,NC3
4249,ENSMUST00000077220,ENSMUSP00000076458,train,True,24,mouse,known,NC3
4250,ENSMUST00000077271,ENSMUSP00000076503,train,True,24,mouse,known,NC3
4251,ENSMUST00000077290,ENSMUSP00000076521,test,True,24,mouse,known,NC3
4252,ENSMUST00000077303,ENSMUSP00000076533,val,True,24,mouse,known,NC3
4253,ENSMUST00000077340,ENSMUSP00000076564,test,True,24,mouse,known,NC3
4254,ENSMUST00000077353,ENSMUSP00000076575,train,True,24,mouse,known,NC3
4255,ENSMUST00000077367,ENSMUSP00000076589,train,True,24,mouse,known,NC3
4256,ENSMUST00000077376,ENSMUSP00000076594,train,True,24,mouse,known,NC3
4257,ENSMUST00000077385,ENSMUSP00000076603,train,True,24,mouse,known,NC3
4258,ENSMUST00000077407,ENSMUSP00000076623,train,True,24,mouse,known,NC3
4259,ENSMUST00000077408,ENSMUSP00000076624,train,True,24,mouse,known,NC3
4260,ENSMUST00000077451,ENSMUSP00000076664,train,True,24,mouse,known,NC3
4261,ENSMUST00000077477,ENSMUSP00000076686,train,True,24,mouse,known,NC3
4262,ENSMUST00000077548,ENSMUSP00000076751,train,True,24,mouse,known,NC3
4263,ENSMUST00000077626,ENSMUSP00000076816,train,True,24,mouse,known,NC3
4264,ENSMUST00000077672,ENSMUSP00000076856,train,True,24,mouse,known,NC3
4265,ENSMUST00000077680,ENSMUSP00000076864,train,True,24,mouse,known,NC3
4266,ENSMUST00000077741,ENSMUSP00000076922,val,True,24,mouse,known,NC3
4267,ENSMUST00000077755,ENSMUSP00000076933,train,True,24,mouse,known,NC3
4268,ENSMUST00000077798,ENSMUSP00000076971,train,True,24,mouse,known,NC3
4269,ENSMUST00000077817,ENSMUSP00000076989,train,True,24,mouse,known,NC3
4270,ENSMUST00000077851,ENSMUSP00000077017,train,True,24,mouse,known,NC3
4271,ENSMUST00000077853,ENSMUSP00000077019,train,True,24,mouse,known,NC3
4272,ENSMUST00000077879,ENSMUSP00000077040,test,True,24,mouse,known,NC3
4273,ENSMUST00000077925,ENSMUSP00000077080,train,True,24,mouse,known,NC3
4274,ENSMUST00000077941,ENSMUSP00000077094,test,True,24,mouse,known,NC3
4275,ENSMUST00000077955,ENSMUSP00000077107,train,True,24,mouse,known,NC3
4276,ENSMUST00000077977,ENSMUSP00000077127,train,True,24,mouse,known,NC3
4277,ENSMUST00000055303,ENSMUSP00000077138,val,True,24,mouse,known,NC3
4278,ENSMUST00000078050,ENSMUSP00000077197,train,True,24,mouse,known,NC3
4279,ENSMUST00000078074,ENSMUSP00000077219,val,True,24,mouse,known,NC3
4280,ENSMUST00000078084,ENSMUSP00000077226,train,True,24,mouse,known,NC3
4281,ENSMUST00000078124,ENSMUSP00000077262,train,True,24,mouse,known,NC3
4282,ENSMUST00000078139,ENSMUSP00000077273,test,True,24,mouse,known,NC3
4283,ENSMUST00000078259,ENSMUSP00000077380,train,True,24,mouse,known,NC3
4284,ENSMUST00000078284,ENSMUSP00000077402,train,True,24,mouse,known,NC3
4285,ENSMUST00000078308,ENSMUSP00000077423,train,True,24,mouse,known,NC3
4286,ENSMUST00000078357,ENSMUSP00000077466,train,True,24,mouse,known,NC3
4287,ENSMUST00000078362,ENSMUSP00000077471,train,True,24,mouse,known,NC3
4288,ENSMUST00000078404,ENSMUSP00000077509,train,True,24,mouse,known,NC3
4289,ENSMUST00000078505,ENSMUSP00000077594,train,True,24,mouse,known,NC3
4290,ENSMUST00000078528,ENSMUSP00000077612,train,True,24,mouse,known,NC3
4291,ENSMUST00000078647,ENSMUSP00000077716,train,True,24,mouse,known,NC3
4292,ENSMUST00000078665,ENSMUSP00000077733,test,True,24,mouse,known,NC3
4293,ENSMUST00000078676,ENSMUSP00000077744,train,True,24,mouse,known,NC3
4294,ENSMUST00000078691,ENSMUSP00000077757,train,True,24,mouse,known,NC3
4295,ENSMUST00000078719,ENSMUSP00000077781,train,True,24,mouse,known,NC3
4296,ENSMUST00000078752,ENSMUSP00000077811,train,True,24,mouse,known,NC3
4297,ENSMUST00000078803,ENSMUSP00000077856,train,True,24,mouse,known,NC3
4298,ENSMUST00000078847,ENSMUSP00000077891,train,True,24,mouse,known,NC3
4299,ENSMUST00000078912,ENSMUSP00000077946,train,True,24,mouse,known,NC3
4300,ENSMUST00000078944,ENSMUSP00000077971,train,True,24,mouse,known,NC3
4301,ENSMUST00000078945,ENSMUSP00000077972,train,True,24,mouse,known,NC3
4302,ENSMUST00000078961,ENSMUSP00000077984,train,True,24,mouse,known,NC3
4303,ENSMUST00000078976,ENSMUSP00000077996,train,True,24,mouse,known,NC3
4304,ENSMUST00000079033,ENSMUSP00000078042,test,True,24,mouse,known,NC3
4305,ENSMUST00000079080,ENSMUSP00000078087,train,True,24,mouse,known,NC3
4306,ENSMUST00000079121,ENSMUSP00000078123,test,True,24,mouse,known,NC3
4307,ENSMUST00000079130,ENSMUSP00000078132,train,True,24,mouse,known,NC3
4308,ENSMUST00000074806,ENSMUSP00000078138,train,True,24,mouse,known,NC3
4309,ENSMUST00000079158,ENSMUSP00000078158,train,True,24,mouse,known,NC3
4310,ENSMUST00000079205,ENSMUSP00000078199,train,True,24,mouse,known,NC3
4311,ENSMUST00000079213,ENSMUSP00000078207,val,True,24,mouse,known,NC3
4312,ENSMUST00000079223,ENSMUSP00000078216,train,True,24,mouse,known,NC3
4313,ENSMUST00000079258,ENSMUSP00000078245,train,True,24,mouse,known,NC3
4314,ENSMUST00000079282,ENSMUSP00000078264,train,True,24,mouse,known,NC3
4315,ENSMUST00000079300,ENSMUSP00000078281,train,True,24,mouse,known,NC3
4316,ENSMUST00000079360,ENSMUSP00000078336,val,True,24,mouse,known,NC3
4317,ENSMUST00000079362,ENSMUSP00000078337,train,True,24,mouse,known,NC3
4318,ENSMUST00000079413,ENSMUSP00000078382,train,True,24,mouse,known,NC3
4319,ENSMUST00000079419,nan,train,True,24,mouse,known,NC3
4320,ENSMUST00000079441,ENSMUSP00000078410,test,True,24,mouse,known,NC3
4321,ENSMUST00000079461,ENSMUSP00000078426,train,True,24,mouse,known,NC3
4322,ENSMUST00000079464,ENSMUSP00000078429,train,True,24,mouse,known,NC3
4323,ENSMUST00000079510,ENSMUSP00000078469,train,True,24,mouse,known,NC3
4324,ENSMUST00000079545,ENSMUSP00000078501,train,True,24,mouse,known,NC3
4325,ENSMUST00000079594,ENSMUSP00000078544,train,True,24,mouse,known,NC3
4326,ENSMUST00000079634,ENSMUSP00000078580,test,True,24,mouse,known,NC3
4327,ENSMUST00000079644,ENSMUSP00000078589,train,True,24,mouse,known,NC3
4328,ENSMUST00000079659,ENSMUSP00000078602,train,True,24,mouse,known,NC3
4329,ENSMUST00000079691,ENSMUSP00000078630,train,True,24,mouse,known,NC3
4330,ENSMUST00000079693,ENSMUSP00000078632,train,True,24,mouse,known,NC3
4331,ENSMUST00000079716,ENSMUSP00000078654,val,True,24,mouse,known,NC3
4332,ENSMUST00000079724,ENSMUSP00000078661,train,True,24,mouse,known,NC3
4333,ENSMUST00000079746,ENSMUSP00000078682,test,True,24,mouse,known,NC3
4334,ENSMUST00000079784,ENSMUSP00000078715,train,True,24,mouse,known,NC3
4335,ENSMUST00000079812,ENSMUSP00000078741,train,True,24,mouse,known,NC3
4336,ENSMUST00000079817,ENSMUSP00000078746,train,True,24,mouse,known,NC3
4337,ENSMUST00000079883,ENSMUSP00000078808,train,True,24,mouse,known,NC3
4338,ENSMUST00000079970,ENSMUSP00000078886,train,True,24,mouse,known,NC3
4339,ENSMUST00000080030,ENSMUSP00000078940,train,True,24,mouse,known,NC3
4340,ENSMUST00000080036,ENSMUSP00000078945,test,True,24,mouse,known,NC3
4341,ENSMUST00000080065,ENSMUSP00000078971,train,True,24,mouse,known,NC3
4342,ENSMUST00000080067,ENSMUSP00000078972,train,True,24,mouse,known,NC3
4343,ENSMUST00000080085,ENSMUSP00000078985,train,True,24,mouse,known,NC3
4344,ENSMUST00000080178,ENSMUSP00000079070,val,True,24,mouse,known,NC3
4345,ENSMUST00000080202,ENSMUSP00000079093,train,True,24,mouse,known,NC3
4346,ENSMUST00000080217,ENSMUSP00000079107,train,True,24,mouse,known,NC3
4347,ENSMUST00000081387,ENSMUSP00000079124,test,True,24,mouse,known,NC3
4348,ENSMUST00000080322,ENSMUSP00000079198,train,True,24,mouse,known,NC3
4349,ENSMUST00000080353,ENSMUSP00000079226,train,True,24,mouse,known,NC3
4350,ENSMUST00000080356,ENSMUSP00000079228,train,True,24,mouse,known,NC3
4351,ENSMUST00000080371,ENSMUSP00000079239,train,True,24,mouse,known,NC3
4352,ENSMUST00000080431,ENSMUSP00000079291,train,True,24,mouse,known,NC3
4353,ENSMUST00000080449,ENSMUSP00000079306,train,True,24,mouse,known,NC3
4354,ENSMUST00000080492,ENSMUSP00000079340,train,True,24,mouse,known,NC3
4355,ENSMUST00000080493,ENSMUSP00000079341,val,True,24,mouse,known,NC3
4356,ENSMUST00000080511,ENSMUSP00000079356,val,True,24,mouse,known,NC3
4357,ENSMUST00000080514,ENSMUSP00000079358,train,True,24,mouse,known,NC3
4358,ENSMUST00000080536,ENSMUSP00000079379,val,True,24,mouse,known,NC3
4359,ENSMUST00000080583,ENSMUSP00000079421,train,True,24,mouse,known,NC3
4360,ENSMUST00000080630,ENSMUSP00000079463,train,True,24,mouse,known,NC3
4361,ENSMUST00000080713,ENSMUSP00000079538,test,True,24,mouse,known,NC3
4362,ENSMUST00000080723,ENSMUSP00000079548,train,True,24,mouse,known,NC3
4363,ENSMUST00000080732,ENSMUSP00000079557,test,True,24,mouse,known,NC3
4364,ENSMUST00000080797,ENSMUSP00000079613,train,True,24,mouse,known,NC3
4365,ENSMUST00000080812,ENSMUSP00000079627,test,True,24,mouse,known,NC3
4366,ENSMUST00000080813,ENSMUSP00000079628,train,True,24,mouse,known,NC3
4367,ENSMUST00000080856,ENSMUSP00000079667,train,True,24,mouse,known,NC3
4368,ENSMUST00000080861,ENSMUSP00000079672,train,True,24,mouse,known,NC3
4369,ENSMUST00000080880,ENSMUSP00000079689,train,True,24,mouse,known,NC3
4370,ENSMUST00000080919,ENSMUSP00000079722,train,True,24,mouse,known,NC3
4371,ENSMUST00000080953,ENSMUSP00000079752,train,True,24,mouse,known,NC3
4372,ENSMUST00000081028,ENSMUSP00000079818,train,True,24,mouse,known,NC3
4373,ENSMUST00000081111,ENSMUSP00000079888,val,True,24,mouse,known,NC3
4374,ENSMUST00000081214,ENSMUSP00000079974,train,True,24,mouse,known,NC3
4375,ENSMUST00000081232,ENSMUSP00000079991,train,True,24,mouse,known,NC3
4376,ENSMUST00000081333,ENSMUSP00000080081,train,True,24,mouse,known,NC3
4377,ENSMUST00000081339,ENSMUSP00000080085,train,True,24,mouse,known,NC3
4378,ENSMUST00000081349,ENSMUSP00000080093,train,True,24,mouse,known,NC3
4379,ENSMUST00000081381,ENSMUSP00000080117,train,True,24,mouse,known,NC3
4380,ENSMUST00000081435,ENSMUSP00000080159,train,True,24,mouse,known,NC3
4381,ENSMUST00000081491,ENSMUSP00000080209,test,True,24,mouse,known,NC3
4382,ENSMUST00000081506,nan,train,True,24,mouse,known,NC3
4383,ENSMUST00000081510,ENSMUSP00000080224,val,True,24,mouse,known,NC3
4384,ENSMUST00000081551,ENSMUSP00000080266,train,True,24,mouse,known,NC3
4385,ENSMUST00000081567,ENSMUSP00000080278,train,True,24,mouse,known,NC3
4386,ENSMUST00000081591,ENSMUSP00000080301,train,True,24,mouse,known,NC3
4387,ENSMUST00000081593,ENSMUSP00000080302,train,True,24,mouse,known,NC3
4388,ENSMUST00000081619,ENSMUSP00000080325,val,True,24,mouse,known,NC3
4389,ENSMUST00000081631,ENSMUSP00000080337,test,True,24,mouse,known,NC3
4390,ENSMUST00000081635,ENSMUSP00000080341,train,True,24,mouse,known,NC3
4391,ENSMUST00000081650,ENSMUSP00000080354,train,True,24,mouse,known,NC3
4392,ENSMUST00000081677,ENSMUSP00000080378,test,True,24,mouse,known,NC3
4393,ENSMUST00000081688,ENSMUSP00000080389,train,True,24,mouse,known,NC3
4394,ENSMUST00000081702,ENSMUSP00000080403,train,True,24,mouse,known,NC3
4395,ENSMUST00000081721,ENSMUSP00000080419,train,True,24,mouse,known,NC3
4396,ENSMUST00000081726,ENSMUSP00000080425,train,True,24,mouse,known,NC3
4397,ENSMUST00000081742,nan,train,True,24,mouse,known,NC3
4398,ENSMUST00000081790,ENSMUSP00000080480,test,True,24,mouse,known,NC3
4399,ENSMUST00000081794,ENSMUSP00000080484,train,True,24,mouse,known,NC3
4400,ENSMUST00000081834,nan,train,True,24,mouse,known,NC3
4401,ENSMUST00000081848,ENSMUSP00000080531,train,True,24,mouse,known,NC3
4402,ENSMUST00000081893,ENSMUSP00000080568,val,True,24,mouse,known,NC3
4403,ENSMUST00000081932,ENSMUSP00000080600,train,True,24,mouse,known,NC3
4404,ENSMUST00000081933,ENSMUSP00000080601,train,True,24,mouse,known,NC3
4405,ENSMUST00000081946,ENSMUSP00000080614,train,True,24,mouse,known,NC3
4406,ENSMUST00000081980,ENSMUSP00000080641,train,True,24,mouse,known,NC3
4407,ENSMUST00000082024,ENSMUSP00000080683,train,True,24,mouse,known,NC3
4408,ENSMUST00000082026,ENSMUSP00000080685,train,True,24,mouse,known,NC3
4409,ENSMUST00000082092,nan,test,True,24,mouse,known,NC3
4410,ENSMUST00000082094,ENSMUSP00000080743,test,True,24,mouse,known,NC3
4411,ENSMUST00000082121,ENSMUSP00000080766,train,True,24,mouse,known,NC3
4412,ENSMUST00000082152,ENSMUSP00000080791,train,True,24,mouse,known,NC3
4413,ENSMUST00000082197,ENSMUSP00000080832,val,True,24,mouse,known,NC3
4414,ENSMUST00000082223,ENSMUSP00000080854,train,True,24,mouse,known,NC3
4415,ENSMUST00000082337,ENSMUSP00000080949,train,True,24,mouse,known,NC3
4416,ENSMUST00000082396,ENSMUSP00000080992,val,True,24,mouse,known,NC3
4417,ENSMUST00000082405,nan,train,True,24,mouse,known,NC3
4418,ENSMUST00000082407,nan,train,True,24,mouse,known,NC3
4419,ENSMUST00000082408,nan,train,True,24,mouse,known,NC3
4420,ENSMUST00000082411,nan,val,True,24,mouse,known,NC3
4421,ENSMUST00000082414,ENSMUSP00000081000,train,True,24,mouse,known,NC3
4422,ENSMUST00000082418,ENSMUSP00000081001,val,True,24,mouse,known,NC3
4423,ENSMUST00000082421,ENSMUSP00000081003,test,True,24,mouse,known,NC3
4424,ENSMUST00000082428,ENSMUSP00000081009,train,True,24,mouse,known,NC3
4425,ENSMUST00000082429,ENSMUSP00000081010,test,True,24,mouse,known,NC3
4426,ENSMUST00000082430,ENSMUSP00000081011,train,True,24,mouse,known,NC3
4427,ENSMUST00000082439,ENSMUSP00000081020,train,True,24,mouse,known,NC3
4428,ENSMUST00000084013,nan,test,True,24,mouse,known,NC3
4429,ENSMUST00000084030,ENSMUSP00000081043,train,True,24,mouse,known,NC3
4430,ENSMUST00000084105,ENSMUSP00000081122,train,True,24,mouse,known,NC3
4431,ENSMUST00000084116,ENSMUSP00000081133,val,True,24,mouse,known,NC3
4432,ENSMUST00000084124,ENSMUSP00000081141,train,True,24,mouse,known,NC3
4433,ENSMUST00000084125,ENSMUSP00000081142,train,True,24,mouse,known,NC3
4434,ENSMUST00000084129,ENSMUSP00000081146,train,True,24,mouse,known,NC3
4435,ENSMUST00000084203,ENSMUSP00000081221,train,True,24,mouse,known,NC3
4436,ENSMUST00000084207,ENSMUSP00000081225,train,True,24,mouse,known,NC3
4437,ENSMUST00000084249,ENSMUSP00000081270,train,True,24,mouse,known,NC3
4438,ENSMUST00000084264,ENSMUSP00000081285,train,True,24,mouse,known,NC3
4439,ENSMUST00000084296,ENSMUSP00000081319,train,True,24,mouse,known,NC3
4440,ENSMUST00000084299,ENSMUSP00000081322,train,True,24,mouse,known,NC3
4441,ENSMUST00000084488,ENSMUSP00000081531,train,True,24,mouse,known,NC3
4442,ENSMUST00000084497,ENSMUSP00000081541,train,True,24,mouse,known,NC3
4443,ENSMUST00000084500,ENSMUSP00000081544,train,True,24,mouse,known,NC3
4444,ENSMUST00000084502,ENSMUSP00000081547,test,True,24,mouse,known,NC3
4445,ENSMUST00000084519,ENSMUSP00000081567,val,True,24,mouse,known,NC3
4446,ENSMUST00000084524,ENSMUSP00000081572,train,True,24,mouse,known,NC3
4447,ENSMUST00000084526,ENSMUSP00000081574,train,True,24,mouse,known,NC3
4448,ENSMUST00000084527,ENSMUSP00000081575,train,True,24,mouse,known,NC3
4449,ENSMUST00000084715,ENSMUSP00000081764,train,True,24,mouse,known,NC3
4450,ENSMUST00000084721,ENSMUSP00000081772,train,True,24,mouse,known,NC3
4451,ENSMUST00000084731,ENSMUSP00000081782,test,True,24,mouse,known,NC3
4452,ENSMUST00000084782,ENSMUSP00000081840,train,True,24,mouse,known,NC3
4453,ENSMUST00000084820,ENSMUSP00000081880,train,True,24,mouse,known,NC3
4454,ENSMUST00000084828,ENSMUSP00000081889,train,True,24,mouse,known,NC3
4455,ENSMUST00000084852,ENSMUSP00000081912,train,True,24,mouse,known,NC3
4456,ENSMUST00000084881,ENSMUSP00000081941,train,True,24,mouse,known,NC3
4457,ENSMUST00000084882,ENSMUSP00000081943,train,True,24,mouse,known,NC3
4458,ENSMUST00000084885,ENSMUSP00000081946,val,True,24,mouse,known,NC3
4459,ENSMUST00000057896,ENSMUSP00000081947,train,True,24,mouse,known,NC3
4460,ENSMUST00000084892,ENSMUSP00000081954,train,True,24,mouse,known,NC3
4461,ENSMUST00000084896,ENSMUSP00000081958,train,True,24,mouse,known,NC3
4462,ENSMUST00000084926,ENSMUSP00000081989,val,True,24,mouse,known,NC3
4463,ENSMUST00000084935,ENSMUSP00000081998,val,True,24,mouse,known,NC3
4464,ENSMUST00000084941,ENSMUSP00000082004,train,True,24,mouse,known,NC3
4465,ENSMUST00000084949,ENSMUSP00000082013,train,True,24,mouse,known,NC3
4466,ENSMUST00000084968,ENSMUSP00000082034,train,True,24,mouse,known,NC3
4467,ENSMUST00000085077,ENSMUSP00000082154,train,True,24,mouse,known,NC3
4468,ENSMUST00000085133,ENSMUSP00000082220,train,True,24,mouse,known,NC3
4469,ENSMUST00000085192,ENSMUSP00000082288,train,True,24,mouse,known,NC3
4470,ENSMUST00000085248,ENSMUSP00000082346,val,True,24,mouse,known,NC3
4471,ENSMUST00000085314,ENSMUSP00000082422,train,True,24,mouse,known,NC3
4472,ENSMUST00000085350,ENSMUSP00000082458,train,True,24,mouse,known,NC3
4473,ENSMUST00000085375,ENSMUSP00000082490,train,True,24,mouse,known,NC3
4474,ENSMUST00000059250,ENSMUSP00000082500,train,True,24,mouse,known,NC3
4475,ENSMUST00000085383,ENSMUSP00000082501,train,True,24,mouse,known,NC3
4476,ENSMUST00000085425,ENSMUSP00000082548,val,True,24,mouse,known,NC3
4477,ENSMUST00000085519,ENSMUSP00000082652,train,True,24,mouse,known,NC3
4478,ENSMUST00000085555,ENSMUSP00000082691,train,True,24,mouse,known,NC3
4479,ENSMUST00000085585,ENSMUSP00000082723,train,True,24,mouse,known,NC3
4480,ENSMUST00000085592,ENSMUSP00000082730,train,True,24,mouse,known,NC3
4481,ENSMUST00000085614,ENSMUSP00000082754,val,True,24,mouse,known,NC3
4482,ENSMUST00000085635,ENSMUSP00000082777,train,True,24,mouse,known,NC3
4483,ENSMUST00000085673,ENSMUSP00000082816,train,True,24,mouse,known,NC3
4484,ENSMUST00000085678,ENSMUSP00000082821,train,True,24,mouse,known,NC3
4485,ENSMUST00000085701,ENSMUSP00000082844,val,True,24,mouse,known,NC3
4486,ENSMUST00000085708,ENSMUSP00000082855,train,True,24,mouse,known,NC3
4487,ENSMUST00000085709,ENSMUSP00000082856,train,True,24,mouse,known,NC3
4488,ENSMUST00000085745,ENSMUSP00000082895,train,True,24,mouse,known,NC3
4489,ENSMUST00000085851,ENSMUSP00000083012,train,True,24,mouse,known,NC3
4490,ENSMUST00000085912,ENSMUSP00000083076,val,True,24,mouse,known,NC3
4491,ENSMUST00000085944,ENSMUSP00000083106,train,True,24,mouse,known,NC3
4492,ENSMUST00000085984,ENSMUSP00000083146,val,True,24,mouse,known,NC3
4493,ENSMUST00000086040,ENSMUSP00000083204,train,True,24,mouse,known,NC3
4494,ENSMUST00000086041,ENSMUSP00000083205,train,True,24,mouse,known,NC3
4495,ENSMUST00000086112,ENSMUSP00000083281,train,True,24,mouse,known,NC3
4496,ENSMUST00000086153,ENSMUSP00000083322,train,True,24,mouse,known,NC3
4497,ENSMUST00000086167,ENSMUSP00000083341,train,True,24,mouse,known,NC3
4498,ENSMUST00000086294,ENSMUSP00000083474,val,True,24,mouse,known,NC3
4499,ENSMUST00000086325,ENSMUSP00000083505,val,True,24,mouse,known,NC3
4500,ENSMUST00000086421,ENSMUSP00000083611,train,True,24,mouse,known,NC3
4501,ENSMUST00000086430,ENSMUSP00000083620,train,True,24,mouse,known,NC3
4502,ENSMUST00000086461,ENSMUSP00000083652,train,True,24,mouse,known,NC3
4503,ENSMUST00000086519,ENSMUSP00000083705,val,True,24,mouse,known,NC3
4504,ENSMUST00000086555,ENSMUSP00000083742,train,True,24,mouse,known,NC3
4505,ENSMUST00000086564,ENSMUSP00000083754,train,True,24,mouse,known,NC3
4506,ENSMUST00000086614,ENSMUSP00000083806,train,True,24,mouse,known,NC3
4507,ENSMUST00000086635,ENSMUSP00000083835,train,True,24,mouse,known,NC3
4508,ENSMUST00000086693,ENSMUSP00000083899,train,True,24,mouse,known,NC3
4509,ENSMUST00000086723,ENSMUSP00000083928,train,True,24,mouse,known,NC3
4510,ENSMUST00000086831,ENSMUSP00000084041,train,True,24,mouse,known,NC3
4511,ENSMUST00000086869,ENSMUSP00000084082,train,True,24,mouse,known,NC3
4512,ENSMUST00000086876,ENSMUSP00000084089,test,True,24,mouse,known,NC3
4513,ENSMUST00000087026,ENSMUSP00000084252,train,True,24,mouse,known,NC3
4514,ENSMUST00000087031,ENSMUSP00000084257,train,True,24,mouse,known,NC3
4515,ENSMUST00000087114,ENSMUSP00000084353,val,True,24,mouse,known,NC3
4516,ENSMUST00000087122,ENSMUSP00000084361,train,True,24,mouse,known,NC3
4517,ENSMUST00000087143,ENSMUSP00000084387,train,True,24,mouse,known,NC3
4518,ENSMUST00000087195,ENSMUSP00000084445,test,True,24,mouse,known,NC3
4519,ENSMUST00000087200,ENSMUSP00000084450,train,True,24,mouse,known,NC3
4520,ENSMUST00000087211,ENSMUSP00000084461,val,True,24,mouse,known,NC3
4521,ENSMUST00000087215,ENSMUSP00000084466,train,True,24,mouse,known,NC3
4522,ENSMUST00000087216,ENSMUSP00000084467,train,True,24,mouse,known,NC3
4523,ENSMUST00000087228,ENSMUSP00000084480,train,True,24,mouse,known,NC3
4524,ENSMUST00000087315,ENSMUSP00000084572,val,True,24,mouse,known,NC3
4525,ENSMUST00000087320,ENSMUSP00000084577,train,True,24,mouse,known,NC3
4526,ENSMUST00000087324,ENSMUSP00000084582,train,True,24,mouse,known,NC3
4527,ENSMUST00000087341,ENSMUSP00000084599,train,True,24,mouse,known,NC3
4528,ENSMUST00000087435,ENSMUSP00000084701,val,True,24,mouse,known,NC3
4529,ENSMUST00000087445,ENSMUSP00000084713,val,True,24,mouse,known,NC3
4530,ENSMUST00000087517,ENSMUSP00000084794,train,True,24,mouse,known,NC3
4531,ENSMUST00000087543,ENSMUSP00000084823,train,True,24,mouse,known,NC3
4532,ENSMUST00000087566,ENSMUSP00000084846,train,True,24,mouse,known,NC3
4533,ENSMUST00000087622,ENSMUSP00000084904,train,True,24,mouse,known,NC3
4534,ENSMUST00000087638,ENSMUSP00000084918,train,True,24,mouse,known,NC3
4535,ENSMUST00000087675,ENSMUSP00000084959,train,True,24,mouse,known,NC3
4536,ENSMUST00000087684,ENSMUSP00000084970,train,True,24,mouse,known,NC3
4537,ENSMUST00000087689,ENSMUSP00000084977,test,True,24,mouse,known,NC3
4538,ENSMUST00000087865,ENSMUSP00000085172,val,True,24,mouse,known,NC3
4539,ENSMUST00000087867,ENSMUSP00000085175,train,True,24,mouse,known,NC3
4540,ENSMUST00000087883,ENSMUSP00000085192,train,True,24,mouse,known,NC3
4541,ENSMUST00000087908,ENSMUSP00000085218,train,True,24,mouse,known,NC3
4542,ENSMUST00000087933,ENSMUSP00000085244,train,True,24,mouse,known,NC3
4543,ENSMUST00000087948,ENSMUSP00000085260,test,True,24,mouse,known,NC3
4544,ENSMUST00000087996,ENSMUSP00000085311,test,True,24,mouse,known,NC3
4545,ENSMUST00000088001,ENSMUSP00000085316,test,True,24,mouse,known,NC3
4546,ENSMUST00000088013,ENSMUSP00000085329,train,True,24,mouse,known,NC3
4547,ENSMUST00000088049,ENSMUSP00000085365,train,True,24,mouse,known,NC3
4548,ENSMUST00000088081,ENSMUSP00000085400,train,True,24,mouse,known,NC3
4549,ENSMUST00000088095,ENSMUSP00000085416,train,True,24,mouse,known,NC3
4550,ENSMUST00000088102,ENSMUSP00000085423,test,True,24,mouse,known,NC3
4551,ENSMUST00000088169,ENSMUSP00000085494,val,True,24,mouse,known,NC3
4552,ENSMUST00000088217,ENSMUSP00000085549,test,True,24,mouse,known,NC3
4553,ENSMUST00000088233,ENSMUSP00000085566,train,True,24,mouse,known,NC3
4554,ENSMUST00000088248,ENSMUSP00000085581,train,True,24,mouse,known,NC3
4555,ENSMUST00000088257,ENSMUSP00000085591,train,True,24,mouse,known,NC3
4556,ENSMUST00000088295,ENSMUSP00000085633,train,True,24,mouse,known,NC3
4557,ENSMUST00000088310,ENSMUSP00000085650,train,True,24,mouse,known,NC3
4558,ENSMUST00000088345,ENSMUSP00000085683,val,True,24,mouse,known,NC3
4559,ENSMUST00000088392,ENSMUSP00000085734,val,True,24,mouse,known,NC3
4560,ENSMUST00000088429,ENSMUSP00000085775,val,True,24,mouse,known,NC3
4561,ENSMUST00000088452,ENSMUSP00000085799,train,True,24,mouse,known,NC3
4562,ENSMUST00000088614,ENSMUSP00000085985,train,True,24,mouse,known,NC3
4563,ENSMUST00000088615,ENSMUSP00000085986,train,True,24,mouse,known,NC3
4564,ENSMUST00000088644,ENSMUSP00000086017,train,True,24,mouse,known,NC3
4565,ENSMUST00000088650,ENSMUSP00000086025,val,True,24,mouse,known,NC3
4566,ENSMUST00000088652,ENSMUSP00000086027,test,True,24,mouse,known,NC3
4567,ENSMUST00000088716,ENSMUSP00000086094,test,True,24,mouse,known,NC3
4568,ENSMUST00000088717,ENSMUSP00000086095,val,True,24,mouse,known,NC3
4569,ENSMUST00000088737,ENSMUSP00000086114,train,True,24,mouse,known,NC3
4570,ENSMUST00000088827,ENSMUSP00000086207,train,True,24,mouse,known,NC3
4571,ENSMUST00000088922,ENSMUSP00000086312,train,True,24,mouse,known,NC3
4572,ENSMUST00000088931,ENSMUSP00000086321,train,True,24,mouse,known,NC3
4573,ENSMUST00000088935,ENSMUSP00000086325,train,True,24,mouse,known,NC3
4574,ENSMUST00000088940,ENSMUSP00000086333,val,True,24,mouse,known,NC3
4575,ENSMUST00000088970,ENSMUSP00000086363,train,True,24,mouse,known,NC3
4576,ENSMUST00000089017,ENSMUSP00000086411,train,True,24,mouse,known,NC3
4577,ENSMUST00000089024,ENSMUSP00000086418,test,True,24,mouse,known,NC3
4578,ENSMUST00000089027,ENSMUSP00000086422,train,True,24,mouse,known,NC3
4579,ENSMUST00000089058,ENSMUSP00000086459,test,True,24,mouse,known,NC3
4580,ENSMUST00000089140,ENSMUSP00000086542,train,True,24,mouse,known,NC3
4581,ENSMUST00000089174,ENSMUSP00000086578,train,True,24,mouse,known,NC3
4582,ENSMUST00000062601,ENSMUSP00000086614,train,True,24,mouse,known,NC3
4583,ENSMUST00000089217,ENSMUSP00000086626,train,True,24,mouse,known,NC3
4584,ENSMUST00000089230,ENSMUSP00000086640,train,True,24,mouse,known,NC3
4585,ENSMUST00000089287,ENSMUSP00000086701,train,True,24,mouse,known,NC3
4586,ENSMUST00000089289,ENSMUSP00000086703,train,True,24,mouse,known,NC3
4587,ENSMUST00000089302,ENSMUSP00000086716,train,True,24,mouse,known,NC3
4588,ENSMUST00000089317,ENSMUSP00000086730,train,True,24,mouse,known,NC3
4589,ENSMUST00000089362,ENSMUSP00000086779,train,True,24,mouse,known,NC3
4590,ENSMUST00000089377,ENSMUSP00000086795,train,True,24,mouse,known,NC3
4591,ENSMUST00000089378,ENSMUSP00000086796,train,True,24,mouse,known,NC3
4592,ENSMUST00000089414,ENSMUSP00000086835,test,True,24,mouse,known,NC3
4593,ENSMUST00000089452,ENSMUSP00000086875,train,True,24,mouse,known,NC3
4594,ENSMUST00000089497,ENSMUSP00000086923,train,True,24,mouse,known,NC3
4595,ENSMUST00000089510,ENSMUSP00000086938,train,True,24,mouse,known,NC3
4596,ENSMUST00000089519,ENSMUSP00000086948,test,True,24,mouse,known,NC3
4597,ENSMUST00000057632,ENSMUSP00000086964,train,True,24,mouse,known,NC3
4598,ENSMUST00000089558,ENSMUSP00000086987,test,True,24,mouse,known,NC3
4599,ENSMUST00000089559,ENSMUSP00000086988,train,True,24,mouse,known,NC3
4600,ENSMUST00000089645,ENSMUSP00000087073,val,True,24,mouse,known,NC3
4601,ENSMUST00000089651,ENSMUSP00000087079,train,True,24,mouse,known,NC3
4602,ENSMUST00000089669,ENSMUSP00000087098,val,True,24,mouse,known,NC3
4603,ENSMUST00000089684,ENSMUSP00000087114,train,True,24,mouse,known,NC3
4604,ENSMUST00000059472,ENSMUSP00000087118,train,True,24,mouse,known,NC3
4605,ENSMUST00000089688,ENSMUSP00000087119,train,True,24,mouse,known,NC3
4606,ENSMUST00000089765,ENSMUSP00000087197,train,True,24,mouse,known,NC3
4607,ENSMUST00000089770,ENSMUSP00000087202,test,True,24,mouse,known,NC3
4608,ENSMUST00000089776,ENSMUSP00000087208,train,True,24,mouse,known,NC3
4609,ENSMUST00000089883,ENSMUSP00000087327,train,True,24,mouse,known,NC3
4610,ENSMUST00000089926,nan,train,True,24,mouse,known,NC3
4611,ENSMUST00000089959,ENSMUSP00000087405,train,True,24,mouse,known,NC3
4612,ENSMUST00000090006,ENSMUSP00000087457,train,True,24,mouse,known,NC3
4613,ENSMUST00000090020,ENSMUSP00000087474,val,True,24,mouse,known,NC3
4614,ENSMUST00000090031,ENSMUSP00000087485,train,True,24,mouse,known,NC3
4615,ENSMUST00000090046,ENSMUSP00000087500,train,True,24,mouse,known,NC3
4616,ENSMUST00000090061,ENSMUSP00000087515,train,True,24,mouse,known,NC3
4617,ENSMUST00000090147,ENSMUSP00000087608,train,True,24,mouse,known,NC3
4618,ENSMUST00000090171,ENSMUSP00000087633,train,True,24,mouse,known,NC3
4619,ENSMUST00000090174,ENSMUSP00000087636,train,True,24,mouse,known,NC3
4620,ENSMUST00000090190,ENSMUSP00000087656,train,True,24,mouse,known,NC3
4621,ENSMUST00000090192,ENSMUSP00000087658,val,True,24,mouse,known,NC3
4622,ENSMUST00000090247,ENSMUSP00000087714,val,True,24,mouse,known,NC3
4623,ENSMUST00000090292,ENSMUSP00000087762,train,True,24,mouse,known,NC3
4624,ENSMUST00000090300,ENSMUSP00000087770,train,True,24,mouse,known,NC3
4625,ENSMUST00000090302,ENSMUSP00000087773,test,True,24,mouse,known,NC3
4626,ENSMUST00000090339,ENSMUSP00000087815,train,True,24,mouse,known,NC3
4627,ENSMUST00000090398,ENSMUSP00000087879,train,True,24,mouse,known,NC3
4628,ENSMUST00000090413,ENSMUSP00000087896,test,True,24,mouse,known,NC3
4629,ENSMUST00000090481,ENSMUSP00000087967,test,True,24,mouse,known,NC3
4630,ENSMUST00000090559,ENSMUSP00000088047,train,True,24,mouse,known,NC3
4631,ENSMUST00000090569,ENSMUSP00000088057,train,True,24,mouse,known,NC3
4632,ENSMUST00000090678,ENSMUSP00000088174,train,True,24,mouse,known,NC3
4633,ENSMUST00000090680,ENSMUSP00000088176,test,True,24,mouse,known,NC3
4634,ENSMUST00000090726,ENSMUSP00000088227,train,True,24,mouse,known,NC3
4635,ENSMUST00000090759,ENSMUSP00000088263,val,True,24,mouse,known,NC3
4636,ENSMUST00000090791,ENSMUSP00000088297,train,True,24,mouse,known,NC3
4637,ENSMUST00000090792,ENSMUSP00000088298,test,True,24,mouse,known,NC3
4638,ENSMUST00000090811,ENSMUSP00000088320,val,True,24,mouse,known,NC3
4639,ENSMUST00000090824,ENSMUSP00000088334,train,True,24,mouse,known,NC3
4640,ENSMUST00000090827,ENSMUSP00000088337,val,True,24,mouse,known,NC3
4641,ENSMUST00000090839,ENSMUSP00000088349,train,True,24,mouse,known,NC3
4642,ENSMUST00000090925,ENSMUSP00000088443,train,True,24,mouse,known,NC3
4643,ENSMUST00000090929,ENSMUSP00000088447,test,True,24,mouse,known,NC3
4644,ENSMUST00000090933,ENSMUSP00000088451,train,True,24,mouse,known,NC3
4645,ENSMUST00000090938,ENSMUSP00000088456,train,True,24,mouse,known,NC3
4646,ENSMUST00000090952,ENSMUSP00000088472,train,True,24,mouse,known,NC3
4647,ENSMUST00000090973,ENSMUSP00000088493,train,True,24,mouse,known,NC3
4648,ENSMUST00000091010,ENSMUSP00000088532,train,True,24,mouse,known,NC3
4649,ENSMUST00000091064,ENSMUSP00000088591,train,True,24,mouse,known,NC3
4650,ENSMUST00000091142,ENSMUSP00000088676,train,True,24,mouse,known,NC3
4651,ENSMUST00000091188,ENSMUSP00000088727,test,True,24,mouse,known,NC3
4652,ENSMUST00000091190,ENSMUSP00000088729,val,True,24,mouse,known,NC3
4653,ENSMUST00000091201,ENSMUSP00000088740,train,True,24,mouse,known,NC3
4654,ENSMUST00000091237,ENSMUSP00000088779,train,True,24,mouse,known,NC3
4655,ENSMUST00000091263,ENSMUSP00000088807,train,True,24,mouse,known,NC3
4656,ENSMUST00000091288,ENSMUSP00000088833,test,True,24,mouse,known,NC3
4657,ENSMUST00000091291,ENSMUSP00000088837,train,True,24,mouse,known,NC3
4658,ENSMUST00000091299,ENSMUSP00000088845,train,True,24,mouse,known,NC3
4659,ENSMUST00000091355,ENSMUSP00000088914,train,True,24,mouse,known,NC3
4660,ENSMUST00000091358,ENSMUSP00000088917,train,True,24,mouse,known,NC3
4661,ENSMUST00000091374,ENSMUSP00000088935,train,True,24,mouse,known,NC3
4662,ENSMUST00000091403,ENSMUSP00000088964,train,True,24,mouse,known,NC3
4663,ENSMUST00000091458,ENSMUSP00000089036,test,True,24,mouse,known,NC3
4664,ENSMUST00000091466,ENSMUSP00000089045,train,True,24,mouse,known,NC3
4665,ENSMUST00000077458,ENSMUSP00000089051,train,True,24,mouse,known,NC3
4666,ENSMUST00000091497,ENSMUSP00000089079,train,True,24,mouse,known,NC3
4667,ENSMUST00000091579,ENSMUSP00000089169,train,True,24,mouse,known,NC3
4668,ENSMUST00000091609,ENSMUSP00000089198,train,True,24,mouse,known,NC3
4669,ENSMUST00000091672,ENSMUSP00000089260,train,True,24,mouse,known,NC3
4670,ENSMUST00000091706,ENSMUSP00000089298,train,True,24,mouse,known,NC3
4671,ENSMUST00000091790,ENSMUSP00000089394,train,True,24,mouse,known,NC3
4672,ENSMUST00000091818,ENSMUSP00000089426,train,True,24,mouse,known,NC3
4673,ENSMUST00000091848,ENSMUSP00000089459,train,True,24,mouse,known,NC3
4674,ENSMUST00000091852,ENSMUSP00000089463,train,True,24,mouse,known,NC3
4675,ENSMUST00000092033,ENSMUSP00000089664,train,True,24,mouse,known,NC3
4676,ENSMUST00000092048,ENSMUSP00000089680,train,True,24,mouse,known,NC3
4677,ENSMUST00000092074,ENSMUSP00000089708,train,True,24,mouse,known,NC3
4678,ENSMUST00000092096,ENSMUSP00000089728,train,True,24,mouse,known,NC3
4679,ENSMUST00000092123,ENSMUSP00000089758,val,True,24,mouse,known,NC3
4680,ENSMUST00000092143,ENSMUSP00000089781,test,True,24,mouse,known,NC3
4681,ENSMUST00000092295,ENSMUSP00000089948,train,True,24,mouse,known,NC3
4682,ENSMUST00000092305,ENSMUSP00000089958,test,True,24,mouse,known,NC3
4683,ENSMUST00000092430,ENSMUSP00000090086,train,True,24,mouse,known,NC3
4684,ENSMUST00000092473,ENSMUSP00000090130,test,True,24,mouse,known,NC3
4685,ENSMUST00000092498,ENSMUSP00000090155,val,True,24,mouse,known,NC3
4686,ENSMUST00000092517,ENSMUSP00000090177,val,True,24,mouse,known,NC3
4687,ENSMUST00000092569,ENSMUSP00000090230,train,True,24,mouse,known,NC3
4688,ENSMUST00000092584,ENSMUSP00000090245,train,True,24,mouse,known,NC3
4689,ENSMUST00000092618,ENSMUSP00000090281,train,True,24,mouse,known,NC3
4690,ENSMUST00000092629,ENSMUSP00000090293,train,True,24,mouse,known,NC3
4691,ENSMUST00000077856,ENSMUSP00000090305,train,True,24,mouse,known,NC3
4692,ENSMUST00000092645,ENSMUSP00000090314,train,True,24,mouse,known,NC3
4693,ENSMUST00000092646,ENSMUSP00000090316,train,True,24,mouse,known,NC3
4694,ENSMUST00000092678,ENSMUSP00000090349,train,True,24,mouse,known,NC3
4695,ENSMUST00000092688,ENSMUSP00000090360,train,True,24,mouse,known,NC3
4696,ENSMUST00000092794,ENSMUSP00000090470,train,True,24,mouse,known,NC3
4697,ENSMUST00000092849,ENSMUSP00000090525,train,True,24,mouse,known,NC3
4698,ENSMUST00000092889,ENSMUSP00000090565,train,True,24,mouse,known,NC3
4699,ENSMUST00000092915,ENSMUSP00000090593,train,True,24,mouse,known,NC3
4700,ENSMUST00000092937,ENSMUSP00000090613,train,True,24,mouse,known,NC3
4701,ENSMUST00000092956,ENSMUSP00000090633,train,True,24,mouse,known,NC3
4702,ENSMUST00000092966,nan,val,True,24,mouse,known,NC3
4703,ENSMUST00000092984,ENSMUSP00000090661,train,True,24,mouse,known,NC3
4704,ENSMUST00000093019,ENSMUSP00000090697,train,True,24,mouse,known,NC3
4705,ENSMUST00000093040,ENSMUSP00000090727,val,True,24,mouse,known,NC3
4706,ENSMUST00000093049,ENSMUSP00000090737,train,True,24,mouse,known,NC3
4707,ENSMUST00000093100,ENSMUSP00000090790,test,True,24,mouse,known,NC3
4708,ENSMUST00000093132,ENSMUSP00000090820,val,True,24,mouse,known,NC3
4709,ENSMUST00000093157,ENSMUSP00000090844,train,True,24,mouse,known,NC3
4710,ENSMUST00000093191,ENSMUSP00000090882,train,True,24,mouse,known,NC3
4711,ENSMUST00000093207,nan,train,True,24,mouse,known,NC3
4712,ENSMUST00000093271,ENSMUSP00000090959,train,True,24,mouse,known,NC3
4713,ENSMUST00000093321,ENSMUSP00000091011,train,True,24,mouse,known,NC3
4714,ENSMUST00000093357,ENSMUSP00000091048,val,True,24,mouse,known,NC3
4715,ENSMUST00000093389,ENSMUSP00000091087,train,True,24,mouse,known,NC3
4716,ENSMUST00000093454,ENSMUSP00000091163,train,True,24,mouse,known,NC3
4717,ENSMUST00000093791,ENSMUSP00000091306,train,True,24,mouse,known,NC3
4718,ENSMUST00000093795,ENSMUSP00000091312,train,True,24,mouse,known,NC3
4719,ENSMUST00000093801,ENSMUSP00000091318,val,True,24,mouse,known,NC3
4720,ENSMUST00000093802,ENSMUSP00000091319,train,True,24,mouse,known,NC3
4721,ENSMUST00000093812,ENSMUSP00000091330,train,True,24,mouse,known,NC3
4722,ENSMUST00000093864,nan,train,True,24,mouse,known,NC3
4723,ENSMUST00000093893,ENSMUSP00000091419,test,True,24,mouse,known,NC3
4724,ENSMUST00000093901,ENSMUSP00000091428,train,True,24,mouse,known,NC3
4725,ENSMUST00000093902,ENSMUSP00000091429,train,True,24,mouse,known,NC3
4726,ENSMUST00000093907,ENSMUSP00000091435,train,True,24,mouse,known,NC3
4727,ENSMUST00000093937,ENSMUSP00000091469,train,True,24,mouse,known,NC3
4728,ENSMUST00000093943,ENSMUSP00000091475,train,True,24,mouse,known,NC3
4729,ENSMUST00000093955,ENSMUSP00000091487,train,True,24,mouse,known,NC3
4730,ENSMUST00000093962,ENSMUSP00000091495,train,True,24,mouse,known,NC3
4731,ENSMUST00000093969,ENSMUSP00000091502,train,True,24,mouse,known,NC3
4732,ENSMUST00000094014,ENSMUSP00000091553,test,True,24,mouse,known,NC3
4733,ENSMUST00000094053,ENSMUSP00000091595,train,True,24,mouse,known,NC3
4734,ENSMUST00000094179,ENSMUSP00000091731,val,True,24,mouse,known,NC3
4735,ENSMUST00000093107,ENSMUSP00000091749,test,True,24,mouse,known,NC3
4736,ENSMUST00000094203,ENSMUSP00000091756,train,True,24,mouse,known,NC3
4737,ENSMUST00000094215,ENSMUSP00000091768,train,True,24,mouse,known,NC3
4738,ENSMUST00000080622,nan,train,True,24,mouse,known,NC3
4739,ENSMUST00000094331,ENSMUSP00000091889,train,True,24,mouse,known,NC3
4740,ENSMUST00000094378,ENSMUSP00000091940,train,True,24,mouse,known,NC3
4741,ENSMUST00000094398,ENSMUSP00000091964,test,True,24,mouse,known,NC3
4742,ENSMUST00000094434,ENSMUSP00000092002,train,True,24,mouse,known,NC3
4743,ENSMUST00000094441,ENSMUSP00000092009,train,True,24,mouse,known,NC3
4744,ENSMUST00000094467,ENSMUSP00000092038,val,True,24,mouse,known,NC3
4745,ENSMUST00000094578,ENSMUSP00000092157,train,True,24,mouse,known,NC3
4746,ENSMUST00000094604,ENSMUSP00000092186,train,True,24,mouse,known,NC3
4747,ENSMUST00000094632,ENSMUSP00000092216,train,True,24,mouse,known,NC3
4748,ENSMUST00000094639,ENSMUSP00000092223,train,True,24,mouse,known,NC3
4749,ENSMUST00000094646,ENSMUSP00000092230,train,True,24,mouse,known,NC3
4750,ENSMUST00000094657,ENSMUSP00000092242,train,True,24,mouse,known,NC3
4751,ENSMUST00000094695,ENSMUSP00000092283,test,True,24,mouse,known,NC3
4752,ENSMUST00000094762,ENSMUSP00000092355,train,True,24,mouse,known,NC3
4753,ENSMUST00000094782,ENSMUSP00000092375,train,True,24,mouse,known,NC3
4754,ENSMUST00000094853,ENSMUSP00000092449,train,True,24,mouse,known,NC3
4755,ENSMUST00000094870,ENSMUSP00000092468,train,True,24,mouse,known,NC3
4756,ENSMUST00000094892,ENSMUSP00000092492,train,True,24,mouse,known,NC3
4757,ENSMUST00000094933,ENSMUSP00000092538,test,True,24,mouse,known,NC3
4758,ENSMUST00000094993,ENSMUSP00000092602,train,True,24,mouse,known,NC3
4759,ENSMUST00000095012,ENSMUSP00000092621,val,True,24,mouse,known,NC3
4760,ENSMUST00000095063,ENSMUSP00000092673,train,True,24,mouse,known,NC3
4761,ENSMUST00000095070,ENSMUSP00000092680,train,True,24,mouse,known,NC3
4762,ENSMUST00000095083,ENSMUSP00000092697,test,True,24,mouse,known,NC3
4763,ENSMUST00000095087,ENSMUSP00000092703,train,True,24,mouse,known,NC3
4764,ENSMUST00000095128,ENSMUSP00000092746,val,True,24,mouse,known,NC3
4765,ENSMUST00000095143,ENSMUSP00000092765,val,True,24,mouse,known,NC3
4766,ENSMUST00000095147,ENSMUSP00000092769,train,True,24,mouse,known,NC3
4767,ENSMUST00000095173,ENSMUSP00000092796,train,True,24,mouse,known,NC3
4768,ENSMUST00000095187,ENSMUSP00000092810,train,True,24,mouse,known,NC3
4769,ENSMUST00000095188,ENSMUSP00000092811,train,True,24,mouse,known,NC3
4770,ENSMUST00000059588,ENSMUSP00000092821,test,True,24,mouse,known,NC3
4771,ENSMUST00000095214,ENSMUSP00000092839,train,True,24,mouse,known,NC3
4772,ENSMUST00000095228,ENSMUSP00000092853,train,True,24,mouse,known,NC3
4773,ENSMUST00000095263,ENSMUSP00000092897,train,True,24,mouse,known,NC3
4774,ENSMUST00000095267,ENSMUSP00000092901,train,True,24,mouse,known,NC3
4775,ENSMUST00000095273,ENSMUSP00000092907,train,True,24,mouse,known,NC3
4776,ENSMUST00000095313,ENSMUSP00000092951,train,True,24,mouse,known,NC3
4777,ENSMUST00000095350,ENSMUSP00000092993,train,True,24,mouse,known,NC3
4778,ENSMUST00000095410,ENSMUSP00000093059,test,True,24,mouse,known,NC3
4779,ENSMUST00000095427,ENSMUSP00000093077,train,True,24,mouse,known,NC3
4780,ENSMUST00000095439,ENSMUSP00000093090,val,True,24,mouse,known,NC3
4781,ENSMUST00000095476,ENSMUSP00000093130,train,True,24,mouse,known,NC3
4782,ENSMUST00000095541,ENSMUSP00000093197,train,True,24,mouse,known,NC3
4783,ENSMUST00000095610,ENSMUSP00000093270,train,True,24,mouse,known,NC3
4784,ENSMUST00000095664,ENSMUSP00000093325,train,True,24,mouse,known,NC3
4785,ENSMUST00000095725,ENSMUSP00000093393,train,True,24,mouse,known,NC3
4786,ENSMUST00000095739,ENSMUSP00000093410,train,True,24,mouse,known,NC3
4787,ENSMUST00000095753,ENSMUSP00000093425,test,True,24,mouse,known,NC3
4788,ENSMUST00000095795,ENSMUSP00000093471,test,True,24,mouse,known,NC3
4789,ENSMUST00000095797,ENSMUSP00000093473,train,True,24,mouse,known,NC3
4790,ENSMUST00000095849,ENSMUSP00000093533,train,True,24,mouse,known,NC3
4791,ENSMUST00000095893,ENSMUSP00000093581,val,True,24,mouse,known,NC3
4792,ENSMUST00000095947,ENSMUSP00000093640,train,True,24,mouse,known,NC3
4793,ENSMUST00000095950,ENSMUSP00000093644,train,True,24,mouse,known,NC3
4794,ENSMUST00000095998,ENSMUSP00000093697,test,True,24,mouse,known,NC3
4795,ENSMUST00000096069,ENSMUSP00000093774,train,True,24,mouse,known,NC3
4796,ENSMUST00000096084,ENSMUSP00000093789,train,True,24,mouse,known,NC3
4797,ENSMUST00000066039,ENSMUSP00000093831,train,True,24,mouse,known,NC3
4798,ENSMUST00000096194,ENSMUSP00000093908,train,True,24,mouse,known,NC3
4799,ENSMUST00000096224,ENSMUSP00000093939,val,True,24,mouse,known,NC3
4800,ENSMUST00000096229,ENSMUSP00000093945,train,True,24,mouse,known,NC3
4801,ENSMUST00000052248,ENSMUSP00000093955,train,True,24,mouse,known,NC3
4802,ENSMUST00000096239,ENSMUSP00000093958,test,True,24,mouse,known,NC3
4803,ENSMUST00000096240,ENSMUSP00000093959,test,True,24,mouse,known,NC3
4804,ENSMUST00000096241,ENSMUSP00000093960,train,True,24,mouse,known,NC3
4805,ENSMUST00000096243,ENSMUSP00000093962,test,True,24,mouse,known,NC3
4806,ENSMUST00000096246,ENSMUSP00000093965,train,True,24,mouse,known,NC3
4807,ENSMUST00000096249,ENSMUSP00000093968,train,True,24,mouse,known,NC3
4808,ENSMUST00000096250,ENSMUSP00000093969,train,True,24,mouse,known,NC3
4809,ENSMUST00000096251,ENSMUSP00000093970,train,True,24,mouse,known,NC3
4810,ENSMUST00000096261,ENSMUSP00000093980,train,True,24,mouse,known,NC3
4811,ENSMUST00000096272,ENSMUSP00000093992,train,True,24,mouse,known,NC3
4812,ENSMUST00000096313,ENSMUSP00000094036,train,True,24,mouse,known,NC3
4813,ENSMUST00000033578,ENSMUSP00000094078,test,True,24,mouse,known,NC3
4814,ENSMUST00000096378,ENSMUSP00000094107,val,True,24,mouse,known,NC3
4815,ENSMUST00000096385,ENSMUSP00000094115,train,True,24,mouse,known,NC3
4816,ENSMUST00000096420,nan,train,True,24,mouse,known,NC3
4817,ENSMUST00000096430,ENSMUSP00000094164,train,True,24,mouse,known,NC3
4818,ENSMUST00000096431,ENSMUSP00000094165,val,True,24,mouse,known,NC3
4819,ENSMUST00000096433,ENSMUSP00000094167,train,True,24,mouse,known,NC3
4820,ENSMUST00000096482,ENSMUSP00000094225,train,True,24,mouse,known,NC3
4821,ENSMUST00000096495,ENSMUSP00000094239,train,True,24,mouse,known,NC3
4822,ENSMUST00000096575,ENSMUSP00000094326,train,True,24,mouse,known,NC3
4823,ENSMUST00000096608,ENSMUSP00000094365,test,True,24,mouse,known,NC3
4824,ENSMUST00000096639,ENSMUSP00000094396,train,True,24,mouse,known,NC3
4825,ENSMUST00000096744,ENSMUSP00000094505,train,True,24,mouse,known,NC3
4826,ENSMUST00000096751,ENSMUSP00000094513,train,True,24,mouse,known,NC3
4827,ENSMUST00000096753,ENSMUSP00000094515,train,True,24,mouse,known,NC3
4828,ENSMUST00000096766,ENSMUSP00000094528,train,True,24,mouse,known,NC3
4829,ENSMUST00000097014,ENSMUSP00000094778,val,True,24,mouse,known,NC3
4830,ENSMUST00000097227,ENSMUSP00000094863,val,True,24,mouse,known,NC3
4831,ENSMUST00000097281,ENSMUSP00000094882,train,True,24,mouse,known,NC3
4832,ENSMUST00000097343,ENSMUSP00000094956,test,True,24,mouse,known,NC3
4833,ENSMUST00000097419,ENSMUSP00000095030,train,True,24,mouse,known,NC3
4834,ENSMUST00000097420,ENSMUSP00000095031,val,True,24,mouse,known,NC3
4835,ENSMUST00000097442,ENSMUSP00000095051,train,True,24,mouse,known,NC3
4836,ENSMUST00000097527,ENSMUSP00000095134,train,True,24,mouse,known,NC3
4837,ENSMUST00000097542,ENSMUSP00000095149,train,True,24,mouse,known,NC3
4838,ENSMUST00000097561,ENSMUSP00000095169,val,True,24,mouse,known,NC3
4839,ENSMUST00000097588,ENSMUSP00000095195,train,True,24,mouse,known,NC3
4840,ENSMUST00000097590,ENSMUSP00000095197,train,True,24,mouse,known,NC3
4841,ENSMUST00000097591,ENSMUSP00000095198,train,True,24,mouse,known,NC3
4842,ENSMUST00000097646,ENSMUSP00000095251,train,True,24,mouse,known,NC3
4843,ENSMUST00000097649,ENSMUSP00000095254,train,True,24,mouse,known,NC3
4844,ENSMUST00000097694,ENSMUSP00000095300,train,True,24,mouse,known,NC3
4845,ENSMUST00000097707,ENSMUSP00000095314,train,True,24,mouse,known,NC3
4846,ENSMUST00000097709,ENSMUSP00000095316,train,True,24,mouse,known,NC3
4847,ENSMUST00000097715,ENSMUSP00000095322,train,True,24,mouse,known,NC3
4848,ENSMUST00000097737,ENSMUSP00000095344,train,True,24,mouse,known,NC3
4849,ENSMUST00000097739,ENSMUSP00000095346,train,True,24,mouse,known,NC3
4850,ENSMUST00000097822,ENSMUSP00000095433,val,True,24,mouse,known,NC3
4851,ENSMUST00000097864,ENSMUSP00000095476,train,True,24,mouse,known,NC3
4852,ENSMUST00000097891,ENSMUSP00000095501,train,True,24,mouse,known,NC3
4853,ENSMUST00000097908,ENSMUSP00000095518,val,True,24,mouse,known,NC3
4854,ENSMUST00000097925,ENSMUSP00000095538,train,True,24,mouse,known,NC3
4855,ENSMUST00000097945,ENSMUSP00000095558,val,True,24,mouse,known,NC3
4856,ENSMUST00000097961,ENSMUSP00000095574,train,True,24,mouse,known,NC3
4857,ENSMUST00000097992,ENSMUSP00000095602,train,True,24,mouse,known,NC3
4858,ENSMUST00000098048,ENSMUSP00000095656,train,True,24,mouse,known,NC3
4859,ENSMUST00000098070,ENSMUSP00000095677,train,True,24,mouse,known,NC3
4860,ENSMUST00000098090,ENSMUSP00000095695,val,True,24,mouse,known,NC3
4861,ENSMUST00000098106,ENSMUSP00000095710,train,True,24,mouse,known,NC3
4862,ENSMUST00000098109,ENSMUSP00000095713,train,True,24,mouse,known,NC3
4863,ENSMUST00000098143,ENSMUSP00000095747,train,True,24,mouse,known,NC3
4864,ENSMUST00000098148,ENSMUSP00000095752,train,True,24,mouse,known,NC3
4865,ENSMUST00000098192,nan,train,True,24,mouse,known,NC3
4866,ENSMUST00000098230,ENSMUSP00000095832,train,True,24,mouse,known,NC3
4867,ENSMUST00000098242,ENSMUSP00000095843,train,True,24,mouse,known,NC3
4868,ENSMUST00000098244,ENSMUSP00000095845,train,True,24,mouse,known,NC3
4869,ENSMUST00000098252,ENSMUSP00000095852,train,True,24,mouse,known,NC3
4870,ENSMUST00000098312,ENSMUSP00000095915,train,True,24,mouse,known,NC3
4871,ENSMUST00000098333,ENSMUSP00000095938,train,True,24,mouse,known,NC3
4872,ENSMUST00000098346,ENSMUSP00000095949,train,True,24,mouse,known,NC3
4873,ENSMUST00000098367,ENSMUSP00000095970,train,True,24,mouse,known,NC3
4874,ENSMUST00000098453,ENSMUSP00000096052,train,True,24,mouse,known,NC3
4875,ENSMUST00000098473,ENSMUSP00000096073,train,True,24,mouse,known,NC3
4876,ENSMUST00000098513,ENSMUSP00000096113,train,True,24,mouse,known,NC3
4877,ENSMUST00000098519,ENSMUSP00000096119,test,True,24,mouse,known,NC3
4878,ENSMUST00000098534,ENSMUSP00000096136,train,True,24,mouse,known,NC3
4879,ENSMUST00000098537,ENSMUSP00000096139,train,True,24,mouse,known,NC3
4880,ENSMUST00000098552,ENSMUSP00000096152,train,True,24,mouse,known,NC3
4881,ENSMUST00000098574,ENSMUSP00000096173,test,True,24,mouse,known,NC3
4882,ENSMUST00000098576,ENSMUSP00000096175,train,True,24,mouse,known,NC3
4883,ENSMUST00000098578,ENSMUSP00000096177,train,True,24,mouse,known,NC3
4884,ENSMUST00000098651,ENSMUSP00000096248,train,True,24,mouse,known,NC3
4885,ENSMUST00000098750,ENSMUSP00000096346,train,True,24,mouse,known,NC3
4886,ENSMUST00000098780,ENSMUSP00000096377,train,True,24,mouse,known,NC3
4887,ENSMUST00000098789,ENSMUSP00000096386,train,True,24,mouse,known,NC3
4888,ENSMUST00000098799,ENSMUSP00000096397,train,True,24,mouse,known,NC3
4889,ENSMUST00000098814,ENSMUSP00000096411,train,True,24,mouse,known,NC3
4890,ENSMUST00000098817,ENSMUSP00000096415,train,True,24,mouse,known,NC3
4891,ENSMUST00000098849,ENSMUSP00000096449,train,True,24,mouse,known,NC3
4892,ENSMUST00000098853,ENSMUSP00000096452,train,True,24,mouse,known,NC3
4893,ENSMUST00000098873,ENSMUSP00000096470,train,True,24,mouse,known,NC3
4894,ENSMUST00000098938,ENSMUSP00000096538,train,True,24,mouse,known,NC3
4895,ENSMUST00000098942,ENSMUSP00000096541,test,True,24,mouse,known,NC3
4896,ENSMUST00000098948,ENSMUSP00000096547,train,True,24,mouse,known,NC3
4897,ENSMUST00000098950,ENSMUSP00000096549,test,True,24,mouse,known,NC3
4898,ENSMUST00000098990,ENSMUSP00000096588,train,True,24,mouse,known,NC3
4899,ENSMUST00000098994,ENSMUSP00000096592,train,True,24,mouse,known,NC3
4900,ENSMUST00000099058,ENSMUSP00000096657,val,True,24,mouse,known,NC3
4901,ENSMUST00000099071,ENSMUSP00000096670,train,True,24,mouse,known,NC3
4902,ENSMUST00000099078,ENSMUSP00000096677,train,True,24,mouse,known,NC3
4903,ENSMUST00000099090,ENSMUSP00000096688,train,True,24,mouse,known,NC3
4904,ENSMUST00000099149,ENSMUSP00000096753,train,True,24,mouse,known,NC3
4905,ENSMUST00000099173,ENSMUSP00000096777,train,True,24,mouse,known,NC3
4906,ENSMUST00000099207,ENSMUSP00000096813,train,True,24,mouse,known,NC3
4907,ENSMUST00000099224,ENSMUSP00000096829,train,True,24,mouse,known,NC3
4908,ENSMUST00000099274,ENSMUSP00000096880,test,True,24,mouse,known,NC3
4909,ENSMUST00000099276,ENSMUSP00000096882,train,True,24,mouse,known,NC3
4910,ENSMUST00000099295,ENSMUSP00000096898,val,True,24,mouse,known,NC3
4911,ENSMUST00000099329,ENSMUSP00000096932,train,True,24,mouse,known,NC3
4912,ENSMUST00000099353,ENSMUSP00000096954,train,True,24,mouse,known,NC3
4913,ENSMUST00000099384,ENSMUSP00000096982,train,True,24,mouse,known,NC3
4914,ENSMUST00000099393,ENSMUSP00000096991,train,True,24,mouse,known,NC3
4915,ENSMUST00000099396,ENSMUSP00000096994,train,True,24,mouse,known,NC3
4916,ENSMUST00000099490,ENSMUSP00000097089,train,True,24,mouse,known,NC3
4917,ENSMUST00000099494,ENSMUSP00000097093,test,True,24,mouse,known,NC3
4918,ENSMUST00000099502,ENSMUSP00000097101,train,True,24,mouse,known,NC3
4919,ENSMUST00000099554,ENSMUSP00000097150,train,True,24,mouse,known,NC3
4920,ENSMUST00000099556,ENSMUSP00000097152,train,True,24,mouse,known,NC3
4921,ENSMUST00000099691,ENSMUSP00000097282,test,True,24,mouse,known,NC3
4922,ENSMUST00000099765,ENSMUSP00000097353,train,True,24,mouse,known,NC3
4923,ENSMUST00000099821,ENSMUSP00000097409,train,True,24,mouse,known,NC3
4924,ENSMUST00000099856,ENSMUSP00000097442,val,True,24,mouse,known,NC3
4925,ENSMUST00000099858,ENSMUSP00000097444,train,True,24,mouse,known,NC3
4926,ENSMUST00000099967,ENSMUSP00000097547,val,True,24,mouse,known,NC3
4927,ENSMUST00000099981,ENSMUSP00000097561,train,True,24,mouse,known,NC3
4928,ENSMUST00000100022,ENSMUSP00000097599,train,True,24,mouse,known,NC3
4929,ENSMUST00000100023,ENSMUSP00000097600,train,True,24,mouse,known,NC3
4930,ENSMUST00000100052,ENSMUSP00000097629,val,True,24,mouse,known,NC3
4931,ENSMUST00000100077,ENSMUSP00000097655,train,True,24,mouse,known,NC3
4932,ENSMUST00000100143,ENSMUSP00000097721,test,True,24,mouse,known,NC3
4933,ENSMUST00000100162,ENSMUSP00000097738,train,True,24,mouse,known,NC3
4934,ENSMUST00000100167,ENSMUSP00000097743,test,True,24,mouse,known,NC3
4935,ENSMUST00000100171,ENSMUSP00000097747,train,True,24,mouse,known,NC3
4936,ENSMUST00000100179,ENSMUSP00000097754,train,True,24,mouse,known,NC3
4937,ENSMUST00000100181,ENSMUSP00000097756,train,True,24,mouse,known,NC3
4938,ENSMUST00000100196,ENSMUSP00000097770,train,True,24,mouse,known,NC3
4939,ENSMUST00000100203,ENSMUSP00000097777,train,True,24,mouse,known,NC3
4940,ENSMUST00000100215,ENSMUSP00000097788,train,True,24,mouse,known,NC3
4941,ENSMUST00000100220,ENSMUSP00000097793,train,True,24,mouse,known,NC3
4942,ENSMUST00000100225,ENSMUSP00000097797,val,True,24,mouse,known,NC3
4943,ENSMUST00000100237,ENSMUSP00000097809,train,True,24,mouse,known,NC3
4944,ENSMUST00000100309,ENSMUSP00000097882,train,True,24,mouse,known,NC3
4945,ENSMUST00000100335,ENSMUSP00000097909,train,True,24,mouse,known,NC3
4946,ENSMUST00000100337,ENSMUSP00000097910,train,True,24,mouse,known,NC3
4947,ENSMUST00000100339,ENSMUSP00000097912,test,True,24,mouse,known,NC3
4948,ENSMUST00000100387,ENSMUSP00000097956,train,True,24,mouse,known,NC3
4949,ENSMUST00000100398,ENSMUSP00000097967,test,True,24,mouse,known,NC3
4950,ENSMUST00000100399,ENSMUSP00000097968,train,True,24,mouse,known,NC3
4951,ENSMUST00000100404,ENSMUSP00000097972,train,True,24,mouse,known,NC3
4952,ENSMUST00000100472,ENSMUSP00000098040,train,True,24,mouse,known,NC3
4953,ENSMUST00000100484,ENSMUSP00000098053,val,True,24,mouse,known,NC3
4954,ENSMUST00000100489,ENSMUSP00000098058,train,True,24,mouse,known,NC3
4955,ENSMUST00000100500,ENSMUSP00000098069,train,True,24,mouse,known,NC3
4956,ENSMUST00000100505,ENSMUSP00000098074,train,True,24,mouse,known,NC3
4957,ENSMUST00000100507,ENSMUSP00000098076,train,True,24,mouse,known,NC3
4958,ENSMUST00000100528,ENSMUSP00000098097,train,True,24,mouse,known,NC3
4959,ENSMUST00000100538,ENSMUSP00000098106,val,True,24,mouse,known,NC3
4960,ENSMUST00000100539,ENSMUSP00000098107,test,True,24,mouse,known,NC3
4961,ENSMUST00000100544,ENSMUSP00000098112,train,True,24,mouse,known,NC3
4962,ENSMUST00000100647,ENSMUSP00000098212,train,True,24,mouse,known,NC3
4963,ENSMUST00000100655,ENSMUSP00000098220,test,True,24,mouse,known,NC3
4964,ENSMUST00000100729,ENSMUSP00000098295,train,True,24,mouse,known,NC3
4965,ENSMUST00000100737,ENSMUSP00000098303,train,True,24,mouse,known,NC3
4966,ENSMUST00000100802,ENSMUSP00000098365,train,True,24,mouse,known,NC3
4967,ENSMUST00000100844,ENSMUSP00000098405,train,True,24,mouse,known,NC3
4968,ENSMUST00000100961,ENSMUSP00000098521,train,True,24,mouse,known,NC3
4969,ENSMUST00000101029,ENSMUSP00000098591,train,True,24,mouse,known,NC3
4970,ENSMUST00000101044,ENSMUSP00000098605,train,True,24,mouse,known,NC3
4971,ENSMUST00000101055,ENSMUSP00000098616,train,True,24,mouse,known,NC3
4972,ENSMUST00000101066,ENSMUSP00000098627,test,True,24,mouse,known,NC3
4973,ENSMUST00000101070,ENSMUSP00000098631,test,True,24,mouse,known,NC3
4974,ENSMUST00000101073,ENSMUSP00000098634,test,True,24,mouse,known,NC3
4975,ENSMUST00000101087,ENSMUSP00000098648,train,True,24,mouse,known,NC3
4976,ENSMUST00000101118,ENSMUSP00000098677,test,True,24,mouse,known,NC3
4977,ENSMUST00000101127,ENSMUSP00000098687,train,True,24,mouse,known,NC3
4978,ENSMUST00000101141,ENSMUSP00000098701,train,True,24,mouse,known,NC3
4979,ENSMUST00000101151,ENSMUSP00000098710,test,True,24,mouse,known,NC3
4980,ENSMUST00000101181,nan,train,True,24,mouse,known,NC3
4981,ENSMUST00000101206,ENSMUSP00000098766,train,True,24,mouse,known,NC3
4982,ENSMUST00000101225,ENSMUSP00000098786,test,True,24,mouse,known,NC3
4983,ENSMUST00000101270,ENSMUSP00000098828,train,True,24,mouse,known,NC3
4984,ENSMUST00000101295,ENSMUSP00000098853,train,True,24,mouse,known,NC3
4985,ENSMUST00000101301,ENSMUSP00000098859,train,True,24,mouse,known,NC3
4986,ENSMUST00000101341,ENSMUSP00000098895,train,True,24,mouse,known,NC3
4987,ENSMUST00000101347,ENSMUSP00000098901,val,True,24,mouse,known,NC3
4988,ENSMUST00000101358,nan,test,True,24,mouse,known,NC3
4989,ENSMUST00000101394,ENSMUSP00000098942,train,True,24,mouse,known,NC3
4990,ENSMUST00000101499,ENSMUSP00000099038,train,True,24,mouse,known,NC3
4991,ENSMUST00000101527,ENSMUSP00000099066,train,True,24,mouse,known,NC3
4992,ENSMUST00000101638,ENSMUSP00000099162,train,True,24,mouse,known,NC3
4993,ENSMUST00000101670,ENSMUSP00000099193,train,True,24,mouse,known,NC3
4994,ENSMUST00000101801,ENSMUSP00000099301,test,True,24,mouse,known,NC3
4995,ENSMUST00000103013,ENSMUSP00000099302,train,True,24,mouse,known,NC3
4996,ENSMUST00000103018,ENSMUSP00000099307,train,True,24,mouse,known,NC3
4997,ENSMUST00000103028,ENSMUSP00000099317,train,True,24,mouse,known,NC3
4998,ENSMUST00000103032,ENSMUSP00000099321,val,True,24,mouse,known,NC3
4999,ENSMUST00000103041,ENSMUSP00000099330,train,True,24,mouse,known,NC3
5000,ENSMUST00000103075,ENSMUSP00000099364,train,True,24,mouse,known,NC3
5001,ENSMUST00000103077,ENSMUSP00000099366,train,True,24,mouse,known,NC3
5002,ENSMUST00000103079,ENSMUSP00000099368,train,True,24,mouse,known,NC3
5003,ENSMUST00000103084,ENSMUSP00000099373,train,True,24,mouse,known,NC3
5004,ENSMUST00000103092,ENSMUSP00000099381,test,True,24,mouse,known,NC3
5005,ENSMUST00000103094,ENSMUSP00000099383,train,True,24,mouse,known,NC3
5006,ENSMUST00000103101,ENSMUSP00000099390,train,True,24,mouse,known,NC3
5007,ENSMUST00000103110,ENSMUSP00000099399,test,True,24,mouse,known,NC3
5008,ENSMUST00000103115,ENSMUSP00000099404,train,True,24,mouse,known,NC3
5009,ENSMUST00000103118,ENSMUSP00000099407,train,True,24,mouse,known,NC3
5010,ENSMUST00000103120,ENSMUSP00000099409,train,True,24,mouse,known,NC3
5011,ENSMUST00000103122,ENSMUSP00000099411,train,True,24,mouse,known,NC3
5012,ENSMUST00000103127,ENSMUSP00000099416,train,True,24,mouse,known,NC3
5013,ENSMUST00000103130,ENSMUSP00000099419,test,True,24,mouse,known,NC3
5014,ENSMUST00000103131,ENSMUSP00000099420,train,True,24,mouse,known,NC3
5015,ENSMUST00000103133,nan,train,True,24,mouse,known,NC3
5016,ENSMUST00000103142,ENSMUSP00000099431,train,True,24,mouse,known,NC3
5017,ENSMUST00000103143,ENSMUSP00000099432,test,True,24,mouse,known,NC3
5018,ENSMUST00000103146,ENSMUSP00000099435,train,True,24,mouse,known,NC3
5019,ENSMUST00000103147,ENSMUSP00000099436,train,True,24,mouse,known,NC3
5020,ENSMUST00000103152,ENSMUSP00000099441,train,True,24,mouse,known,NC3
5021,ENSMUST00000103160,ENSMUSP00000099449,train,True,24,mouse,known,NC3
5022,ENSMUST00000103164,ENSMUSP00000099453,train,True,24,mouse,known,NC3
5023,ENSMUST00000103172,ENSMUSP00000099461,test,True,24,mouse,known,NC3
5024,ENSMUST00000103179,ENSMUSP00000099468,test,True,24,mouse,known,NC3
5025,ENSMUST00000103180,ENSMUSP00000099469,test,True,24,mouse,known,NC3
5026,ENSMUST00000103181,ENSMUSP00000099470,train,True,24,mouse,known,NC3
5027,ENSMUST00000103191,ENSMUSP00000099480,train,True,24,mouse,known,NC3
5028,ENSMUST00000103193,ENSMUSP00000099482,test,True,24,mouse,known,NC3
5029,ENSMUST00000103195,ENSMUSP00000099484,val,True,24,mouse,known,NC3
5030,ENSMUST00000103198,ENSMUSP00000099487,train,True,24,mouse,known,NC3
5031,ENSMUST00000103199,ENSMUSP00000099488,train,True,24,mouse,known,NC3
5032,ENSMUST00000103201,ENSMUSP00000099490,val,True,24,mouse,known,NC3
5033,ENSMUST00000103202,ENSMUSP00000099491,train,True,24,mouse,known,NC3
5034,ENSMUST00000103205,ENSMUSP00000099494,train,True,24,mouse,known,NC3
5035,ENSMUST00000103213,ENSMUSP00000099502,train,True,24,mouse,known,NC3
5036,ENSMUST00000103217,ENSMUSP00000099506,train,True,24,mouse,known,NC3
5037,ENSMUST00000103220,ENSMUSP00000099509,train,True,24,mouse,known,NC3
5038,ENSMUST00000103221,ENSMUSP00000099510,train,True,24,mouse,known,NC3
5039,ENSMUST00000103224,ENSMUSP00000099513,train,True,24,mouse,known,NC3
5040,ENSMUST00000103225,ENSMUSP00000099515,train,True,24,mouse,known,NC3
5041,ENSMUST00000103232,ENSMUSP00000099522,val,True,24,mouse,known,NC3
5042,ENSMUST00000103234,ENSMUSP00000099524,train,True,24,mouse,known,NC3
5043,ENSMUST00000103242,ENSMUSP00000099532,train,True,24,mouse,known,NC3
5044,ENSMUST00000102476,ENSMUSP00000099534,train,True,24,mouse,known,NC3
5045,ENSMUST00000102478,ENSMUSP00000099536,train,True,24,mouse,known,NC3
5046,ENSMUST00000102483,ENSMUSP00000099541,train,True,24,mouse,known,NC3
5047,ENSMUST00000102484,ENSMUSP00000099542,train,True,24,mouse,known,NC3
5048,ENSMUST00000102487,ENSMUSP00000099545,train,True,24,mouse,known,NC3
5049,ENSMUST00000102494,ENSMUSP00000099552,val,True,24,mouse,known,NC3
5050,ENSMUST00000102499,ENSMUSP00000099557,train,True,24,mouse,known,NC3
5051,ENSMUST00000102500,ENSMUSP00000099558,train,True,24,mouse,known,NC3
5052,ENSMUST00000102501,ENSMUSP00000099559,train,True,24,mouse,known,NC3
5053,ENSMUST00000102503,ENSMUSP00000099561,train,True,24,mouse,known,NC3
5054,ENSMUST00000102505,ENSMUSP00000099563,train,True,24,mouse,known,NC3
5055,ENSMUST00000102507,ENSMUSP00000099565,test,True,24,mouse,known,NC3
5056,ENSMUST00000102510,ENSMUSP00000099568,train,True,24,mouse,known,NC3
5057,ENSMUST00000102518,ENSMUSP00000099576,train,True,24,mouse,known,NC3
5058,ENSMUST00000102520,ENSMUSP00000099578,test,True,24,mouse,known,NC3
5059,ENSMUST00000099546,ENSMUSP00000099579,train,True,24,mouse,known,NC3
5060,ENSMUST00000102525,ENSMUSP00000099584,test,True,24,mouse,known,NC3
5061,ENSMUST00000102536,ENSMUSP00000099595,train,True,24,mouse,known,NC3
5062,ENSMUST00000102540,ENSMUSP00000099599,train,True,24,mouse,known,NC3
5063,ENSMUST00000102545,ENSMUSP00000099604,train,True,24,mouse,known,NC3
5064,ENSMUST00000102555,ENSMUSP00000099615,train,True,24,mouse,known,NC3
5065,ENSMUST00000102560,ENSMUSP00000099620,train,True,24,mouse,known,NC3
5066,ENSMUST00000102561,ENSMUSP00000099621,train,True,24,mouse,known,NC3
5067,ENSMUST00000102567,ENSMUSP00000099627,train,True,24,mouse,known,NC3
5068,ENSMUST00000102569,ENSMUSP00000099629,train,True,24,mouse,known,NC3
5069,ENSMUST00000102573,ENSMUSP00000099633,train,True,24,mouse,known,NC3
5070,ENSMUST00000102574,ENSMUSP00000099634,train,True,24,mouse,known,NC3
5071,ENSMUST00000102578,ENSMUSP00000099638,train,True,24,mouse,known,NC3
5072,ENSMUST00000102581,ENSMUSP00000099641,train,True,24,mouse,known,NC3
5073,ENSMUST00000102582,ENSMUSP00000099642,train,True,24,mouse,known,NC3
5074,ENSMUST00000102590,ENSMUSP00000099650,train,True,24,mouse,known,NC3
5075,ENSMUST00000102593,ENSMUSP00000099653,val,True,24,mouse,known,NC3
5076,ENSMUST00000102597,ENSMUSP00000099657,train,True,24,mouse,known,NC3
5077,ENSMUST00000102598,ENSMUSP00000099658,train,True,24,mouse,known,NC3
5078,ENSMUST00000102601,ENSMUSP00000099661,val,True,24,mouse,known,NC3
5079,ENSMUST00000102608,ENSMUSP00000099668,train,True,24,mouse,known,NC3
5080,ENSMUST00000102617,ENSMUSP00000099677,train,True,24,mouse,known,NC3
5081,ENSMUST00000102621,ENSMUSP00000099681,test,True,24,mouse,known,NC3
5082,ENSMUST00000102625,ENSMUSP00000099685,train,True,24,mouse,known,NC3
5083,ENSMUST00000102628,ENSMUSP00000099688,train,True,24,mouse,known,NC3
5084,ENSMUST00000102642,ENSMUSP00000099702,train,True,24,mouse,known,NC3
5085,ENSMUST00000102645,ENSMUSP00000099705,train,True,24,mouse,known,NC3
5086,ENSMUST00000102649,ENSMUSP00000099709,val,True,24,mouse,known,NC3
5087,ENSMUST00000102650,ENSMUSP00000099710,val,True,24,mouse,known,NC3
5088,ENSMUST00000102660,ENSMUSP00000099721,train,True,24,mouse,known,NC3
5089,ENSMUST00000102662,ENSMUSP00000099723,train,True,24,mouse,known,NC3
5090,ENSMUST00000102678,ENSMUSP00000099739,train,True,24,mouse,known,NC3
5091,ENSMUST00000102680,ENSMUSP00000099741,train,True,24,mouse,known,NC3
5092,ENSMUST00000102683,ENSMUSP00000099744,test,True,24,mouse,known,NC3
5093,ENSMUST00000102687,ENSMUSP00000099748,train,True,24,mouse,known,NC3
5094,ENSMUST00000102689,ENSMUSP00000099750,test,True,24,mouse,known,NC3
5095,ENSMUST00000102696,ENSMUSP00000099757,train,True,24,mouse,known,NC3
5096,ENSMUST00000102697,ENSMUSP00000099758,val,True,24,mouse,known,NC3
5097,ENSMUST00000102704,ENSMUSP00000099765,val,True,24,mouse,known,NC3
5098,ENSMUST00000102709,ENSMUSP00000099770,train,True,24,mouse,known,NC3
5099,ENSMUST00000102715,ENSMUSP00000099776,train,True,24,mouse,known,NC3
5100,ENSMUST00000102718,ENSMUSP00000099779,train,True,24,mouse,known,NC3
5101,ENSMUST00000102724,ENSMUSP00000099785,train,True,24,mouse,known,NC3
5102,ENSMUST00000102727,ENSMUSP00000099788,train,True,24,mouse,known,NC3
5103,ENSMUST00000102729,ENSMUSP00000099790,train,True,24,mouse,known,NC3
5104,ENSMUST00000102731,ENSMUSP00000099792,test,True,24,mouse,known,NC3
5105,ENSMUST00000102738,ENSMUSP00000099799,test,True,24,mouse,known,NC3
5106,ENSMUST00000102742,ENSMUSP00000099803,train,True,24,mouse,known,NC3
5107,ENSMUST00000102744,ENSMUSP00000099805,val,True,24,mouse,known,NC3
5108,ENSMUST00000102746,ENSMUSP00000099807,train,True,24,mouse,known,NC3
5109,ENSMUST00000102749,ENSMUSP00000099810,train,True,24,mouse,known,NC3
5110,ENSMUST00000102754,ENSMUSP00000099815,train,True,24,mouse,known,NC3
5111,ENSMUST00000102759,ENSMUSP00000099820,test,True,24,mouse,known,NC3
5112,ENSMUST00000102763,ENSMUSP00000099824,train,True,24,mouse,known,NC3
5113,ENSMUST00000102769,ENSMUSP00000099830,train,True,24,mouse,known,NC3
5114,ENSMUST00000102774,ENSMUSP00000099835,test,True,24,mouse,known,NC3
5115,ENSMUST00000102780,ENSMUSP00000099841,train,True,24,mouse,known,NC3
5116,ENSMUST00000102781,ENSMUSP00000099842,val,True,24,mouse,known,NC3
5117,ENSMUST00000102790,ENSMUSP00000099851,train,True,24,mouse,known,NC3
5118,ENSMUST00000102795,ENSMUSP00000099859,val,True,24,mouse,known,NC3
5119,ENSMUST00000102814,ENSMUSP00000099878,train,True,24,mouse,known,NC3
5120,ENSMUST00000102821,ENSMUSP00000099885,train,True,24,mouse,known,NC3
5121,ENSMUST00000102823,ENSMUSP00000099887,train,True,24,mouse,known,NC3
5122,ENSMUST00000102824,ENSMUSP00000099888,train,True,24,mouse,known,NC3
5123,ENSMUST00000102826,ENSMUSP00000099890,test,True,24,mouse,known,NC3
5124,ENSMUST00000102830,ENSMUSP00000099894,train,True,24,mouse,known,NC3
5125,ENSMUST00000102838,ENSMUSP00000099902,train,True,24,mouse,known,NC3
5126,ENSMUST00000102840,ENSMUSP00000099904,train,True,24,mouse,known,NC3
5127,ENSMUST00000102843,ENSMUSP00000099907,train,True,24,mouse,known,NC3
5128,ENSMUST00000102845,nan,train,True,24,mouse,known,NC3
5129,ENSMUST00000102855,ENSMUSP00000099919,train,True,24,mouse,known,NC3
5130,ENSMUST00000102864,ENSMUSP00000099928,test,True,24,mouse,known,NC3
5131,ENSMUST00000102866,ENSMUSP00000099930,train,True,24,mouse,known,NC3
5132,ENSMUST00000102869,ENSMUSP00000099933,train,True,24,mouse,known,NC3
5133,ENSMUST00000102875,ENSMUSP00000099939,val,True,24,mouse,known,NC3
5134,ENSMUST00000102880,ENSMUSP00000099944,train,True,24,mouse,known,NC3
5135,ENSMUST00000102886,ENSMUSP00000099950,train,True,24,mouse,known,NC3
5136,ENSMUST00000102889,ENSMUSP00000099953,train,True,24,mouse,known,NC3
5137,ENSMUST00000102898,ENSMUSP00000099962,test,True,24,mouse,known,NC3
5138,ENSMUST00000102905,ENSMUSP00000099969,train,True,24,mouse,known,NC3
5139,ENSMUST00000102915,ENSMUSP00000099979,train,True,24,mouse,known,NC3
5140,ENSMUST00000102922,ENSMUSP00000099986,train,True,24,mouse,known,NC3
5141,ENSMUST00000102925,ENSMUSP00000099989,train,True,24,mouse,known,NC3
5142,ENSMUST00000102926,ENSMUSP00000099990,train,True,24,mouse,known,NC3
5143,ENSMUST00000102927,ENSMUSP00000099991,val,True,24,mouse,known,NC3
5144,ENSMUST00000102930,ENSMUSP00000099994,train,True,24,mouse,known,NC3
5145,ENSMUST00000102938,ENSMUSP00000100002,val,True,24,mouse,known,NC3
5146,ENSMUST00000102946,ENSMUSP00000100010,train,True,24,mouse,known,NC3
5147,ENSMUST00000102960,ENSMUSP00000100025,train,True,24,mouse,known,NC3
5148,ENSMUST00000102967,ENSMUSP00000100032,train,True,24,mouse,known,NC3
5149,ENSMUST00000102973,ENSMUSP00000100038,test,True,24,mouse,known,NC3
5150,ENSMUST00000102980,ENSMUSP00000100045,train,True,24,mouse,known,NC3
5151,ENSMUST00000102993,ENSMUSP00000100058,train,True,24,mouse,known,NC3
5152,ENSMUST00000102994,ENSMUSP00000100059,test,True,24,mouse,known,NC3
5153,ENSMUST00000102997,ENSMUSP00000100062,test,True,24,mouse,known,NC3
5154,ENSMUST00000103002,ENSMUSP00000100067,val,True,24,mouse,known,NC3
5155,ENSMUST00000103005,ENSMUSP00000100070,test,True,24,mouse,known,NC3
5156,ENSMUST00000103006,nan,train,True,24,mouse,known,NC3
5157,ENSMUST00000099525,ENSMUSP00000100503,train,True,24,mouse,known,NC3
5158,ENSMUST00000062148,ENSMUSP00000100534,val,True,24,mouse,known,NC3
5159,ENSMUST00000104958,ENSMUSP00000100564,test,True,24,mouse,known,NC3
5160,ENSMUST00000074976,nan,train,True,24,mouse,known,NC3
5161,ENSMUST00000054984,ENSMUSP00000100656,test,True,24,mouse,known,NC3
5162,ENSMUST00000105139,ENSMUSP00000100771,train,True,24,mouse,known,NC3
5163,ENSMUST00000105230,ENSMUSP00000100863,test,True,24,mouse,known,NC3
5164,ENSMUST00000105235,ENSMUSP00000100868,train,True,24,mouse,known,NC3
5165,ENSMUST00000105275,ENSMUSP00000100911,val,True,24,mouse,known,NC3
5166,ENSMUST00000105287,ENSMUSP00000100924,train,True,24,mouse,known,NC3
5167,ENSMUST00000105290,ENSMUSP00000100927,val,True,24,mouse,known,NC3
5168,ENSMUST00000105293,ENSMUSP00000100930,train,True,24,mouse,known,NC3
5169,ENSMUST00000105323,ENSMUSP00000100960,val,True,24,mouse,known,NC3
5170,ENSMUST00000105336,ENSMUSP00000100973,train,True,24,mouse,known,NC3
5171,ENSMUST00000105350,ENSMUSP00000100987,train,True,24,mouse,known,NC3
5172,ENSMUST00000105365,ENSMUSP00000101004,train,True,24,mouse,known,NC3
5173,ENSMUST00000105378,ENSMUSP00000101017,train,True,24,mouse,known,NC3
5174,ENSMUST00000105387,ENSMUSP00000101026,train,True,24,mouse,known,NC3
5175,ENSMUST00000105397,ENSMUSP00000101036,train,True,24,mouse,known,NC3
5176,ENSMUST00000105406,ENSMUSP00000101046,train,True,24,mouse,known,NC3
5177,ENSMUST00000105417,ENSMUSP00000101057,train,True,24,mouse,known,NC3
5178,ENSMUST00000105421,ENSMUSP00000101061,test,True,24,mouse,known,NC3
5179,ENSMUST00000105461,ENSMUSP00000101101,test,True,24,mouse,known,NC3
5180,ENSMUST00000105466,ENSMUSP00000101106,val,True,24,mouse,known,NC3
5181,ENSMUST00000105468,ENSMUSP00000101108,train,True,24,mouse,known,NC3
5182,ENSMUST00000105475,ENSMUSP00000101115,train,True,24,mouse,known,NC3
5183,ENSMUST00000105490,ENSMUSP00000101129,train,True,24,mouse,known,NC3
5184,ENSMUST00000105509,ENSMUSP00000101148,train,True,24,mouse,known,NC3
5185,ENSMUST00000105579,ENSMUSP00000101204,train,True,24,mouse,known,NC3
5186,ENSMUST00000105583,ENSMUSP00000101208,train,True,24,mouse,known,NC3
5187,ENSMUST00000105584,ENSMUSP00000101209,train,True,24,mouse,known,NC3
5188,ENSMUST00000105592,ENSMUSP00000101217,train,True,24,mouse,known,NC3
5189,ENSMUST00000105600,ENSMUSP00000101225,val,True,24,mouse,known,NC3
5190,ENSMUST00000105613,ENSMUSP00000101238,train,True,24,mouse,known,NC3
5191,ENSMUST00000105674,ENSMUSP00000101299,train,True,24,mouse,known,NC3
5192,ENSMUST00000105682,ENSMUSP00000101307,train,True,24,mouse,known,NC3
5193,ENSMUST00000105686,ENSMUSP00000101311,train,True,24,mouse,known,NC3
5194,ENSMUST00000105687,ENSMUSP00000101312,train,True,24,mouse,known,NC3
5195,ENSMUST00000105693,ENSMUSP00000101318,train,True,24,mouse,known,NC3
5196,ENSMUST00000105738,ENSMUSP00000101364,train,True,24,mouse,known,NC3
5197,ENSMUST00000105778,ENSMUSP00000101404,test,True,24,mouse,known,NC3
5198,ENSMUST00000105784,ENSMUSP00000101410,train,True,24,mouse,known,NC3
5199,ENSMUST00000105786,ENSMUSP00000101412,train,True,24,mouse,known,NC3
5200,ENSMUST00000105799,ENSMUSP00000101425,train,True,24,mouse,known,NC3
5201,ENSMUST00000105847,ENSMUSP00000101473,train,True,24,mouse,known,NC3
5202,ENSMUST00000105851,ENSMUSP00000101477,train,True,24,mouse,known,NC3
5203,ENSMUST00000105853,ENSMUSP00000101479,test,True,24,mouse,known,NC3
5204,ENSMUST00000105854,ENSMUSP00000101480,val,True,24,mouse,known,NC3
5205,ENSMUST00000105870,ENSMUSP00000101496,train,True,24,mouse,known,NC3
5206,ENSMUST00000105887,ENSMUSP00000101511,val,True,24,mouse,known,NC3
5207,ENSMUST00000105912,ENSMUSP00000101532,train,True,24,mouse,known,NC3
5208,ENSMUST00000105963,ENSMUSP00000101583,train,True,24,mouse,known,NC3
5209,ENSMUST00000105975,ENSMUSP00000101595,test,True,24,mouse,known,NC3
5210,ENSMUST00000105994,ENSMUSP00000101616,val,True,24,mouse,known,NC3
5211,ENSMUST00000106000,ENSMUSP00000101622,train,True,24,mouse,known,NC3
5212,ENSMUST00000106004,ENSMUSP00000101626,train,True,24,mouse,known,NC3
5213,ENSMUST00000106007,ENSMUSP00000101629,val,True,24,mouse,known,NC3
5214,ENSMUST00000106008,ENSMUSP00000101630,train,True,24,mouse,known,NC3
5215,ENSMUST00000106027,ENSMUSP00000101648,train,True,24,mouse,known,NC3
5216,ENSMUST00000106054,ENSMUSP00000101669,train,True,24,mouse,known,NC3
5217,ENSMUST00000106058,ENSMUSP00000101673,train,True,24,mouse,known,NC3
5218,ENSMUST00000106102,ENSMUSP00000101708,train,True,24,mouse,known,NC3
5219,ENSMUST00000106108,ENSMUSP00000101714,test,True,24,mouse,known,NC3
5220,ENSMUST00000106113,ENSMUSP00000101719,train,True,24,mouse,known,NC3
5221,ENSMUST00000106116,ENSMUSP00000101722,train,True,24,mouse,known,NC3
5222,ENSMUST00000106133,ENSMUSP00000101739,train,True,24,mouse,known,NC3
5223,ENSMUST00000106146,ENSMUSP00000101752,train,True,24,mouse,known,NC3
5224,ENSMUST00000106149,ENSMUSP00000101755,train,True,24,mouse,known,NC3
5225,ENSMUST00000106154,ENSMUSP00000101760,test,True,24,mouse,known,NC3
5226,ENSMUST00000106181,ENSMUSP00000101787,train,True,24,mouse,known,NC3
5227,ENSMUST00000106188,ENSMUSP00000101794,test,True,24,mouse,known,NC3
5228,ENSMUST00000106197,ENSMUSP00000101803,train,True,24,mouse,known,NC3
5229,ENSMUST00000106203,ENSMUSP00000101809,train,True,24,mouse,known,NC3
5230,ENSMUST00000106206,ENSMUSP00000101812,train,True,24,mouse,known,NC3
5231,ENSMUST00000106218,ENSMUSP00000101825,train,True,24,mouse,known,NC3
5232,ENSMUST00000106221,ENSMUSP00000101828,train,True,24,mouse,known,NC3
5233,ENSMUST00000106226,ENSMUSP00000101833,test,True,24,mouse,known,NC3
5234,ENSMUST00000106229,ENSMUSP00000101836,train,True,24,mouse,known,NC3
5235,ENSMUST00000106233,ENSMUSP00000101840,train,True,24,mouse,known,NC3
5236,ENSMUST00000106251,ENSMUSP00000101858,test,True,24,mouse,known,NC3
5237,ENSMUST00000106255,ENSMUSP00000101862,val,True,24,mouse,known,NC3
5238,ENSMUST00000106259,ENSMUSP00000101866,train,True,24,mouse,known,NC3
5239,ENSMUST00000106267,ENSMUSP00000101874,train,True,24,mouse,known,NC3
5240,ENSMUST00000106289,ENSMUSP00000101896,test,True,24,mouse,known,NC3
5241,ENSMUST00000106296,ENSMUSP00000101903,test,True,24,mouse,known,NC3
5242,ENSMUST00000106312,ENSMUSP00000101919,train,True,24,mouse,known,NC3
5243,ENSMUST00000106318,ENSMUSP00000101925,test,True,24,mouse,known,NC3
5244,ENSMUST00000106373,ENSMUSP00000101981,train,True,24,mouse,known,NC3
5245,ENSMUST00000106391,ENSMUSP00000101999,train,True,24,mouse,known,NC3
5246,ENSMUST00000106403,ENSMUSP00000102011,train,True,24,mouse,known,NC3
5247,ENSMUST00000106407,ENSMUSP00000102015,test,True,24,mouse,known,NC3
5248,ENSMUST00000106439,ENSMUSP00000102047,val,True,24,mouse,known,NC3
5249,ENSMUST00000106441,ENSMUSP00000102049,train,True,24,mouse,known,NC3
5250,ENSMUST00000106442,ENSMUSP00000102050,train,True,24,mouse,known,NC3
5251,ENSMUST00000106448,ENSMUSP00000102056,train,True,24,mouse,known,NC3
5252,ENSMUST00000106467,ENSMUSP00000102075,train,True,24,mouse,known,NC3
5253,ENSMUST00000106470,ENSMUSP00000102078,train,True,24,mouse,known,NC3
5254,ENSMUST00000106497,ENSMUSP00000102106,train,True,24,mouse,known,NC3
5255,ENSMUST00000106513,ENSMUSP00000102123,train,True,24,mouse,known,NC3
5256,ENSMUST00000106536,ENSMUSP00000102146,train,True,24,mouse,known,NC3
5257,ENSMUST00000106542,ENSMUSP00000102152,train,True,24,mouse,known,NC3
5258,ENSMUST00000106550,ENSMUSP00000102160,train,True,24,mouse,known,NC3
5259,ENSMUST00000106613,ENSMUSP00000102224,train,True,24,mouse,known,NC3
5260,ENSMUST00000106621,ENSMUSP00000102232,test,True,24,mouse,known,NC3
5261,ENSMUST00000106644,ENSMUSP00000102255,train,True,24,mouse,known,NC3
5262,ENSMUST00000106651,ENSMUSP00000102262,val,True,24,mouse,known,NC3
5263,ENSMUST00000106657,ENSMUSP00000102268,train,True,24,mouse,known,NC3
5264,ENSMUST00000106682,nan,train,True,24,mouse,known,NC3
5265,ENSMUST00000106763,ENSMUSP00000102374,train,True,24,mouse,known,NC3
5266,ENSMUST00000094028,ENSMUSP00000102381,train,True,24,mouse,known,NC3
5267,ENSMUST00000106775,ENSMUSP00000102387,train,True,24,mouse,known,NC3
5268,ENSMUST00000106781,ENSMUSP00000102393,train,True,24,mouse,known,NC3
5269,ENSMUST00000106913,ENSMUSP00000102526,train,True,24,mouse,known,NC3
5270,ENSMUST00000106941,ENSMUSP00000102554,test,True,24,mouse,known,NC3
5271,ENSMUST00000106962,ENSMUSP00000102575,train,True,24,mouse,known,NC3
5272,ENSMUST00000106970,ENSMUSP00000102583,train,True,24,mouse,known,NC3
5273,ENSMUST00000106986,ENSMUSP00000102599,train,True,24,mouse,known,NC3
5274,ENSMUST00000106997,ENSMUSP00000102610,train,True,24,mouse,known,NC3
5275,ENSMUST00000106998,ENSMUSP00000102611,test,True,24,mouse,known,NC3
5276,ENSMUST00000063347,ENSMUSP00000102622,train,True,24,mouse,known,NC3
5277,ENSMUST00000107032,ENSMUSP00000102647,train,True,24,mouse,known,NC3
5278,ENSMUST00000107037,ENSMUSP00000102652,train,True,24,mouse,known,NC3
5279,ENSMUST00000107040,ENSMUSP00000102655,test,True,24,mouse,known,NC3
5280,ENSMUST00000107060,ENSMUSP00000102675,train,True,24,mouse,known,NC3
5281,ENSMUST00000074519,ENSMUSP00000102710,train,True,24,mouse,known,NC3
5282,ENSMUST00000107099,ENSMUSP00000102716,train,True,24,mouse,known,NC3
5283,ENSMUST00000107107,ENSMUSP00000102724,val,True,24,mouse,known,NC3
5284,ENSMUST00000107116,ENSMUSP00000102733,train,True,24,mouse,known,NC3
5285,ENSMUST00000107128,ENSMUSP00000102745,train,True,24,mouse,known,NC3
5286,ENSMUST00000107131,ENSMUSP00000102748,test,True,24,mouse,known,NC3
5287,ENSMUST00000107132,ENSMUSP00000102750,train,True,24,mouse,known,NC3
5288,ENSMUST00000107153,ENSMUSP00000102771,train,True,24,mouse,known,NC3
5289,ENSMUST00000107173,ENSMUSP00000102791,train,True,24,mouse,known,NC3
5290,ENSMUST00000107187,ENSMUSP00000102805,val,True,24,mouse,known,NC3
5291,ENSMUST00000107233,ENSMUSP00000102852,test,True,24,mouse,known,NC3
5292,ENSMUST00000107237,ENSMUSP00000102857,train,True,24,mouse,known,NC3
5293,ENSMUST00000107256,nan,train,True,24,mouse,known,NC3
5294,ENSMUST00000107283,ENSMUSP00000102904,train,True,24,mouse,known,NC3
5295,ENSMUST00000107285,ENSMUSP00000102906,train,True,24,mouse,known,NC3
5296,ENSMUST00000107308,ENSMUSP00000102929,train,True,24,mouse,known,NC3
5297,ENSMUST00000107353,ENSMUSP00000102976,val,True,24,mouse,known,NC3
5298,ENSMUST00000107356,ENSMUSP00000102979,train,True,24,mouse,known,NC3
5299,ENSMUST00000107358,ENSMUSP00000102981,val,True,24,mouse,known,NC3
5300,ENSMUST00000107364,ENSMUSP00000102987,train,True,24,mouse,known,NC3
5301,ENSMUST00000107366,ENSMUSP00000102989,train,True,24,mouse,known,NC3
5302,ENSMUST00000107368,ENSMUSP00000102991,train,True,24,mouse,known,NC3
5303,ENSMUST00000107384,ENSMUSP00000103007,test,True,24,mouse,known,NC3
5304,ENSMUST00000107389,ENSMUSP00000103012,train,True,24,mouse,known,NC3
5305,ENSMUST00000107405,ENSMUSP00000103028,train,True,24,mouse,known,NC3
5306,ENSMUST00000107425,ENSMUSP00000103048,train,True,24,mouse,known,NC3
5307,ENSMUST00000107444,ENSMUSP00000103068,train,True,24,mouse,known,NC3
5308,ENSMUST00000107459,ENSMUSP00000103083,train,True,24,mouse,known,NC3
5309,ENSMUST00000107462,ENSMUSP00000103086,train,True,24,mouse,known,NC3
5310,ENSMUST00000107495,ENSMUSP00000103119,train,True,24,mouse,known,NC3
5311,ENSMUST00000107538,ENSMUSP00000103162,train,True,24,mouse,known,NC3
5312,ENSMUST00000107545,ENSMUSP00000103169,train,True,24,mouse,known,NC3
5313,ENSMUST00000107547,ENSMUSP00000103171,train,True,24,mouse,known,NC3
5314,ENSMUST00000107554,ENSMUSP00000103178,train,True,24,mouse,known,NC3
5315,ENSMUST00000107559,ENSMUSP00000103184,test,True,24,mouse,known,NC3
5316,ENSMUST00000107583,ENSMUSP00000103209,val,True,24,mouse,known,NC3
5317,ENSMUST00000107600,ENSMUSP00000103226,train,True,24,mouse,known,NC3
5318,ENSMUST00000107609,ENSMUSP00000103234,train,True,24,mouse,known,NC3
5319,ENSMUST00000107619,ENSMUSP00000103245,val,True,24,mouse,known,NC3
5320,ENSMUST00000107624,ENSMUSP00000103250,train,True,24,mouse,known,NC3
5321,ENSMUST00000107635,ENSMUSP00000103261,train,True,24,mouse,known,NC3
5322,ENSMUST00000107644,ENSMUSP00000103271,train,True,24,mouse,known,NC3
5323,ENSMUST00000107647,ENSMUSP00000103274,test,True,24,mouse,known,NC3
5324,ENSMUST00000107724,ENSMUSP00000103352,test,True,24,mouse,known,NC3
5325,ENSMUST00000107757,ENSMUSP00000103386,train,True,24,mouse,known,NC3
5326,ENSMUST00000107770,ENSMUSP00000103399,train,True,24,mouse,known,NC3
5327,ENSMUST00000107771,ENSMUSP00000103400,train,True,24,mouse,known,NC3
5328,ENSMUST00000107777,ENSMUSP00000103406,val,True,24,mouse,known,NC3
5329,ENSMUST00000107796,ENSMUSP00000103425,train,True,24,mouse,known,NC3
5330,ENSMUST00000107802,ENSMUSP00000103432,train,True,24,mouse,known,NC3
5331,ENSMUST00000107810,ENSMUSP00000103440,train,True,24,mouse,known,NC3
5332,ENSMUST00000107824,ENSMUSP00000103454,train,True,24,mouse,known,NC3
5333,ENSMUST00000107843,ENSMUSP00000103474,train,True,24,mouse,known,NC3
5334,ENSMUST00000107854,ENSMUSP00000103486,train,True,24,mouse,known,NC3
5335,ENSMUST00000107885,ENSMUSP00000103517,train,True,24,mouse,known,NC3
5336,ENSMUST00000107894,ENSMUSP00000103526,train,True,24,mouse,known,NC3
5337,ENSMUST00000107896,ENSMUSP00000103528,test,True,24,mouse,known,NC3
5338,ENSMUST00000107904,ENSMUSP00000103537,train,True,24,mouse,known,NC3
5339,ENSMUST00000107913,ENSMUSP00000103546,train,True,24,mouse,known,NC3
5340,ENSMUST00000107914,ENSMUSP00000103547,train,True,24,mouse,known,NC3
5341,ENSMUST00000107920,ENSMUSP00000103553,train,True,24,mouse,known,NC3
5342,ENSMUST00000107923,ENSMUSP00000103556,val,True,24,mouse,known,NC3
5343,ENSMUST00000107924,ENSMUSP00000103557,test,True,24,mouse,known,NC3
5344,ENSMUST00000107950,ENSMUSP00000103584,train,True,24,mouse,known,NC3
5345,ENSMUST00000107974,ENSMUSP00000103608,train,True,24,mouse,known,NC3
5346,ENSMUST00000108022,ENSMUSP00000103657,train,True,24,mouse,known,NC3
5347,ENSMUST00000108061,ENSMUSP00000103696,train,True,24,mouse,known,NC3
5348,ENSMUST00000108075,ENSMUSP00000103710,test,True,24,mouse,known,NC3
5349,ENSMUST00000108081,ENSMUSP00000103716,train,True,24,mouse,known,NC3
5350,ENSMUST00000108112,ENSMUSP00000103747,train,True,24,mouse,known,NC3
5351,ENSMUST00000108127,ENSMUSP00000103762,train,True,24,mouse,known,NC3
5352,ENSMUST00000108153,ENSMUSP00000103788,train,True,24,mouse,known,NC3
5353,ENSMUST00000108182,ENSMUSP00000103817,train,True,24,mouse,known,NC3
5354,ENSMUST00000108190,ENSMUSP00000103825,train,True,24,mouse,known,NC3
5355,ENSMUST00000108205,ENSMUSP00000103840,train,True,24,mouse,known,NC3
5356,ENSMUST00000108210,ENSMUSP00000103845,train,True,24,mouse,known,NC3
5357,ENSMUST00000108222,ENSMUSP00000103857,train,True,24,mouse,known,NC3
5358,ENSMUST00000108249,ENSMUSP00000103884,test,True,24,mouse,known,NC3
5359,ENSMUST00000108269,ENSMUSP00000103904,train,True,24,mouse,known,NC3
5360,ENSMUST00000108275,ENSMUSP00000103910,train,True,24,mouse,known,NC3
5361,ENSMUST00000108283,ENSMUSP00000103918,val,True,24,mouse,known,NC3
5362,ENSMUST00000108285,ENSMUSP00000103920,train,True,24,mouse,known,NC3
5363,ENSMUST00000108289,ENSMUSP00000103924,val,True,24,mouse,known,NC3
5364,ENSMUST00000108295,ENSMUSP00000103930,train,True,24,mouse,known,NC3
5365,ENSMUST00000108300,ENSMUSP00000103935,train,True,24,mouse,known,NC3
5366,ENSMUST00000082134,ENSMUSP00000103940,val,True,24,mouse,known,NC3
5367,ENSMUST00000108307,ENSMUSP00000103943,test,True,24,mouse,known,NC3
5368,ENSMUST00000108319,ENSMUSP00000103955,train,True,24,mouse,known,NC3
5369,ENSMUST00000108324,ENSMUSP00000103960,train,True,24,mouse,known,NC3
5370,ENSMUST00000101504,ENSMUSP00000103966,train,True,24,mouse,known,NC3
5371,ENSMUST00000108344,ENSMUSP00000103981,train,True,24,mouse,known,NC3
5372,ENSMUST00000108346,ENSMUSP00000103983,train,True,24,mouse,known,NC3
5373,ENSMUST00000108365,nan,val,True,24,mouse,known,NC3
5374,ENSMUST00000108384,ENSMUSP00000104021,train,True,24,mouse,known,NC3
5375,ENSMUST00000108430,ENSMUSP00000104068,train,True,24,mouse,known,NC3
5376,ENSMUST00000108450,ENSMUSP00000104089,val,True,24,mouse,known,NC3
5377,ENSMUST00000108455,ENSMUSP00000104095,train,True,24,mouse,known,NC3
5378,ENSMUST00000108458,ENSMUSP00000104098,val,True,24,mouse,known,NC3
5379,ENSMUST00000108492,ENSMUSP00000104132,train,True,24,mouse,known,NC3
5380,ENSMUST00000108496,ENSMUSP00000104136,val,True,24,mouse,known,NC3
5381,ENSMUST00000108527,ENSMUSP00000104167,train,True,24,mouse,known,NC3
5382,ENSMUST00000108533,ENSMUSP00000104173,train,True,24,mouse,known,NC3
5383,ENSMUST00000108539,ENSMUSP00000104179,test,True,24,mouse,known,NC3
5384,ENSMUST00000108557,ENSMUSP00000104197,train,True,24,mouse,known,NC3
5385,ENSMUST00000108568,ENSMUSP00000104208,train,True,24,mouse,known,NC3
5386,ENSMUST00000108576,ENSMUSP00000104216,val,True,24,mouse,known,NC3
5387,ENSMUST00000078432,nan,train,True,24,mouse,known,NC3
5388,ENSMUST00000108593,ENSMUSP00000104234,train,True,24,mouse,known,NC3
5389,ENSMUST00000108594,ENSMUSP00000104235,train,True,24,mouse,known,NC3
5390,ENSMUST00000108613,ENSMUSP00000104253,train,True,24,mouse,known,NC3
5391,ENSMUST00000108625,ENSMUSP00000104265,train,True,24,mouse,known,NC3
5392,ENSMUST00000108627,ENSMUSP00000104267,train,True,24,mouse,known,NC3
5393,ENSMUST00000108641,ENSMUSP00000104281,train,True,24,mouse,known,NC3
5394,ENSMUST00000108644,ENSMUSP00000104284,train,True,24,mouse,known,NC3
5395,ENSMUST00000108654,ENSMUSP00000104294,test,True,24,mouse,known,NC3
5396,ENSMUST00000108661,ENSMUSP00000104301,train,True,24,mouse,known,NC3
5397,ENSMUST00000108690,ENSMUSP00000104330,train,True,24,mouse,known,NC3
5398,ENSMUST00000108721,ENSMUSP00000104361,train,True,24,mouse,known,NC3
5399,ENSMUST00000108775,ENSMUSP00000104405,train,True,24,mouse,known,NC3
5400,ENSMUST00000108778,ENSMUSP00000104408,train,True,24,mouse,known,NC3
5401,ENSMUST00000108787,ENSMUSP00000104415,train,True,24,mouse,known,NC3
5402,ENSMUST00000108797,ENSMUSP00000104425,val,True,24,mouse,known,NC3
5403,ENSMUST00000108799,ENSMUSP00000104427,train,True,24,mouse,known,NC3
5404,ENSMUST00000108808,ENSMUSP00000104436,train,True,24,mouse,known,NC3
5405,ENSMUST00000108810,ENSMUSP00000104438,train,True,24,mouse,known,NC3
5406,ENSMUST00000108813,ENSMUSP00000104441,train,True,24,mouse,known,NC3
5407,ENSMUST00000108857,ENSMUSP00000104485,train,True,24,mouse,known,NC3
5408,ENSMUST00000108876,ENSMUSP00000104504,train,True,24,mouse,known,NC3
5409,ENSMUST00000108883,ENSMUSP00000104511,test,True,24,mouse,known,NC3
5410,ENSMUST00000108901,ENSMUSP00000104529,train,True,24,mouse,known,NC3
5411,ENSMUST00000108904,ENSMUSP00000104532,train,True,24,mouse,known,NC3
5412,ENSMUST00000108920,ENSMUSP00000104548,train,True,24,mouse,known,NC3
5413,ENSMUST00000108988,ENSMUSP00000104616,train,True,24,mouse,known,NC3
5414,ENSMUST00000109013,ENSMUSP00000104641,train,True,24,mouse,known,NC3
5415,ENSMUST00000109021,ENSMUSP00000104649,train,True,24,mouse,known,NC3
5416,ENSMUST00000109072,ENSMUSP00000104700,test,True,24,mouse,known,NC3
5417,ENSMUST00000109086,ENSMUSP00000104714,val,True,24,mouse,known,NC3
5418,ENSMUST00000109091,ENSMUSP00000104719,train,True,24,mouse,known,NC3
5419,ENSMUST00000109097,ENSMUSP00000104725,train,True,24,mouse,known,NC3
5420,ENSMUST00000109166,ENSMUSP00000104795,val,True,24,mouse,known,NC3
5421,ENSMUST00000109226,ENSMUSP00000104849,train,True,24,mouse,known,NC3
5422,ENSMUST00000109232,ENSMUSP00000104855,val,True,24,mouse,known,NC3
5423,ENSMUST00000109238,ENSMUSP00000104861,train,True,24,mouse,known,NC3
5424,ENSMUST00000109241,ENSMUSP00000104864,train,True,24,mouse,known,NC3
5425,ENSMUST00000109260,ENSMUSP00000104883,train,True,24,mouse,known,NC3
5426,ENSMUST00000109269,ENSMUSP00000104892,train,True,24,mouse,known,NC3
5427,ENSMUST00000109272,ENSMUSP00000104895,train,True,24,mouse,known,NC3
5428,ENSMUST00000109308,ENSMUSP00000104931,train,True,24,mouse,known,NC3
5429,ENSMUST00000109315,ENSMUSP00000104938,train,True,24,mouse,known,NC3
5430,ENSMUST00000109333,nan,train,True,24,mouse,known,NC3
5431,ENSMUST00000109353,ENSMUSP00000104977,train,True,24,mouse,known,NC3
5432,ENSMUST00000109381,ENSMUSP00000105007,val,True,24,mouse,known,NC3
5433,ENSMUST00000109392,ENSMUSP00000105019,train,True,24,mouse,known,NC3
5434,ENSMUST00000109401,ENSMUSP00000105028,train,True,24,mouse,known,NC3
5435,ENSMUST00000109408,ENSMUSP00000105035,train,True,24,mouse,known,NC3
5436,ENSMUST00000109418,ENSMUSP00000105045,val,True,24,mouse,known,NC3
5437,ENSMUST00000109468,ENSMUSP00000105094,train,True,24,mouse,known,NC3
5438,ENSMUST00000109478,ENSMUSP00000105104,train,True,24,mouse,known,NC3
5439,ENSMUST00000109485,ENSMUSP00000105111,val,True,24,mouse,known,NC3
5440,ENSMUST00000109510,ENSMUSP00000105136,train,True,24,mouse,known,NC3
5441,ENSMUST00000109521,ENSMUSP00000105147,test,True,24,mouse,known,NC3
5442,ENSMUST00000109529,ENSMUSP00000105155,train,True,24,mouse,known,NC3
5443,ENSMUST00000109547,ENSMUSP00000105174,train,True,24,mouse,known,NC3
5444,ENSMUST00000109552,ENSMUSP00000105179,train,True,24,mouse,known,NC3
5445,ENSMUST00000109554,ENSMUSP00000105181,train,True,24,mouse,known,NC3
5446,ENSMUST00000109556,ENSMUSP00000105183,test,True,24,mouse,known,NC3
5447,ENSMUST00000109563,ENSMUSP00000105191,train,True,24,mouse,known,NC3
5448,ENSMUST00000109577,ENSMUSP00000105205,train,True,24,mouse,known,NC3
5449,ENSMUST00000109587,ENSMUSP00000105216,train,True,24,mouse,known,NC3
5450,ENSMUST00000109594,ENSMUSP00000105223,val,True,24,mouse,known,NC3
5451,ENSMUST00000109598,ENSMUSP00000105227,train,True,24,mouse,known,NC3
5452,ENSMUST00000109604,ENSMUSP00000105233,train,True,24,mouse,known,NC3
5453,ENSMUST00000109607,ENSMUSP00000105236,train,True,24,mouse,known,NC3
5454,ENSMUST00000109609,ENSMUSP00000105238,train,True,24,mouse,known,NC3
5455,ENSMUST00000109619,ENSMUSP00000105248,train,True,24,mouse,known,NC3
5456,ENSMUST00000109636,ENSMUSP00000105264,train,True,24,mouse,known,NC3
5457,ENSMUST00000109690,ENSMUSP00000105312,train,True,24,mouse,known,NC3
5458,ENSMUST00000109699,ENSMUSP00000105321,test,True,24,mouse,known,NC3
5459,ENSMUST00000109728,ENSMUSP00000105350,train,True,24,mouse,known,NC3
5460,ENSMUST00000109731,ENSMUSP00000105353,test,True,24,mouse,known,NC3
5461,ENSMUST00000109733,ENSMUSP00000105355,train,True,24,mouse,known,NC3
5462,ENSMUST00000109748,ENSMUSP00000105370,train,True,24,mouse,known,NC3
5463,ENSMUST00000109761,ENSMUSP00000105383,train,True,24,mouse,known,NC3
5464,ENSMUST00000109764,ENSMUSP00000105386,train,True,24,mouse,known,NC3
5465,ENSMUST00000109767,ENSMUSP00000105389,train,True,24,mouse,known,NC3
5466,ENSMUST00000109771,ENSMUSP00000105393,train,True,24,mouse,known,NC3
5467,ENSMUST00000109792,ENSMUSP00000105415,train,True,24,mouse,known,NC3
5468,ENSMUST00000109816,ENSMUSP00000105441,val,True,24,mouse,known,NC3
5469,ENSMUST00000109820,ENSMUSP00000105445,train,True,24,mouse,known,NC3
5470,ENSMUST00000109832,ENSMUSP00000105458,train,True,24,mouse,known,NC3
5471,ENSMUST00000109848,ENSMUSP00000105474,train,True,24,mouse,known,NC3
5472,ENSMUST00000109860,ENSMUSP00000105486,train,True,24,mouse,known,NC3
5473,ENSMUST00000109869,ENSMUSP00000105495,train,True,24,mouse,known,NC3
5474,ENSMUST00000109876,ENSMUSP00000105502,train,True,24,mouse,known,NC3
5475,ENSMUST00000109905,ENSMUSP00000105531,val,True,24,mouse,known,NC3
5476,ENSMUST00000109910,ENSMUSP00000105536,train,True,24,mouse,known,NC3
5477,ENSMUST00000109921,ENSMUSP00000105547,val,True,24,mouse,known,NC3
5478,ENSMUST00000109922,ENSMUSP00000105548,train,True,24,mouse,known,NC3
5479,ENSMUST00000109958,nan,test,True,24,mouse,known,NC3
5480,ENSMUST00000109964,ENSMUSP00000105590,train,True,24,mouse,known,NC3
5481,ENSMUST00000109972,ENSMUSP00000105599,test,True,24,mouse,known,NC3
5482,ENSMUST00000109985,ENSMUSP00000105612,train,True,24,mouse,known,NC3
5483,ENSMUST00000109991,ENSMUSP00000105618,train,True,24,mouse,known,NC3
5484,ENSMUST00000110001,ENSMUSP00000105628,val,True,24,mouse,known,NC3
5485,ENSMUST00000110011,ENSMUSP00000105638,train,True,24,mouse,known,NC3
5486,ENSMUST00000110028,ENSMUSP00000105655,train,True,24,mouse,known,NC3
5487,ENSMUST00000110043,ENSMUSP00000105670,train,True,24,mouse,known,NC3
5488,ENSMUST00000110049,ENSMUSP00000105676,val,True,24,mouse,known,NC3
5489,ENSMUST00000110053,ENSMUSP00000105680,train,True,24,mouse,known,NC3
5490,ENSMUST00000110073,ENSMUSP00000105700,train,True,24,mouse,known,NC3
5491,ENSMUST00000110082,ENSMUSP00000105709,train,True,24,mouse,known,NC3
5492,ENSMUST00000110087,ENSMUSP00000105714,train,True,24,mouse,known,NC3
5493,ENSMUST00000110093,ENSMUSP00000105720,train,True,24,mouse,known,NC3
5494,ENSMUST00000110105,ENSMUSP00000105732,train,True,24,mouse,known,NC3
5495,ENSMUST00000110142,ENSMUSP00000105769,train,True,24,mouse,known,NC3
5496,ENSMUST00000110164,nan,train,True,24,mouse,known,NC3
5497,ENSMUST00000110167,ENSMUSP00000105796,train,True,24,mouse,known,NC3
5498,ENSMUST00000110199,ENSMUSP00000105828,train,True,24,mouse,known,NC3
5499,ENSMUST00000110231,ENSMUSP00000105860,val,True,24,mouse,known,NC3
5500,ENSMUST00000110276,ENSMUSP00000105905,train,True,24,mouse,known,NC3
5501,ENSMUST00000110293,ENSMUSP00000105922,train,True,24,mouse,known,NC3
5502,ENSMUST00000110297,ENSMUSP00000105926,train,True,24,mouse,known,NC3
5503,ENSMUST00000110315,ENSMUSP00000105944,train,True,24,mouse,known,NC3
5504,ENSMUST00000110325,ENSMUSP00000105954,train,True,24,mouse,known,NC3
5505,ENSMUST00000110341,ENSMUSP00000105970,train,True,24,mouse,known,NC3
5506,ENSMUST00000110351,ENSMUSP00000105980,train,True,24,mouse,known,NC3
5507,ENSMUST00000110361,ENSMUSP00000105990,train,True,24,mouse,known,NC3
5508,ENSMUST00000110382,ENSMUSP00000106011,train,True,24,mouse,known,NC3
5509,ENSMUST00000110387,ENSMUSP00000106017,train,True,24,mouse,known,NC3
5510,ENSMUST00000110388,ENSMUSP00000106018,train,True,24,mouse,known,NC3
5511,ENSMUST00000110395,ENSMUSP00000106025,train,True,24,mouse,known,NC3
5512,ENSMUST00000110416,ENSMUSP00000106046,train,True,24,mouse,known,NC3
5513,ENSMUST00000110425,ENSMUSP00000106055,train,True,24,mouse,known,NC3
5514,ENSMUST00000110463,ENSMUSP00000106090,train,True,24,mouse,known,NC3
5515,ENSMUST00000110473,nan,train,True,24,mouse,known,NC3
5516,ENSMUST00000110505,nan,val,True,24,mouse,known,NC3
5517,ENSMUST00000110506,ENSMUSP00000106133,train,True,24,mouse,known,NC3
5518,ENSMUST00000110510,ENSMUSP00000106137,train,True,24,mouse,known,NC3
5519,ENSMUST00000110534,ENSMUSP00000106163,val,True,24,mouse,known,NC3
5520,ENSMUST00000110551,nan,test,True,24,mouse,known,NC3
5521,ENSMUST00000110557,nan,train,True,24,mouse,known,NC3
5522,ENSMUST00000110570,ENSMUSP00000106199,train,True,24,mouse,known,NC3
5523,ENSMUST00000110574,ENSMUSP00000106203,train,True,24,mouse,known,NC3
5524,ENSMUST00000099272,ENSMUSP00000106211,val,True,24,mouse,known,NC3
5525,ENSMUST00000110603,ENSMUSP00000106234,train,True,24,mouse,known,NC3
5526,ENSMUST00000110612,ENSMUSP00000106242,train,True,24,mouse,known,NC3
5527,ENSMUST00000110626,ENSMUSP00000106256,train,True,24,mouse,known,NC3
5528,ENSMUST00000110633,ENSMUSP00000106263,train,True,24,mouse,known,NC3
5529,ENSMUST00000110648,ENSMUSP00000106278,train,True,24,mouse,known,NC3
5530,ENSMUST00000110674,ENSMUSP00000106302,train,True,24,mouse,known,NC3
5531,ENSMUST00000110690,ENSMUSP00000106318,train,True,24,mouse,known,NC3
5532,ENSMUST00000110701,ENSMUSP00000106329,test,True,24,mouse,known,NC3
5533,ENSMUST00000110725,ENSMUSP00000106353,train,True,24,mouse,known,NC3
5534,ENSMUST00000110766,ENSMUSP00000106394,train,True,24,mouse,known,NC3
5535,ENSMUST00000110774,ENSMUSP00000106401,test,True,24,mouse,known,NC3
5536,ENSMUST00000110813,ENSMUSP00000106436,train,True,24,mouse,known,NC3
5537,ENSMUST00000110827,ENSMUSP00000106451,test,True,24,mouse,known,NC3
5538,ENSMUST00000110836,ENSMUSP00000106460,train,True,24,mouse,known,NC3
5539,ENSMUST00000110856,ENSMUSP00000106480,test,True,24,mouse,known,NC3
5540,ENSMUST00000110857,ENSMUSP00000106481,train,True,24,mouse,known,NC3
5541,ENSMUST00000062740,nan,train,True,24,mouse,known,NC3
5542,ENSMUST00000110893,ENSMUSP00000106518,val,True,24,mouse,known,NC3
5543,ENSMUST00000110894,ENSMUSP00000106519,train,True,24,mouse,known,NC3
5544,ENSMUST00000110905,ENSMUSP00000106530,train,True,24,mouse,known,NC3
5545,ENSMUST00000110934,ENSMUSP00000106559,train,True,24,mouse,known,NC3
5546,ENSMUST00000110936,ENSMUSP00000106561,train,True,24,mouse,known,NC3
5547,ENSMUST00000111027,ENSMUSP00000106656,train,True,24,mouse,known,NC3
5548,ENSMUST00000111080,ENSMUSP00000106709,val,True,24,mouse,known,NC3
5549,ENSMUST00000111123,ENSMUSP00000106752,train,True,24,mouse,known,NC3
5550,ENSMUST00000111144,ENSMUSP00000106774,test,True,24,mouse,known,NC3
5551,ENSMUST00000111159,ENSMUSP00000106789,train,True,24,mouse,known,NC3
5552,ENSMUST00000111171,ENSMUSP00000106801,test,True,24,mouse,known,NC3
5553,ENSMUST00000111214,ENSMUSP00000106845,train,True,24,mouse,known,NC3
5554,ENSMUST00000111215,ENSMUSP00000106846,train,True,24,mouse,known,NC3
5555,ENSMUST00000111230,ENSMUSP00000106861,train,True,24,mouse,known,NC3
5556,ENSMUST00000111238,ENSMUSP00000106869,train,True,24,mouse,known,NC3
5557,ENSMUST00000111293,ENSMUSP00000106924,train,True,24,mouse,known,NC3
5558,ENSMUST00000111295,ENSMUSP00000106926,train,True,24,mouse,known,NC3
5559,ENSMUST00000111302,ENSMUSP00000106933,train,True,24,mouse,known,NC3
5560,ENSMUST00000111303,ENSMUSP00000106934,train,True,24,mouse,known,NC3
5561,ENSMUST00000111325,ENSMUSP00000106957,train,True,24,mouse,known,NC3
5562,ENSMUST00000111331,ENSMUSP00000106963,train,True,24,mouse,known,NC3
5563,ENSMUST00000111336,ENSMUSP00000106968,train,True,24,mouse,known,NC3
5564,ENSMUST00000111338,ENSMUSP00000106970,train,True,24,mouse,known,NC3
5565,ENSMUST00000111343,ENSMUSP00000106975,train,True,24,mouse,known,NC3
5566,ENSMUST00000111351,ENSMUSP00000106983,train,True,24,mouse,known,NC3
5567,ENSMUST00000111353,ENSMUSP00000106985,train,True,24,mouse,known,NC3
5568,ENSMUST00000111402,ENSMUSP00000107033,train,True,24,mouse,known,NC3
5569,ENSMUST00000111455,ENSMUSP00000107082,train,True,24,mouse,known,NC3
5570,ENSMUST00000111467,ENSMUSP00000107092,train,True,24,mouse,known,NC3
5571,ENSMUST00000111484,ENSMUSP00000107109,train,True,24,mouse,known,NC3
5572,ENSMUST00000111490,ENSMUSP00000107116,test,True,24,mouse,known,NC3
5573,ENSMUST00000111495,ENSMUSP00000107121,train,True,24,mouse,known,NC3
5574,ENSMUST00000111535,ENSMUSP00000107160,train,True,24,mouse,known,NC3
5575,ENSMUST00000111557,ENSMUSP00000107182,train,True,24,mouse,known,NC3
5576,ENSMUST00000111584,ENSMUSP00000107210,train,True,24,mouse,known,NC3
5577,ENSMUST00000111604,ENSMUSP00000107231,train,True,24,mouse,known,NC3
5578,ENSMUST00000111605,ENSMUSP00000107232,val,True,24,mouse,known,NC3
5579,ENSMUST00000111623,ENSMUSP00000107250,train,True,24,mouse,known,NC3
5580,ENSMUST00000111631,ENSMUSP00000107258,train,True,24,mouse,known,NC3
5581,ENSMUST00000111644,ENSMUSP00000107271,test,True,24,mouse,known,NC3
5582,ENSMUST00000111663,ENSMUSP00000107292,train,True,24,mouse,known,NC3
5583,ENSMUST00000111665,ENSMUSP00000107294,train,True,24,mouse,known,NC3
5584,ENSMUST00000111668,ENSMUSP00000107297,train,True,24,mouse,known,NC3
5585,ENSMUST00000111691,ENSMUSP00000107320,train,True,24,mouse,known,NC3
5586,ENSMUST00000111704,ENSMUSP00000107333,val,True,24,mouse,known,NC3
5587,ENSMUST00000111721,ENSMUSP00000107350,test,True,24,mouse,known,NC3
5588,ENSMUST00000111757,ENSMUSP00000107387,val,True,24,mouse,known,NC3
5589,ENSMUST00000111760,ENSMUSP00000107390,train,True,24,mouse,known,NC3
5590,ENSMUST00000111770,ENSMUSP00000107400,train,True,24,mouse,known,NC3
5591,ENSMUST00000111785,ENSMUSP00000107415,train,True,24,mouse,known,NC3
5592,ENSMUST00000111803,ENSMUSP00000107434,train,True,24,mouse,known,NC3
5593,ENSMUST00000111817,ENSMUSP00000107448,train,True,24,mouse,known,NC3
5594,ENSMUST00000111820,ENSMUSP00000107451,test,True,24,mouse,known,NC3
5595,ENSMUST00000111867,ENSMUSP00000107498,train,True,24,mouse,known,NC3
5596,ENSMUST00000111878,ENSMUSP00000107509,train,True,24,mouse,known,NC3
5597,ENSMUST00000111891,ENSMUSP00000107522,train,True,24,mouse,known,NC3
5598,ENSMUST00000111913,ENSMUSP00000107544,test,True,24,mouse,known,NC3
5599,ENSMUST00000111959,ENSMUSP00000107590,train,True,24,mouse,known,NC3
5600,ENSMUST00000111967,ENSMUSP00000107598,val,True,24,mouse,known,NC3
5601,ENSMUST00000111994,ENSMUSP00000107625,train,True,24,mouse,known,NC3
5602,ENSMUST00000112028,ENSMUSP00000107659,train,True,24,mouse,known,NC3
5603,ENSMUST00000112043,ENSMUSP00000107674,train,True,24,mouse,known,NC3
5604,ENSMUST00000112046,ENSMUSP00000107677,train,True,24,mouse,known,NC3
5605,ENSMUST00000112047,ENSMUSP00000107678,test,True,24,mouse,known,NC3
5606,ENSMUST00000112053,ENSMUSP00000107684,train,True,24,mouse,known,NC3
5607,ENSMUST00000112066,ENSMUSP00000107697,train,True,24,mouse,known,NC3
5608,ENSMUST00000112090,ENSMUSP00000107720,train,True,24,mouse,known,NC3
5609,ENSMUST00000112098,ENSMUSP00000107727,train,True,24,mouse,known,NC3
5610,ENSMUST00000112115,ENSMUSP00000107743,val,True,24,mouse,known,NC3
5611,ENSMUST00000112121,ENSMUSP00000107749,train,True,24,mouse,known,NC3
5612,ENSMUST00000112132,ENSMUSP00000107760,test,True,24,mouse,known,NC3
5613,ENSMUST00000112142,ENSMUSP00000107770,train,True,24,mouse,known,NC3
5614,ENSMUST00000112143,ENSMUSP00000107771,train,True,24,mouse,known,NC3
5615,ENSMUST00000112155,ENSMUSP00000107782,test,True,24,mouse,known,NC3
5616,ENSMUST00000112172,ENSMUSP00000107795,train,True,24,mouse,known,NC3
5617,ENSMUST00000112179,ENSMUSP00000107800,test,True,24,mouse,known,NC3
5618,ENSMUST00000112185,ENSMUSP00000107803,train,True,24,mouse,known,NC3
5619,ENSMUST00000112194,nan,train,True,24,mouse,known,NC3
5620,ENSMUST00000112210,ENSMUSP00000107829,train,True,24,mouse,known,NC3
5621,ENSMUST00000112221,ENSMUSP00000107841,train,True,24,mouse,known,NC3
5622,ENSMUST00000112225,ENSMUSP00000107844,train,True,24,mouse,known,NC3
5623,ENSMUST00000112239,ENSMUSP00000107858,train,True,24,mouse,known,NC3
5624,ENSMUST00000112266,ENSMUSP00000107885,train,True,24,mouse,known,NC3
5625,ENSMUST00000112289,ENSMUSP00000107908,train,True,24,mouse,known,NC3
5626,ENSMUST00000112295,ENSMUSP00000107914,train,True,24,mouse,known,NC3
5627,ENSMUST00000112308,ENSMUSP00000107927,test,True,24,mouse,known,NC3
5628,ENSMUST00000112312,ENSMUSP00000107931,train,True,24,mouse,known,NC3
5629,ENSMUST00000112320,ENSMUSP00000107939,train,True,24,mouse,known,NC3
5630,ENSMUST00000112352,ENSMUSP00000107971,train,True,24,mouse,known,NC3
5631,ENSMUST00000112389,ENSMUSP00000108008,train,True,24,mouse,known,NC3
5632,ENSMUST00000112390,ENSMUSP00000108009,train,True,24,mouse,known,NC3
5633,ENSMUST00000112400,ENSMUSP00000108019,train,True,24,mouse,known,NC3
5634,ENSMUST00000112429,ENSMUSP00000108048,train,True,24,mouse,known,NC3
5635,ENSMUST00000112439,ENSMUSP00000108058,train,True,24,mouse,known,NC3
5636,ENSMUST00000112464,ENSMUSP00000108083,train,True,24,mouse,known,NC3
5637,ENSMUST00000112467,ENSMUSP00000108086,train,True,24,mouse,known,NC3
5638,ENSMUST00000112479,ENSMUSP00000108098,train,True,24,mouse,known,NC3
5639,ENSMUST00000112487,ENSMUSP00000108106,train,True,24,mouse,known,NC3
5640,ENSMUST00000112498,ENSMUSP00000108117,val,True,24,mouse,known,NC3
5641,ENSMUST00000112505,ENSMUSP00000108124,train,True,24,mouse,known,NC3
5642,ENSMUST00000112507,ENSMUSP00000108126,train,True,24,mouse,known,NC3
5643,ENSMUST00000112519,ENSMUSP00000108138,train,True,24,mouse,known,NC3
5644,ENSMUST00000112524,ENSMUSP00000108143,train,True,24,mouse,known,NC3
5645,ENSMUST00000112529,nan,train,True,24,mouse,known,NC3
5646,ENSMUST00000112531,ENSMUSP00000108150,val,True,24,mouse,known,NC3
5647,ENSMUST00000112584,ENSMUSP00000108203,train,True,24,mouse,known,NC3
5648,ENSMUST00000112599,ENSMUSP00000108218,train,True,24,mouse,known,NC3
5649,ENSMUST00000112617,ENSMUSP00000108236,train,True,24,mouse,known,NC3
5650,ENSMUST00000112644,ENSMUSP00000108263,train,True,24,mouse,known,NC3
5651,ENSMUST00000112645,ENSMUSP00000108264,train,True,24,mouse,known,NC3
5652,ENSMUST00000112691,ENSMUSP00000108311,val,True,24,mouse,known,NC3
5653,ENSMUST00000112693,ENSMUSP00000108313,train,True,24,mouse,known,NC3
5654,ENSMUST00000112696,ENSMUSP00000108316,test,True,24,mouse,known,NC3
5655,ENSMUST00000112700,ENSMUSP00000108320,train,True,24,mouse,known,NC3
5656,ENSMUST00000112705,ENSMUSP00000108325,test,True,24,mouse,known,NC3
5657,ENSMUST00000112713,ENSMUSP00000108333,train,True,24,mouse,known,NC3
5658,ENSMUST00000112721,ENSMUSP00000108341,val,True,24,mouse,known,NC3
5659,ENSMUST00000112836,ENSMUSP00000108455,val,True,24,mouse,known,NC3
5660,ENSMUST00000112845,ENSMUSP00000108466,train,True,24,mouse,known,NC3
5661,ENSMUST00000112862,ENSMUSP00000108483,train,True,24,mouse,known,NC3
5662,ENSMUST00000112881,ENSMUSP00000108502,val,True,24,mouse,known,NC3
5663,ENSMUST00000112887,ENSMUSP00000108508,val,True,24,mouse,known,NC3
5664,ENSMUST00000112911,ENSMUSP00000108532,train,True,24,mouse,known,NC3
5665,ENSMUST00000112916,ENSMUSP00000108538,train,True,24,mouse,known,NC3
5666,ENSMUST00000112923,ENSMUSP00000108545,train,True,24,mouse,known,NC3
5667,ENSMUST00000112935,ENSMUSP00000108557,train,True,24,mouse,known,NC3
5668,ENSMUST00000112940,ENSMUSP00000108562,train,True,24,mouse,known,NC3
5669,ENSMUST00000112949,ENSMUSP00000108571,train,True,24,mouse,known,NC3
5670,ENSMUST00000112984,ENSMUSP00000108608,train,True,24,mouse,known,NC3
5671,ENSMUST00000112996,ENSMUSP00000108620,train,True,24,mouse,known,NC3
5672,ENSMUST00000113005,ENSMUSP00000108629,train,True,24,mouse,known,NC3
5673,ENSMUST00000113026,ENSMUSP00000108649,val,True,24,mouse,known,NC3
5674,ENSMUST00000113028,ENSMUSP00000108651,test,True,24,mouse,known,NC3
5675,ENSMUST00000113042,ENSMUSP00000108665,train,True,24,mouse,known,NC3
5676,ENSMUST00000113055,ENSMUSP00000108678,val,True,24,mouse,known,NC3
5677,ENSMUST00000113092,ENSMUSP00000108715,train,True,24,mouse,known,NC3
5678,ENSMUST00000113097,ENSMUSP00000108720,test,True,24,mouse,known,NC3
5679,ENSMUST00000113099,ENSMUSP00000108723,train,True,24,mouse,known,NC3
5680,ENSMUST00000113102,ENSMUSP00000108726,test,True,24,mouse,known,NC3
5681,ENSMUST00000113110,nan,train,True,24,mouse,known,NC3
5682,ENSMUST00000113127,ENSMUSP00000108752,train,True,24,mouse,known,NC3
5683,ENSMUST00000113134,ENSMUSP00000108759,train,True,24,mouse,known,NC3
5684,ENSMUST00000113146,ENSMUSP00000108771,train,True,24,mouse,known,NC3
5685,ENSMUST00000113190,ENSMUSP00000108815,train,True,24,mouse,known,NC3
5686,ENSMUST00000113200,ENSMUSP00000108825,test,True,24,mouse,known,NC3
5687,ENSMUST00000113203,ENSMUSP00000108829,train,True,24,mouse,known,NC3
5688,ENSMUST00000113229,ENSMUSP00000108855,train,True,24,mouse,known,NC3
5689,ENSMUST00000113230,ENSMUSP00000108856,train,True,24,mouse,known,NC3
5690,ENSMUST00000113239,ENSMUSP00000108865,train,True,24,mouse,known,NC3
5691,ENSMUST00000113248,ENSMUSP00000108874,train,True,24,mouse,known,NC3
5692,ENSMUST00000113301,ENSMUSP00000108926,train,True,24,mouse,known,NC3
5693,ENSMUST00000113309,ENSMUSP00000108934,train,True,24,mouse,known,NC3
5694,ENSMUST00000113335,ENSMUSP00000108961,train,True,24,mouse,known,NC3
5695,ENSMUST00000113338,ENSMUSP00000108964,train,True,24,mouse,known,NC3
5696,ENSMUST00000113360,ENSMUSP00000108987,train,True,24,mouse,known,NC3
5697,ENSMUST00000113463,ENSMUSP00000109090,train,True,24,mouse,known,NC3
5698,ENSMUST00000113481,ENSMUSP00000109109,train,True,24,mouse,known,NC3
5699,ENSMUST00000113489,ENSMUSP00000109117,train,True,24,mouse,known,NC3
5700,ENSMUST00000113493,ENSMUSP00000109121,train,True,24,mouse,known,NC3
5701,ENSMUST00000113502,ENSMUSP00000109130,val,True,24,mouse,known,NC3
5702,ENSMUST00000113515,ENSMUSP00000109143,train,True,24,mouse,known,NC3
5703,ENSMUST00000113523,ENSMUSP00000109151,val,True,24,mouse,known,NC3
5704,ENSMUST00000113533,ENSMUSP00000109161,train,True,24,mouse,known,NC3
5705,ENSMUST00000113536,ENSMUSP00000109164,train,True,24,mouse,known,NC3
5706,ENSMUST00000113560,ENSMUSP00000109190,val,True,24,mouse,known,NC3
5707,ENSMUST00000113567,ENSMUSP00000109197,train,True,24,mouse,known,NC3
5708,ENSMUST00000113573,ENSMUSP00000109203,test,True,24,mouse,known,NC3
5709,ENSMUST00000113584,ENSMUSP00000109214,train,True,24,mouse,known,NC3
5710,ENSMUST00000113596,ENSMUSP00000109226,train,True,24,mouse,known,NC3
5711,ENSMUST00000113606,ENSMUSP00000109236,train,True,24,mouse,known,NC3
5712,ENSMUST00000113607,ENSMUSP00000109237,train,True,24,mouse,known,NC3
5713,ENSMUST00000113617,ENSMUSP00000109247,train,True,24,mouse,known,NC3
5714,ENSMUST00000113627,nan,train,True,24,mouse,known,NC3
5715,ENSMUST00000113641,ENSMUSP00000109271,train,True,24,mouse,known,NC3
5716,ENSMUST00000113674,ENSMUSP00000109304,train,True,24,mouse,known,NC3
5717,ENSMUST00000113682,ENSMUSP00000109312,train,True,24,mouse,known,NC3
5718,ENSMUST00000113683,ENSMUSP00000109313,train,True,24,mouse,known,NC3
5719,ENSMUST00000113684,ENSMUSP00000109314,train,True,24,mouse,known,NC3
5720,ENSMUST00000113695,ENSMUSP00000109325,test,True,24,mouse,known,NC3
5721,ENSMUST00000113697,ENSMUSP00000109327,train,True,24,mouse,known,NC3
5722,ENSMUST00000113734,ENSMUSP00000109363,val,True,24,mouse,known,NC3
5723,ENSMUST00000113765,ENSMUSP00000109394,train,True,24,mouse,known,NC3
5724,ENSMUST00000057885,ENSMUSP00000109399,train,True,24,mouse,known,NC3
5725,ENSMUST00000113796,ENSMUSP00000109427,test,True,24,mouse,known,NC3
5726,ENSMUST00000113805,ENSMUSP00000109436,train,True,24,mouse,known,NC3
5727,ENSMUST00000113820,ENSMUSP00000109451,train,True,24,mouse,known,NC3
5728,ENSMUST00000113851,ENSMUSP00000109482,train,True,24,mouse,known,NC3
5729,ENSMUST00000113853,ENSMUSP00000109484,train,True,24,mouse,known,NC3
5730,ENSMUST00000113864,ENSMUSP00000109495,test,True,24,mouse,known,NC3
5731,ENSMUST00000113869,ENSMUSP00000109500,train,True,24,mouse,known,NC3
5732,ENSMUST00000113889,ENSMUSP00000109521,train,True,24,mouse,known,NC3
5733,ENSMUST00000096368,ENSMUSP00000109523,val,True,24,mouse,known,NC3
5734,ENSMUST00000113897,ENSMUSP00000109530,train,True,24,mouse,known,NC3
5735,ENSMUST00000113935,ENSMUSP00000109568,train,True,24,mouse,known,NC3
5736,ENSMUST00000113938,ENSMUSP00000109571,train,True,24,mouse,known,NC3
5737,ENSMUST00000113952,ENSMUSP00000109585,train,True,24,mouse,known,NC3
5738,ENSMUST00000113966,ENSMUSP00000109599,train,True,24,mouse,known,NC3
5739,ENSMUST00000113978,ENSMUSP00000109611,train,True,24,mouse,known,NC3
5740,ENSMUST00000113979,ENSMUSP00000109612,train,True,24,mouse,known,NC3
5741,ENSMUST00000113980,ENSMUSP00000109613,train,True,24,mouse,known,NC3
5742,ENSMUST00000113995,ENSMUSP00000109628,train,True,24,mouse,known,NC3
5743,ENSMUST00000113997,ENSMUSP00000109630,train,True,24,mouse,known,NC3
5744,ENSMUST00000114000,ENSMUSP00000109633,train,True,24,mouse,known,NC3
5745,ENSMUST00000114007,ENSMUSP00000109640,train,True,24,mouse,known,NC3
5746,ENSMUST00000114017,ENSMUSP00000109650,test,True,24,mouse,known,NC3
5747,ENSMUST00000114020,ENSMUSP00000109653,test,True,24,mouse,known,NC3
5748,ENSMUST00000114050,nan,train,True,24,mouse,known,NC3
5749,ENSMUST00000114053,ENSMUSP00000109687,val,True,24,mouse,known,NC3
5750,ENSMUST00000114058,ENSMUSP00000109692,train,True,24,mouse,known,NC3
5751,ENSMUST00000114072,ENSMUSP00000109706,train,True,24,mouse,known,NC3
5752,ENSMUST00000114077,nan,train,True,24,mouse,known,NC3
5753,ENSMUST00000114082,ENSMUSP00000109716,train,True,24,mouse,known,NC3
5754,ENSMUST00000114106,ENSMUSP00000109741,train,True,24,mouse,known,NC3
5755,ENSMUST00000114126,ENSMUSP00000109761,val,True,24,mouse,known,NC3
5756,ENSMUST00000114141,ENSMUSP00000109777,train,True,24,mouse,known,NC3
5757,ENSMUST00000114160,ENSMUSP00000109797,train,True,24,mouse,known,NC3
5758,ENSMUST00000114167,ENSMUSP00000109804,val,True,24,mouse,known,NC3
5759,ENSMUST00000059462,ENSMUSP00000109815,train,True,24,mouse,known,NC3
5760,ENSMUST00000114193,ENSMUSP00000109831,train,True,24,mouse,known,NC3
5761,ENSMUST00000114234,ENSMUSP00000109872,train,True,24,mouse,known,NC3
5762,ENSMUST00000114237,ENSMUSP00000109875,train,True,24,mouse,known,NC3
5763,ENSMUST00000114242,ENSMUSP00000109880,test,True,24,mouse,known,NC3
5764,ENSMUST00000114246,ENSMUSP00000109884,test,True,24,mouse,known,NC3
5765,ENSMUST00000061552,ENSMUSP00000109901,train,True,24,mouse,known,NC3
5766,ENSMUST00000114276,ENSMUSP00000109915,test,True,24,mouse,known,NC3
5767,ENSMUST00000114297,ENSMUSP00000109936,val,True,24,mouse,known,NC3
5768,ENSMUST00000114323,ENSMUSP00000109962,train,True,24,mouse,known,NC3
5769,ENSMUST00000114331,ENSMUSP00000109970,train,True,24,mouse,known,NC3
5770,ENSMUST00000114340,ENSMUSP00000109979,train,True,24,mouse,known,NC3
5771,ENSMUST00000114371,ENSMUSP00000110011,train,True,24,mouse,known,NC3
5772,ENSMUST00000057373,ENSMUSP00000110021,val,True,24,mouse,known,NC3
5773,ENSMUST00000114444,ENSMUSP00000110087,train,True,24,mouse,known,NC3
5774,ENSMUST00000114449,ENSMUSP00000110093,val,True,24,mouse,known,NC3
5775,ENSMUST00000114466,ENSMUSP00000110110,train,True,24,mouse,known,NC3
5776,ENSMUST00000114482,ENSMUSP00000110126,train,True,24,mouse,known,NC3
5777,ENSMUST00000114510,ENSMUSP00000110155,train,True,24,mouse,known,NC3
5778,ENSMUST00000114513,ENSMUSP00000110158,train,True,24,mouse,known,NC3
5779,ENSMUST00000114515,ENSMUSP00000110160,train,True,24,mouse,known,NC3
5780,ENSMUST00000114551,ENSMUSP00000110198,train,True,24,mouse,known,NC3
5781,ENSMUST00000114573,ENSMUSP00000110220,train,True,24,mouse,known,NC3
5782,ENSMUST00000114576,nan,train,True,24,mouse,known,NC3
5783,ENSMUST00000114582,nan,train,True,24,mouse,known,NC3
5784,ENSMUST00000114590,ENSMUSP00000110238,train,True,24,mouse,known,NC3
5785,ENSMUST00000114601,ENSMUSP00000110248,train,True,24,mouse,known,NC3
5786,ENSMUST00000114617,ENSMUSP00000110264,train,True,24,mouse,known,NC3
5787,ENSMUST00000114630,ENSMUSP00000110277,train,True,24,mouse,known,NC3
5788,ENSMUST00000114653,ENSMUSP00000110301,train,True,24,mouse,known,NC3
5789,ENSMUST00000114654,ENSMUSP00000110302,test,True,24,mouse,known,NC3
5790,ENSMUST00000114689,ENSMUSP00000110337,train,True,24,mouse,known,NC3
5791,ENSMUST00000114723,ENSMUSP00000110371,val,True,24,mouse,known,NC3
5792,ENSMUST00000114730,ENSMUSP00000110378,train,True,24,mouse,known,NC3
5793,ENSMUST00000114748,ENSMUSP00000110396,train,True,24,mouse,known,NC3
5794,ENSMUST00000114750,ENSMUSP00000110398,val,True,24,mouse,known,NC3
5795,ENSMUST00000114763,ENSMUSP00000110411,val,True,24,mouse,known,NC3
5796,ENSMUST00000114769,ENSMUSP00000110417,train,True,24,mouse,known,NC3
5797,ENSMUST00000114773,ENSMUSP00000110421,train,True,24,mouse,known,NC3
5798,ENSMUST00000114777,ENSMUSP00000110425,train,True,24,mouse,known,NC3
5799,ENSMUST00000114783,ENSMUSP00000110431,train,True,24,mouse,known,NC3
5800,ENSMUST00000114799,ENSMUSP00000110447,train,True,24,mouse,known,NC3
5801,ENSMUST00000114812,ENSMUSP00000110460,train,True,24,mouse,known,NC3
5802,ENSMUST00000114822,ENSMUSP00000110470,val,True,24,mouse,known,NC3
5803,ENSMUST00000114848,ENSMUSP00000110498,train,True,24,mouse,known,NC3
5804,ENSMUST00000114849,ENSMUSP00000110499,train,True,24,mouse,known,NC3
5805,ENSMUST00000114876,ENSMUSP00000110526,val,True,24,mouse,known,NC3
5806,ENSMUST00000114878,ENSMUSP00000110528,train,True,24,mouse,known,NC3
5807,ENSMUST00000114881,ENSMUSP00000110531,test,True,24,mouse,known,NC3
5808,ENSMUST00000114900,ENSMUSP00000110550,train,True,24,mouse,known,NC3
5809,ENSMUST00000114924,ENSMUSP00000110574,train,True,24,mouse,known,NC3
5810,ENSMUST00000114939,ENSMUSP00000110589,test,True,24,mouse,known,NC3
5811,ENSMUST00000114942,ENSMUSP00000110592,train,True,24,mouse,known,NC3
5812,ENSMUST00000114976,ENSMUSP00000110627,train,True,24,mouse,known,NC3
5813,ENSMUST00000114993,ENSMUSP00000110645,train,True,24,mouse,known,NC3
5814,ENSMUST00000115011,ENSMUSP00000110663,train,True,24,mouse,known,NC3
5815,ENSMUST00000115019,ENSMUSP00000110671,train,True,24,mouse,known,NC3
5816,ENSMUST00000115026,ENSMUSP00000110678,train,True,24,mouse,known,NC3
5817,ENSMUST00000115032,ENSMUSP00000110684,train,True,24,mouse,known,NC3
5818,ENSMUST00000115050,ENSMUSP00000110702,val,True,24,mouse,known,NC3
5819,ENSMUST00000115073,ENSMUSP00000110725,train,True,24,mouse,known,NC3
5820,ENSMUST00000115076,ENSMUSP00000110728,test,True,24,mouse,known,NC3
5821,ENSMUST00000115095,ENSMUSP00000110747,test,True,24,mouse,known,NC3
5822,ENSMUST00000115096,ENSMUSP00000110748,train,True,24,mouse,known,NC3
5823,ENSMUST00000115118,ENSMUSP00000110771,train,True,24,mouse,known,NC3
5824,ENSMUST00000115151,ENSMUSP00000110804,train,True,24,mouse,known,NC3
5825,ENSMUST00000115154,ENSMUSP00000110807,train,True,24,mouse,known,NC3
5826,ENSMUST00000115160,ENSMUSP00000110813,train,True,24,mouse,known,NC3
5827,ENSMUST00000115174,ENSMUSP00000110828,val,True,24,mouse,known,NC3
5828,ENSMUST00000115181,ENSMUSP00000110835,train,True,24,mouse,known,NC3
5829,ENSMUST00000115206,ENSMUSP00000110860,test,True,24,mouse,known,NC3
5830,ENSMUST00000115227,ENSMUSP00000110882,test,True,24,mouse,known,NC3
5831,ENSMUST00000115239,ENSMUSP00000110894,test,True,24,mouse,known,NC3
5832,ENSMUST00000115242,ENSMUSP00000110897,train,True,24,mouse,known,NC3
5833,ENSMUST00000115266,ENSMUSP00000110921,train,True,24,mouse,known,NC3
5834,ENSMUST00000115272,ENSMUSP00000110927,train,True,24,mouse,known,NC3
5835,ENSMUST00000115320,ENSMUSP00000110975,train,True,24,mouse,known,NC3
5836,ENSMUST00000115331,ENSMUSP00000110987,train,True,24,mouse,known,NC3
5837,ENSMUST00000115338,ENSMUSP00000110995,train,True,24,mouse,known,NC3
5838,ENSMUST00000115351,ENSMUSP00000111008,val,True,24,mouse,known,NC3
5839,ENSMUST00000115366,ENSMUSP00000111023,train,True,24,mouse,known,NC3
5840,ENSMUST00000115384,ENSMUSP00000111042,train,True,24,mouse,known,NC3
5841,ENSMUST00000115394,ENSMUSP00000111052,test,True,24,mouse,known,NC3
5842,ENSMUST00000115396,ENSMUSP00000111054,val,True,24,mouse,known,NC3
5843,ENSMUST00000115426,ENSMUSP00000111086,train,True,24,mouse,known,NC3
5844,ENSMUST00000115441,ENSMUSP00000111101,train,True,24,mouse,known,NC3
5845,ENSMUST00000115442,ENSMUSP00000111102,train,True,24,mouse,known,NC3
5846,ENSMUST00000115461,ENSMUSP00000111121,train,True,24,mouse,known,NC3
5847,ENSMUST00000115467,ENSMUSP00000111127,train,True,24,mouse,known,NC3
5848,ENSMUST00000115487,ENSMUSP00000111150,val,True,24,mouse,known,NC3
5849,ENSMUST00000115490,ENSMUSP00000111153,train,True,24,mouse,known,NC3
5850,ENSMUST00000115511,ENSMUSP00000111173,train,True,24,mouse,known,NC3
5851,ENSMUST00000115520,ENSMUSP00000111182,train,True,24,mouse,known,NC3
5852,ENSMUST00000115524,ENSMUSP00000111186,train,True,24,mouse,known,NC3
5853,ENSMUST00000115527,ENSMUSP00000111189,train,True,24,mouse,known,NC3
5854,ENSMUST00000115560,ENSMUSP00000111222,train,True,24,mouse,known,NC3
5855,ENSMUST00000115571,ENSMUSP00000111233,val,True,24,mouse,known,NC3
5856,ENSMUST00000115577,ENSMUSP00000111240,train,True,24,mouse,known,NC3
5857,ENSMUST00000115615,ENSMUSP00000111277,train,True,24,mouse,known,NC3
5858,ENSMUST00000115623,ENSMUSP00000111286,train,True,24,mouse,known,NC3
5859,ENSMUST00000100099,ENSMUSP00000111303,test,True,24,mouse,known,NC3
5860,ENSMUST00000115642,ENSMUSP00000111306,val,True,24,mouse,known,NC3
5861,ENSMUST00000115645,ENSMUSP00000111309,train,True,24,mouse,known,NC3
5862,ENSMUST00000115658,ENSMUSP00000111322,train,True,24,mouse,known,NC3
5863,ENSMUST00000115663,ENSMUSP00000111327,test,True,24,mouse,known,NC3
5864,ENSMUST00000115667,ENSMUSP00000111331,train,True,24,mouse,known,NC3
5865,ENSMUST00000115689,ENSMUSP00000111353,train,True,24,mouse,known,NC3
5866,ENSMUST00000115728,ENSMUSP00000111393,train,True,24,mouse,known,NC3
5867,ENSMUST00000115746,ENSMUSP00000111412,val,True,24,mouse,known,NC3
5868,ENSMUST00000115749,ENSMUSP00000111415,train,True,24,mouse,known,NC3
5869,ENSMUST00000115777,nan,train,True,24,mouse,known,NC3
5870,ENSMUST00000115791,ENSMUSP00000111457,train,True,24,mouse,known,NC3
5871,ENSMUST00000115808,ENSMUSP00000111475,train,True,24,mouse,known,NC3
5872,ENSMUST00000115812,ENSMUSP00000111479,train,True,24,mouse,known,NC3
5873,ENSMUST00000115844,ENSMUSP00000111510,train,True,24,mouse,known,NC3
5874,ENSMUST00000115869,ENSMUSP00000111535,train,True,24,mouse,known,NC3
5875,ENSMUST00000115995,ENSMUSP00000111659,val,True,24,mouse,known,NC3
5876,ENSMUST00000116229,ENSMUSP00000111937,train,True,24,mouse,known,NC3
5877,ENSMUST00000116234,ENSMUSP00000111942,val,True,24,mouse,known,NC3
5878,ENSMUST00000116279,ENSMUSP00000111983,train,True,24,mouse,known,NC3
5879,ENSMUST00000116349,ENSMUSP00000112052,train,True,24,mouse,known,NC3
5880,ENSMUST00000116375,ENSMUSP00000112076,train,True,24,mouse,known,NC3
5881,ENSMUST00000116380,ENSMUSP00000112081,train,True,24,mouse,known,NC3
5882,ENSMUST00000116409,ENSMUSP00000112110,train,True,24,mouse,known,NC3
5883,ENSMUST00000116412,ENSMUSP00000112113,train,True,24,mouse,known,NC3
5884,ENSMUST00000116415,ENSMUSP00000112116,train,True,24,mouse,known,NC3
5885,ENSMUST00000116420,ENSMUSP00000112121,train,True,24,mouse,known,NC3
5886,ENSMUST00000116437,ENSMUSP00000112138,val,True,24,mouse,known,NC3
5887,ENSMUST00000116456,ENSMUSP00000112157,val,True,24,mouse,known,NC3
5888,ENSMUST00000116457,ENSMUSP00000112158,test,True,24,mouse,known,NC3
5889,ENSMUST00000116468,ENSMUSP00000112170,train,True,24,mouse,known,NC3
5890,ENSMUST00000116514,ENSMUSP00000112213,train,True,24,mouse,known,NC3
5891,ENSMUST00000116522,ENSMUSP00000112221,train,True,24,mouse,known,NC3
5892,ENSMUST00000116556,ENSMUSP00000112255,train,True,24,mouse,known,NC3
5893,ENSMUST00000116563,ENSMUSP00000112262,train,True,24,mouse,known,NC3
5894,ENSMUST00000116567,ENSMUSP00000112266,train,True,24,mouse,known,NC3
5895,ENSMUST00000116578,ENSMUSP00000112277,train,True,24,mouse,known,NC3
5896,ENSMUST00000116584,ENSMUSP00000112283,train,True,24,mouse,known,NC3
5897,ENSMUST00000116605,ENSMUSP00000112304,train,True,24,mouse,known,NC3
5898,ENSMUST00000116621,ENSMUSP00000112320,train,True,24,mouse,known,NC3
5899,ENSMUST00000119245,ENSMUSP00000112385,test,True,24,mouse,known,NC3
5900,ENSMUST00000120488,ENSMUSP00000112412,train,True,24,mouse,known,NC3
5901,ENSMUST00000121270,ENSMUSP00000112428,test,True,24,mouse,known,NC3
5902,ENSMUST00000122054,ENSMUSP00000112430,test,True,24,mouse,known,NC3
5903,ENSMUST00000121785,ENSMUSP00000112442,train,True,24,mouse,known,NC3
5904,ENSMUST00000117633,ENSMUSP00000112453,train,True,24,mouse,known,NC3
5905,ENSMUST00000117338,ENSMUSP00000112491,train,True,24,mouse,known,NC3
5906,ENSMUST00000118927,ENSMUSP00000112498,train,True,24,mouse,known,NC3
5907,ENSMUST00000119010,ENSMUSP00000112507,train,True,24,mouse,known,NC3
5908,ENSMUST00000117245,ENSMUSP00000112508,train,True,24,mouse,known,NC3
5909,ENSMUST00000122342,ENSMUSP00000112553,train,True,24,mouse,known,NC3
5910,ENSMUST00000121674,ENSMUSP00000112563,train,True,24,mouse,known,NC3
5911,ENSMUST00000118993,ENSMUSP00000112571,train,True,24,mouse,known,NC3
5912,ENSMUST00000118429,ENSMUSP00000112574,train,True,24,mouse,known,NC3
5913,ENSMUST00000120040,ENSMUSP00000112582,train,True,24,mouse,known,NC3
5914,ENSMUST00000121979,ENSMUSP00000112602,test,True,24,mouse,known,NC3
5915,ENSMUST00000118952,ENSMUSP00000112608,test,True,24,mouse,known,NC3
5916,ENSMUST00000121930,ENSMUSP00000112609,train,True,24,mouse,known,NC3
5917,ENSMUST00000118902,ENSMUSP00000112610,train,True,24,mouse,known,NC3
5918,ENSMUST00000117780,ENSMUSP00000112611,train,True,24,mouse,known,NC3
5919,ENSMUST00000117549,ENSMUSP00000112632,train,True,24,mouse,known,NC3
5920,ENSMUST00000118199,ENSMUSP00000112638,train,True,24,mouse,known,NC3
5921,ENSMUST00000118009,ENSMUSP00000112640,train,True,24,mouse,known,NC3
5922,ENSMUST00000119093,ENSMUSP00000112661,val,True,24,mouse,known,NC3
5923,ENSMUST00000117507,ENSMUSP00000112665,train,True,24,mouse,known,NC3
5924,ENSMUST00000117360,ENSMUSP00000112667,val,True,24,mouse,known,NC3
5925,ENSMUST00000117748,ENSMUSP00000112670,train,True,24,mouse,known,NC3
5926,ENSMUST00000122412,ENSMUSP00000112675,train,True,24,mouse,known,NC3
5927,ENSMUST00000120087,ENSMUSP00000112688,train,True,24,mouse,known,NC3
5928,ENSMUST00000121791,ENSMUSP00000112764,train,True,24,mouse,known,NC3
5929,ENSMUST00000122091,ENSMUSP00000112790,val,True,24,mouse,known,NC3
5930,ENSMUST00000117593,ENSMUSP00000112794,train,True,24,mouse,known,NC3
5931,ENSMUST00000120269,ENSMUSP00000112798,train,True,24,mouse,known,NC3
5932,ENSMUST00000117692,ENSMUSP00000112807,train,True,24,mouse,known,NC3
5933,ENSMUST00000118432,ENSMUSP00000112848,train,True,24,mouse,known,NC3
5934,ENSMUST00000117363,ENSMUSP00000112860,train,True,24,mouse,known,NC3
5935,ENSMUST00000117291,ENSMUSP00000112870,train,True,24,mouse,known,NC3
5936,ENSMUST00000117396,ENSMUSP00000112871,train,True,24,mouse,known,NC3
5937,ENSMUST00000120746,ENSMUSP00000112898,train,True,24,mouse,known,NC3
5938,ENSMUST00000119109,ENSMUSP00000112915,test,True,24,mouse,known,NC3
5939,ENSMUST00000118091,ENSMUSP00000112923,train,True,24,mouse,known,NC3
5940,ENSMUST00000121705,ENSMUSP00000112927,train,True,24,mouse,known,NC3
5941,ENSMUST00000121805,ENSMUSP00000112928,train,True,24,mouse,known,NC3
5942,ENSMUST00000121198,ENSMUSP00000112934,test,True,24,mouse,known,NC3
5943,ENSMUST00000117598,ENSMUSP00000112937,train,True,24,mouse,known,NC3
5944,ENSMUST00000119603,ENSMUSP00000112938,train,True,24,mouse,known,NC3
5945,ENSMUST00000117611,ENSMUSP00000112942,train,True,24,mouse,known,NC3
5946,ENSMUST00000120285,ENSMUSP00000112944,train,True,24,mouse,known,NC3
5947,ENSMUST00000118160,ENSMUSP00000112946,train,True,24,mouse,known,NC3
5948,ENSMUST00000120580,ENSMUSP00000112953,val,True,24,mouse,known,NC3
5949,ENSMUST00000117766,ENSMUSP00000112977,train,True,24,mouse,known,NC3
5950,ENSMUST00000120671,ENSMUSP00000112991,train,True,24,mouse,known,NC3
5951,ENSMUST00000117551,ENSMUSP00000112998,train,True,24,mouse,known,NC3
5952,ENSMUST00000121799,ENSMUSP00000112999,train,True,24,mouse,known,NC3
5953,ENSMUST00000117236,ENSMUSP00000113014,train,True,24,mouse,known,NC3
5954,ENSMUST00000118209,ENSMUSP00000113022,train,True,24,mouse,known,NC3
5955,ENSMUST00000121334,ENSMUSP00000113038,test,True,24,mouse,known,NC3
5956,ENSMUST00000120977,ENSMUSP00000113040,test,True,24,mouse,known,NC3
5957,ENSMUST00000118788,ENSMUSP00000113051,train,True,24,mouse,known,NC3
5958,ENSMUST00000119825,ENSMUSP00000113062,train,True,24,mouse,known,NC3
5959,ENSMUST00000117399,ENSMUSP00000113071,train,True,24,mouse,known,NC3
5960,ENSMUST00000117675,ENSMUSP00000113088,train,True,24,mouse,known,NC3
5961,ENSMUST00000121652,ENSMUSP00000113097,test,True,24,mouse,known,NC3
5962,ENSMUST00000118885,ENSMUSP00000113110,train,True,24,mouse,known,NC3
5963,ENSMUST00000120381,ENSMUSP00000113116,val,True,24,mouse,known,NC3
5964,ENSMUST00000122038,ENSMUSP00000113148,test,True,24,mouse,known,NC3
5965,ENSMUST00000117661,ENSMUSP00000113174,val,True,24,mouse,known,NC3
5966,ENSMUST00000122101,ENSMUSP00000113183,train,True,24,mouse,known,NC3
5967,ENSMUST00000119827,ENSMUSP00000113184,test,True,24,mouse,known,NC3
5968,ENSMUST00000118875,ENSMUSP00000113213,train,True,24,mouse,known,NC3
5969,ENSMUST00000122026,ENSMUSP00000113228,train,True,24,mouse,known,NC3
5970,ENSMUST00000118286,ENSMUSP00000113251,test,True,24,mouse,known,NC3
5971,ENSMUST00000122225,ENSMUSP00000113252,test,True,24,mouse,known,NC3
5972,ENSMUST00000120331,ENSMUSP00000113255,train,True,24,mouse,known,NC3
5973,ENSMUST00000122384,ENSMUSP00000113275,val,True,24,mouse,known,NC3
5974,ENSMUST00000121291,ENSMUSP00000113304,train,True,24,mouse,known,NC3
5975,ENSMUST00000120705,ENSMUSP00000113307,train,True,24,mouse,known,NC3
5976,ENSMUST00000121759,ENSMUSP00000113308,train,True,24,mouse,known,NC3
5977,ENSMUST00000122421,ENSMUSP00000113319,val,True,24,mouse,known,NC3
5978,ENSMUST00000117786,ENSMUSP00000113341,test,True,24,mouse,known,NC3
5979,ENSMUST00000119945,ENSMUSP00000113343,train,True,24,mouse,known,NC3
5980,ENSMUST00000121869,ENSMUSP00000113344,train,True,24,mouse,known,NC3
5981,ENSMUST00000118816,ENSMUSP00000113353,train,True,24,mouse,known,NC3
5982,ENSMUST00000118557,ENSMUSP00000113365,val,True,24,mouse,known,NC3
5983,ENSMUST00000119943,ENSMUSP00000113377,train,True,24,mouse,known,NC3
5984,ENSMUST00000119284,ENSMUSP00000113395,test,True,24,mouse,known,NC3
5985,ENSMUST00000117950,ENSMUSP00000113416,train,True,24,mouse,known,NC3
5986,ENSMUST00000119567,ENSMUSP00000113429,test,True,24,mouse,known,NC3
5987,ENSMUST00000119953,ENSMUSP00000113431,train,True,24,mouse,known,NC3
5988,ENSMUST00000117989,ENSMUSP00000113444,val,True,24,mouse,known,NC3
5989,ENSMUST00000118592,ENSMUSP00000113457,train,True,24,mouse,known,NC3
5990,ENSMUST00000121433,ENSMUSP00000113463,train,True,24,mouse,known,NC3
5991,ENSMUST00000118623,ENSMUSP00000113465,train,True,24,mouse,known,NC3
5992,ENSMUST00000117450,ENSMUSP00000113466,test,True,24,mouse,known,NC3
5993,ENSMUST00000121618,ENSMUSP00000113468,train,True,24,mouse,known,NC3
5994,ENSMUST00000120912,ENSMUSP00000113483,train,True,24,mouse,known,NC3
5995,ENSMUST00000118198,ENSMUSP00000113501,train,True,24,mouse,known,NC3
5996,ENSMUST00000118784,ENSMUSP00000113512,test,True,24,mouse,known,NC3
5997,ENSMUST00000118830,ENSMUSP00000113525,train,True,24,mouse,known,NC3
5998,ENSMUST00000120375,ENSMUSP00000113556,train,True,24,mouse,known,NC3
5999,ENSMUST00000121204,ENSMUSP00000113560,train,True,24,mouse,known,NC3
6000,ENSMUST00000121503,ENSMUSP00000113578,train,True,24,mouse,known,NC3
6001,ENSMUST00000121534,ENSMUSP00000113587,train,True,24,mouse,known,NC3
6002,ENSMUST00000120722,ENSMUSP00000113588,test,True,24,mouse,known,NC3
6003,ENSMUST00000120847,ENSMUSP00000113603,val,True,24,mouse,known,NC3
6004,ENSMUST00000118118,ENSMUSP00000113621,train,True,24,mouse,known,NC3
6005,ENSMUST00000120240,ENSMUSP00000113637,val,True,24,mouse,known,NC3
6006,ENSMUST00000120194,ENSMUSP00000113652,train,True,24,mouse,known,NC3
6007,ENSMUST00000119878,ENSMUSP00000113660,train,True,24,mouse,known,NC3
6008,ENSMUST00000118539,ENSMUSP00000113672,train,True,24,mouse,known,NC3
6009,ENSMUST00000117099,ENSMUSP00000113684,train,True,24,mouse,known,NC3
6010,ENSMUST00000121326,ENSMUSP00000113685,test,True,24,mouse,known,NC3
6011,ENSMUST00000122328,ENSMUSP00000113703,train,True,24,mouse,known,NC3
6012,ENSMUST00000118163,ENSMUSP00000113705,train,True,24,mouse,known,NC3
6013,ENSMUST00000119818,ENSMUSP00000113715,train,True,24,mouse,known,NC3
6014,ENSMUST00000119954,ENSMUSP00000113717,test,True,24,mouse,known,NC3
6015,ENSMUST00000119047,ENSMUSP00000113758,train,True,24,mouse,known,NC3
6016,ENSMUST00000118501,ENSMUSP00000113761,train,True,24,mouse,known,NC3
6017,ENSMUST00000117796,ENSMUSP00000113771,train,True,24,mouse,known,NC3
6018,ENSMUST00000121623,ENSMUSP00000113804,train,True,24,mouse,known,NC3
6019,ENSMUST00000119014,ENSMUSP00000113818,train,True,24,mouse,known,NC3
6020,ENSMUST00000118522,ENSMUSP00000113835,train,True,24,mouse,known,NC3
6021,ENSMUST00000118353,ENSMUSP00000113848,test,True,24,mouse,known,NC3
6022,ENSMUST00000119705,ENSMUSP00000113862,train,True,24,mouse,known,NC3
6023,ENSMUST00000121112,ENSMUSP00000113865,train,True,24,mouse,known,NC3
6024,ENSMUST00000118535,ENSMUSP00000113886,train,True,24,mouse,known,NC3
6025,ENSMUST00000118316,ENSMUSP00000113895,train,True,24,mouse,known,NC3
6026,ENSMUST00000121142,ENSMUSP00000113898,val,True,24,mouse,known,NC3
6027,ENSMUST00000117423,ENSMUSP00000113921,train,True,24,mouse,known,NC3
6028,ENSMUST00000117392,ENSMUSP00000113939,train,True,24,mouse,known,NC3
6029,ENSMUST00000119570,ENSMUSP00000113978,train,True,24,mouse,known,NC3
6030,ENSMUST00000117242,ENSMUSP00000114006,test,True,24,mouse,known,NC3
6031,ENSMUST00000118015,ENSMUSP00000114019,train,True,24,mouse,known,NC3
6032,ENSMUST00000118193,ENSMUSP00000114033,train,True,24,mouse,known,NC3
6033,ENSMUST00000121813,ENSMUSP00000114059,train,True,24,mouse,known,NC3
6034,ENSMUST00000117411,ENSMUSP00000114082,train,True,24,mouse,known,NC3
6035,ENSMUST00000118976,ENSMUSP00000114088,test,True,24,mouse,known,NC3
6036,ENSMUST00000118886,ENSMUSP00000114132,train,True,24,mouse,known,NC3
6037,ENSMUST00000127587,ENSMUSP00000114202,val,True,24,mouse,known,NC3
6038,ENSMUST00000140901,ENSMUSP00000114203,test,True,24,mouse,known,NC3
6039,ENSMUST00000127698,ENSMUSP00000114223,train,True,24,mouse,known,NC3
6040,ENSMUST00000156969,ENSMUSP00000114256,test,True,24,mouse,known,NC3
6041,ENSMUST00000130864,ENSMUSP00000114297,train,True,24,mouse,known,NC3
6042,ENSMUST00000126144,ENSMUSP00000114317,test,True,24,mouse,known,NC3
6043,ENSMUST00000143974,ENSMUSP00000114325,train,True,24,mouse,known,NC3
6044,ENSMUST00000150290,ENSMUSP00000114350,train,True,24,mouse,known,NC3
6045,ENSMUST00000140438,ENSMUSP00000114402,train,True,24,mouse,known,NC3
6046,ENSMUST00000143137,ENSMUSP00000114429,train,True,24,mouse,known,NC3
6047,ENSMUST00000151346,ENSMUSP00000114568,train,True,24,mouse,known,NC3
6048,ENSMUST00000156333,ENSMUSP00000114584,train,True,24,mouse,known,NC3
6049,ENSMUST00000148618,ENSMUSP00000114588,train,True,24,mouse,known,NC3
6050,ENSMUST00000151708,ENSMUSP00000114705,train,True,24,mouse,known,NC3
6051,ENSMUST00000140920,ENSMUSP00000114717,train,True,24,mouse,known,NC3
6052,ENSMUST00000147044,ENSMUSP00000114822,train,True,24,mouse,known,NC3
6053,ENSMUST00000156898,ENSMUSP00000114839,train,True,24,mouse,known,NC3
6054,ENSMUST00000140991,ENSMUSP00000114844,test,True,24,mouse,known,NC3
6055,ENSMUST00000128723,ENSMUSP00000114845,train,True,24,mouse,known,NC3
6056,ENSMUST00000130498,ENSMUSP00000114873,test,True,24,mouse,known,NC3
6057,ENSMUST00000131656,ENSMUSP00000114906,test,True,24,mouse,known,NC3
6058,ENSMUST00000127208,ENSMUSP00000114921,train,True,24,mouse,known,NC3
6059,ENSMUST00000150602,ENSMUSP00000114928,train,True,24,mouse,known,NC3
6060,ENSMUST00000134667,ENSMUSP00000114960,train,True,24,mouse,known,NC3
6061,ENSMUST00000127477,ENSMUSP00000114963,train,True,24,mouse,known,NC3
6062,ENSMUST00000150268,ENSMUSP00000114968,train,True,24,mouse,known,NC3
6063,ENSMUST00000153183,ENSMUSP00000115011,train,True,24,mouse,known,NC3
6064,ENSMUST00000153892,ENSMUSP00000115044,train,True,24,mouse,known,NC3
6065,ENSMUST00000125652,ENSMUSP00000115045,train,True,24,mouse,known,NC3
6066,ENSMUST00000124830,ENSMUSP00000115062,val,True,24,mouse,known,NC3
6067,ENSMUST00000133154,ENSMUSP00000115275,test,True,24,mouse,known,NC3
6068,ENSMUST00000145963,ENSMUSP00000115320,train,True,24,mouse,known,NC3
6069,ENSMUST00000123836,ENSMUSP00000115342,train,True,24,mouse,known,NC3
6070,ENSMUST00000130360,ENSMUSP00000115355,train,True,24,mouse,known,NC3
6071,ENSMUST00000124968,ENSMUSP00000115392,val,True,24,mouse,known,NC3
6072,ENSMUST00000129342,ENSMUSP00000115402,train,True,24,mouse,known,NC3
6073,ENSMUST00000129411,ENSMUSP00000115407,train,True,24,mouse,known,NC3
6074,ENSMUST00000131011,nan,train,True,24,mouse,known,NC3
6075,ENSMUST00000156816,ENSMUSP00000115512,val,True,24,mouse,known,NC3
6076,ENSMUST00000124566,ENSMUSP00000115581,train,True,24,mouse,known,NC3
6077,ENSMUST00000128553,ENSMUSP00000115601,train,True,24,mouse,known,NC3
6078,ENSMUST00000126245,ENSMUSP00000115645,train,True,24,mouse,known,NC3
6079,ENSMUST00000150350,ENSMUSP00000115722,train,True,24,mouse,known,NC3
6080,ENSMUST00000143219,ENSMUSP00000115723,train,True,24,mouse,known,NC3
6081,ENSMUST00000141112,ENSMUSP00000115729,train,True,24,mouse,known,NC3
6082,ENSMUST00000131422,ENSMUSP00000115750,train,True,24,mouse,known,NC3
6083,ENSMUST00000127442,ENSMUSP00000115753,train,True,24,mouse,known,NC3
6084,ENSMUST00000134115,ENSMUSP00000115772,test,True,24,mouse,known,NC3
6085,ENSMUST00000133257,ENSMUSP00000115777,train,True,24,mouse,known,NC3
6086,ENSMUST00000142105,ENSMUSP00000115799,train,True,24,mouse,known,NC3
6087,ENSMUST00000148810,ENSMUSP00000115822,val,True,24,mouse,known,NC3
6088,ENSMUST00000134661,ENSMUSP00000115860,train,True,24,mouse,known,NC3
6089,ENSMUST00000143829,ENSMUSP00000115871,test,True,24,mouse,known,NC3
6090,ENSMUST00000147632,ENSMUSP00000115881,val,True,24,mouse,known,NC3
6091,ENSMUST00000156481,ENSMUSP00000115882,val,True,24,mouse,known,NC3
6092,ENSMUST00000123605,ENSMUSP00000115934,val,True,24,mouse,known,NC3
6093,ENSMUST00000150603,ENSMUSP00000115941,train,True,24,mouse,known,NC3
6094,ENSMUST00000123853,ENSMUSP00000116015,train,True,24,mouse,known,NC3
6095,ENSMUST00000123128,ENSMUSP00000116028,val,True,24,mouse,known,NC3
6096,ENSMUST00000150042,ENSMUSP00000116090,train,True,24,mouse,known,NC3
6097,ENSMUST00000149769,ENSMUSP00000116091,train,True,24,mouse,known,NC3
6098,ENSMUST00000138880,ENSMUSP00000116103,val,True,24,mouse,known,NC3
6099,ENSMUST00000151287,ENSMUSP00000116108,train,True,24,mouse,known,NC3
6100,ENSMUST00000139793,ENSMUSP00000116130,train,True,24,mouse,known,NC3
6101,ENSMUST00000143203,ENSMUSP00000116191,train,True,24,mouse,known,NC3
6102,ENSMUST00000153735,ENSMUSP00000116200,train,True,24,mouse,known,NC3
6103,ENSMUST00000129269,ENSMUSP00000116205,train,True,24,mouse,known,NC3
6104,ENSMUST00000144258,ENSMUSP00000116235,train,True,24,mouse,known,NC3
6105,ENSMUST00000131384,ENSMUSP00000116252,train,True,24,mouse,known,NC3
6106,ENSMUST00000130643,ENSMUSP00000116259,train,True,24,mouse,known,NC3
6107,ENSMUST00000148721,ENSMUSP00000116278,train,True,24,mouse,known,NC3
6108,ENSMUST00000153838,ENSMUSP00000116313,train,True,24,mouse,known,NC3
6109,ENSMUST00000154584,ENSMUSP00000116360,train,True,24,mouse,known,NC3
6110,ENSMUST00000138843,ENSMUSP00000116463,train,True,24,mouse,known,NC3
6111,ENSMUST00000129339,ENSMUSP00000116492,train,True,24,mouse,known,NC3
6112,ENSMUST00000147337,ENSMUSP00000116494,train,True,24,mouse,known,NC3
6113,ENSMUST00000152362,ENSMUSP00000116495,train,True,24,mouse,known,NC3
6114,ENSMUST00000122965,ENSMUSP00000116575,train,True,24,mouse,known,NC3
6115,ENSMUST00000147914,ENSMUSP00000116577,train,True,24,mouse,known,NC3
6116,ENSMUST00000129091,ENSMUSP00000116591,val,True,24,mouse,known,NC3
6117,ENSMUST00000153148,ENSMUSP00000116608,train,True,24,mouse,known,NC3
6118,ENSMUST00000152703,ENSMUSP00000116742,train,True,24,mouse,known,NC3
6119,ENSMUST00000153983,ENSMUSP00000116746,val,True,24,mouse,known,NC3
6120,ENSMUST00000152855,ENSMUSP00000116797,train,True,24,mouse,known,NC3
6121,ENSMUST00000136591,ENSMUSP00000116865,train,True,24,mouse,known,NC3
6122,ENSMUST00000149154,ENSMUSP00000116886,train,True,24,mouse,known,NC3
6123,ENSMUST00000135074,ENSMUSP00000116898,train,True,24,mouse,known,NC3
6124,ENSMUST00000134794,ENSMUSP00000117009,train,True,24,mouse,known,NC3
6125,ENSMUST00000135884,ENSMUSP00000117022,val,True,24,mouse,known,NC3
6126,ENSMUST00000149565,ENSMUSP00000117025,train,True,24,mouse,known,NC3
6127,ENSMUST00000130216,ENSMUSP00000117045,train,True,24,mouse,known,NC3
6128,ENSMUST00000155551,ENSMUSP00000117082,train,True,24,mouse,known,NC3
6129,ENSMUST00000134108,ENSMUSP00000117136,test,True,24,mouse,known,NC3
6130,ENSMUST00000148665,ENSMUSP00000117160,train,True,24,mouse,known,NC3
6131,ENSMUST00000152954,ENSMUSP00000117231,train,True,24,mouse,known,NC3
6132,ENSMUST00000126957,ENSMUSP00000117256,val,True,24,mouse,known,NC3
6133,ENSMUST00000124187,ENSMUSP00000117299,train,True,24,mouse,known,NC3
6134,ENSMUST00000154460,ENSMUSP00000117346,train,True,24,mouse,known,NC3
6135,ENSMUST00000130451,ENSMUSP00000117347,train,True,24,mouse,known,NC3
6136,ENSMUST00000128302,ENSMUSP00000117410,train,True,24,mouse,known,NC3
6137,ENSMUST00000145165,ENSMUSP00000117418,train,True,24,mouse,known,NC3
6138,ENSMUST00000140596,ENSMUSP00000117433,train,True,24,mouse,known,NC3
6139,ENSMUST00000125633,ENSMUSP00000117444,train,True,24,mouse,known,NC3
6140,ENSMUST00000126610,ENSMUSP00000117461,train,True,24,mouse,known,NC3
6141,ENSMUST00000155282,ENSMUSP00000117493,val,True,24,mouse,known,NC3
6142,ENSMUST00000146623,ENSMUSP00000117509,val,True,24,mouse,known,NC3
6143,ENSMUST00000129820,ENSMUSP00000117531,train,True,24,mouse,known,NC3
6144,ENSMUST00000135383,ENSMUSP00000117538,train,True,24,mouse,known,NC3
6145,ENSMUST00000124973,ENSMUSP00000117616,train,True,24,mouse,known,NC3
6146,ENSMUST00000129456,ENSMUSP00000117687,train,True,24,mouse,known,NC3
6147,ENSMUST00000124342,ENSMUSP00000117705,train,True,24,mouse,known,NC3
6148,ENSMUST00000156440,ENSMUSP00000117725,train,True,24,mouse,known,NC3
6149,ENSMUST00000142395,ENSMUSP00000117778,train,True,24,mouse,known,NC3
6150,ENSMUST00000139075,ENSMUSP00000117816,train,True,24,mouse,known,NC3
6151,ENSMUST00000143043,ENSMUSP00000117891,train,True,24,mouse,known,NC3
6152,ENSMUST00000153609,ENSMUSP00000117947,train,True,24,mouse,known,NC3
6153,ENSMUST00000126116,ENSMUSP00000117951,test,True,24,mouse,known,NC3
6154,ENSMUST00000124482,ENSMUSP00000117971,train,True,24,mouse,known,NC3
6155,ENSMUST00000132846,ENSMUSP00000117987,train,True,24,mouse,known,NC3
6156,ENSMUST00000152704,ENSMUSP00000118093,train,True,24,mouse,known,NC3
6157,ENSMUST00000141116,ENSMUSP00000118105,train,True,24,mouse,known,NC3
6158,ENSMUST00000144585,ENSMUSP00000118107,train,True,24,mouse,known,NC3
6159,ENSMUST00000154169,ENSMUSP00000118125,train,True,24,mouse,known,NC3
6160,ENSMUST00000135192,ENSMUSP00000118179,train,True,24,mouse,known,NC3
6161,ENSMUST00000148633,ENSMUSP00000118221,train,True,24,mouse,known,NC3
6162,ENSMUST00000130198,nan,train,True,24,mouse,known,NC3
6163,ENSMUST00000141995,ENSMUSP00000118283,train,True,24,mouse,known,NC3
6164,ENSMUST00000151524,ENSMUSP00000118312,train,True,24,mouse,known,NC3
6165,ENSMUST00000124992,ENSMUSP00000118333,train,True,24,mouse,known,NC3
6166,ENSMUST00000135455,ENSMUSP00000118408,train,True,24,mouse,known,NC3
6167,ENSMUST00000125544,ENSMUSP00000118416,train,True,24,mouse,known,NC3
6168,ENSMUST00000146598,ENSMUSP00000118478,train,True,24,mouse,known,NC3
6169,ENSMUST00000123948,ENSMUSP00000118491,train,True,24,mouse,known,NC3
6170,ENSMUST00000130491,ENSMUSP00000118588,train,True,24,mouse,known,NC3
6171,ENSMUST00000126681,ENSMUSP00000118610,train,True,24,mouse,known,NC3
6172,ENSMUST00000153627,ENSMUSP00000118656,train,True,24,mouse,known,NC3
6173,ENSMUST00000123539,ENSMUSP00000118727,train,True,24,mouse,known,NC3
6174,ENSMUST00000156933,ENSMUSP00000118731,test,True,24,mouse,known,NC3
6175,ENSMUST00000155998,ENSMUSP00000118751,val,True,24,mouse,known,NC3
6176,ENSMUST00000135151,ENSMUSP00000118890,val,True,24,mouse,known,NC3
6177,ENSMUST00000122941,ENSMUSP00000118911,train,True,24,mouse,known,NC3
6178,ENSMUST00000125209,ENSMUSP00000118958,test,True,24,mouse,known,NC3
6179,ENSMUST00000135469,ENSMUSP00000118983,train,True,24,mouse,known,NC3
6180,ENSMUST00000136874,ENSMUSP00000118989,train,True,24,mouse,known,NC3
6181,ENSMUST00000148159,ENSMUSP00000119041,val,True,24,mouse,known,NC3
6182,ENSMUST00000147196,ENSMUSP00000119053,train,True,24,mouse,known,NC3
6183,ENSMUST00000130411,ENSMUSP00000119065,train,True,24,mouse,known,NC3
6184,ENSMUST00000156473,ENSMUSP00000119102,test,True,24,mouse,known,NC3
6185,ENSMUST00000140975,ENSMUSP00000119136,train,True,24,mouse,known,NC3
6186,ENSMUST00000137784,ENSMUSP00000119153,train,True,24,mouse,known,NC3
6187,ENSMUST00000142241,ENSMUSP00000119221,train,True,24,mouse,known,NC3
6188,ENSMUST00000143567,ENSMUSP00000119242,val,True,24,mouse,known,NC3
6189,ENSMUST00000137116,ENSMUSP00000119261,test,True,24,mouse,known,NC3
6190,ENSMUST00000129335,ENSMUSP00000119303,train,True,24,mouse,known,NC3
6191,ENSMUST00000140299,ENSMUSP00000119308,train,True,24,mouse,known,NC3
6192,ENSMUST00000137486,ENSMUSP00000119328,train,True,24,mouse,known,NC3
6193,ENSMUST00000124549,ENSMUSP00000119330,train,True,24,mouse,known,NC3
6194,ENSMUST00000130916,ENSMUSP00000119369,train,True,24,mouse,known,NC3
6195,ENSMUST00000155203,ENSMUSP00000119386,train,True,24,mouse,known,NC3
6196,ENSMUST00000155364,ENSMUSP00000119443,train,True,24,mouse,known,NC3
6197,ENSMUST00000134469,ENSMUSP00000119530,val,True,24,mouse,known,NC3
6198,ENSMUST00000154330,ENSMUSP00000119535,train,True,24,mouse,known,NC3
6199,ENSMUST00000149248,ENSMUSP00000119552,val,True,24,mouse,known,NC3
6200,ENSMUST00000125107,ENSMUSP00000119565,train,True,24,mouse,known,NC3
6201,ENSMUST00000125172,ENSMUSP00000119603,train,True,24,mouse,known,NC3
6202,ENSMUST00000150843,ENSMUSP00000119606,train,True,24,mouse,known,NC3
6203,ENSMUST00000146511,ENSMUSP00000119607,train,True,24,mouse,known,NC3
6204,ENSMUST00000134543,ENSMUSP00000119623,train,True,24,mouse,known,NC3
6205,ENSMUST00000154617,ENSMUSP00000119715,test,True,24,mouse,known,NC3
6206,ENSMUST00000149441,ENSMUSP00000119745,train,True,24,mouse,known,NC3
6207,ENSMUST00000126532,ENSMUSP00000119790,train,True,24,mouse,known,NC3
6208,ENSMUST00000153470,ENSMUSP00000119806,train,True,24,mouse,known,NC3
6209,ENSMUST00000154132,ENSMUSP00000119829,train,True,24,mouse,known,NC3
6210,ENSMUST00000130325,ENSMUSP00000119841,test,True,24,mouse,known,NC3
6211,ENSMUST00000148011,ENSMUSP00000119875,train,True,24,mouse,known,NC3
6212,ENSMUST00000144099,ENSMUSP00000119891,train,True,24,mouse,known,NC3
6213,ENSMUST00000127348,ENSMUSP00000119949,train,True,24,mouse,known,NC3
6214,ENSMUST00000146377,ENSMUSP00000119981,train,True,24,mouse,known,NC3
6215,ENSMUST00000142064,ENSMUSP00000119986,train,True,24,mouse,known,NC3
6216,ENSMUST00000127405,ENSMUSP00000120014,train,True,24,mouse,known,NC3
6217,ENSMUST00000125366,ENSMUSP00000120068,val,True,24,mouse,known,NC3
6218,ENSMUST00000128764,ENSMUSP00000120071,test,True,24,mouse,known,NC3
6219,ENSMUST00000135680,ENSMUSP00000120075,val,True,24,mouse,known,NC3
6220,ENSMUST00000138762,ENSMUSP00000120085,train,True,24,mouse,known,NC3
6221,ENSMUST00000135941,ENSMUSP00000120106,train,True,24,mouse,known,NC3
6222,ENSMUST00000148178,ENSMUSP00000120115,train,True,24,mouse,known,NC3
6223,ENSMUST00000128557,ENSMUSP00000120117,val,True,24,mouse,known,NC3
6224,ENSMUST00000127638,ENSMUSP00000120152,val,True,24,mouse,known,NC3
6225,ENSMUST00000131475,ENSMUSP00000120154,test,True,24,mouse,known,NC3
6226,ENSMUST00000138356,ENSMUSP00000120208,val,True,24,mouse,known,NC3
6227,ENSMUST00000141298,ENSMUSP00000120357,train,True,24,mouse,known,NC3
6228,ENSMUST00000139560,ENSMUSP00000120365,train,True,24,mouse,known,NC3
6229,ENSMUST00000147812,ENSMUSP00000120374,train,True,24,mouse,known,NC3
6230,ENSMUST00000152796,ENSMUSP00000120414,train,True,24,mouse,known,NC3
6231,ENSMUST00000136008,ENSMUSP00000120456,train,True,24,mouse,known,NC3
6232,ENSMUST00000155676,ENSMUSP00000120461,train,True,24,mouse,known,NC3
6233,ENSMUST00000143467,ENSMUSP00000120466,train,True,24,mouse,known,NC3
6234,ENSMUST00000134578,ENSMUSP00000120491,train,True,24,mouse,known,NC3
6235,ENSMUST00000150779,ENSMUSP00000120516,train,True,24,mouse,known,NC3
6236,ENSMUST00000129523,ENSMUSP00000120520,train,True,24,mouse,known,NC3
6237,ENSMUST00000134863,ENSMUSP00000120525,train,True,24,mouse,known,NC3
6238,ENSMUST00000138502,ENSMUSP00000120528,train,True,24,mouse,known,NC3
6239,ENSMUST00000153002,ENSMUSP00000120573,train,True,24,mouse,known,NC3
6240,ENSMUST00000140239,ENSMUSP00000120598,val,True,24,mouse,known,NC3
6241,ENSMUST00000140076,ENSMUSP00000120632,val,True,24,mouse,known,NC3
6242,ENSMUST00000143842,ENSMUSP00000120649,train,True,24,mouse,known,NC3
6243,ENSMUST00000143082,ENSMUSP00000120658,train,True,24,mouse,known,NC3
6244,ENSMUST00000151786,ENSMUSP00000120659,train,True,24,mouse,known,NC3
6245,ENSMUST00000137823,ENSMUSP00000120747,test,True,24,mouse,known,NC3
6246,ENSMUST00000126980,ENSMUSP00000120751,test,True,24,mouse,known,NC3
6247,ENSMUST00000134159,ENSMUSP00000120807,val,True,24,mouse,known,NC3
6248,ENSMUST00000145910,ENSMUSP00000120830,train,True,24,mouse,known,NC3
6249,ENSMUST00000130320,ENSMUSP00000120840,train,True,24,mouse,known,NC3
6250,ENSMUST00000151189,ENSMUSP00000120904,train,True,24,mouse,known,NC3
6251,ENSMUST00000126319,ENSMUSP00000120911,val,True,24,mouse,known,NC3
6252,ENSMUST00000141235,ENSMUSP00000120925,train,True,24,mouse,known,NC3
6253,ENSMUST00000150911,ENSMUSP00000120928,train,True,24,mouse,known,NC3
6254,ENSMUST00000148235,ENSMUSP00000120966,train,True,24,mouse,known,NC3
6255,ENSMUST00000156859,ENSMUSP00000120976,train,True,24,mouse,known,NC3
6256,ENSMUST00000137997,ENSMUSP00000120982,train,True,24,mouse,known,NC3
6257,ENSMUST00000154236,ENSMUSP00000120985,train,True,24,mouse,known,NC3
6258,ENSMUST00000151390,ENSMUSP00000121000,train,True,24,mouse,known,NC3
6259,ENSMUST00000128187,ENSMUSP00000121005,train,True,24,mouse,known,NC3
6260,ENSMUST00000140485,ENSMUSP00000121023,train,True,24,mouse,known,NC3
6261,ENSMUST00000126865,ENSMUSP00000121032,test,True,24,mouse,known,NC3
6262,ENSMUST00000123491,ENSMUSP00000121038,train,True,24,mouse,known,NC3
6263,ENSMUST00000124745,ENSMUSP00000121042,train,True,24,mouse,known,NC3
6264,ENSMUST00000143517,ENSMUSP00000121111,train,True,24,mouse,known,NC3
6265,ENSMUST00000153965,ENSMUSP00000121113,train,True,24,mouse,known,NC3
6266,ENSMUST00000126071,ENSMUSP00000121182,train,True,24,mouse,known,NC3
6267,ENSMUST00000151120,ENSMUSP00000121203,train,True,24,mouse,known,NC3
6268,ENSMUST00000136907,ENSMUSP00000121213,train,True,24,mouse,known,NC3
6269,ENSMUST00000145353,ENSMUSP00000121239,train,True,24,mouse,known,NC3
6270,ENSMUST00000156203,ENSMUSP00000121249,train,True,24,mouse,known,NC3
6271,ENSMUST00000134503,ENSMUSP00000121312,train,True,24,mouse,known,NC3
6272,ENSMUST00000153128,ENSMUSP00000121317,train,True,24,mouse,known,NC3
6273,ENSMUST00000136481,ENSMUSP00000121340,train,True,24,mouse,known,NC3
6274,ENSMUST00000131070,ENSMUSP00000121358,test,True,24,mouse,known,NC3
6275,ENSMUST00000127305,ENSMUSP00000121390,train,True,24,mouse,known,NC3
6276,ENSMUST00000154032,ENSMUSP00000121493,train,True,24,mouse,known,NC3
6277,ENSMUST00000132374,ENSMUSP00000121496,train,True,24,mouse,known,NC3
6278,ENSMUST00000152227,ENSMUSP00000121504,test,True,24,mouse,known,NC3
6279,ENSMUST00000140131,ENSMUSP00000121519,train,True,24,mouse,known,NC3
6280,ENSMUST00000143987,ENSMUSP00000121557,train,True,24,mouse,known,NC3
6281,ENSMUST00000146722,ENSMUSP00000121612,train,True,24,mouse,known,NC3
6282,ENSMUST00000147148,nan,train,True,24,mouse,known,NC3
6283,ENSMUST00000142704,ENSMUSP00000121695,train,True,24,mouse,known,NC3
6284,ENSMUST00000140061,ENSMUSP00000121811,train,True,24,mouse,known,NC3
6285,ENSMUST00000127430,ENSMUSP00000121835,train,True,24,mouse,known,NC3
6286,ENSMUST00000136872,ENSMUSP00000121851,train,True,24,mouse,known,NC3
6287,ENSMUST00000127234,ENSMUSP00000121883,train,True,24,mouse,known,NC3
6288,ENSMUST00000125086,ENSMUSP00000121900,train,True,24,mouse,known,NC3
6289,ENSMUST00000125476,ENSMUSP00000121965,test,True,24,mouse,known,NC3
6290,ENSMUST00000132676,ENSMUSP00000121973,train,True,24,mouse,known,NC3
6291,ENSMUST00000149927,ENSMUSP00000121997,train,True,24,mouse,known,NC3
6292,ENSMUST00000154672,ENSMUSP00000122064,train,True,24,mouse,known,NC3
6293,ENSMUST00000149884,ENSMUSP00000122090,train,True,24,mouse,known,NC3
6294,ENSMUST00000151937,ENSMUSP00000122103,train,True,24,mouse,known,NC3
6295,ENSMUST00000148222,ENSMUSP00000122180,train,True,24,mouse,known,NC3
6296,ENSMUST00000145664,ENSMUSP00000122354,train,True,24,mouse,known,NC3
6297,ENSMUST00000145903,ENSMUSP00000122360,train,True,24,mouse,known,NC3
6298,ENSMUST00000139122,ENSMUSP00000122363,train,True,24,mouse,known,NC3
6299,ENSMUST00000128231,ENSMUSP00000122366,train,True,24,mouse,known,NC3
6300,ENSMUST00000124899,ENSMUSP00000122395,train,True,24,mouse,known,NC3
6301,ENSMUST00000130911,ENSMUSP00000122403,test,True,24,mouse,known,NC3
6302,ENSMUST00000133181,ENSMUSP00000122420,train,True,24,mouse,known,NC3
6303,ENSMUST00000123506,ENSMUSP00000122422,train,True,24,mouse,known,NC3
6304,ENSMUST00000129829,ENSMUSP00000122424,train,True,24,mouse,known,NC3
6305,ENSMUST00000150848,ENSMUSP00000122447,test,True,24,mouse,known,NC3
6306,ENSMUST00000123934,ENSMUSP00000122456,train,True,24,mouse,known,NC3
6307,ENSMUST00000142407,ENSMUSP00000122471,train,True,24,mouse,known,NC3
6308,ENSMUST00000139517,ENSMUSP00000122543,train,True,24,mouse,known,NC3
6309,ENSMUST00000153193,ENSMUSP00000122547,val,True,24,mouse,known,NC3
6310,ENSMUST00000128715,ENSMUSP00000122564,train,True,24,mouse,known,NC3
6311,ENSMUST00000126435,ENSMUSP00000122623,val,True,24,mouse,known,NC3
6312,ENSMUST00000139624,ENSMUSP00000122679,train,True,24,mouse,known,NC3
6313,ENSMUST00000141465,ENSMUSP00000122698,test,True,24,mouse,known,NC3
6314,ENSMUST00000143713,ENSMUSP00000122787,test,True,24,mouse,known,NC3
6315,ENSMUST00000156038,ENSMUSP00000122842,train,True,24,mouse,known,NC3
6316,ENSMUST00000136740,ENSMUSP00000122852,train,True,24,mouse,known,NC3
6317,ENSMUST00000132032,ENSMUSP00000122933,train,True,24,mouse,known,NC3
6318,ENSMUST00000128616,ENSMUSP00000122941,train,True,24,mouse,known,NC3
6319,ENSMUST00000149975,ENSMUSP00000122995,val,True,24,mouse,known,NC3
6320,ENSMUST00000139725,ENSMUSP00000123009,train,True,24,mouse,known,NC3
6321,ENSMUST00000146233,ENSMUSP00000123011,train,True,24,mouse,known,NC3
6322,ENSMUST00000152367,ENSMUSP00000123088,val,True,24,mouse,known,NC3
6323,ENSMUST00000137458,ENSMUSP00000123141,test,True,24,mouse,known,NC3
6324,ENSMUST00000144531,ENSMUSP00000123155,train,True,24,mouse,known,NC3
6325,ENSMUST00000134652,ENSMUSP00000123158,train,True,24,mouse,known,NC3
6326,ENSMUST00000139253,nan,test,True,24,mouse,known,NC3
6327,ENSMUST00000126390,ENSMUSP00000123238,train,True,24,mouse,known,NC3
6328,ENSMUST00000147030,ENSMUSP00000123246,train,True,24,mouse,known,NC3
6329,ENSMUST00000155329,ENSMUSP00000123270,train,True,24,mouse,known,NC3
6330,ENSMUST00000149797,ENSMUSP00000123287,train,True,24,mouse,known,NC3
6331,ENSMUST00000145634,ENSMUSP00000123320,test,True,24,mouse,known,NC3
6332,ENSMUST00000145614,ENSMUSP00000123324,train,True,24,mouse,known,NC3
6333,ENSMUST00000112091,ENSMUSP00000123325,train,True,24,mouse,known,NC3
6334,ENSMUST00000139863,ENSMUSP00000123345,train,True,24,mouse,known,NC3
6335,ENSMUST00000147545,ENSMUSP00000123374,train,True,24,mouse,known,NC3
6336,ENSMUST00000151289,ENSMUSP00000123395,train,True,24,mouse,known,NC3
6337,ENSMUST00000143107,ENSMUSP00000123410,train,True,24,mouse,known,NC3
6338,ENSMUST00000135636,ENSMUSP00000123564,train,True,24,mouse,known,NC3
6339,ENSMUST00000153512,ENSMUSP00000123609,train,True,24,mouse,known,NC3
6340,ENSMUST00000136789,ENSMUSP00000123633,train,True,24,mouse,known,NC3
6341,ENSMUST00000161592,ENSMUSP00000123698,train,True,24,mouse,known,NC3
6342,ENSMUST00000160673,ENSMUSP00000123743,train,True,24,mouse,known,NC3
6343,ENSMUST00000162349,ENSMUSP00000123752,val,True,24,mouse,known,NC3
6344,ENSMUST00000160507,ENSMUSP00000123765,train,True,24,mouse,known,NC3
6345,ENSMUST00000162327,ENSMUSP00000123784,train,True,24,mouse,known,NC3
6346,ENSMUST00000162606,ENSMUSP00000123866,train,True,24,mouse,known,NC3
6347,ENSMUST00000161186,ENSMUSP00000123880,train,True,24,mouse,known,NC3
6348,ENSMUST00000160973,ENSMUSP00000123928,test,True,24,mouse,known,NC3
6349,ENSMUST00000162183,ENSMUSP00000123935,train,True,24,mouse,known,NC3
6350,ENSMUST00000160764,ENSMUSP00000123997,train,True,24,mouse,known,NC3
6351,ENSMUST00000159699,ENSMUSP00000123998,val,True,24,mouse,known,NC3
6352,ENSMUST00000159415,ENSMUSP00000124002,train,True,24,mouse,known,NC3
6353,ENSMUST00000161523,ENSMUSP00000124021,train,True,24,mouse,known,NC3
6354,ENSMUST00000160801,ENSMUSP00000124033,train,True,24,mouse,known,NC3
6355,ENSMUST00000123262,ENSMUSP00000124038,test,True,24,mouse,known,NC3
6356,ENSMUST00000159292,ENSMUSP00000124039,train,True,24,mouse,known,NC3
6357,ENSMUST00000162372,ENSMUSP00000124047,val,True,24,mouse,known,NC3
6358,ENSMUST00000161356,ENSMUSP00000124052,train,True,24,mouse,known,NC3
6359,ENSMUST00000160834,ENSMUSP00000124056,train,True,24,mouse,known,NC3
6360,ENSMUST00000161204,ENSMUSP00000124066,train,True,24,mouse,known,NC3
6361,ENSMUST00000159109,ENSMUSP00000124089,train,True,24,mouse,known,NC3
6362,ENSMUST00000160882,ENSMUSP00000124131,train,True,24,mouse,known,NC3
6363,ENSMUST00000162792,ENSMUSP00000124149,train,True,24,mouse,known,NC3
6364,ENSMUST00000159816,ENSMUSP00000124179,train,True,24,mouse,known,NC3
6365,ENSMUST00000161576,ENSMUSP00000124201,train,True,24,mouse,known,NC3
6366,ENSMUST00000159551,ENSMUSP00000124205,train,True,24,mouse,known,NC3
6367,ENSMUST00000161553,ENSMUSP00000124258,train,True,24,mouse,known,NC3
6368,ENSMUST00000162003,ENSMUSP00000124334,train,True,24,mouse,known,NC3
6369,ENSMUST00000161726,ENSMUSP00000124347,train,True,24,mouse,known,NC3
6370,ENSMUST00000160281,ENSMUSP00000124357,train,True,24,mouse,known,NC3
6371,ENSMUST00000162554,ENSMUSP00000124369,train,True,24,mouse,known,NC3
6372,ENSMUST00000160405,ENSMUSP00000124382,train,True,24,mouse,known,NC3
6373,ENSMUST00000160180,ENSMUSP00000124480,train,True,24,mouse,known,NC3
6374,ENSMUST00000161308,ENSMUSP00000124509,train,True,24,mouse,known,NC3
6375,ENSMUST00000161401,nan,train,True,24,mouse,known,NC3
6376,ENSMUST00000162862,ENSMUSP00000124527,test,True,24,mouse,known,NC3
6377,ENSMUST00000162415,ENSMUSP00000124551,train,True,24,mouse,known,NC3
6378,ENSMUST00000159283,ENSMUSP00000124562,train,True,24,mouse,known,NC3
6379,ENSMUST00000160129,ENSMUSP00000124579,test,True,24,mouse,known,NC3
6380,ENSMUST00000162237,ENSMUSP00000124590,train,True,24,mouse,known,NC3
6381,ENSMUST00000160635,ENSMUSP00000124651,train,True,24,mouse,known,NC3
6382,ENSMUST00000162854,ENSMUSP00000124674,train,True,24,mouse,known,NC3
6383,ENSMUST00000162300,ENSMUSP00000124709,train,True,24,mouse,known,NC3
6384,ENSMUST00000159855,ENSMUSP00000124710,train,True,24,mouse,known,NC3
6385,ENSMUST00000159081,ENSMUSP00000124719,train,True,24,mouse,known,NC3
6386,ENSMUST00000160260,ENSMUSP00000124738,val,True,24,mouse,known,NC3
6387,ENSMUST00000160835,ENSMUSP00000124782,train,True,24,mouse,known,NC3
6388,ENSMUST00000160959,ENSMUSP00000124819,train,True,24,mouse,known,NC3
6389,ENSMUST00000161286,ENSMUSP00000124846,train,True,24,mouse,known,NC3
6390,ENSMUST00000162645,ENSMUSP00000124863,train,True,24,mouse,known,NC3
6391,ENSMUST00000161609,ENSMUSP00000124871,train,True,24,mouse,known,NC3
6392,ENSMUST00000159692,ENSMUSP00000124881,train,True,24,mouse,known,NC3
6393,ENSMUST00000162617,ENSMUSP00000124909,train,True,24,mouse,known,NC3
6394,ENSMUST00000162947,ENSMUSP00000124947,train,True,24,mouse,known,NC3
6395,ENSMUST00000136342,ENSMUSP00000125003,train,True,24,mouse,known,NC3
6396,ENSMUST00000160422,ENSMUSP00000125019,train,True,24,mouse,known,NC3
6397,ENSMUST00000159673,ENSMUSP00000125023,val,True,24,mouse,known,NC3
6398,ENSMUST00000162503,ENSMUSP00000125055,train,True,24,mouse,known,NC3
6399,ENSMUST00000162739,ENSMUSP00000125077,train,True,24,mouse,known,NC3
6400,ENSMUST00000159278,ENSMUSP00000125078,train,True,24,mouse,known,NC3
6401,ENSMUST00000160019,ENSMUSP00000125124,train,True,24,mouse,known,NC3
6402,ENSMUST00000161211,ENSMUSP00000125156,train,True,24,mouse,known,NC3
6403,ENSMUST00000160576,ENSMUSP00000125183,train,True,24,mouse,known,NC3
6404,ENSMUST00000159110,ENSMUSP00000125291,train,True,24,mouse,known,NC3
6405,ENSMUST00000160571,ENSMUSP00000125297,train,True,24,mouse,known,NC3
6406,ENSMUST00000160289,ENSMUSP00000125300,val,True,24,mouse,known,NC3
6407,ENSMUST00000160197,ENSMUSP00000125312,test,True,24,mouse,known,NC3
6408,ENSMUST00000161568,ENSMUSP00000125314,train,True,24,mouse,known,NC3
6409,ENSMUST00000161240,ENSMUSP00000125315,train,True,24,mouse,known,NC3
6410,ENSMUST00000151498,ENSMUSP00000125317,val,True,24,mouse,known,NC3
6411,ENSMUST00000161023,ENSMUSP00000125341,val,True,24,mouse,known,NC3
6412,ENSMUST00000162512,ENSMUSP00000125352,val,True,24,mouse,known,NC3
6413,ENSMUST00000160359,ENSMUSP00000125373,train,True,24,mouse,known,NC3
6414,ENSMUST00000159572,ENSMUSP00000125384,train,True,24,mouse,known,NC3
6415,ENSMUST00000162301,ENSMUSP00000125403,val,True,24,mouse,known,NC3
6416,ENSMUST00000160708,ENSMUSP00000125405,train,True,24,mouse,known,NC3
6417,ENSMUST00000162364,ENSMUSP00000125415,train,True,24,mouse,known,NC3
6418,ENSMUST00000162686,ENSMUSP00000125427,train,True,24,mouse,known,NC3
6419,ENSMUST00000162175,ENSMUSP00000125434,train,True,24,mouse,known,NC3
6420,ENSMUST00000162538,ENSMUSP00000125451,train,True,24,mouse,known,NC3
6421,ENSMUST00000160272,ENSMUSP00000125453,train,True,24,mouse,known,NC3
6422,ENSMUST00000160147,ENSMUSP00000125478,train,True,24,mouse,known,NC3
6423,ENSMUST00000162031,ENSMUSP00000125491,train,True,24,mouse,known,NC3
6424,ENSMUST00000162057,ENSMUSP00000125497,val,True,24,mouse,known,NC3
6425,ENSMUST00000161741,ENSMUSP00000125504,train,True,24,mouse,known,NC3
6426,ENSMUST00000160854,ENSMUSP00000125506,train,True,24,mouse,known,NC3
6427,ENSMUST00000159514,ENSMUSP00000125517,train,True,24,mouse,known,NC3
6428,ENSMUST00000159976,ENSMUSP00000125525,train,True,24,mouse,known,NC3
6429,ENSMUST00000161882,ENSMUSP00000125540,train,True,24,mouse,known,NC3
6430,ENSMUST00000160027,ENSMUSP00000125548,train,True,24,mouse,known,NC3
6431,ENSMUST00000160075,ENSMUSP00000125564,train,True,24,mouse,known,NC3
6432,ENSMUST00000160852,ENSMUSP00000125570,val,True,24,mouse,known,NC3
6433,ENSMUST00000159879,ENSMUSP00000125623,test,True,24,mouse,known,NC3
6434,ENSMUST00000161515,ENSMUSP00000125638,train,True,24,mouse,known,NC3
6435,ENSMUST00000159759,ENSMUSP00000125651,train,True,24,mouse,known,NC3
6436,ENSMUST00000161639,ENSMUSP00000125656,train,True,24,mouse,known,NC3
6437,ENSMUST00000160455,ENSMUSP00000125662,train,True,24,mouse,known,NC3
6438,ENSMUST00000159027,ENSMUSP00000125722,val,True,24,mouse,known,NC3
6439,ENSMUST00000161241,ENSMUSP00000125729,train,True,24,mouse,known,NC3
6440,ENSMUST00000161758,ENSMUSP00000125730,train,True,24,mouse,known,NC3
6441,ENSMUST00000160684,ENSMUSP00000125731,train,True,24,mouse,known,NC3
6442,ENSMUST00000162355,ENSMUSP00000125745,train,True,24,mouse,known,NC3
6443,ENSMUST00000163048,ENSMUSP00000125746,train,True,24,mouse,known,NC3
6444,ENSMUST00000162864,ENSMUSP00000125749,train,True,24,mouse,known,NC3
6445,ENSMUST00000161137,ENSMUSP00000125752,train,True,24,mouse,known,NC3
6446,ENSMUST00000166793,ENSMUSP00000125761,train,True,24,mouse,known,NC3
6447,ENSMUST00000168579,ENSMUSP00000125846,test,True,24,mouse,known,NC3
6448,ENSMUST00000164916,ENSMUSP00000125874,train,True,24,mouse,known,NC3
6449,ENSMUST00000165853,ENSMUSP00000125901,train,True,24,mouse,known,NC3
6450,ENSMUST00000171172,ENSMUSP00000125915,train,True,24,mouse,known,NC3
6451,ENSMUST00000170795,ENSMUSP00000125960,train,True,24,mouse,known,NC3
6452,ENSMUST00000164837,ENSMUSP00000125970,train,True,24,mouse,known,NC3
6453,ENSMUST00000163766,ENSMUSP00000125987,train,True,24,mouse,known,NC3
6454,ENSMUST00000163329,ENSMUSP00000126019,val,True,24,mouse,known,NC3
6455,ENSMUST00000165117,ENSMUSP00000126024,train,True,24,mouse,known,NC3
6456,ENSMUST00000171300,ENSMUSP00000126036,train,True,24,mouse,known,NC3
6457,ENSMUST00000171171,ENSMUSP00000126061,train,True,24,mouse,known,NC3
6458,ENSMUST00000163183,ENSMUSP00000126180,val,True,24,mouse,known,NC3
6459,ENSMUST00000167459,ENSMUSP00000126186,test,True,24,mouse,known,NC3
6460,ENSMUST00000172282,ENSMUSP00000126192,train,True,24,mouse,known,NC3
6461,ENSMUST00000164932,ENSMUSP00000126197,val,True,24,mouse,known,NC3
6462,ENSMUST00000169488,ENSMUSP00000126253,train,True,24,mouse,known,NC3
6463,ENSMUST00000164470,ENSMUSP00000126268,train,True,24,mouse,known,NC3
6464,ENSMUST00000170953,nan,train,True,24,mouse,known,NC3
6465,ENSMUST00000166120,nan,train,True,24,mouse,known,NC3
6466,ENSMUST00000166495,ENSMUSP00000126321,train,True,24,mouse,known,NC3
6467,ENSMUST00000165418,ENSMUSP00000126338,val,True,24,mouse,known,NC3
6468,ENSMUST00000171938,ENSMUSP00000126340,train,True,24,mouse,known,NC3
6469,ENSMUST00000163717,ENSMUSP00000126345,test,True,24,mouse,known,NC3
6470,ENSMUST00000169922,ENSMUSP00000126352,train,True,24,mouse,known,NC3
6471,ENSMUST00000170000,ENSMUSP00000126374,train,True,24,mouse,known,NC3
6472,ENSMUST00000164107,ENSMUSP00000126377,val,True,24,mouse,known,NC3
6473,ENSMUST00000169437,ENSMUSP00000126390,test,True,24,mouse,known,NC3
6474,ENSMUST00000171702,ENSMUSP00000126417,train,True,24,mouse,known,NC3
6475,ENSMUST00000171474,ENSMUSP00000126484,train,True,24,mouse,known,NC3
6476,ENSMUST00000171975,ENSMUSP00000126531,val,True,24,mouse,known,NC3
6477,ENSMUST00000165413,ENSMUSP00000126541,train,True,24,mouse,known,NC3
6478,ENSMUST00000167106,ENSMUSP00000126556,test,True,24,mouse,known,NC3
6479,ENSMUST00000170382,ENSMUSP00000126565,train,True,24,mouse,known,NC3
6480,ENSMUST00000167624,ENSMUSP00000126586,test,True,24,mouse,known,NC3
6481,ENSMUST00000165665,ENSMUSP00000126598,train,True,24,mouse,known,NC3
6482,ENSMUST00000170957,ENSMUSP00000126603,train,True,24,mouse,known,NC3
6483,ENSMUST00000168099,ENSMUSP00000126621,train,True,24,mouse,known,NC3
6484,ENSMUST00000164375,ENSMUSP00000126622,train,True,24,mouse,known,NC3
6485,ENSMUST00000169273,ENSMUSP00000126623,train,True,24,mouse,known,NC3
6486,ENSMUST00000171238,ENSMUSP00000126629,train,True,24,mouse,known,NC3
6487,ENSMUST00000165607,ENSMUSP00000126777,val,True,24,mouse,known,NC3
6488,ENSMUST00000170759,ENSMUSP00000126814,train,True,24,mouse,known,NC3
6489,ENSMUST00000166123,ENSMUSP00000126825,test,True,24,mouse,known,NC3
6490,ENSMUST00000170998,ENSMUSP00000126826,train,True,24,mouse,known,NC3
6491,ENSMUST00000166487,ENSMUSP00000126828,test,True,24,mouse,known,NC3
6492,ENSMUST00000168485,ENSMUSP00000126840,train,True,24,mouse,known,NC3
6493,ENSMUST00000170188,ENSMUSP00000126975,test,True,24,mouse,known,NC3
6494,ENSMUST00000169464,ENSMUSP00000126980,train,True,24,mouse,known,NC3
6495,ENSMUST00000163511,ENSMUSP00000127021,train,True,24,mouse,known,NC3
6496,ENSMUST00000163666,ENSMUSP00000127034,train,True,24,mouse,known,NC3
6497,ENSMUST00000170810,ENSMUSP00000127098,train,True,24,mouse,known,NC3
6498,ENSMUST00000140042,nan,train,True,24,mouse,known,NC3
6499,ENSMUST00000171247,ENSMUSP00000127130,train,True,24,mouse,known,NC3
6500,ENSMUST00000164016,ENSMUSP00000127149,train,True,24,mouse,known,NC3
6501,ENSMUST00000167327,ENSMUSP00000127176,train,True,24,mouse,known,NC3
6502,ENSMUST00000059524,nan,train,True,24,mouse,known,NC3
6503,ENSMUST00000165096,ENSMUSP00000127250,train,True,24,mouse,known,NC3
6504,ENSMUST00000163288,ENSMUSP00000127289,test,True,24,mouse,known,NC3
6505,ENSMUST00000167004,ENSMUSP00000127325,val,True,24,mouse,known,NC3
6506,ENSMUST00000167487,ENSMUSP00000127329,train,True,24,mouse,known,NC3
6507,ENSMUST00000163483,ENSMUSP00000127330,train,True,24,mouse,known,NC3
6508,ENSMUST00000170241,ENSMUSP00000127344,train,True,24,mouse,known,NC3
6509,ENSMUST00000167488,ENSMUSP00000127351,train,True,24,mouse,known,NC3
6510,ENSMUST00000170757,ENSMUSP00000127368,train,True,24,mouse,known,NC3
6511,ENSMUST00000166591,ENSMUSP00000127413,train,True,24,mouse,known,NC3
6512,ENSMUST00000164791,ENSMUSP00000127473,train,True,24,mouse,known,NC3
6513,ENSMUST00000164843,ENSMUSP00000127498,val,True,24,mouse,known,NC3
6514,ENSMUST00000171597,ENSMUSP00000127501,train,True,24,mouse,known,NC3
6515,ENSMUST00000163963,ENSMUSP00000127559,train,True,24,mouse,known,NC3
6516,ENSMUST00000170202,ENSMUSP00000127566,train,True,24,mouse,known,NC3
6517,ENSMUST00000163100,ENSMUSP00000127571,train,True,24,mouse,known,NC3
6518,ENSMUST00000165199,ENSMUSP00000127646,val,True,24,mouse,known,NC3
6519,ENSMUST00000171649,ENSMUSP00000127685,train,True,24,mouse,known,NC3
6520,ENSMUST00000169786,ENSMUSP00000127715,train,True,24,mouse,known,NC3
6521,ENSMUST00000169630,ENSMUSP00000127747,train,True,24,mouse,known,NC3
6522,ENSMUST00000169681,ENSMUSP00000127774,val,True,24,mouse,known,NC3
6523,ENSMUST00000169453,ENSMUSP00000127784,train,True,24,mouse,known,NC3
6524,ENSMUST00000172457,ENSMUSP00000127791,test,True,24,mouse,known,NC3
6525,ENSMUST00000170667,ENSMUSP00000127797,train,True,24,mouse,known,NC3
6526,ENSMUST00000166972,ENSMUSP00000127842,train,True,24,mouse,known,NC3
6527,ENSMUST00000172450,ENSMUSP00000127851,test,True,24,mouse,known,NC3
6528,ENSMUST00000171460,ENSMUSP00000127890,train,True,24,mouse,known,NC3
6529,ENSMUST00000170883,ENSMUSP00000127903,train,True,24,mouse,known,NC3
6530,ENSMUST00000165978,ENSMUSP00000127949,train,True,24,mouse,known,NC3
6531,ENSMUST00000169673,ENSMUSP00000127961,val,True,24,mouse,known,NC3
6532,ENSMUST00000170315,ENSMUSP00000127995,train,True,24,mouse,known,NC3
6533,ENSMUST00000164403,ENSMUSP00000128029,train,True,24,mouse,known,NC3
6534,ENSMUST00000164666,ENSMUSP00000128032,train,True,24,mouse,known,NC3
6535,ENSMUST00000167446,ENSMUSP00000128141,train,True,24,mouse,known,NC3
6536,ENSMUST00000163810,ENSMUSP00000128176,train,True,24,mouse,known,NC3
6537,ENSMUST00000169433,ENSMUSP00000128182,train,True,24,mouse,known,NC3
6538,ENSMUST00000164580,ENSMUSP00000128214,val,True,24,mouse,known,NC3
6539,ENSMUST00000100013,ENSMUSP00000128224,test,True,24,mouse,known,NC3
6540,ENSMUST00000167377,ENSMUSP00000128278,test,True,24,mouse,known,NC3
6541,ENSMUST00000170472,ENSMUSP00000128290,train,True,24,mouse,known,NC3
6542,ENSMUST00000171210,ENSMUSP00000128357,train,True,24,mouse,known,NC3
6543,ENSMUST00000163147,ENSMUSP00000128374,test,True,24,mouse,known,NC3
6544,ENSMUST00000168520,ENSMUSP00000128382,train,True,24,mouse,known,NC3
6545,ENSMUST00000166915,ENSMUSP00000128400,train,True,24,mouse,known,NC3
6546,ENSMUST00000170086,ENSMUSP00000128401,val,True,24,mouse,known,NC3
6547,ENSMUST00000163739,ENSMUSP00000128446,train,True,24,mouse,known,NC3
6548,ENSMUST00000165307,ENSMUSP00000128483,train,True,24,mouse,known,NC3
6549,ENSMUST00000170075,ENSMUSP00000128504,train,True,24,mouse,known,NC3
6550,ENSMUST00000172170,ENSMUSP00000128517,train,True,24,mouse,known,NC3
6551,ENSMUST00000166905,ENSMUSP00000128531,train,True,24,mouse,known,NC3
6552,ENSMUST00000167320,ENSMUSP00000128586,train,True,24,mouse,known,NC3
6553,ENSMUST00000163889,ENSMUSP00000128668,train,True,24,mouse,known,NC3
6554,ENSMUST00000168419,ENSMUSP00000128696,train,True,24,mouse,known,NC3
6555,ENSMUST00000165743,ENSMUSP00000128699,train,True,24,mouse,known,NC3
6556,ENSMUST00000165628,ENSMUSP00000128710,train,True,24,mouse,known,NC3
6557,ENSMUST00000154256,ENSMUSP00000128757,train,True,24,mouse,known,NC3
6558,ENSMUST00000163694,ENSMUSP00000128770,train,True,24,mouse,known,NC3
6559,ENSMUST00000164181,ENSMUSP00000128803,train,True,24,mouse,known,NC3
6560,ENSMUST00000172000,ENSMUSP00000128810,test,True,24,mouse,known,NC3
6561,ENSMUST00000164296,ENSMUSP00000128812,train,True,24,mouse,known,NC3
6562,ENSMUST00000163765,ENSMUSP00000128819,test,True,24,mouse,known,NC3
6563,ENSMUST00000164259,ENSMUSP00000128914,train,True,24,mouse,known,NC3
6564,ENSMUST00000167199,ENSMUSP00000128915,train,True,24,mouse,known,NC3
6565,ENSMUST00000169492,ENSMUSP00000128921,test,True,24,mouse,known,NC3
6566,ENSMUST00000168502,ENSMUSP00000128956,val,True,24,mouse,known,NC3
6567,ENSMUST00000166938,ENSMUSP00000128967,test,True,24,mouse,known,NC3
6568,ENSMUST00000167316,ENSMUSP00000128969,val,True,24,mouse,known,NC3
6569,ENSMUST00000145735,ENSMUSP00000129012,train,True,24,mouse,known,NC3
6570,ENSMUST00000168275,ENSMUSP00000129019,train,True,24,mouse,known,NC3
6571,ENSMUST00000167436,ENSMUSP00000129072,train,True,24,mouse,known,NC3
6572,ENSMUST00000171340,ENSMUSP00000129100,train,True,24,mouse,known,NC3
6573,ENSMUST00000167926,ENSMUSP00000129121,val,True,24,mouse,known,NC3
6574,ENSMUST00000168194,ENSMUSP00000129154,train,True,24,mouse,known,NC3
6575,ENSMUST00000166497,ENSMUSP00000129169,train,True,24,mouse,known,NC3
6576,ENSMUST00000168916,ENSMUSP00000129175,train,True,24,mouse,known,NC3
6577,ENSMUST00000166658,ENSMUSP00000129178,train,True,24,mouse,known,NC3
6578,ENSMUST00000166897,ENSMUSP00000129186,train,True,24,mouse,known,NC3
6579,ENSMUST00000169172,ENSMUSP00000129205,train,True,24,mouse,known,NC3
6580,ENSMUST00000170242,ENSMUSP00000129220,train,True,24,mouse,known,NC3
6581,ENSMUST00000163402,ENSMUSP00000129224,train,True,24,mouse,known,NC3
6582,ENSMUST00000169712,ENSMUSP00000129315,train,True,24,mouse,known,NC3
6583,ENSMUST00000168584,ENSMUSP00000129323,train,True,24,mouse,known,NC3
6584,ENSMUST00000165536,ENSMUSP00000129363,train,True,24,mouse,known,NC3
6585,ENSMUST00000163799,ENSMUSP00000129408,train,True,24,mouse,known,NC3
6586,ENSMUST00000168889,ENSMUSP00000129420,train,True,24,mouse,known,NC3
6587,ENSMUST00000166543,ENSMUSP00000129448,train,True,24,mouse,known,NC3
6588,ENSMUST00000166155,ENSMUSP00000129468,train,True,24,mouse,known,NC3
6589,ENSMUST00000167111,ENSMUSP00000129481,train,True,24,mouse,known,NC3
6590,ENSMUST00000167242,ENSMUSP00000129504,train,True,24,mouse,known,NC3
6591,ENSMUST00000171721,ENSMUSP00000129506,train,True,24,mouse,known,NC3
6592,ENSMUST00000166957,ENSMUSP00000129522,train,True,24,mouse,known,NC3
6593,ENSMUST00000169613,ENSMUSP00000129565,train,True,24,mouse,known,NC3
6594,ENSMUST00000167861,ENSMUSP00000129589,train,True,24,mouse,known,NC3
6595,ENSMUST00000168185,ENSMUSP00000129597,train,True,24,mouse,known,NC3
6596,ENSMUST00000170800,ENSMUSP00000129624,train,True,24,mouse,known,NC3
6597,ENSMUST00000166032,ENSMUSP00000129635,train,True,24,mouse,known,NC3
6598,ENSMUST00000163095,ENSMUSP00000129654,val,True,24,mouse,known,NC3
6599,ENSMUST00000169390,ENSMUSP00000129704,train,True,24,mouse,known,NC3
6600,ENSMUST00000165649,ENSMUSP00000129712,train,True,24,mouse,known,NC3
6601,ENSMUST00000164233,ENSMUSP00000129730,train,True,24,mouse,known,NC3
6602,ENSMUST00000171929,ENSMUSP00000129738,test,True,24,mouse,known,NC3
6603,ENSMUST00000163643,ENSMUSP00000129739,train,True,24,mouse,known,NC3
6604,ENSMUST00000170836,ENSMUSP00000129767,train,True,24,mouse,known,NC3
6605,ENSMUST00000168844,ENSMUSP00000129772,train,True,24,mouse,known,NC3
6606,ENSMUST00000163377,ENSMUSP00000129789,train,True,24,mouse,known,NC3
6607,ENSMUST00000168431,ENSMUSP00000129796,test,True,24,mouse,known,NC3
6608,ENSMUST00000163279,ENSMUSP00000129800,train,True,24,mouse,known,NC3
6609,ENSMUST00000170518,ENSMUSP00000129815,train,True,24,mouse,known,NC3
6610,ENSMUST00000169312,ENSMUSP00000129823,train,True,24,mouse,known,NC3
6611,ENSMUST00000167264,ENSMUSP00000129834,train,True,24,mouse,known,NC3
6612,ENSMUST00000165559,ENSMUSP00000129974,train,True,24,mouse,known,NC3
6613,ENSMUST00000171289,ENSMUSP00000129999,train,True,24,mouse,known,NC3
6614,ENSMUST00000167161,ENSMUSP00000130045,train,True,24,mouse,known,NC3
6615,ENSMUST00000104893,ENSMUSP00000130056,train,True,24,mouse,known,NC3
6616,ENSMUST00000163856,ENSMUSP00000130065,train,True,24,mouse,known,NC3
6617,ENSMUST00000170988,ENSMUSP00000130073,train,True,24,mouse,known,NC3
6618,ENSMUST00000165095,ENSMUSP00000130098,train,True,24,mouse,known,NC3
6619,ENSMUST00000165335,ENSMUSP00000130123,train,True,24,mouse,known,NC3
6620,ENSMUST00000168828,ENSMUSP00000130176,train,True,24,mouse,known,NC3
6621,ENSMUST00000169503,ENSMUSP00000130184,test,True,24,mouse,known,NC3
6622,ENSMUST00000168503,ENSMUSP00000130188,train,True,24,mouse,known,NC3
6623,ENSMUST00000170157,ENSMUSP00000130194,train,True,24,mouse,known,NC3
6624,ENSMUST00000172107,ENSMUSP00000130195,train,True,24,mouse,known,NC3
6625,ENSMUST00000170771,ENSMUSP00000130289,train,True,24,mouse,known,NC3
6626,ENSMUST00000171686,ENSMUSP00000130290,test,True,24,mouse,known,NC3
6627,ENSMUST00000169570,ENSMUSP00000130294,val,True,24,mouse,known,NC3
6628,ENSMUST00000166411,ENSMUSP00000130313,train,True,24,mouse,known,NC3
6629,ENSMUST00000165605,ENSMUSP00000130324,train,True,24,mouse,known,NC3
6630,ENSMUST00000163389,ENSMUSP00000130341,train,True,24,mouse,known,NC3
6631,ENSMUST00000166082,ENSMUSP00000130360,test,True,24,mouse,known,NC3
6632,ENSMUST00000072587,ENSMUSP00000130403,train,True,24,mouse,known,NC3
6633,ENSMUST00000168172,ENSMUSP00000130487,train,True,24,mouse,known,NC3
6634,ENSMUST00000171324,ENSMUSP00000130496,val,True,24,mouse,known,NC3
6635,ENSMUST00000168189,ENSMUSP00000130527,train,True,24,mouse,known,NC3
6636,ENSMUST00000163558,ENSMUSP00000130532,train,True,24,mouse,known,NC3
6637,ENSMUST00000166397,ENSMUSP00000130535,train,True,24,mouse,known,NC3
6638,ENSMUST00000169910,ENSMUSP00000130547,train,True,24,mouse,known,NC3
6639,ENSMUST00000171419,ENSMUSP00000130611,test,True,24,mouse,known,NC3
6640,ENSMUST00000170496,ENSMUSP00000130630,train,True,24,mouse,known,NC3
6641,ENSMUST00000144326,ENSMUSP00000130636,train,True,24,mouse,known,NC3
6642,ENSMUST00000171564,ENSMUSP00000130666,train,True,24,mouse,known,NC3
6643,ENSMUST00000166811,ENSMUSP00000130668,train,True,24,mouse,known,NC3
6644,ENSMUST00000168348,ENSMUSP00000130696,train,True,24,mouse,known,NC3
6645,ENSMUST00000172387,ENSMUSP00000130722,train,True,24,mouse,known,NC3
6646,ENSMUST00000163119,ENSMUSP00000130738,val,True,24,mouse,known,NC3
6647,ENSMUST00000171751,ENSMUSP00000130739,train,True,24,mouse,known,NC3
6648,ENSMUST00000167180,ENSMUSP00000130802,train,True,24,mouse,known,NC3
6649,ENSMUST00000171770,ENSMUSP00000130845,train,True,24,mouse,known,NC3
6650,ENSMUST00000172239,ENSMUSP00000130898,train,True,24,mouse,known,NC3
6651,ENSMUST00000164751,ENSMUSP00000130899,train,True,24,mouse,known,NC3
6652,ENSMUST00000171561,ENSMUSP00000130900,train,True,24,mouse,known,NC3
6653,ENSMUST00000171572,ENSMUSP00000130925,test,True,24,mouse,known,NC3
6654,ENSMUST00000169611,ENSMUSP00000130941,val,True,24,mouse,known,NC3
6655,ENSMUST00000164710,ENSMUSP00000130964,train,True,24,mouse,known,NC3
6656,ENSMUST00000171795,ENSMUSP00000130967,train,True,24,mouse,known,NC3
6657,ENSMUST00000171384,ENSMUSP00000130999,train,True,24,mouse,known,NC3
6658,ENSMUST00000170935,ENSMUSP00000131052,train,True,24,mouse,known,NC3
6659,ENSMUST00000164127,ENSMUSP00000131136,train,True,24,mouse,known,NC3
6660,ENSMUST00000167116,ENSMUSP00000131145,test,True,24,mouse,known,NC3
6661,ENSMUST00000166608,ENSMUSP00000131171,train,True,24,mouse,known,NC3
6662,ENSMUST00000168093,ENSMUSP00000131192,train,True,24,mouse,known,NC3
6663,ENSMUST00000165242,ENSMUSP00000131207,val,True,24,mouse,known,NC3
6664,ENSMUST00000171376,ENSMUSP00000131243,train,True,24,mouse,known,NC3
6665,ENSMUST00000164147,ENSMUSP00000131306,test,True,24,mouse,known,NC3
6666,ENSMUST00000171332,ENSMUSP00000131316,train,True,24,mouse,known,NC3
6667,ENSMUST00000171112,ENSMUSP00000131330,train,True,24,mouse,known,NC3
6668,ENSMUST00000169020,ENSMUSP00000131355,test,True,24,mouse,known,NC3
6669,ENSMUST00000166518,ENSMUSP00000131386,train,True,24,mouse,known,NC3
6670,ENSMUST00000164458,ENSMUSP00000131422,train,True,24,mouse,known,NC3
6671,ENSMUST00000170715,ENSMUSP00000131474,train,True,24,mouse,known,NC3
6672,ENSMUST00000165532,ENSMUSP00000131489,train,True,24,mouse,known,NC3
6673,ENSMUST00000125249,ENSMUSP00000131514,val,True,24,mouse,known,NC3
6674,ENSMUST00000164095,ENSMUSP00000131573,train,True,24,mouse,known,NC3
6675,ENSMUST00000171914,ENSMUSP00000131583,train,True,24,mouse,known,NC3
6676,ENSMUST00000167741,ENSMUSP00000131584,test,True,24,mouse,known,NC3
6677,ENSMUST00000166990,ENSMUSP00000131687,train,True,24,mouse,known,NC3
6678,ENSMUST00000163588,ENSMUSP00000131703,train,True,24,mouse,known,NC3
6679,ENSMUST00000169485,ENSMUSP00000131734,train,True,24,mouse,known,NC3
6680,ENSMUST00000171229,ENSMUSP00000131735,train,True,24,mouse,known,NC3
6681,ENSMUST00000170070,ENSMUSP00000131768,train,True,24,mouse,known,NC3
6682,ENSMUST00000163139,ENSMUSP00000131840,test,True,24,mouse,known,NC3
6683,ENSMUST00000172035,ENSMUSP00000131842,train,True,24,mouse,known,NC3
6684,ENSMUST00000166445,ENSMUSP00000131928,train,True,24,mouse,known,NC3
6685,ENSMUST00000142029,ENSMUSP00000131941,val,True,24,mouse,known,NC3
6686,ENSMUST00000167692,ENSMUSP00000131976,train,True,24,mouse,known,NC3
6687,ENSMUST00000165952,ENSMUSP00000132078,train,True,24,mouse,known,NC3
6688,ENSMUST00000165316,ENSMUSP00000132082,train,True,24,mouse,known,NC3
6689,ENSMUST00000170857,ENSMUSP00000132095,train,True,24,mouse,known,NC3
6690,ENSMUST00000167020,ENSMUSP00000132117,train,True,24,mouse,known,NC3
6691,ENSMUST00000170243,ENSMUSP00000132142,train,True,24,mouse,known,NC3
6692,ENSMUST00000169921,ENSMUSP00000132152,test,True,24,mouse,known,NC3
6693,ENSMUST00000168707,ENSMUSP00000132161,train,True,24,mouse,known,NC3
6694,ENSMUST00000136628,ENSMUSP00000132193,train,True,24,mouse,known,NC3
6695,ENSMUST00000172396,ENSMUSP00000132222,train,True,24,mouse,known,NC3
6696,ENSMUST00000166615,ENSMUSP00000132224,test,True,24,mouse,known,NC3
6697,ENSMUST00000166137,ENSMUSP00000132253,train,True,24,mouse,known,NC3
6698,ENSMUST00000166950,ENSMUSP00000132348,test,True,24,mouse,known,NC3
6699,ENSMUST00000165774,ENSMUSP00000132435,train,True,24,mouse,known,NC3
6700,ENSMUST00000163242,ENSMUSP00000132450,train,True,24,mouse,known,NC3
6701,ENSMUST00000169631,ENSMUSP00000132470,train,True,24,mouse,known,NC3
6702,ENSMUST00000170511,ENSMUSP00000132488,val,True,24,mouse,known,NC3
6703,ENSMUST00000164866,ENSMUSP00000132498,train,True,24,mouse,known,NC3
6704,ENSMUST00000168846,ENSMUSP00000132499,train,True,24,mouse,known,NC3
6705,ENSMUST00000165806,ENSMUSP00000132514,val,True,24,mouse,known,NC3
6706,ENSMUST00000170303,ENSMUSP00000132590,val,True,24,mouse,known,NC3
6707,ENSMUST00000163832,ENSMUSP00000132603,train,True,24,mouse,known,NC3
6708,ENSMUST00000165876,ENSMUSP00000132662,train,True,24,mouse,known,NC3
6709,ENSMUST00000168237,ENSMUSP00000132673,train,True,24,mouse,known,NC3
6710,ENSMUST00000166427,ENSMUSP00000132686,train,True,24,mouse,known,NC3
6711,ENSMUST00000164884,ENSMUSP00000132725,train,True,24,mouse,known,NC3
6712,ENSMUST00000163425,ENSMUSP00000132758,train,True,24,mouse,known,NC3
6713,ENSMUST00000163754,ENSMUSP00000132822,test,True,24,mouse,known,NC3
6714,ENSMUST00000164243,ENSMUSP00000132835,train,True,24,mouse,known,NC3
6715,ENSMUST00000165052,ENSMUSP00000132883,train,True,24,mouse,known,NC3
6716,ENSMUST00000167662,ENSMUSP00000132922,test,True,24,mouse,known,NC3
6717,ENSMUST00000167759,ENSMUSP00000132959,train,True,24,mouse,known,NC3
6718,ENSMUST00000167504,nan,val,True,24,mouse,known,NC3
6719,ENSMUST00000137170,ENSMUSP00000133045,train,True,24,mouse,known,NC3
6720,ENSMUST00000169622,ENSMUSP00000133124,train,True,24,mouse,known,NC3
6721,ENSMUST00000168338,ENSMUSP00000133128,train,True,24,mouse,known,NC3
6722,ENSMUST00000168552,ENSMUSP00000133137,train,True,24,mouse,known,NC3
6723,ENSMUST00000163257,ENSMUSP00000133140,train,True,24,mouse,known,NC3
6724,ENSMUST00000169114,ENSMUSP00000133166,train,True,24,mouse,known,NC3
6725,ENSMUST00000164416,ENSMUSP00000133204,val,True,24,mouse,known,NC3
6726,ENSMUST00000169310,ENSMUSP00000133215,train,True,24,mouse,known,NC3
6727,ENSMUST00000166407,ENSMUSP00000133250,train,True,24,mouse,known,NC3
6728,ENSMUST00000171462,ENSMUSP00000133259,train,True,24,mouse,known,NC3
6729,ENSMUST00000174545,ENSMUSP00000133280,train,True,24,mouse,known,NC3
6730,ENSMUST00000174126,ENSMUSP00000133291,train,True,24,mouse,known,NC3
6731,ENSMUST00000138603,ENSMUSP00000133356,train,True,24,mouse,known,NC3
6732,ENSMUST00000173875,ENSMUSP00000133360,train,True,24,mouse,known,NC3
6733,ENSMUST00000174172,ENSMUSP00000133387,train,True,24,mouse,known,NC3
6734,ENSMUST00000174628,ENSMUSP00000133404,train,True,24,mouse,known,NC3
6735,ENSMUST00000173903,ENSMUSP00000133407,train,True,24,mouse,known,NC3
6736,ENSMUST00000174850,ENSMUSP00000133461,train,True,24,mouse,known,NC3
6737,ENSMUST00000173433,ENSMUSP00000133478,train,True,24,mouse,known,NC3
6738,ENSMUST00000174510,ENSMUSP00000133515,train,True,24,mouse,known,NC3
6739,ENSMUST00000173984,ENSMUSP00000133516,train,True,24,mouse,known,NC3
6740,ENSMUST00000173867,ENSMUSP00000133523,train,True,24,mouse,known,NC3
6741,ENSMUST00000172482,ENSMUSP00000133564,train,True,24,mouse,known,NC3
6742,ENSMUST00000173938,ENSMUSP00000133571,train,True,24,mouse,known,NC3
6743,ENSMUST00000149642,ENSMUSP00000133603,train,True,24,mouse,known,NC3
6744,ENSMUST00000173870,ENSMUSP00000133611,train,True,24,mouse,known,NC3
6745,ENSMUST00000174586,ENSMUSP00000133612,train,True,24,mouse,known,NC3
6746,ENSMUST00000172518,ENSMUSP00000133651,train,True,24,mouse,known,NC3
6747,ENSMUST00000128184,ENSMUSP00000133688,val,True,24,mouse,known,NC3
6748,ENSMUST00000173033,ENSMUSP00000133694,train,True,24,mouse,known,NC3
6749,ENSMUST00000172753,ENSMUSP00000133815,test,True,24,mouse,known,NC3
6750,ENSMUST00000173393,ENSMUSP00000133816,train,True,24,mouse,known,NC3
6751,ENSMUST00000172809,ENSMUSP00000133855,train,True,24,mouse,known,NC3
6752,ENSMUST00000150975,ENSMUSP00000133937,val,True,24,mouse,known,NC3
6753,ENSMUST00000173078,ENSMUSP00000133939,test,True,24,mouse,known,NC3
6754,ENSMUST00000149021,ENSMUSP00000133948,train,True,24,mouse,known,NC3
6755,ENSMUST00000174229,ENSMUSP00000133967,val,True,24,mouse,known,NC3
6756,ENSMUST00000174252,ENSMUSP00000133992,train,True,24,mouse,known,NC3
6757,ENSMUST00000174817,ENSMUSP00000134009,val,True,24,mouse,known,NC3
6758,ENSMUST00000162726,ENSMUSP00000134031,train,True,24,mouse,known,NC3
6759,ENSMUST00000174525,ENSMUSP00000134163,val,True,24,mouse,known,NC3
6760,ENSMUST00000173114,ENSMUSP00000134218,train,True,24,mouse,known,NC3
6761,ENSMUST00000172699,ENSMUSP00000134222,train,True,24,mouse,known,NC3
6762,ENSMUST00000174598,ENSMUSP00000134244,val,True,24,mouse,known,NC3
6763,ENSMUST00000174421,ENSMUSP00000134263,train,True,24,mouse,known,NC3
6764,ENSMUST00000174459,ENSMUSP00000134317,train,True,24,mouse,known,NC3
6765,ENSMUST00000174595,ENSMUSP00000134358,train,True,24,mouse,known,NC3
6766,ENSMUST00000172702,ENSMUSP00000134388,train,True,24,mouse,known,NC3
6767,ENSMUST00000174203,ENSMUSP00000134473,val,True,24,mouse,known,NC3
6768,ENSMUST00000174408,ENSMUSP00000134551,train,True,24,mouse,known,NC3
6769,ENSMUST00000173492,ENSMUSP00000134572,train,True,24,mouse,known,NC3
6770,ENSMUST00000172503,ENSMUSP00000134582,train,True,24,mouse,known,NC3
6771,ENSMUST00000173019,nan,train,True,24,mouse,known,NC3
6772,ENSMUST00000174021,ENSMUSP00000134672,train,True,24,mouse,known,NC3
6773,ENSMUST00000174711,ENSMUSP00000134685,train,True,24,mouse,known,NC3
6774,ENSMUST00000174477,ENSMUSP00000134734,train,True,24,mouse,known,NC3
6775,ENSMUST00000174259,ENSMUSP00000134735,val,True,24,mouse,known,NC3
6776,ENSMUST00000176274,ENSMUSP00000134739,train,True,24,mouse,known,NC3
6777,ENSMUST00000176652,ENSMUSP00000134759,test,True,24,mouse,known,NC3
6778,ENSMUST00000177390,ENSMUSP00000134799,train,True,24,mouse,known,NC3
6779,ENSMUST00000175806,ENSMUSP00000134852,val,True,24,mouse,known,NC3
6780,ENSMUST00000175714,ENSMUSP00000135027,train,True,24,mouse,known,NC3
6781,ENSMUST00000177068,ENSMUSP00000135029,val,True,24,mouse,known,NC3
6782,ENSMUST00000176423,ENSMUSP00000135036,train,True,24,mouse,known,NC3
6783,ENSMUST00000176216,ENSMUSP00000135054,test,True,24,mouse,known,NC3
6784,ENSMUST00000176696,ENSMUSP00000135083,train,True,24,mouse,known,NC3
6785,ENSMUST00000176172,ENSMUSP00000135086,train,True,24,mouse,known,NC3
6786,ENSMUST00000128941,ENSMUSP00000135107,train,True,24,mouse,known,NC3
6787,ENSMUST00000176670,ENSMUSP00000135150,train,True,24,mouse,known,NC3
6788,ENSMUST00000176014,ENSMUSP00000135172,val,True,24,mouse,known,NC3
6789,ENSMUST00000177292,ENSMUSP00000135199,val,True,24,mouse,known,NC3
6790,ENSMUST00000177216,ENSMUSP00000135220,train,True,24,mouse,known,NC3
6791,ENSMUST00000175776,ENSMUSP00000135270,val,True,24,mouse,known,NC3
6792,ENSMUST00000177144,nan,train,True,24,mouse,known,NC3
6793,ENSMUST00000125794,ENSMUSP00000135343,test,True,24,mouse,known,NC3
6794,ENSMUST00000176957,ENSMUSP00000135394,test,True,24,mouse,known,NC3
6795,ENSMUST00000177005,ENSMUSP00000135398,train,True,24,mouse,known,NC3
6796,ENSMUST00000176939,ENSMUSP00000135426,train,True,24,mouse,known,NC3
6797,ENSMUST00000176149,ENSMUSP00000135479,train,True,24,mouse,known,NC3
6798,ENSMUST00000177501,ENSMUSP00000135483,train,True,24,mouse,known,NC3
6799,ENSMUST00000176540,ENSMUSP00000135516,train,True,24,mouse,known,NC3
6800,ENSMUST00000176018,ENSMUSP00000135604,train,True,24,mouse,known,NC3
6801,ENSMUST00000175934,ENSMUSP00000135639,train,True,24,mouse,known,NC3
6802,ENSMUST00000177019,ENSMUSP00000135647,train,True,24,mouse,known,NC3
6803,ENSMUST00000177205,ENSMUSP00000135750,train,True,24,mouse,known,NC3
6804,ENSMUST00000176030,ENSMUSP00000135784,test,True,24,mouse,known,NC3
6805,ENSMUST00000176047,ENSMUSP00000135831,train,True,24,mouse,known,NC3
6806,ENSMUST00000176778,ENSMUSP00000135892,train,True,24,mouse,known,NC3
6807,ENSMUST00000178573,ENSMUSP00000135908,train,True,24,mouse,known,NC3
6808,ENSMUST00000179598,ENSMUSP00000136026,train,True,24,mouse,known,NC3
6809,ENSMUST00000180041,ENSMUSP00000136055,train,True,24,mouse,known,NC3
6810,ENSMUST00000040111,ENSMUSP00000136116,train,True,24,mouse,known,NC3
6811,ENSMUST00000152233,ENSMUSP00000136163,train,True,24,mouse,known,NC3
6812,ENSMUST00000179721,ENSMUSP00000136166,train,True,24,mouse,known,NC3
6813,ENSMUST00000180180,ENSMUSP00000136247,train,True,24,mouse,known,NC3
6814,ENSMUST00000178231,ENSMUSP00000136259,test,True,24,mouse,known,NC3
6815,ENSMUST00000178812,ENSMUSP00000136294,train,True,24,mouse,known,NC3
6816,ENSMUST00000178977,ENSMUSP00000136335,test,True,24,mouse,known,NC3
6817,ENSMUST00000178136,ENSMUSP00000136343,train,True,24,mouse,known,NC3
6818,ENSMUST00000178079,ENSMUSP00000136354,val,True,24,mouse,known,NC3
6819,ENSMUST00000179353,ENSMUSP00000136366,test,True,24,mouse,known,NC3
6820,ENSMUST00000178289,ENSMUSP00000136376,train,True,24,mouse,known,NC3
6821,ENSMUST00000177856,ENSMUSP00000136402,train,True,24,mouse,known,NC3
6822,ENSMUST00000178087,ENSMUSP00000136405,train,True,24,mouse,known,NC3
6823,ENSMUST00000178344,ENSMUSP00000136409,train,True,24,mouse,known,NC3
6824,ENSMUST00000173969,ENSMUSP00000136425,train,True,24,mouse,known,NC3
6825,ENSMUST00000177752,ENSMUSP00000136438,test,True,24,mouse,known,NC3
6826,ENSMUST00000179857,nan,train,True,24,mouse,known,NC3
6827,ENSMUST00000179074,ENSMUSP00000136503,train,True,24,mouse,known,NC3
6828,ENSMUST00000067476,ENSMUSP00000136527,train,True,24,mouse,known,NC3
6829,ENSMUST00000177585,ENSMUSP00000136637,train,True,24,mouse,known,NC3
6830,ENSMUST00000178235,ENSMUSP00000136644,train,True,24,mouse,known,NC3
6831,ENSMUST00000177587,ENSMUSP00000136823,train,True,24,mouse,known,NC3
6832,ENSMUST00000177916,ENSMUSP00000136867,train,True,24,mouse,known,NC3
6833,ENSMUST00000178324,ENSMUSP00000136876,test,True,24,mouse,known,NC3
6834,ENSMUST00000179936,ENSMUSP00000136950,train,True,24,mouse,known,NC3
6835,ENSMUST00000179343,ENSMUSP00000136957,train,True,24,mouse,known,NC3
6836,ENSMUST00000178114,ENSMUSP00000136967,train,True,24,mouse,known,NC3
6837,ENSMUST00000179365,ENSMUSP00000136974,train,True,24,mouse,known,NC3
6838,ENSMUST00000177754,ENSMUSP00000136982,train,True,24,mouse,known,NC3
6839,ENSMUST00000178048,ENSMUSP00000136993,train,True,24,mouse,known,NC3
6840,ENSMUST00000178078,nan,train,True,24,mouse,known,NC3
6841,ENSMUST00000179139,ENSMUSP00000137070,val,True,24,mouse,known,NC3
6842,ENSMUST00000179418,ENSMUSP00000137072,train,True,24,mouse,known,NC3
6843,ENSMUST00000088307,ENSMUSP00000137122,train,True,24,mouse,known,NC3
6844,ENSMUST00000057649,nan,train,True,24,mouse,known,NC3
6845,ENSMUST00000180025,ENSMUSP00000137213,val,True,24,mouse,known,NC3
6846,ENSMUST00000180043,ENSMUSP00000137234,train,True,24,mouse,known,NC3
6847,ENSMUST00000179543,ENSMUSP00000137253,train,True,24,mouse,known,NC3
6848,ENSMUST00000178622,ENSMUSP00000137281,val,True,24,mouse,known,NC3
6849,ENSMUST00000177779,ENSMUSP00000137286,train,True,24,mouse,known,NC3
6850,ENSMUST00000177768,nan,test,True,24,mouse,known,NC3
6851,ENSMUST00000180086,ENSMUSP00000137309,train,True,24,mouse,known,NC3
6852,ENSMUST00000086423,nan,train,True,24,mouse,known,NC3
6853,ENSMUST00000178422,ENSMUSP00000137333,train,True,24,mouse,known,NC3
6854,ENSMUST00000179273,ENSMUSP00000137385,train,True,24,mouse,known,NC3
6855,ENSMUST00000177841,ENSMUSP00000137399,train,True,24,mouse,known,NC3
6856,ENSMUST00000177667,ENSMUSP00000137489,train,True,24,mouse,known,NC3
6857,ENSMUST00000179549,ENSMUSP00000137537,train,True,24,mouse,known,NC3
6858,ENSMUST00000179030,ENSMUSP00000137616,train,True,24,mouse,known,NC3
6859,ENSMUST00000136331,ENSMUSP00000137617,val,True,24,mouse,known,NC3
6860,ENSMUST00000131855,ENSMUSP00000137678,train,True,24,mouse,known,NC3
6861,ENSMUST00000180438,nan,train,True,24,mouse,known,NC3
6862,ENSMUST00000152225,ENSMUSP00000137833,train,True,24,mouse,known,NC3
6863,ENSMUST00000181969,ENSMUSP00000137875,train,True,24,mouse,known,NC3
6864,ENSMUST00000180572,ENSMUSP00000137931,val,True,24,mouse,known,NC3
6865,ENSMUST00000181283,ENSMUSP00000137933,train,True,24,mouse,known,NC3
6866,ENSMUST00000181586,ENSMUSP00000138019,train,True,24,mouse,known,NC3
6867,ENSMUST00000180657,ENSMUSP00000138056,train,True,24,mouse,known,NC3
6868,ENSMUST00000180376,ENSMUSP00000138082,train,True,24,mouse,known,NC3
6869,ENSMUST00000181217,ENSMUSP00000138083,val,True,24,mouse,known,NC3
6870,ENSMUST00000182621,ENSMUSP00000138090,train,True,24,mouse,known,NC3
6871,ENSMUST00000145266,ENSMUSP00000138108,train,True,24,mouse,known,NC3
6872,ENSMUST00000183130,ENSMUSP00000138115,train,True,24,mouse,known,NC3
6873,ENSMUST00000182760,ENSMUSP00000138125,val,True,24,mouse,known,NC3
6874,ENSMUST00000182602,ENSMUSP00000138161,test,True,24,mouse,known,NC3
6875,ENSMUST00000183096,ENSMUSP00000138171,train,True,24,mouse,known,NC3
6876,ENSMUST00000182006,ENSMUSP00000138212,train,True,24,mouse,known,NC3
6877,ENSMUST00000183108,ENSMUSP00000138250,train,True,24,mouse,known,NC3
6878,ENSMUST00000182533,ENSMUSP00000138277,train,True,24,mouse,known,NC3
6879,ENSMUST00000183104,ENSMUSP00000138287,train,True,24,mouse,known,NC3
6880,ENSMUST00000183034,ENSMUSP00000138308,test,True,24,mouse,known,NC3
6881,ENSMUST00000182226,ENSMUSP00000138312,train,True,24,mouse,known,NC3
6882,ENSMUST00000182597,ENSMUSP00000138333,train,True,24,mouse,known,NC3
6883,ENSMUST00000134349,ENSMUSP00000138352,train,True,24,mouse,known,NC3
6884,ENSMUST00000182659,ENSMUSP00000138379,train,True,24,mouse,known,NC3
6885,ENSMUST00000181173,ENSMUSP00000138396,test,True,24,mouse,known,NC3
6886,ENSMUST00000148843,ENSMUSP00000138399,train,True,24,mouse,known,NC3
6887,ENSMUST00000183032,ENSMUSP00000138400,train,True,24,mouse,known,NC3
6888,ENSMUST00000182660,ENSMUSP00000138433,val,True,24,mouse,known,NC3
6889,ENSMUST00000183146,ENSMUSP00000138536,train,True,24,mouse,known,NC3
6890,ENSMUST00000135493,ENSMUSP00000138566,train,True,24,mouse,known,NC3
6891,ENSMUST00000182152,ENSMUSP00000138579,train,True,24,mouse,known,NC3
6892,ENSMUST00000183309,ENSMUSP00000138581,train,True,24,mouse,known,NC3
6893,ENSMUST00000182064,ENSMUSP00000138620,train,True,24,mouse,known,NC3
6894,ENSMUST00000183177,ENSMUSP00000138640,val,True,24,mouse,known,NC3
6895,ENSMUST00000182593,ENSMUSP00000138674,test,True,24,mouse,known,NC3
6896,ENSMUST00000055316,ENSMUSP00000138676,train,True,24,mouse,known,NC3
6897,ENSMUST00000182309,ENSMUSP00000138691,train,True,24,mouse,known,NC3
6898,ENSMUST00000183456,ENSMUSP00000138969,test,True,24,mouse,known,NC3
6899,ENSMUST00000184125,ENSMUSP00000139026,train,True,24,mouse,known,NC3
6900,ENSMUST00000184858,ENSMUSP00000139029,train,True,24,mouse,known,NC3
6901,ENSMUST00000183703,ENSMUSP00000139031,train,True,24,mouse,known,NC3
6902,ENSMUST00000139454,ENSMUSP00000139038,train,True,24,mouse,known,NC3
6903,ENSMUST00000183618,ENSMUSP00000139043,train,True,24,mouse,known,NC3
6904,ENSMUST00000184335,ENSMUSP00000139064,train,True,24,mouse,known,NC3
6905,ENSMUST00000138667,ENSMUSP00000139070,train,True,24,mouse,known,NC3
6906,ENSMUST00000137487,ENSMUSP00000139122,train,True,24,mouse,known,NC3
6907,ENSMUST00000183431,nan,test,True,24,mouse,known,NC3
6908,ENSMUST00000184616,ENSMUSP00000139181,train,True,24,mouse,known,NC3
6909,ENSMUST00000183873,ENSMUSP00000139226,train,True,24,mouse,known,NC3
6910,ENSMUST00000184311,ENSMUSP00000139227,train,True,24,mouse,known,NC3
6911,ENSMUST00000185006,ENSMUSP00000139270,train,True,24,mouse,known,NC3
6912,ENSMUST00000184672,ENSMUSP00000139298,train,True,24,mouse,known,NC3
6913,ENSMUST00000184348,ENSMUSP00000139316,train,True,24,mouse,known,NC3
6914,ENSMUST00000184783,ENSMUSP00000139364,train,True,24,mouse,known,NC3
6915,ENSMUST00000184635,ENSMUSP00000139372,train,True,24,mouse,known,NC3
6916,ENSMUST00000187910,ENSMUSP00000139480,train,True,24,mouse,known,NC3
6917,ENSMUST00000186239,ENSMUSP00000139509,train,True,24,mouse,known,NC3
6918,ENSMUST00000186182,ENSMUSP00000139514,train,True,24,mouse,known,NC3
6919,ENSMUST00000185355,ENSMUSP00000139562,train,True,24,mouse,known,NC3
6920,ENSMUST00000189820,ENSMUSP00000139608,test,True,24,mouse,known,NC3
6921,ENSMUST00000186548,ENSMUSP00000139630,train,True,24,mouse,known,NC3
6922,ENSMUST00000188952,ENSMUSP00000139640,train,True,24,mouse,known,NC3
6923,ENSMUST00000190637,ENSMUSP00000139684,val,True,24,mouse,known,NC3
6924,ENSMUST00000189413,ENSMUSP00000139698,train,True,24,mouse,known,NC3
6925,ENSMUST00000186788,ENSMUSP00000139804,train,True,24,mouse,known,NC3
6926,ENSMUST00000189617,ENSMUSP00000139811,train,True,24,mouse,known,NC3
6927,ENSMUST00000186794,ENSMUSP00000139823,train,True,24,mouse,known,NC3
6928,ENSMUST00000186380,ENSMUSP00000139825,test,True,24,mouse,known,NC3
6929,ENSMUST00000189636,ENSMUSP00000139830,train,True,24,mouse,known,NC3
6930,ENSMUST00000190686,ENSMUSP00000139842,train,True,24,mouse,known,NC3
6931,ENSMUST00000188313,ENSMUSP00000139918,train,True,24,mouse,known,NC3
6932,ENSMUST00000185675,ENSMUSP00000139949,train,True,24,mouse,known,NC3
6933,ENSMUST00000185852,ENSMUSP00000140002,train,True,24,mouse,known,NC3
6934,ENSMUST00000189106,nan,train,True,24,mouse,known,NC3
6935,ENSMUST00000190993,ENSMUSP00000140016,val,True,24,mouse,known,NC3
6936,ENSMUST00000187040,ENSMUSP00000140036,test,True,24,mouse,known,NC3
6937,ENSMUST00000190341,ENSMUSP00000140049,test,True,24,mouse,known,NC3
6938,ENSMUST00000188964,ENSMUSP00000140079,test,True,24,mouse,known,NC3
6939,ENSMUST00000187758,ENSMUSP00000140107,train,True,24,mouse,known,NC3
6940,ENSMUST00000187307,ENSMUSP00000140172,train,True,24,mouse,known,NC3
6941,ENSMUST00000185899,ENSMUSP00000140201,train,True,24,mouse,known,NC3
6942,ENSMUST00000187262,ENSMUSP00000140206,train,True,24,mouse,known,NC3
6943,ENSMUST00000124990,ENSMUSP00000140210,test,True,24,mouse,known,NC3
6944,ENSMUST00000187182,ENSMUSP00000140219,test,True,24,mouse,known,NC3
6945,ENSMUST00000191142,ENSMUSP00000140250,train,True,24,mouse,known,NC3
6946,ENSMUST00000188618,ENSMUSP00000140274,test,True,24,mouse,known,NC3
6947,ENSMUST00000186949,ENSMUSP00000140319,train,True,24,mouse,known,NC3
6948,ENSMUST00000190298,ENSMUSP00000140322,train,True,24,mouse,known,NC3
6949,ENSMUST00000186049,ENSMUSP00000140426,train,True,24,mouse,known,NC3
6950,ENSMUST00000188145,ENSMUSP00000140443,val,True,24,mouse,known,NC3
6951,ENSMUST00000190046,ENSMUSP00000140473,train,True,24,mouse,known,NC3
6952,ENSMUST00000191275,ENSMUSP00000140536,train,True,24,mouse,known,NC3
6953,ENSMUST00000191201,ENSMUSP00000140546,test,True,24,mouse,known,NC3
6954,ENSMUST00000188804,ENSMUSP00000140610,val,True,24,mouse,known,NC3
6955,ENSMUST00000187407,ENSMUSP00000140635,train,True,24,mouse,known,NC3
6956,ENSMUST00000190255,ENSMUSP00000140641,val,True,24,mouse,known,NC3
6957,ENSMUST00000191463,ENSMUSP00000140683,train,True,24,mouse,known,NC3
6958,ENSMUST00000189661,ENSMUSP00000140721,val,True,24,mouse,known,NC3
6959,ENSMUST00000190957,ENSMUSP00000140740,train,True,24,mouse,known,NC3
6960,ENSMUST00000188371,ENSMUSP00000140744,test,True,24,mouse,known,NC3
6961,ENSMUST00000190436,ENSMUSP00000140772,train,True,24,mouse,known,NC3
6962,ENSMUST00000191471,ENSMUSP00000140783,train,True,24,mouse,known,NC3
6963,ENSMUST00000190378,ENSMUSP00000140836,test,True,24,mouse,known,NC3
6964,ENSMUST00000186864,ENSMUSP00000140840,train,True,24,mouse,known,NC3
6965,ENSMUST00000185797,ENSMUSP00000140864,train,True,24,mouse,known,NC3
6966,ENSMUST00000187048,ENSMUSP00000140896,train,True,24,mouse,known,NC3
6967,ENSMUST00000188241,ENSMUSP00000140951,test,True,24,mouse,known,NC3
6968,ENSMUST00000187193,ENSMUSP00000140980,val,True,24,mouse,known,NC3
6969,ENSMUST00000188211,ENSMUSP00000140993,test,True,24,mouse,known,NC3
6970,ENSMUST00000187467,ENSMUSP00000140996,train,True,24,mouse,known,NC3
6971,ENSMUST00000190997,ENSMUSP00000141003,train,True,24,mouse,known,NC3
6972,ENSMUST00000185362,ENSMUSP00000141022,train,True,24,mouse,known,NC3
6973,ENSMUST00000186349,ENSMUSP00000141105,train,True,24,mouse,known,NC3
6974,ENSMUST00000186057,ENSMUSP00000141132,test,True,24,mouse,known,NC3
6975,ENSMUST00000185893,ENSMUSP00000141170,test,True,24,mouse,known,NC3
6976,ENSMUST00000187531,ENSMUSP00000141182,train,True,24,mouse,known,NC3
6977,ENSMUST00000194641,ENSMUSP00000141197,train,True,24,mouse,known,NC3
6978,ENSMUST00000193446,ENSMUSP00000141241,train,True,24,mouse,known,NC3
6979,ENSMUST00000191896,ENSMUSP00000141255,train,True,24,mouse,known,NC3
6980,ENSMUST00000194543,ENSMUSP00000141268,val,True,24,mouse,known,NC3
6981,ENSMUST00000193517,ENSMUSP00000141287,train,True,24,mouse,known,NC3
6982,ENSMUST00000192561,ENSMUSP00000141331,train,True,24,mouse,known,NC3
6983,ENSMUST00000192512,ENSMUSP00000141408,train,True,24,mouse,known,NC3
6984,ENSMUST00000191947,ENSMUSP00000141431,val,True,24,mouse,known,NC3
6985,ENSMUST00000195708,ENSMUSP00000141542,test,True,24,mouse,known,NC3
6986,ENSMUST00000195636,ENSMUSP00000141613,test,True,24,mouse,known,NC3
6987,ENSMUST00000195008,ENSMUSP00000141620,train,True,24,mouse,known,NC3
6988,ENSMUST00000194175,ENSMUSP00000141648,train,True,24,mouse,known,NC3
6989,ENSMUST00000194951,ENSMUSP00000141672,train,True,24,mouse,known,NC3
6990,ENSMUST00000193398,ENSMUSP00000141786,train,True,24,mouse,known,NC3
6991,ENSMUST00000194727,ENSMUSP00000141793,train,True,24,mouse,known,NC3
6992,ENSMUST00000193254,ENSMUSP00000141856,train,True,24,mouse,known,NC3
6993,ENSMUST00000192288,ENSMUSP00000141923,test,True,24,mouse,known,NC3
6994,ENSMUST00000194248,ENSMUSP00000141952,test,True,24,mouse,known,NC3
6995,ENSMUST00000192866,ENSMUSP00000142054,train,True,24,mouse,known,NC3
6996,ENSMUST00000191668,ENSMUSP00000142079,train,True,24,mouse,known,NC3
6997,ENSMUST00000186486,ENSMUSP00000142080,train,True,24,mouse,known,NC3
6998,ENSMUST00000192462,ENSMUSP00000142105,train,True,24,mouse,known,NC3
6999,ENSMUST00000195201,ENSMUSP00000142149,train,True,24,mouse,known,NC3
7000,ENSMUST00000194563,ENSMUSP00000142307,train,True,24,mouse,known,NC3
7001,ENSMUST00000192615,ENSMUSP00000142326,train,True,24,mouse,known,NC3
7002,ENSMUST00000194252,ENSMUSP00000142331,train,True,24,mouse,known,NC3
7003,ENSMUST00000196282,ENSMUSP00000142363,test,True,24,mouse,known,NC3
7004,ENSMUST00000199808,ENSMUSP00000142481,test,True,24,mouse,known,NC3
7005,ENSMUST00000197064,ENSMUSP00000142512,val,True,24,mouse,known,NC3
7006,ENSMUST00000199754,ENSMUSP00000142514,train,True,24,mouse,known,NC3
7007,ENSMUST00000200379,ENSMUSP00000142527,train,True,24,mouse,known,NC3
7008,ENSMUST00000199273,ENSMUSP00000142535,train,True,24,mouse,known,NC3
7009,ENSMUST00000198948,nan,train,True,24,mouse,known,NC3
7010,ENSMUST00000199088,ENSMUSP00000142605,val,True,24,mouse,known,NC3
7011,ENSMUST00000197748,ENSMUSP00000142708,train,True,24,mouse,known,NC3
7012,ENSMUST00000200298,ENSMUSP00000142732,train,True,24,mouse,known,NC3
7013,ENSMUST00000199089,ENSMUSP00000142803,train,True,24,mouse,known,NC3
7014,ENSMUST00000199592,ENSMUSP00000142823,train,True,24,mouse,known,NC3
7015,ENSMUST00000200169,ENSMUSP00000142890,train,True,24,mouse,known,NC3
7016,ENSMUST00000200388,ENSMUSP00000142907,train,True,24,mouse,known,NC3
7017,ENSMUST00000200645,ENSMUSP00000142922,val,True,24,mouse,known,NC3
7018,ENSMUST00000197850,ENSMUSP00000143005,train,True,24,mouse,known,NC3
7019,ENSMUST00000200468,ENSMUSP00000143021,train,True,24,mouse,known,NC3
7020,ENSMUST00000197188,ENSMUSP00000143044,val,True,24,mouse,known,NC3
7021,ENSMUST00000196456,ENSMUSP00000143190,train,True,24,mouse,known,NC3
7022,ENSMUST00000199243,ENSMUSP00000143232,train,True,24,mouse,known,NC3
7023,ENSMUST00000198311,ENSMUSP00000143233,train,True,24,mouse,known,NC3
7024,ENSMUST00000198965,ENSMUSP00000143302,train,True,24,mouse,known,NC3
7025,ENSMUST00000200069,ENSMUSP00000143391,train,True,24,mouse,known,NC3
7026,ENSMUST00000196111,ENSMUSP00000143438,train,True,24,mouse,known,NC3
7027,ENSMUST00000196843,ENSMUSP00000143459,test,True,24,mouse,known,NC3
7028,ENSMUST00000200657,ENSMUSP00000143465,train,True,24,mouse,known,NC3
7029,ENSMUST00000198878,ENSMUSP00000143475,train,True,24,mouse,known,NC3
7030,ENSMUST00000200157,ENSMUSP00000143488,train,True,24,mouse,known,NC3
7031,ENSMUST00000197827,ENSMUSP00000143503,train,True,24,mouse,known,NC3
7032,ENSMUST00000200097,ENSMUSP00000143510,train,True,24,mouse,known,NC3
7033,ENSMUST00000200299,ENSMUSP00000143536,train,True,24,mouse,known,NC3
7034,ENSMUST00000197134,ENSMUSP00000143606,train,True,24,mouse,known,NC3
7035,ENSMUST00000199876,ENSMUSP00000143618,train,True,24,mouse,known,NC3
7036,ENSMUST00000197567,ENSMUSP00000143626,train,True,24,mouse,known,NC3
7037,ENSMUST00000197407,ENSMUSP00000143657,train,True,24,mouse,known,NC3
7038,ENSMUST00000200607,ENSMUSP00000143705,train,True,24,mouse,known,NC3
7039,ENSMUST00000197502,ENSMUSP00000143750,train,True,24,mouse,known,NC3
7040,ENSMUST00000200393,ENSMUSP00000143789,train,True,24,mouse,known,NC3
7041,ENSMUST00000201489,ENSMUSP00000143807,train,True,24,mouse,known,NC3
7042,ENSMUST00000202722,ENSMUSP00000143811,train,True,24,mouse,known,NC3
7043,ENSMUST00000200758,ENSMUSP00000143859,train,True,24,mouse,known,NC3
7044,ENSMUST00000202622,ENSMUSP00000143910,train,True,24,mouse,known,NC3
7045,ENSMUST00000201301,ENSMUSP00000143949,test,True,24,mouse,known,NC3
7046,ENSMUST00000202241,ENSMUSP00000144119,train,True,24,mouse,known,NC3
7047,ENSMUST00000201374,ENSMUSP00000144126,test,True,24,mouse,known,NC3
7048,ENSMUST00000201948,ENSMUSP00000144171,train,True,24,mouse,known,NC3
7049,ENSMUST00000202217,ENSMUSP00000144235,test,True,24,mouse,known,NC3
7050,ENSMUST00000202798,ENSMUSP00000144243,train,True,24,mouse,known,NC3
7051,ENSMUST00000202950,ENSMUSP00000144257,train,True,24,mouse,known,NC3
7052,ENSMUST00000202990,ENSMUSP00000144296,train,True,24,mouse,known,NC3
7053,ENSMUST00000202179,ENSMUSP00000144300,train,True,24,mouse,known,NC3
7054,ENSMUST00000200775,ENSMUSP00000144325,train,True,24,mouse,known,NC3
7055,ENSMUST00000202758,ENSMUSP00000144361,test,True,24,mouse,known,NC3
7056,ENSMUST00000202261,ENSMUSP00000144369,train,True,24,mouse,known,NC3
7057,ENSMUST00000201998,ENSMUSP00000144392,train,True,24,mouse,known,NC3
7058,ENSMUST00000202361,ENSMUSP00000144413,train,True,24,mouse,known,NC3
7059,ENSMUST00000202747,ENSMUSP00000144436,val,True,24,mouse,known,NC3
7060,ENSMUST00000202258,ENSMUSP00000144456,train,True,24,mouse,known,NC3
7061,ENSMUST00000202639,ENSMUSP00000144489,train,True,24,mouse,known,NC3
7062,ENSMUST00000201185,ENSMUSP00000144561,train,True,24,mouse,known,NC3
7063,ENSMUST00000201203,ENSMUSP00000144615,test,True,24,mouse,known,NC3
7064,ENSMUST00000203577,ENSMUSP00000144820,test,True,24,mouse,known,NC3
7065,ENSMUST00000204224,ENSMUSP00000144827,train,True,24,mouse,known,NC3
7066,ENSMUST00000204542,ENSMUSP00000144828,train,True,24,mouse,known,NC3
7067,ENSMUST00000203487,ENSMUSP00000144851,val,True,24,mouse,known,NC3
7068,ENSMUST00000203878,ENSMUSP00000144900,train,True,24,mouse,known,NC3
7069,ENSMUST00000205002,ENSMUSP00000144904,val,True,24,mouse,known,NC3
7070,ENSMUST00000204978,ENSMUSP00000144932,train,True,24,mouse,known,NC3
7071,ENSMUST00000204645,ENSMUSP00000144963,test,True,24,mouse,known,NC3
7072,ENSMUST00000203954,ENSMUSP00000145028,train,True,24,mouse,known,NC3
7073,ENSMUST00000204807,ENSMUSP00000145056,train,True,24,mouse,known,NC3
7074,ENSMUST00000204482,ENSMUSP00000145101,train,True,24,mouse,known,NC3
7075,ENSMUST00000204956,ENSMUSP00000145175,train,True,24,mouse,known,NC3
7076,ENSMUST00000204753,ENSMUSP00000145308,train,True,24,mouse,known,NC3
7077,ENSMUST00000204511,ENSMUSP00000145346,train,True,24,mouse,known,NC3
7078,ENSMUST00000203816,ENSMUSP00000145350,val,True,24,mouse,known,NC3
7079,ENSMUST00000203581,ENSMUSP00000145385,train,True,24,mouse,known,NC3
7080,ENSMUST00000203355,ENSMUSP00000145395,train,True,24,mouse,known,NC3
7081,ENSMUST00000204087,ENSMUSP00000145402,train,True,24,mouse,known,NC3
7082,ENSMUST00000203673,ENSMUSP00000145425,train,True,24,mouse,known,NC3
7083,ENSMUST00000204702,ENSMUSP00000145468,train,True,24,mouse,known,NC3
7084,ENSMUST00000204040,ENSMUSP00000145512,train,True,24,mouse,known,NC3
7085,ENSMUST00000206947,ENSMUSP00000145568,train,True,24,mouse,known,NC3
7086,ENSMUST00000205568,ENSMUSP00000145619,train,True,24,mouse,known,NC3
7087,ENSMUST00000126570,nan,train,True,24,mouse,known,NC3
7088,ENSMUST00000206581,ENSMUSP00000145738,train,True,24,mouse,known,NC3
7089,ENSMUST00000205977,ENSMUSP00000145743,train,True,24,mouse,known,NC3
7090,ENSMUST00000205276,ENSMUSP00000145858,train,True,24,mouse,known,NC3
7091,ENSMUST00000207003,ENSMUSP00000145872,train,True,24,mouse,known,NC3
7092,ENSMUST00000206048,ENSMUSP00000145887,train,True,24,mouse,known,NC3
7093,ENSMUST00000206968,ENSMUSP00000145893,train,True,24,mouse,known,NC3
7094,ENSMUST00000206490,ENSMUSP00000145899,val,True,24,mouse,known,NC3
7095,ENSMUST00000207023,ENSMUSP00000145959,train,True,24,mouse,known,NC3
7096,ENSMUST00000206219,ENSMUSP00000146181,train,True,24,mouse,known,NC3
7097,ENSMUST00000205815,ENSMUSP00000146232,train,True,24,mouse,known,NC3
7098,ENSMUST00000206720,ENSMUSP00000146244,train,True,24,mouse,known,NC3
7099,ENSMUST00000206570,ENSMUSP00000146245,train,True,24,mouse,known,NC3
7100,ENSMUST00000206450,ENSMUSP00000146256,train,True,24,mouse,known,NC3
7101,ENSMUST00000206832,ENSMUSP00000146263,train,True,24,mouse,known,NC3
7102,ENSMUST00000205889,ENSMUSP00000146282,train,True,24,mouse,known,NC3
7103,ENSMUST00000206592,ENSMUSP00000146294,train,True,24,mouse,known,NC3
7104,ENSMUST00000205694,ENSMUSP00000146310,train,True,24,mouse,known,NC3
7105,ENSMUST00000208253,ENSMUSP00000146405,train,True,24,mouse,known,NC3
7106,ENSMUST00000208950,ENSMUSP00000146433,train,True,24,mouse,known,NC3
7107,ENSMUST00000209098,ENSMUSP00000146474,train,True,24,mouse,known,NC3
7108,ENSMUST00000207484,ENSMUSP00000146501,train,True,24,mouse,known,NC3
7109,ENSMUST00000208749,ENSMUSP00000146515,train,True,24,mouse,known,NC3
7110,ENSMUST00000209117,ENSMUSP00000146518,train,True,24,mouse,known,NC3
7111,ENSMUST00000208247,ENSMUSP00000146545,train,True,24,mouse,known,NC3
7112,ENSMUST00000208634,ENSMUSP00000146638,test,True,24,mouse,known,NC3
7113,ENSMUST00000207870,ENSMUSP00000146639,train,True,24,mouse,known,NC3
7114,ENSMUST00000208002,ENSMUSP00000146680,train,True,24,mouse,known,NC3
7115,ENSMUST00000208626,ENSMUSP00000146695,train,True,24,mouse,known,NC3
7116,ENSMUST00000209066,ENSMUSP00000146773,val,True,24,mouse,known,NC3
7117,ENSMUST00000209079,ENSMUSP00000146805,train,True,24,mouse,known,NC3
7118,ENSMUST00000208013,ENSMUSP00000146839,train,True,24,mouse,known,NC3
7119,ENSMUST00000207282,ENSMUSP00000146848,val,True,24,mouse,known,NC3
7120,ENSMUST00000207895,ENSMUSP00000146858,train,True,24,mouse,known,NC3
7121,ENSMUST00000207072,ENSMUSP00000146913,train,True,24,mouse,known,NC3
7122,ENSMUST00000207143,ENSMUSP00000146947,test,True,24,mouse,known,NC3
7123,ENSMUST00000208441,ENSMUSP00000146960,val,True,24,mouse,known,NC3
7124,ENSMUST00000208130,ENSMUSP00000146983,test,True,24,mouse,known,NC3
7125,ENSMUST00000209099,ENSMUSP00000147013,test,True,24,mouse,known,NC3
7126,ENSMUST00000207038,ENSMUSP00000147021,train,True,24,mouse,known,NC3
7127,ENSMUST00000207107,ENSMUSP00000147028,train,True,24,mouse,known,NC3
7128,ENSMUST00000208199,ENSMUSP00000147037,train,True,24,mouse,known,NC3
7129,ENSMUST00000207775,ENSMUSP00000147115,train,True,24,mouse,known,NC3
7130,ENSMUST00000208737,ENSMUSP00000147152,val,True,24,mouse,known,NC3
7131,ENSMUST00000209141,ENSMUSP00000147164,train,True,24,mouse,known,NC3
7132,ENSMUST00000207750,ENSMUSP00000147237,train,True,24,mouse,known,NC3
7133,ENSMUST00000210166,ENSMUSP00000147262,train,True,24,mouse,known,NC3
7134,ENSMUST00000211654,ENSMUSP00000147332,test,True,24,mouse,known,NC3
7135,ENSMUST00000209732,ENSMUSP00000147340,train,True,24,mouse,known,NC3
7136,ENSMUST00000211765,ENSMUSP00000147383,train,True,24,mouse,known,NC3
7137,ENSMUST00000210060,ENSMUSP00000147391,train,True,24,mouse,known,NC3
7138,ENSMUST00000210999,ENSMUSP00000147409,train,True,24,mouse,known,NC3
7139,ENSMUST00000211733,ENSMUSP00000147419,test,True,24,mouse,known,NC3
7140,ENSMUST00000210599,ENSMUSP00000147421,test,True,24,mouse,known,NC3
7141,ENSMUST00000210901,ENSMUSP00000147442,train,True,24,mouse,known,NC3
7142,ENSMUST00000209255,ENSMUSP00000147443,train,True,24,mouse,known,NC3
7143,ENSMUST00000209765,ENSMUSP00000147455,test,True,24,mouse,known,NC3
7144,ENSMUST00000210642,ENSMUSP00000147496,train,True,24,mouse,known,NC3
7145,ENSMUST00000209469,ENSMUSP00000147514,train,True,24,mouse,known,NC3
7146,ENSMUST00000211601,ENSMUSP00000147583,train,True,24,mouse,known,NC3
7147,ENSMUST00000211393,ENSMUSP00000147611,val,True,24,mouse,known,NC3
7148,ENSMUST00000210309,ENSMUSP00000147619,train,True,24,mouse,known,NC3
7149,ENSMUST00000210277,ENSMUSP00000147674,train,True,24,mouse,known,NC3
7150,ENSMUST00000211617,nan,train,True,24,mouse,known,NC3
7151,ENSMUST00000210390,ENSMUSP00000147696,train,True,24,mouse,known,NC3
7152,ENSMUST00000211115,ENSMUSP00000147767,test,True,24,mouse,known,NC3
7153,ENSMUST00000210676,ENSMUSP00000147784,train,True,24,mouse,known,NC3
7154,ENSMUST00000211672,ENSMUSP00000147809,test,True,24,mouse,known,NC3
7155,ENSMUST00000210640,ENSMUSP00000147816,train,True,24,mouse,known,NC3
7156,ENSMUST00000211770,ENSMUSP00000147823,train,True,24,mouse,known,NC3
7157,ENSMUST00000210707,ENSMUSP00000147843,train,True,24,mouse,known,NC3
7158,ENSMUST00000209885,ENSMUSP00000147881,train,True,24,mouse,known,NC3
7159,ENSMUST00000211247,ENSMUSP00000147887,train,True,24,mouse,known,NC3
7160,ENSMUST00000210314,ENSMUSP00000147928,train,True,24,mouse,known,NC3
7161,ENSMUST00000210129,ENSMUSP00000147956,train,True,24,mouse,known,NC3
7162,ENSMUST00000209963,ENSMUSP00000148069,val,True,24,mouse,known,NC3
7163,ENSMUST00000210005,ENSMUSP00000148077,val,True,24,mouse,known,NC3
7164,ENSMUST00000209787,ENSMUSP00000148093,train,True,24,mouse,known,NC3
7165,ENSMUST00000209984,ENSMUSP00000148107,train,True,24,mouse,known,NC3
7166,ENSMUST00000210682,ENSMUSP00000148115,train,True,24,mouse,known,NC3
7167,ENSMUST00000210662,ENSMUSP00000148138,test,True,24,mouse,known,NC3
7168,ENSMUST00000210275,ENSMUSP00000148155,train,True,24,mouse,known,NC3
7169,ENSMUST00000210812,ENSMUSP00000148220,train,True,24,mouse,known,NC3
7170,ENSMUST00000211352,ENSMUSP00000148227,train,True,24,mouse,known,NC3
7171,ENSMUST00000211896,ENSMUSP00000148277,train,True,24,mouse,known,NC3
7172,ENSMUST00000212896,ENSMUSP00000148282,train,True,24,mouse,known,NC3
7173,ENSMUST00000212605,ENSMUSP00000148324,train,True,24,mouse,known,NC3
7174,ENSMUST00000212349,ENSMUSP00000148364,train,True,24,mouse,known,NC3
7175,ENSMUST00000212468,ENSMUSP00000148390,train,True,24,mouse,known,NC3
7176,ENSMUST00000212214,ENSMUSP00000148404,train,True,24,mouse,known,NC3
7177,ENSMUST00000211878,ENSMUSP00000148418,train,True,24,mouse,known,NC3
7178,ENSMUST00000213013,ENSMUSP00000148419,train,True,24,mouse,known,NC3
7179,ENSMUST00000212287,ENSMUSP00000148433,train,True,24,mouse,known,NC3
7180,ENSMUST00000212175,ENSMUSP00000148441,train,True,24,mouse,known,NC3
7181,ENSMUST00000212756,ENSMUSP00000148469,train,True,24,mouse,known,NC3
7182,ENSMUST00000212308,ENSMUSP00000148479,train,True,24,mouse,known,NC3
7183,ENSMUST00000212520,ENSMUSP00000148486,train,True,24,mouse,known,NC3
7184,ENSMUST00000212811,ENSMUSP00000148525,train,True,24,mouse,known,NC3
7185,ENSMUST00000212489,ENSMUSP00000148535,train,True,24,mouse,known,NC3
7186,ENSMUST00000138659,ENSMUSP00000148550,train,True,24,mouse,known,NC3
7187,ENSMUST00000212270,ENSMUSP00000148659,test,True,24,mouse,known,NC3
7188,ENSMUST00000212524,ENSMUSP00000148684,train,True,24,mouse,known,NC3
7189,ENSMUST00000212042,nan,train,True,24,mouse,known,NC3
7190,ENSMUST00000211861,ENSMUSP00000148731,train,True,24,mouse,known,NC3
7191,ENSMUST00000213058,ENSMUSP00000148796,val,True,24,mouse,known,NC3
7192,ENSMUST00000212836,ENSMUSP00000148815,test,True,24,mouse,known,NC3
7193,ENSMUST00000212819,ENSMUSP00000148843,train,True,24,mouse,known,NC3
7194,ENSMUST00000216011,ENSMUSP00000148888,train,True,24,mouse,known,NC3
7195,ENSMUST00000215784,ENSMUSP00000148901,train,True,24,mouse,known,NC3
7196,ENSMUST00000217317,ENSMUSP00000148933,train,True,24,mouse,known,NC3
7197,ENSMUST00000217308,ENSMUSP00000148968,train,True,24,mouse,known,NC3
7198,ENSMUST00000214374,ENSMUSP00000149042,val,True,24,mouse,known,NC3
7199,ENSMUST00000214747,ENSMUSP00000149050,train,True,24,mouse,known,NC3
7200,ENSMUST00000217336,ENSMUSP00000149156,train,True,24,mouse,known,NC3
7201,ENSMUST00000213528,ENSMUSP00000149177,train,True,24,mouse,known,NC3
7202,ENSMUST00000215588,ENSMUSP00000149194,train,True,24,mouse,known,NC3
7203,ENSMUST00000217518,ENSMUSP00000149359,test,True,24,mouse,known,NC3
7204,ENSMUST00000213382,ENSMUSP00000149365,train,True,24,mouse,known,NC3
7205,ENSMUST00000216867,ENSMUSP00000149401,train,True,24,mouse,known,NC3
7206,ENSMUST00000216306,ENSMUSP00000149444,train,True,24,mouse,known,NC3
7207,ENSMUST00000216771,ENSMUSP00000149447,train,True,24,mouse,known,NC3
7208,ENSMUST00000213913,ENSMUSP00000149476,train,True,24,mouse,known,NC3
7209,ENSMUST00000213603,ENSMUSP00000149483,test,True,24,mouse,known,NC3
7210,ENSMUST00000215474,ENSMUSP00000149505,test,True,24,mouse,known,NC3
7211,ENSMUST00000217034,ENSMUSP00000149620,test,True,24,mouse,known,NC3
7212,ENSMUST00000213373,ENSMUSP00000149655,train,True,24,mouse,known,NC3
7213,ENSMUST00000214522,ENSMUSP00000149670,val,True,24,mouse,known,NC3
7214,ENSMUST00000215847,ENSMUSP00000149699,train,True,24,mouse,known,NC3
7215,ENSMUST00000215006,ENSMUSP00000149721,train,True,24,mouse,known,NC3
7216,ENSMUST00000214470,ENSMUSP00000149813,train,True,24,mouse,known,NC3
7217,ENSMUST00000216594,ENSMUSP00000149833,test,True,24,mouse,known,NC3
7218,ENSMUST00000214828,ENSMUSP00000149848,train,True,24,mouse,known,NC3
7219,ENSMUST00000216037,ENSMUSP00000149874,train,True,24,mouse,known,NC3
7220,ENSMUST00000217570,ENSMUSP00000149882,train,True,24,mouse,known,NC3
7221,ENSMUST00000216313,ENSMUSP00000149918,train,True,24,mouse,known,NC3
7222,ENSMUST00000216702,ENSMUSP00000149927,train,True,24,mouse,known,NC3
7223,ENSMUST00000215311,ENSMUSP00000149953,train,True,24,mouse,known,NC3
7224,ENSMUST00000213663,ENSMUSP00000150145,test,True,24,mouse,known,NC3
7225,ENSMUST00000215295,ENSMUSP00000150262,test,True,24,mouse,known,NC3
7226,ENSMUST00000217484,ENSMUSP00000150296,test,True,24,mouse,known,NC3
7227,ENSMUST00000215683,ENSMUSP00000150564,val,True,24,mouse,known,NC3
7228,ENSMUST00000214356,nan,train,True,24,mouse,known,NC3
7229,ENSMUST00000213823,ENSMUSP00000150799,train,True,24,mouse,known,NC3
7230,ENSMUST00000213683,ENSMUSP00000150823,train,True,24,mouse,known,NC3
7231,ENSMUST00000216130,ENSMUSP00000150885,train,True,24,mouse,known,NC3
7232,ENSMUST00000216677,ENSMUSP00000150938,test,True,24,mouse,known,NC3
7233,ENSMUST00000217314,ENSMUSP00000150984,train,True,24,mouse,known,NC3
7234,ENSMUST00000217157,ENSMUSP00000151028,train,True,24,mouse,known,NC3
7235,ENSMUST00000215900,ENSMUSP00000151069,train,True,24,mouse,known,NC3
7236,ENSMUST00000220377,ENSMUSP00000151244,train,True,24,mouse,known,NC3
7237,ENSMUST00000218885,ENSMUSP00000151263,train,True,24,mouse,known,NC3
7238,ENSMUST00000220156,ENSMUSP00000151293,train,True,24,mouse,known,NC3
7239,ENSMUST00000219317,ENSMUSP00000151313,train,True,24,mouse,known,NC3
7240,ENSMUST00000217887,ENSMUSP00000151334,train,True,24,mouse,known,NC3
7241,ENSMUST00000219215,ENSMUSP00000151335,val,True,24,mouse,known,NC3
7242,ENSMUST00000219506,ENSMUSP00000151383,train,True,24,mouse,known,NC3
7243,ENSMUST00000217851,ENSMUSP00000151445,train,True,24,mouse,known,NC3
7244,ENSMUST00000218994,ENSMUSP00000151461,train,True,24,mouse,known,NC3
7245,ENSMUST00000219140,ENSMUSP00000151482,train,True,24,mouse,known,NC3
7246,ENSMUST00000177796,nan,test,True,24,mouse,known,NC3
7247,ENSMUST00000217672,ENSMUSP00000151561,val,True,24,mouse,known,NC3
7248,ENSMUST00000220088,ENSMUSP00000151568,train,True,24,mouse,known,NC3
7249,ENSMUST00000218221,ENSMUSP00000151586,train,True,24,mouse,known,NC3
7250,ENSMUST00000219368,ENSMUSP00000151629,val,True,24,mouse,known,NC3
7251,ENSMUST00000220041,ENSMUSP00000151638,train,True,24,mouse,known,NC3
7252,ENSMUST00000219915,ENSMUSP00000151689,val,True,24,mouse,known,NC3
7253,ENSMUST00000219109,ENSMUSP00000151708,train,True,24,mouse,known,NC3
7254,ENSMUST00000218183,ENSMUSP00000151837,train,True,24,mouse,known,NC3
7255,ENSMUST00000219263,ENSMUSP00000151842,train,True,24,mouse,known,NC3
7256,ENSMUST00000218276,ENSMUSP00000151866,test,True,24,mouse,known,NC3
7257,ENSMUST00000219577,ENSMUSP00000151886,train,True,24,mouse,known,NC3
7258,ENSMUST00000220311,ENSMUSP00000151896,val,True,24,mouse,known,NC3
7259,ENSMUST00000219037,ENSMUSP00000151918,train,True,24,mouse,known,NC3
7260,ENSMUST00000218828,ENSMUSP00000151972,test,True,24,mouse,known,NC3
7261,ENSMUST00000217841,ENSMUSP00000151994,train,True,24,mouse,known,NC3
7262,ENSMUST00000220539,nan,train,True,24,mouse,known,NC3
7263,ENSMUST00000220629,ENSMUSP00000152109,train,True,24,mouse,known,NC3
7264,ENSMUST00000223033,ENSMUSP00000152118,train,True,24,mouse,known,NC3
7265,ENSMUST00000222517,ENSMUSP00000152169,train,True,24,mouse,known,NC3
7266,ENSMUST00000223206,ENSMUSP00000152174,train,True,24,mouse,known,NC3
7267,ENSMUST00000143712,ENSMUSP00000152196,train,True,24,mouse,known,NC3
7268,ENSMUST00000221750,ENSMUSP00000152198,train,True,24,mouse,known,NC3
7269,ENSMUST00000221877,ENSMUSP00000152220,test,True,24,mouse,known,NC3
7270,ENSMUST00000222485,ENSMUSP00000152229,val,True,24,mouse,known,NC3
7271,ENSMUST00000220607,ENSMUSP00000152272,train,True,24,mouse,known,NC3
7272,ENSMUST00000220904,ENSMUSP00000152288,train,True,24,mouse,known,NC3
7273,ENSMUST00000222740,ENSMUSP00000152294,train,True,24,mouse,known,NC3
7274,ENSMUST00000223020,ENSMUSP00000152299,test,True,24,mouse,known,NC3
7275,ENSMUST00000220621,ENSMUSP00000152345,train,True,24,mouse,known,NC3
7276,ENSMUST00000220518,ENSMUSP00000152353,train,True,24,mouse,known,NC3
7277,ENSMUST00000223109,ENSMUSP00000152364,train,True,24,mouse,known,NC3
7278,ENSMUST00000221380,ENSMUSP00000152371,train,True,24,mouse,known,NC3
7279,ENSMUST00000222098,ENSMUSP00000152412,val,True,24,mouse,known,NC3
7280,ENSMUST00000223502,ENSMUSP00000152439,val,True,24,mouse,known,NC3
7281,ENSMUST00000220816,ENSMUSP00000152444,train,True,24,mouse,known,NC3
7282,ENSMUST00000222711,ENSMUSP00000152451,test,True,24,mouse,known,NC3
7283,ENSMUST00000223396,ENSMUSP00000152454,train,True,24,mouse,known,NC3
7284,ENSMUST00000222759,ENSMUSP00000152458,train,True,24,mouse,known,NC3
7285,ENSMUST00000221919,ENSMUSP00000152501,train,True,24,mouse,known,NC3
7286,ENSMUST00000221515,ENSMUSP00000152526,val,True,24,mouse,known,NC3
7287,ENSMUST00000223211,ENSMUSP00000152558,test,True,24,mouse,known,NC3
7288,ENSMUST00000223272,ENSMUSP00000152564,train,True,24,mouse,known,NC3
7289,ENSMUST00000221397,ENSMUSP00000152599,train,True,24,mouse,known,NC3
7290,ENSMUST00000223166,ENSMUSP00000152616,train,True,24,mouse,known,NC3
7291,ENSMUST00000221150,ENSMUSP00000152617,val,True,24,mouse,known,NC3
7292,ENSMUST00000221357,ENSMUSP00000152664,train,True,24,mouse,known,NC3
7293,ENSMUST00000223282,ENSMUSP00000152709,train,True,24,mouse,known,NC3
7294,ENSMUST00000221753,ENSMUSP00000152727,train,True,24,mouse,known,NC3
7295,ENSMUST00000222544,ENSMUSP00000152730,train,True,24,mouse,known,NC3
7296,ENSMUST00000220578,nan,train,True,24,mouse,known,NC3
7297,ENSMUST00000221817,ENSMUSP00000152790,train,True,24,mouse,known,NC3
7298,ENSMUST00000223120,ENSMUSP00000152802,train,True,24,mouse,known,NC3
7299,ENSMUST00000220688,ENSMUSP00000152813,train,True,24,mouse,known,NC3
7300,ENSMUST00000222695,ENSMUSP00000152821,train,True,24,mouse,known,NC3
7301,ENSMUST00000222783,ENSMUSP00000152848,train,True,24,mouse,known,NC3
7302,ENSMUST00000223585,ENSMUSP00000152954,val,True,24,mouse,known,NC3
7303,ENSMUST00000225653,ENSMUSP00000152987,train,True,24,mouse,known,NC3
7304,ENSMUST00000224916,ENSMUSP00000153019,train,True,24,mouse,known,NC3
7305,ENSMUST00000223761,ENSMUSP00000153045,train,True,24,mouse,known,NC3
7306,ENSMUST00000224188,ENSMUSP00000153064,train,True,24,mouse,known,NC3
7307,ENSMUST00000224797,ENSMUSP00000153076,train,True,24,mouse,known,NC3
7308,ENSMUST00000125447,ENSMUSP00000153121,val,True,24,mouse,known,NC3
7309,ENSMUST00000224503,ENSMUSP00000153168,test,True,24,mouse,known,NC3
7310,ENSMUST00000224528,ENSMUSP00000153172,train,True,24,mouse,known,NC3
7311,ENSMUST00000225661,ENSMUSP00000153183,train,True,24,mouse,known,NC3
7312,ENSMUST00000226110,ENSMUSP00000153217,test,True,24,mouse,known,NC3
7313,ENSMUST00000226068,ENSMUSP00000153225,train,True,24,mouse,known,NC3
7314,ENSMUST00000225843,ENSMUSP00000153249,train,True,24,mouse,known,NC3
7315,ENSMUST00000223736,ENSMUSP00000153328,train,True,24,mouse,known,NC3
7316,ENSMUST00000223728,ENSMUSP00000153329,test,True,24,mouse,known,NC3
7317,ENSMUST00000226042,ENSMUSP00000153340,train,True,24,mouse,known,NC3
7318,ENSMUST00000224765,ENSMUSP00000153348,train,True,24,mouse,known,NC3
7319,ENSMUST00000223934,ENSMUSP00000153364,test,True,24,mouse,known,NC3
7320,ENSMUST00000224905,ENSMUSP00000153367,train,True,24,mouse,known,NC3
7321,ENSMUST00000224366,ENSMUSP00000153403,train,True,24,mouse,known,NC3
7322,ENSMUST00000224047,ENSMUSP00000153428,train,True,24,mouse,known,NC3
7323,ENSMUST00000224497,ENSMUSP00000153436,test,True,24,mouse,known,NC3
7324,ENSMUST00000225357,ENSMUSP00000153443,train,True,24,mouse,known,NC3
7325,ENSMUST00000224947,ENSMUSP00000153467,val,True,24,mouse,known,NC3
7326,ENSMUST00000226057,ENSMUSP00000153568,train,True,24,mouse,known,NC3
7327,ENSMUST00000224056,ENSMUSP00000153585,test,True,24,mouse,known,NC3
7328,ENSMUST00000225815,ENSMUSP00000153621,train,True,24,mouse,known,NC3
7329,ENSMUST00000225413,ENSMUSP00000153632,train,True,24,mouse,known,NC3
7330,ENSMUST00000223999,ENSMUSP00000153659,train,True,24,mouse,known,NC3
7331,ENSMUST00000224679,ENSMUSP00000153681,train,True,24,mouse,known,NC3
7332,ENSMUST00000225240,ENSMUSP00000153687,train,True,24,mouse,known,NC3
7333,ENSMUST00000228797,ENSMUSP00000153734,train,True,24,mouse,known,NC3
7334,ENSMUST00000227756,ENSMUSP00000153753,train,True,24,mouse,known,NC3
7335,ENSMUST00000227986,ENSMUSP00000153786,train,True,24,mouse,known,NC3
7336,ENSMUST00000227049,ENSMUSP00000153882,train,True,24,mouse,known,NC3
7337,ENSMUST00000227791,ENSMUSP00000153954,train,True,24,mouse,known,NC3
7338,ENSMUST00000227863,ENSMUSP00000153992,train,True,24,mouse,known,NC3
7339,ENSMUST00000228187,ENSMUSP00000153993,train,True,24,mouse,known,NC3
7340,ENSMUST00000227556,ENSMUSP00000154020,train,True,24,mouse,known,NC3
7341,ENSMUST00000228050,ENSMUSP00000154043,train,True,24,mouse,known,NC3
7342,ENSMUST00000227723,ENSMUSP00000154061,train,True,24,mouse,known,NC3
7343,ENSMUST00000226630,ENSMUSP00000154158,test,True,24,mouse,known,NC3
7344,ENSMUST00000226829,ENSMUSP00000154183,train,True,24,mouse,known,NC3
7345,ENSMUST00000226563,ENSMUSP00000154206,train,True,24,mouse,known,NC3
7346,ENSMUST00000226414,ENSMUSP00000154293,test,True,24,mouse,known,NC3
7347,ENSMUST00000226485,ENSMUSP00000154304,train,True,24,mouse,known,NC3
7348,ENSMUST00000228226,ENSMUSP00000154320,train,True,24,mouse,known,NC3
7349,ENSMUST00000227745,ENSMUSP00000154338,train,True,24,mouse,known,NC3
7350,ENSMUST00000226459,ENSMUSP00000154390,train,True,24,mouse,known,NC3
7351,ENSMUST00000226435,ENSMUSP00000154419,train,True,24,mouse,known,NC3
7352,ENSMUST00000227591,nan,train,True,24,mouse,known,NC3
7353,ENSMUST00000227096,ENSMUSP00000154475,train,True,24,mouse,known,NC3
7354,ENSMUST00000227843,ENSMUSP00000154478,train,True,24,mouse,known,NC3
7355,ENSMUST00000226586,ENSMUSP00000154535,train,True,24,mouse,known,NC3
7356,ENSMUST00000146497,ENSMUSP00000154557,test,True,24,mouse,known,NC3
7357,ENSMUST00000228371,ENSMUSP00000154638,val,True,24,mouse,known,NC3
7358,ENSMUST00000228538,ENSMUSP00000154677,train,True,24,mouse,known,NC3
7359,ENSMUST00000228736,ENSMUSP00000154732,train,True,24,mouse,known,NC3
7360,ENSMUST00000227536,ENSMUSP00000154737,train,True,24,mouse,known,NC3
7361,ENSMUST00000226244,ENSMUSP00000154749,train,True,24,mouse,known,NC3
7362,ENSMUST00000226208,ENSMUSP00000154782,train,True,24,mouse,known,NC3
7363,ENSMUST00000227173,ENSMUSP00000154811,train,True,24,mouse,known,NC3
7364,ENSMUST00000229130,ENSMUSP00000154850,train,True,24,mouse,known,NC3
7365,ENSMUST00000094769,ENSMUSP00000154851,train,True,24,mouse,known,NC3
7366,ENSMUST00000229028,ENSMUSP00000154853,train,True,24,mouse,known,NC3
7367,ENSMUST00000230542,ENSMUSP00000155089,train,True,24,mouse,known,NC3
7368,ENSMUST00000229641,ENSMUSP00000155139,train,True,24,mouse,known,NC3
7369,ENSMUST00000230931,ENSMUSP00000155142,train,True,24,mouse,known,NC3
7370,ENSMUST00000228977,ENSMUSP00000155150,train,True,24,mouse,known,NC3
7371,ENSMUST00000230641,ENSMUSP00000155178,test,True,24,mouse,known,NC3
7372,ENSMUST00000229884,ENSMUSP00000155241,val,True,24,mouse,known,NC3
7373,ENSMUST00000229963,ENSMUSP00000155269,test,True,24,mouse,known,NC3
7374,ENSMUST00000229739,ENSMUSP00000155371,train,True,24,mouse,known,NC3
7375,ENSMUST00000230067,ENSMUSP00000155398,train,True,24,mouse,known,NC3
7376,ENSMUST00000230022,ENSMUSP00000155429,test,True,24,mouse,known,NC3
7377,ENSMUST00000230490,ENSMUSP00000155514,train,True,24,mouse,known,NC3
7378,ENSMUST00000231074,ENSMUSP00000155552,test,True,24,mouse,known,NC3
7379,ENSMUST00000229679,ENSMUSP00000155553,train,True,24,mouse,known,NC3
7380,ENSMUST00000230828,ENSMUSP00000155554,train,True,24,mouse,known,NC3
7381,ENSMUST00000229581,ENSMUSP00000155581,train,True,24,mouse,known,NC3
7382,ENSMUST00000229371,ENSMUSP00000155594,train,True,24,mouse,known,NC3
7383,ENSMUST00000230411,ENSMUSP00000155656,train,True,24,mouse,known,NC3
7384,ENSMUST00000230445,ENSMUSP00000155809,val,True,24,mouse,known,NC3
7385,ENSMUST00000230171,ENSMUSP00000155833,train,True,24,mouse,known,NC3
7386,ENSMUST00000232372,ENSMUSP00000155880,train,True,24,mouse,known,NC3
7387,ENSMUST00000231375,ENSMUSP00000155882,train,True,24,mouse,known,NC3
7388,ENSMUST00000232013,ENSMUSP00000155886,train,True,24,mouse,known,NC3
7389,ENSMUST00000232289,ENSMUSP00000156002,val,True,24,mouse,known,NC3
7390,ENSMUST00000231720,ENSMUSP00000156010,train,True,24,mouse,known,NC3
7391,ENSMUST00000231567,ENSMUSP00000156021,test,True,24,mouse,known,NC3
7392,ENSMUST00000172910,ENSMUSP00000156047,train,True,24,mouse,known,NC3
7393,ENSMUST00000232232,ENSMUSP00000156049,train,True,24,mouse,known,NC3
7394,ENSMUST00000229010,ENSMUSP00000156077,train,True,24,mouse,known,NC3
7395,ENSMUST00000232180,ENSMUSP00000156119,train,True,24,mouse,known,NC3
7396,ENSMUST00000232660,ENSMUSP00000156151,train,True,24,mouse,known,NC3
7397,ENSMUST00000232611,ENSMUSP00000156154,train,True,24,mouse,known,NC3
7398,ENSMUST00000231579,ENSMUSP00000156217,train,True,24,mouse,known,NC3
7399,ENSMUST00000231622,ENSMUSP00000156279,train,True,24,mouse,known,NC3
7400,ENSMUST00000231956,ENSMUSP00000156292,train,True,24,mouse,known,NC3
7401,ENSMUST00000231825,ENSMUSP00000156327,train,True,24,mouse,known,NC3
7402,ENSMUST00000232179,ENSMUSP00000156344,train,True,24,mouse,known,NC3
7403,ENSMUST00000126215,ENSMUSP00000156386,train,True,24,mouse,known,NC3
7404,ENSMUST00000233122,ENSMUSP00000156475,test,True,24,mouse,known,NC3
7405,ENSMUST00000233988,ENSMUSP00000156500,train,True,24,mouse,known,NC3
7406,ENSMUST00000233210,ENSMUSP00000156501,train,True,24,mouse,known,NC3
7407,ENSMUST00000233645,ENSMUSP00000156511,test,True,24,mouse,known,NC3
7408,ENSMUST00000232918,ENSMUSP00000156524,train,True,24,mouse,known,NC3
7409,ENSMUST00000233974,ENSMUSP00000156564,train,True,24,mouse,known,NC3
7410,ENSMUST00000233929,ENSMUSP00000156580,train,True,24,mouse,known,NC3
7411,ENSMUST00000233319,ENSMUSP00000156588,train,True,24,mouse,known,NC3
7412,ENSMUST00000233417,ENSMUSP00000156594,train,True,24,mouse,known,NC3
7413,ENSMUST00000233027,ENSMUSP00000156605,test,True,24,mouse,known,NC3
7414,ENSMUST00000233514,ENSMUSP00000156607,train,True,24,mouse,known,NC3
7415,ENSMUST00000233136,ENSMUSP00000156646,train,True,24,mouse,known,NC3
7416,ENSMUST00000233067,ENSMUSP00000156651,train,True,24,mouse,known,NC3
7417,ENSMUST00000233192,ENSMUSP00000156664,train,True,24,mouse,known,NC3
7418,ENSMUST00000232836,ENSMUSP00000156711,train,True,24,mouse,known,NC3
7419,ENSMUST00000233004,ENSMUSP00000156763,train,True,24,mouse,known,NC3
7420,ENSMUST00000233581,ENSMUSP00000156795,train,True,24,mouse,known,NC3
7421,ENSMUST00000233263,ENSMUSP00000156800,train,True,24,mouse,known,NC3
7422,ENSMUST00000233513,nan,train,True,24,mouse,known,NC3
7423,ENSMUST00000232762,ENSMUSP00000156895,train,True,24,mouse,known,NC3
7424,ENSMUST00000233568,ENSMUSP00000156910,val,True,24,mouse,known,NC3
7425,ENSMUST00000234266,ENSMUSP00000157109,test,True,24,mouse,known,NC3
7426,ENSMUST00000235017,ENSMUSP00000157127,train,True,24,mouse,known,NC3
7427,ENSMUST00000234686,ENSMUSP00000157137,train,True,24,mouse,known,NC3
7428,ENSMUST00000234956,ENSMUSP00000157172,train,True,24,mouse,known,NC3
7429,ENSMUST00000234626,ENSMUSP00000157198,train,True,24,mouse,known,NC3
7430,ENSMUST00000234377,ENSMUSP00000157214,train,True,24,mouse,known,NC3
7431,ENSMUST00000234654,ENSMUSP00000157216,val,True,24,mouse,known,NC3
7432,ENSMUST00000234304,ENSMUSP00000157291,train,True,24,mouse,known,NC3
7433,ENSMUST00000234153,ENSMUSP00000157313,test,True,24,mouse,known,NC3
7434,ENSMUST00000234197,ENSMUSP00000157329,val,True,24,mouse,known,NC3
7435,ENSMUST00000234554,ENSMUSP00000157362,train,True,24,mouse,known,NC3
7436,ENSMUST00000237400,ENSMUSP00000157402,train,True,24,mouse,known,NC3
7437,ENSMUST00000237111,ENSMUSP00000157473,train,True,24,mouse,known,NC3
7438,ENSMUST00000236978,ENSMUSP00000157476,test,True,24,mouse,known,NC3
7439,ENSMUST00000237201,ENSMUSP00000157487,train,True,24,mouse,known,NC3
7440,ENSMUST00000235400,ENSMUSP00000157519,train,True,24,mouse,known,NC3
7441,ENSMUST00000237896,ENSMUSP00000157521,train,True,24,mouse,known,NC3
7442,ENSMUST00000235222,ENSMUSP00000157533,train,True,24,mouse,known,NC3
7443,ENSMUST00000237529,ENSMUSP00000157540,train,True,24,mouse,known,NC3
7444,ENSMUST00000237439,ENSMUSP00000157547,train,True,24,mouse,known,NC3
7445,ENSMUST00000236232,ENSMUSP00000157594,train,True,24,mouse,known,NC3
7446,ENSMUST00000238003,ENSMUSP00000157653,train,True,24,mouse,known,NC3
7447,ENSMUST00000235680,ENSMUSP00000157654,train,True,24,mouse,known,NC3
7448,ENSMUST00000236421,ENSMUSP00000157657,val,True,24,mouse,known,NC3
7449,ENSMUST00000236953,ENSMUSP00000157661,val,True,24,mouse,known,NC3
7450,ENSMUST00000235957,ENSMUSP00000157722,test,True,24,mouse,known,NC3
7451,ENSMUST00000235575,ENSMUSP00000157737,train,True,24,mouse,known,NC3
7452,ENSMUST00000236218,ENSMUSP00000157762,val,True,24,mouse,known,NC3
7453,ENSMUST00000237759,ENSMUSP00000157769,train,True,24,mouse,known,NC3
7454,ENSMUST00000236011,ENSMUSP00000157772,val,True,24,mouse,known,NC3
7455,ENSMUST00000237333,ENSMUSP00000157782,train,True,24,mouse,known,NC3
7456,ENSMUST00000236586,ENSMUSP00000157791,test,True,24,mouse,known,NC3
7457,ENSMUST00000235307,nan,train,True,24,mouse,known,NC3
7458,ENSMUST00000237840,ENSMUSP00000157878,train,True,24,mouse,known,NC3
7459,ENSMUST00000236547,ENSMUSP00000157943,train,True,24,mouse,known,NC3
7460,ENSMUST00000237142,ENSMUSP00000157960,train,True,24,mouse,known,NC3
7461,ENSMUST00000235847,ENSMUSP00000158029,train,True,24,mouse,known,NC3
7462,ENSMUST00000236240,ENSMUSP00000158063,val,True,24,mouse,known,NC3
7463,ENSMUST00000236950,ENSMUSP00000158068,train,True,24,mouse,known,NC3
7464,ENSMUST00000235966,ENSMUSP00000158138,train,True,24,mouse,known,NC3
7465,ENSMUST00000237880,ENSMUSP00000158175,train,True,24,mouse,known,NC3
7466,ENSMUST00000237651,ENSMUSP00000158187,val,True,24,mouse,known,NC3
7467,ENSMUST00000236216,ENSMUSP00000158214,val,True,24,mouse,known,NC3
7468,ENSMUST00000237095,ENSMUSP00000158258,train,True,24,mouse,known,NC3
7469,ENSMUST00000236898,ENSMUSP00000158272,train,True,24,mouse,known,NC3
7470,ENSMUST00000237602,ENSMUSP00000158288,val,True,24,mouse,known,NC3
7471,ENSMUST00000235280,ENSMUSP00000158305,test,True,24,mouse,known,NC3
7472,ENSMUST00000236737,ENSMUSP00000158316,train,True,24,mouse,known,NC3
7473,ENSMUST00000237871,ENSMUSP00000158318,test,True,24,mouse,known,NC3
7474,ENSMUST00000237749,ENSMUSP00000158345,train,True,24,mouse,known,NC3
7475,ENSMUST00000237224,ENSMUSP00000158368,train,True,24,mouse,known,NC3
7476,ENSMUST00000235864,ENSMUSP00000158380,train,True,24,mouse,known,NC3
7477,ENSMUST00000237478,ENSMUSP00000158417,val,True,24,mouse,known,NC3
7478,ENSMUST00000155639,ENSMUSP00000158448,train,True,24,mouse,known,NC3
7479,ENSMUST00000237386,ENSMUSP00000158457,train,True,24,mouse,known,NC3
7480,ENSMUST00000236794,ENSMUSP00000158486,train,True,24,mouse,known,NC3
7481,ENSMUST00000236866,ENSMUSP00000158495,train,True,24,mouse,known,NC3
7482,ENSMUST00000235927,ENSMUSP00000158500,train,True,24,mouse,known,NC3
7483,ENSMUST00000236170,ENSMUSP00000158514,train,True,24,mouse,known,NC3
7484,ENSMUST00000235196,ENSMUSP00000158539,val,True,24,mouse,known,NC3
7485,ENSMUST00000238785,ENSMUSP00000158661,train,True,24,mouse,known,NC3
7486,ENSMUST00000201125,ENSMUSP00000158679,train,True,24,mouse,known,NC3
7487,ENSMUST00000238443,ENSMUSP00000158699,train,True,24,mouse,known,NC3
7488,ENSMUST00000238398,ENSMUSP00000158715,train,True,24,mouse,known,NC3
7489,ENSMUST00000238680,ENSMUSP00000158717,train,True,24,mouse,known,NC3
7490,ENSMUST00000238684,ENSMUSP00000158745,train,True,24,mouse,known,NC3
7491,ENSMUST00000204139,ENSMUSP00000158746,train,True,24,mouse,known,NC3
7492,ENSMUST00000238335,ENSMUSP00000158761,test,True,24,mouse,known,NC3
7493,ENSMUST00000238412,ENSMUSP00000158787,train,True,24,mouse,known,NC3
7494,ENSMUST00000238280,ENSMUSP00000158804,train,True,24,mouse,known,NC3
7495,ENSMUST00000238526,ENSMUSP00000158805,train,True,24,mouse,known,NC3
7496,ENSMUST00000238623,nan,train,True,24,mouse,known,NC3
7497,ENSMUST00000238718,ENSMUSP00000158823,train,True,24,mouse,known,NC3
7498,ENSMUST00000238715,ENSMUSP00000158839,train,True,24,mouse,known,NC3
7499,ENSMUST00000238520,ENSMUSP00000158842,val,True,24,mouse,known,NC3
7500,ENSMUST00000238313,ENSMUSP00000158845,test,True,24,mouse,known,NC3
7501,ENSMUST00000239011,ENSMUSP00000158869,train,True,24,mouse,known,NC3
7502,ENSMUST00000239095,ENSMUSP00000158872,val,True,24,mouse,known,NC3
7503,ENSMUST00000239112,ENSMUSP00000158885,test,True,24,mouse,known,NC3
7504,ENSMUST00000238991,ENSMUSP00000158895,train,True,24,mouse,known,NC3
7505,ENSMUST00000239041,ENSMUSP00000158896,train,True,24,mouse,known,NC3
7506,ENSMUST00000238856,ENSMUSP00000158905,train,True,24,mouse,known,NC3
7507,ENSMUST00000238800,ENSMUSP00000158916,train,True,24,mouse,known,NC3
7508,ENSMUST00000239111,ENSMUSP00000158940,val,True,24,mouse,known,NC3
7509,ENSMUST00000238956,ENSMUSP00000158941,train,True,24,mouse,known,NC3
7510,ENSMUST00000238953,ENSMUSP00000158947,train,True,24,mouse,known,NC3
7511,ENSMUST00000239115,ENSMUSP00000158953,test,True,24,mouse,known,NC3
7512,ENSMUST00000239102,ENSMUSP00000158969,train,True,24,mouse,known,NC3
7513,ENSMUST00000239025,ENSMUSP00000158992,train,True,24,mouse,known,NC3
7514,ENSMUST00000239073,ENSMUSP00000159017,train,True,24,mouse,known,NC3
7515,ENSMUST00000239083,ENSMUSP00000159019,train,True,24,mouse,known,NC3
7516,ENSMUST00000239015,ENSMUSP00000159045,train,True,24,mouse,known,NC3
7517,ENSMUST00000239159,ENSMUSP00000159056,train,True,24,mouse,known,NC3
7518,ENSMUST00000239066,ENSMUSP00000159060,train,True,24,mouse,known,NC3
7519,ENSMUST00000238832,ENSMUSP00000159089,train,True,24,mouse,known,NC3
7520,ENSMUST00000238849,ENSMUSP00000159109,train,True,24,mouse,known,NC3
7521,ENSMUST00000239113,ENSMUSP00000159121,train,True,24,mouse,known,NC3
7522,ENSMUST00000238968,ENSMUSP00000159123,test,True,24,mouse,known,NC3
7523,ENSMUST00000239104,ENSMUSP00000159154,train,True,24,mouse,known,NC3
7524,ENSMUST00000238792,ENSMUSP00000159171,val,True,24,mouse,known,NC3
7525,ENSMUST00000239146,ENSMUSP00000159174,train,True,24,mouse,known,NC3
7526,ENSMUST00000239299,ENSMUSP00000159201,train,True,24,mouse,known,NC3
7527,ENSMUST00000239351,ENSMUSP00000159204,train,True,24,mouse,known,NC3
7528,ENSMUST00000239259,ENSMUSP00000159216,train,True,24,mouse,known,NC3
7529,ENSMUST00000239037,ENSMUSP00000159217,val,True,24,mouse,known,NC3
7530,ENSMUST00000239323,ENSMUSP00000159226,train,True,24,mouse,known,NC3
7531,ENSMUST00000239217,ENSMUSP00000159235,train,True,24,mouse,known,NC3
7532,ENSMUST00000239186,ENSMUSP00000159250,test,True,24,mouse,known,NC3
7533,ENSMUST00000239215,ENSMUSP00000159274,train,True,24,mouse,known,NC3
7534,ENSMUST00000239436,ENSMUSP00000159294,test,True,24,mouse,known,NC3
7535,ENSMUST00000239402,ENSMUSP00000159304,train,True,24,mouse,known,NC3
7536,ENSMUST00000239462,ENSMUSP00000159306,val,True,24,mouse,known,NC3
7537,ENSMUST00000239459,ENSMUSP00000159310,train,True,24,mouse,known,NC3
7538,ENSMUST00000239410,ENSMUSP00000159311,train,True,24,mouse,known,NC3
7539,ENSMUST00000239401,ENSMUSP00000159326,train,True,24,mouse,known,NC3
7540,ENSMUST00000239452,ENSMUSP00000159336,train,True,24,mouse,known,NC3
7541,ENSMUST00000239423,ENSMUSP00000159338,val,True,24,mouse,known,NC3
7542,ENSMUST00000239474,ENSMUSP00000159347,val,True,24,mouse,known,NC3
7543,ENSMUST00000239473,ENSMUSP00000159350,val,True,24,mouse,known,NC3
7544,ENSMUST00000239403,ENSMUSP00000159351,val,True,24,mouse,known,NC3
7545,ENSMUST00000239407,ENSMUSP00000159356,train,True,24,mouse,known,NC3
7546,ENSMUST00000239399,ENSMUSP00000159364,train,True,24,mouse,known,NC3
7547,ENSMUST00000239496,ENSMUSP00000159366,train,True,24,mouse,known,NC3
7548,ENSMUST00000239432,ENSMUSP00000159368,train,True,24,mouse,known,NC3
7549,ENSMUST00000239450,ENSMUSP00000159373,train,True,24,mouse,known,NC3
7550,ENSMUST00000239395,ENSMUSP00000159378,train,True,24,mouse,known,NC3
7551,ENSMUST00000239506,ENSMUSP00000159384,train,True,24,mouse,known,NC3
7552,ENSMUST00000201414,ENSMUSP00000159385,train,True,24,mouse,known,NC3
7553,ENSMUST00000239509,ENSMUSP00000159387,train,True,24,mouse,known,NC3
7554,ENSMUST00000111461,ENSMUSP00000159390,val,True,24,mouse,known,NC3
7555,ENSMUST00000239513,ENSMUSP00000159392,train,True,24,mouse,known,NC3
7556,ENSMUST00000222087,ENSMUSP00000159394,train,True,24,mouse,known,NC3
7557,ENSMUST00000239525,ENSMUSP00000159404,train,True,24,mouse,known,NC3
7558,ENSMUST00000190591,ENSMUSP00000159405,train,True,24,mouse,known,NC3
7559,ENSMUST00000190080,ENSMUSP00000159410,train,True,24,mouse,known,NC3
7560,ENSMUST00000239527,ENSMUSP00000159422,test,True,24,mouse,known,NC3
7561,ENSMUST00000239534,ENSMUSP00000159426,train,True,24,mouse,known,NC3
7562,ENSMUST00000240539,ENSMUSP00000159471,train,True,24,mouse,known,NC3
7563,ENSMUST00000240553,ENSMUSP00000159495,train,True,24,mouse,known,NC3
7564,ENSMUST00000247843,ENSMUSP00000159529,test,True,24,mouse,known,NC3
7565,ENSMUST00000247844,ENSMUSP00000159530,train,True,24,mouse,known,NC3
7566,ENSMUST00000247847,ENSMUSP00000159533,val,True,24,mouse,known,NC3
7567,ENSMUST00000247848,ENSMUSP00000159534,test,True,24,mouse,known,NC3
7568,ENSMUST00000247866,ENSMUSP00000159536,test,True,24,mouse,known,NC3
7569,ENSMUST00000247867,ENSMUSP00000159537,train,True,24,mouse,known,NC3
7570,ENSMUST00000248112,ENSMUSP00000159541,train,True,24,mouse,known,NC3
7571,ENSMUST00000249247,ENSMUSP00000159627,train,True,24,mouse,known,NC3
7572,ENSMUST00000249256,ENSMUSP00000159636,train,True,24,mouse,known,NC3
7573,ENSMUST00000249403,ENSMUSP00000159753,train,True,24,mouse,known,NC3
7574,ENSMUST00000249431,ENSMUSP00000159757,train,True,24,mouse,known,NC3
7575,ENSMUST00000249436,ENSMUSP00000159761,train,True,24,mouse,known,NC3
7576,ENSMUST00000249455,nan,train,True,24,mouse,known,NC3
7577,ENSMUST00000249458,ENSMUSP00000159765,train,True,24,mouse,known,NC3
7578,ENSMUST00000249591,ENSMUSP00000159801,test,True,24,mouse,known,NC3
7579,ENSMUST00000249594,ENSMUSP00000159803,test,True,24,mouse,known,NC3
7580,ENSMUST00000249596,ENSMUSP00000159805,test,True,24,mouse,known,NC3
7581,ENSMUST00000249615,ENSMUSP00000159824,train,True,24,mouse,known,NC3
7582,ENSMUST00000249616,ENSMUSP00000159825,train,True,24,mouse,known,NC3
7583,ENSMUST00000249617,ENSMUSP00000159826,test,True,24,mouse,known,NC3
7584,ENSMUST00000249619,ENSMUSP00000159828,train,True,24,mouse,known,NC3
7585,ENSMUST00000249620,ENSMUSP00000159829,train,True,24,mouse,known,NC3
7586,ENSMUST00000249621,ENSMUSP00000159830,train,True,24,mouse,known,NC3
7587,ENSMUST00000204242,ENSMUSP00000159836,train,True,24,mouse,known,NC3
7588,ENSMUST00000249658,ENSMUSP00000159837,val,True,24,mouse,known,NC3
7589,ENSMUST00000249666,ENSMUSP00000159845,val,True,24,mouse,known,NC3
7590,ENSMUST00000249673,ENSMUSP00000159851,test,True,24,mouse,known,NC3
7591,ENSMUST00000249697,ENSMUSP00000159871,train,True,24,mouse,known,NC3
7592,ENSMUST00000249837,ENSMUSP00000159941,train,True,24,mouse,known,NC3
7593,ENSMUST00010181659,ENSMUSP00001091656,train,True,24,mouse,known,NC3
