node_index,transcript_id,protein_id,split,is_labeled,seed,species,task,target_column
0,ENST00000000233,ENSP00000000233.5,train,True,8,human,known,NC3
1,ENST00000000412,ENSP00000000412.3,test,True,8,human,known,NC3
2,ENST00000001008,ENSP00000001008.4,test,True,8,human,known,NC3
3,ENST00000002125,ENSP00000002125.4,train,True,8,human,known,NC3
4,ENST00000002165,ENSP00000002165.5,train,True,8,human,known,NC3
5,ENST00000004531,ENSP00000004531.10,train,True,8,human,known,NC3
6,ENST00000005178,ENSP00000005178.5,train,True,8,human,known,NC3
7,ENST00000005257,ENSP00000005257.2,train,True,8,human,known,NC3
8,ENST00000005260,ENSP00000005260.8,train,True,8,human,known,NC3
9,ENST00000005286,ENSP00000005286.4,test,True,8,human,known,NC3
10,ENST00000005340,ENSP00000005340.4,train,True,8,human,known,NC3
11,ENST00000005386,ENSP00000005386.3,train,True,8,human,known,NC3
12,ENST00000005558,ENSP00000005558.4,train,True,8,human,known,NC3
13,ENST00000006015,ENSP00000006015.3,train,True,8,human,known,NC3
14,ENST00000006275,ENSP00000006275.3,test,True,8,human,known,NC3
15,ENST00000348227,ENSP00000006526.6,train,True,8,human,known,NC3
16,ENST00000006777,ENSP00000006777.6,train,True,8,human,known,NC3
17,ENST00000007264,ENSP00000007264.2,train,True,8,human,known,NC3
18,ENST00000007390,ENSP00000007390.2,train,True,8,human,known,NC3
19,ENST00000007516,ENSP00000007516.2,val,True,8,human,known,NC3
20,ENST00000008391,nan,train,True,8,human,known,NC3
21,ENST00000009041,ENSP00000009041.7,train,True,8,human,known,NC3
22,ENST00000010299,ENSP00000010299.6,test,True,8,human,known,NC3
23,ENST00000011619,ENSP00000011619.3,train,True,8,human,known,NC3
24,ENST00000011691,ENSP00000011691.4,train,True,8,human,known,NC3
25,ENST00000012049,ENSP00000012049.4,train,True,8,human,known,NC3
26,ENST00000012443,ENSP00000012443.4,train,True,8,human,known,NC3
27,ENST00000013034,ENSP00000013034.3,train,True,8,human,known,NC3
28,ENST00000013125,ENSP00000013125.5,train,True,8,human,known,NC3
29,ENST00000014930,ENSP00000014930.4,train,True,8,human,known,NC3
30,ENST00000016171,ENSP00000016171.6,train,True,8,human,known,NC3
31,ENST00000017003,ENSP00000017003.2,train,True,8,human,known,NC3
32,ENST00000022615,ENSP00000022615.4,test,True,8,human,known,NC3
33,ENST00000023939,ENSP00000023939.5,train,True,8,human,known,NC3
34,ENST00000025008,ENSP00000025008.5,train,True,8,human,known,NC3
35,ENST00000025301,ENSP00000025301.2,train,True,8,human,known,NC3
36,ENST00000025399,ENSP00000025399.6,train,True,8,human,known,NC3
37,ENST00000037243,ENSP00000037243.2,train,True,8,human,known,NC3
38,ENST00000040663,ENSP00000040663.5,train,True,8,human,known,NC3
39,ENST00000040877,ENSP00000040877.1,train,True,8,human,known,NC3
40,ENST00000053468,ENSP00000053468.3,train,True,8,human,known,NC3
41,ENST00000053867,ENSP00000053867.2,train,True,8,human,known,NC3
42,ENST00000054666,ENSP00000054666.6,train,True,8,human,known,NC3
43,ENST00000054950,ENSP00000054950.4,train,True,8,human,known,NC3
44,ENST00000055077,ENSP00000055077.3,test,True,8,human,known,NC3
45,ENST00000060969,ENSP00000060969.6,train,True,8,human,known,NC3
46,ENST00000064778,ENSP00000064778.4,train,True,8,human,known,NC3
47,ENST00000070846,ENSP00000070846.6,test,True,8,human,known,NC3
48,ENST00000072644,ENSP00000072644.1,val,True,8,human,known,NC3
49,ENST00000078429,ENSP00000078429.3,train,True,8,human,known,NC3
50,ENST00000081029,ENSP00000081029.3,train,True,8,human,known,NC3
51,ENST00000084795,ENSP00000084795.5,test,True,8,human,known,NC3
52,ENST00000085068,ENSP00000085068.2,train,True,8,human,known,NC3
53,ENST00000156109,ENSP00000156109.5,train,True,8,human,known,NC3
54,ENST00000156471,ENSP00000156471.5,val,True,8,human,known,NC3
55,ENST00000157600,ENSP00000157600.3,val,True,8,human,known,NC3
56,ENST00000157812,ENSP00000157812.1,test,True,8,human,known,NC3
57,ENST00000158771,ENSP00000158771.4,train,True,8,human,known,NC3
58,ENST00000160298,ENSP00000160298.3,test,True,8,human,known,NC3
59,ENST00000160827,ENSP00000160827.5,train,True,8,human,known,NC3
60,ENST00000161863,ENSP00000161863.4,val,True,8,human,known,NC3
61,ENST00000162044,ENSP00000162044.7,train,True,8,human,known,NC3
62,ENST00000163416,ENSP00000163416.2,val,True,8,human,known,NC3
63,ENST00000164133,ENSP00000164133.2,val,True,8,human,known,NC3
64,ENST00000164139,ENSP00000164139.3,train,True,8,human,known,NC3
65,ENST00000166345,ENSP00000166345.3,train,True,8,human,known,NC3
66,ENST00000167586,nan,train,True,8,human,known,NC3
67,ENST00000168216,ENSP00000168216.6,val,True,8,human,known,NC3
68,ENST00000169551,ENSP00000169551.6,train,True,8,human,known,NC3
69,ENST00000170168,ENSP00000170168.3,train,True,8,human,known,NC3
70,ENST00000170564,ENSP00000170564.1,train,True,8,human,known,NC3
71,ENST00000171111,ENSP00000171111.4,train,True,8,human,known,NC3
72,ENST00000172229,ENSP00000172229.3,train,True,8,human,known,NC3
73,ENST00000173527,ENSP00000173527.5,train,True,8,human,known,NC3
74,ENST00000173898,ENSP00000173898.7,test,True,8,human,known,NC3
75,ENST00000174618,ENSP00000174618.4,test,True,8,human,known,NC3
76,ENST00000175091,ENSP00000175091.4,train,True,8,human,known,NC3
77,ENST00000176763,ENSP00000176763.5,val,True,8,human,known,NC3
78,ENST00000177742,ENSP00000177742.3,train,True,8,human,known,NC3
79,ENST00000178640,ENSP00000178640.5,train,True,8,human,known,NC3
80,ENST00000179259,ENSP00000179259.4,train,True,8,human,known,NC3
81,ENST00000181796,ENSP00000181796.2,train,True,8,human,known,NC3
82,ENST00000182377,ENSP00000182377.4,train,True,8,human,known,NC3
83,ENST00000184266,ENSP00000184266.2,val,True,8,human,known,NC3
84,ENST00000184956,ENSP00000184956.5,test,True,8,human,known,NC3
85,ENST00000185150,ENSP00000185150.4,train,True,8,human,known,NC3
86,ENST00000188312,ENSP00000188312.2,val,True,8,human,known,NC3
87,ENST00000192788,ENSP00000192788.5,val,True,8,human,known,NC3
88,ENST00000194214,ENSP00000194214.5,train,True,8,human,known,NC3
89,ENST00000194900,ENSP00000194900.4,train,True,8,human,known,NC3
90,ENST00000196061,ENSP00000196061.4,train,True,8,human,known,NC3
91,ENST00000196371,ENSP00000196371.5,test,True,8,human,known,NC3
92,ENST00000196482,ENSP00000196482.3,train,True,8,human,known,NC3
93,ENST00000197268,ENSP00000197268.8,train,True,8,human,known,NC3
94,ENST00000198767,ENSP00000198767.7,train,True,8,human,known,NC3
95,ENST00000198939,ENSP00000198939.6,train,True,8,human,known,NC3
96,ENST00000199389,ENSP00000199389.6,train,True,8,human,known,NC3
97,ENST00000199448,ENSP00000199448.4,val,True,8,human,known,NC3
98,ENST00000199814,ENSP00000199814.4,test,True,8,human,known,NC3
99,ENST00000200135,ENSP00000200135.3,test,True,8,human,known,NC3
100,ENST00000200457,ENSP00000200457.4,train,True,8,human,known,NC3
101,ENST00000202017,ENSP00000202017.4,train,True,8,human,known,NC3
102,ENST00000202028,ENSP00000202028.5,test,True,8,human,known,NC3
103,ENST00000202556,ENSP00000202556.9,train,True,8,human,known,NC3
104,ENST00000202677,ENSP00000202677.6,train,True,8,human,known,NC3
105,ENST00000202816,ENSP00000202816.1,train,True,8,human,known,NC3
106,ENST00000203001,ENSP00000203001.2,train,True,8,human,known,NC3
107,ENST00000203407,ENSP00000203407.5,train,True,8,human,known,NC3
108,ENST00000203556,ENSP00000203556.3,train,True,8,human,known,NC3
109,ENST00000203664,ENSP00000203664.5,train,True,8,human,known,NC3
110,ENST00000204517,ENSP00000204517.6,train,True,8,human,known,NC3
111,ENST00000204961,ENSP00000204961.4,train,True,8,human,known,NC3
112,ENST00000205061,ENSP00000205061.5,train,True,8,human,known,NC3
113,ENST00000205194,ENSP00000205194.3,train,True,8,human,known,NC3
114,ENST00000205214,ENSP00000205214.6,test,True,8,human,known,NC3
115,ENST00000205948,nan,train,True,8,human,known,NC3
116,ENST00000206020,ENSP00000206020.3,test,True,8,human,known,NC3
117,ENST00000206474,ENSP00000206474.7,val,True,8,human,known,NC3
118,ENST00000206542,ENSP00000206542.4,train,True,8,human,known,NC3
119,ENST00000207870,ENSP00000207870.3,val,True,8,human,known,NC3
120,ENST00000209884,ENSP00000209884.4,train,True,8,human,known,NC3
121,ENST00000210060,ENSP00000210060.6,train,True,8,human,known,NC3
122,ENST00000210313,ENSP00000210313.2,train,True,8,human,known,NC3
123,ENST00000210444,ENSP00000210444.5,train,True,8,human,known,NC3
124,ENST00000211998,ENSP00000211998.5,val,True,8,human,known,NC3
125,ENST00000212015,ENSP00000212015.6,train,True,8,human,known,NC3
126,ENST00000214869,ENSP00000214869.1,test,True,8,human,known,NC3
127,ENST00000215565,ENSP00000215565.1,train,True,8,human,known,NC3
128,ENST00000215567,ENSP00000215567.4,train,True,8,human,known,NC3
129,ENST00000215570,ENSP00000215570.2,train,True,8,human,known,NC3
130,ENST00000215574,ENSP00000215574.2,train,True,8,human,known,NC3
131,ENST00000215659,ENSP00000215659.8,train,True,8,human,known,NC3
132,ENST00000215730,ENSP00000215730.6,val,True,8,human,known,NC3
133,ENST00000350608,ENSP00000215773.4,train,True,8,human,known,NC3
134,ENST00000215793,ENSP00000215793.7,train,True,8,human,known,NC3
135,ENST00000215829,ENSP00000215829.3,train,True,8,human,known,NC3
136,ENST00000215832,ENSP00000215832.7,train,True,8,human,known,NC3
137,ENST00000215882,ENSP00000215882.5,train,True,8,human,known,NC3
138,ENST00000215904,ENSP00000215904.6,train,True,8,human,known,NC3
139,ENST00000215909,ENSP00000215909.5,test,True,8,human,known,NC3
140,ENST00000215941,ENSP00000215941.4,test,True,8,human,known,NC3
141,ENST00000215980,ENSP00000215980.5,train,True,8,human,known,NC3
142,ENST00000216027,ENSP00000216027.3,train,True,8,human,known,NC3
143,ENST00000216034,ENSP00000216034.4,train,True,8,human,known,NC3
144,ENST00000216038,ENSP00000216038.5,train,True,8,human,known,NC3
145,ENST00000216044,ENSP00000216044.5,train,True,8,human,known,NC3
146,ENST00000216061,ENSP00000216061.5,train,True,8,human,known,NC3
147,ENST00000216068,ENSP00000216068.4,train,True,8,human,known,NC3
148,ENST00000216106,ENSP00000216106.5,val,True,8,human,known,NC3
149,ENST00000216117,ENSP00000216117.8,train,True,8,human,known,NC3
150,ENST00000216121,ENSP00000216121.7,train,True,8,human,known,NC3
151,ENST00000216122,ENSP00000216122.3,train,True,8,human,known,NC3
152,ENST00000216129,ENSP00000216129.6,train,True,8,human,known,NC3
153,ENST00000216160,ENSP00000216160.6,val,True,8,human,known,NC3
154,ENST00000216185,ENSP00000216185.2,test,True,8,human,known,NC3
155,ENST00000216218,ENSP00000216218.3,train,True,8,human,known,NC3
156,ENST00000216225,ENSP00000216225.8,train,True,8,human,known,NC3
157,ENST00000216237,ENSP00000216237.5,train,True,8,human,known,NC3
158,ENST00000216252,ENSP00000216252.3,train,True,8,human,known,NC3
159,ENST00000216259,ENSP00000216259.7,train,True,8,human,known,NC3
160,ENST00000216268,ENSP00000216268.4,train,True,8,human,known,NC3
161,ENST00000216277,ENSP00000216277.8,test,True,8,human,known,NC3
162,ENST00000216294,ENSP00000216294.4,test,True,8,human,known,NC3
163,ENST00000216297,ENSP00000216297.2,train,True,8,human,known,NC3
164,ENST00000216330,ENSP00000216330.3,train,True,8,human,known,NC3
165,ENST00000216367,ENSP00000216367.5,val,True,8,human,known,NC3
166,ENST00000216373,ENSP00000216373.5,train,True,8,human,known,NC3
167,ENST00000216392,ENSP00000216392.7,train,True,8,human,known,NC3
168,ENST00000216452,ENSP00000216452.4,test,True,8,human,known,NC3
169,ENST00000216455,ENSP00000216455.4,train,True,8,human,known,NC3
170,ENST00000216468,ENSP00000216468.7,train,True,8,human,known,NC3
171,ENST00000216479,ENSP00000216479.3,train,True,8,human,known,NC3
172,ENST00000216484,ENSP00000216484.2,val,True,8,human,known,NC3
173,ENST00000216489,ENSP00000216489.3,train,True,8,human,known,NC3
174,ENST00000216513,ENSP00000216513.4,train,True,8,human,known,NC3
175,ENST00000216602,ENSP00000216602.6,val,True,8,human,known,NC3
176,ENST00000216727,ENSP00000216727.4,train,True,8,human,known,NC3
177,ENST00000216774,ENSP00000216774.6,train,True,8,human,known,NC3
178,ENST00000216807,ENSP00000216807.6,train,True,8,human,known,NC3
179,ENST00000216832,ENSP00000216832.4,train,True,8,human,known,NC3
180,ENST00000216962,ENSP00000216962.3,train,True,8,human,known,NC3
181,ENST00000216968,ENSP00000216968.3,val,True,8,human,known,NC3
182,ENST00000217026,ENSP00000217026.4,train,True,8,human,known,NC3
183,ENST00000217109,ENSP00000217109.4,train,True,8,human,known,NC3
184,ENST00000217121,ENSP00000217121.5,test,True,8,human,known,NC3
185,ENST00000217173,ENSP00000217173.2,train,True,8,human,known,NC3
186,ENST00000217195,ENSP00000217195.8,train,True,8,human,known,NC3
187,ENST00000217381,ENSP00000217381.2,train,True,8,human,known,NC3
188,ENST00000217402,ENSP00000217402.2,test,True,8,human,known,NC3
189,ENST00000217426,ENSP00000217426.2,train,True,8,human,known,NC3
190,ENST00000217446,ENSP00000217446.3,train,True,8,human,known,NC3
191,ENST00000217455,ENSP00000217455.4,test,True,8,human,known,NC3
192,ENST00000217456,ENSP00000217456.2,train,True,8,human,known,NC3
193,ENST00000217515,ENSP00000217515.5,test,True,8,human,known,NC3
194,ENST00000217901,ENSP00000217901.5,train,True,8,human,known,NC3
195,ENST00000217958,ENSP00000217958.3,train,True,8,human,known,NC3
196,ENST00000217971,ENSP00000217971.7,train,True,8,human,known,NC3
197,ENST00000218056,ENSP00000218056.5,train,True,8,human,known,NC3
198,ENST00000218104,ENSP00000218104.3,train,True,8,human,known,NC3
199,ENST00000218197,ENSP00000218197.5,test,True,8,human,known,NC3
200,ENST00000218340,ENSP00000218340.3,train,True,8,human,known,NC3
201,ENST00000218348,ENSP00000218348.3,val,True,8,human,known,NC3
202,ENST00000218364,ENSP00000218364.4,val,True,8,human,known,NC3
203,ENST00000218516,ENSP00000218516.4,train,True,8,human,known,NC3
204,ENST00000218548,ENSP00000218548.6,train,True,8,human,known,NC3
205,ENST00000219066,ENSP00000219066.1,train,True,8,human,known,NC3
206,ENST00000219097,ENSP00000219097.2,train,True,8,human,known,NC3
207,ENST00000219139,ENSP00000219139.3,train,True,8,human,known,NC3
208,ENST00000219204,ENSP00000219204.3,test,True,8,human,known,NC3
209,ENST00000219240,ENSP00000219240.4,train,True,8,human,known,NC3
210,ENST00000219252,ENSP00000219252.4,val,True,8,human,known,NC3
211,ENST00000219302,ENSP00000219302.3,val,True,8,human,known,NC3
212,ENST00000219313,ENSP00000219313.4,val,True,8,human,known,NC3
213,ENST00000219343,ENSP00000219343.6,train,True,8,human,known,NC3
214,ENST00000219345,ENSP00000219345.5,train,True,8,human,known,NC3
215,ENST00000219431,ENSP00000219431.4,train,True,8,human,known,NC3
216,ENST00000219439,ENSP00000219439.4,train,True,8,human,known,NC3
217,ENST00000219476,ENSP00000219476.3,train,True,8,human,known,NC3
218,ENST00000219548,ENSP00000219548.4,val,True,8,human,known,NC3
219,ENST00000219599,ENSP00000219599.3,train,True,8,human,known,NC3
220,ENST00000219611,ENSP00000219611.2,train,True,8,human,known,NC3
221,ENST00000219794,ENSP00000219794.6,train,True,8,human,known,NC3
222,ENST00000219837,ENSP00000219837.7,train,True,8,human,known,NC3
223,ENST00000220325,ENSP00000220325.4,train,True,8,human,known,NC3
224,ENST00000220496,ENSP00000220496.4,train,True,8,human,known,NC3
225,ENST00000220509,ENSP00000220509.5,test,True,8,human,known,NC3
226,ENST00000220514,ENSP00000220514.3,train,True,8,human,known,NC3
227,ENST00000220592,ENSP00000220592.5,train,True,8,human,known,NC3
228,ENST00000220597,ENSP00000220597.3,train,True,8,human,known,NC3
229,ENST00000220669,ENSP00000220669.5,train,True,8,human,known,NC3
230,ENST00000220676,ENSP00000220676.1,train,True,8,human,known,NC3
231,ENST00000220751,ENSP00000220751.4,test,True,8,human,known,NC3
232,ENST00000220764,ENSP00000220764.2,train,True,8,human,known,NC3
233,ENST00000220853,ENSP00000220853.3,train,True,8,human,known,NC3
234,ENST00000220913,ENSP00000220913.5,val,True,8,human,known,NC3
235,ENST00000220966,ENSP00000220966.6,val,True,8,human,known,NC3
236,ENST00000221086,ENSP00000221086.3,train,True,8,human,known,NC3
237,ENST00000221114,ENSP00000221114.3,train,True,8,human,known,NC3
238,ENST00000221130,ENSP00000221130.5,test,True,8,human,known,NC3
239,ENST00000221138,ENSP00000221138.4,train,True,8,human,known,NC3
240,ENST00000221166,ENSP00000221166.5,train,True,8,human,known,NC3
241,ENST00000221233,ENSP00000221233.3,train,True,8,human,known,NC3
242,ENST00000221265,ENSP00000221265.2,train,True,8,human,known,NC3
243,ENST00000221418,ENSP00000221418.3,val,True,8,human,known,NC3
244,ENST00000221431,ENSP00000221431.6,train,True,8,human,known,NC3
245,ENST00000221455,ENSP00000221455.3,test,True,8,human,known,NC3
246,ENST00000221476,ENSP00000221476.2,val,True,8,human,known,NC3
247,ENST00000221486,ENSP00000221486.4,train,True,8,human,known,NC3
248,ENST00000221494,ENSP00000221494.3,train,True,8,human,known,NC3
249,ENST00000221543,ENSP00000221543.4,test,True,8,human,known,NC3
250,ENST00000221561,ENSP00000221561.7,train,True,8,human,known,NC3
251,ENST00000221801,ENSP00000221801.2,test,True,8,human,known,NC3
252,ENST00000221856,ENSP00000221856.5,train,True,8,human,known,NC3
253,ENST00000221859,ENSP00000221859.3,train,True,8,human,known,NC3
254,ENST00000221957,ENSP00000221957.3,train,True,8,human,known,NC3
255,ENST00000222005,ENSP00000222005.1,test,True,8,human,known,NC3
256,ENST00000222008,ENSP00000222008.5,train,True,8,human,known,NC3
257,ENST00000222219,ENSP00000222219.2,train,True,8,human,known,NC3
258,ENST00000222224,ENSP00000222224.3,test,True,8,human,known,NC3
259,ENST00000222247,ENSP00000222247.4,train,True,8,human,known,NC3
260,ENST00000222256,ENSP00000222256.3,train,True,8,human,known,NC3
261,ENST00000222284,ENSP00000222284.4,train,True,8,human,known,NC3
262,ENST00000222305,ENSP00000222305.2,train,True,8,human,known,NC3
263,ENST00000222329,ENSP00000222329.3,train,True,8,human,known,NC3
264,ENST00000222339,ENSP00000222339.6,train,True,8,human,known,NC3
265,ENST00000222388,ENSP00000222388.2,test,True,8,human,known,NC3
266,ENST00000222399,ENSP00000222399.6,train,True,8,human,known,NC3
267,ENST00000222511,ENSP00000222511.7,train,True,8,human,known,NC3
268,ENST00000222567,ENSP00000222567.5,train,True,8,human,known,NC3
269,ENST00000222644,ENSP00000222644.4,train,True,8,human,known,NC3
270,ENST00000222673,ENSP00000222673.5,train,True,8,human,known,NC3
271,ENST00000222690,ENSP00000222690.6,train,True,8,human,known,NC3
272,ENST00000222726,ENSP00000222726.3,train,True,8,human,known,NC3
273,ENST00000222800,ENSP00000222800.4,train,True,8,human,known,NC3
274,ENST00000222803,ENSP00000222803.5,train,True,8,human,known,NC3
275,ENST00000350498,ENSP00000222968.4,train,True,8,human,known,NC3
276,ENST00000222969,ENSP00000222969.5,train,True,8,human,known,NC3
277,ENST00000222990,ENSP00000222990.3,val,True,8,human,known,NC3
278,ENST00000223023,ENSP00000223023.4,train,True,8,human,known,NC3
279,ENST00000223029,ENSP00000223029.3,train,True,8,human,known,NC3
280,ENST00000223073,ENSP00000223073.1,train,True,8,human,known,NC3
281,ENST00000223122,ENSP00000223122.2,train,True,8,human,known,NC3
282,ENST00000223127,ENSP00000223127.3,train,True,8,human,known,NC3
283,ENST00000223136,ENSP00000223136.4,train,True,8,human,known,NC3
284,ENST00000223145,ENSP00000223145.5,train,True,8,human,known,NC3
285,ENST00000223273,ENSP00000223273.2,val,True,8,human,known,NC3
286,ENST00000223324,ENSP00000223324.2,train,True,8,human,known,NC3
287,ENST00000223336,ENSP00000223336.6,train,True,8,human,known,NC3
288,ENST00000223500,ENSP00000223500.7,val,True,8,human,known,NC3
289,ENST00000223641,ENSP00000223641.4,train,True,8,human,known,NC3
290,ENST00000223836,ENSP00000223836.10,train,True,8,human,known,NC3
291,ENST00000223864,ENSP00000223864.2,train,True,8,human,known,NC3
292,ENST00000224073,ENSP00000224073.1,train,True,8,human,known,NC3
293,ENST00000224140,ENSP00000224140.5,train,True,8,human,known,NC3
294,ENST00000224237,ENSP00000224237.5,test,True,8,human,known,NC3
295,ENST00000225171,ENSP00000225171.2,train,True,8,human,known,NC3
296,ENST00000225174,ENSP00000225174.3,val,True,8,human,known,NC3
297,ENST00000225235,ENSP00000225235.4,test,True,8,human,known,NC3
298,ENST00000225296,ENSP00000225296.3,train,True,8,human,known,NC3
299,ENST00000225298,ENSP00000225298.7,train,True,8,human,known,NC3
300,ENST00000225388,ENSP00000225388.3,train,True,8,human,known,NC3
301,ENST00000225504,ENSP00000225504.3,val,True,8,human,known,NC3
302,ENST00000225525,ENSP00000225525.3,train,True,8,human,known,NC3
303,ENST00000225576,ENSP00000225576.3,train,True,8,human,known,NC3
304,ENST00000225577,ENSP00000225577.4,test,True,8,human,known,NC3
305,ENST00000225603,ENSP00000225603.4,test,True,8,human,known,NC3
306,ENST00000225609,ENSP00000225609.5,train,True,8,human,known,NC3
307,ENST00000225648,ENSP00000225648.3,train,True,8,human,known,NC3
308,ENST00000225655,ENSP00000225655.5,train,True,8,human,known,NC3
309,ENST00000225665,ENSP00000225665.7,train,True,8,human,known,NC3
310,ENST00000225698,ENSP00000225698.4,train,True,8,human,known,NC3
311,ENST00000225719,ENSP00000225719.4,train,True,8,human,known,NC3
312,ENST00000225726,ENSP00000225726.5,train,True,8,human,known,NC3
313,ENST00000225728,ENSP00000225728.3,train,True,8,human,known,NC3
314,ENST00000225729,ENSP00000225729.3,train,True,8,human,known,NC3
315,ENST00000225737,ENSP00000225737.6,train,True,8,human,known,NC3
316,ENST00000225916,ENSP00000225916.5,train,True,8,human,known,NC3
317,ENST00000225927,ENSP00000225927.1,train,True,8,human,known,NC3
318,ENST00000225969,ENSP00000225969.4,train,True,8,human,known,NC3
319,ENST00000225972,ENSP00000225972.7,test,True,8,human,known,NC3
320,ENST00000226004,ENSP00000226004.2,train,True,8,human,known,NC3
321,ENST00000226105,ENSP00000226105.6,train,True,8,human,known,NC3
322,ENST00000226218,ENSP00000226218.4,val,True,8,human,known,NC3
323,ENST00000226230,ENSP00000226230.6,train,True,8,human,known,NC3
324,ENST00000226359,nan,test,True,8,human,known,NC3
325,ENST00000227155,ENSP00000227155.4,train,True,8,human,known,NC3
326,ENST00000227266,ENSP00000227266.4,train,True,8,human,known,NC3
327,ENST00000227322,ENSP00000227322.3,train,True,8,human,known,NC3
328,ENST00000227507,ENSP00000227507.2,train,True,8,human,known,NC3
329,ENST00000227520,ENSP00000227520.5,train,True,8,human,known,NC3
330,ENST00000227524,ENSP00000227524.4,train,True,8,human,known,NC3
331,ENST00000227525,ENSP00000227525.3,train,True,8,human,known,NC3
332,ENST00000227868,ENSP00000227868.4,train,True,8,human,known,NC3
333,ENST00000228136,ENSP00000228136.4,train,True,8,human,known,NC3
334,ENST00000228251,ENSP00000228251.4,test,True,8,human,known,NC3
335,ENST00000228284,ENSP00000228284.4,train,True,8,human,known,NC3
336,ENST00000228347,ENSP00000228347.4,val,True,8,human,known,NC3
337,ENST00000228468,ENSP00000228468.4,train,True,8,human,known,NC3
338,ENST00000228495,ENSP00000228495.6,train,True,8,human,known,NC3
339,ENST00000228506,ENSP00000228506.3,train,True,8,human,known,NC3
340,ENST00000228705,ENSP00000228705.5,val,True,8,human,known,NC3
341,ENST00000228740,ENSP00000228740.2,train,True,8,human,known,NC3
342,ENST00000228825,ENSP00000228825.7,train,True,8,human,known,NC3
343,ENST00000228843,ENSP00000228843.9,train,True,8,human,known,NC3
344,ENST00000229179,ENSP00000229179.4,train,True,8,human,known,NC3
345,ENST00000229214,ENSP00000229214.4,test,True,8,human,known,NC3
346,ENST00000229238,ENSP00000229238.3,train,True,8,human,known,NC3
347,ENST00000229239,ENSP00000229239.5,train,True,8,human,known,NC3
348,ENST00000229266,ENSP00000229266.3,val,True,8,human,known,NC3
349,ENST00000229268,ENSP00000229268.8,val,True,8,human,known,NC3
350,ENST00000229314,ENSP00000229314.4,train,True,8,human,known,NC3
351,ENST00000229328,ENSP00000229328.5,train,True,8,human,known,NC3
352,ENST00000229329,ENSP00000229329.2,train,True,8,human,known,NC3
353,ENST00000229340,ENSP00000229340.5,train,True,8,human,known,NC3
354,ENST00000229390,ENSP00000229390.3,train,True,8,human,known,NC3
355,ENST00000229395,ENSP00000229395.3,train,True,8,human,known,NC3
356,ENST00000229570,ENSP00000229570.5,train,True,8,human,known,NC3
357,ENST00000229595,ENSP00000229595.5,train,True,8,human,known,NC3
358,ENST00000229633,ENSP00000229633.5,train,True,8,human,known,NC3
359,ENST00000229758,ENSP00000229758.3,train,True,8,human,known,NC3
360,ENST00000229769,ENSP00000229769.2,train,True,8,human,known,NC3
361,ENST00000229794,ENSP00000229794.4,val,True,8,human,known,NC3
362,ENST00000229812,ENSP00000229812.7,train,True,8,human,known,NC3
363,ENST00000229922,ENSP00000229922.2,train,True,8,human,known,NC3
364,ENST00000230048,ENSP00000230048.3,train,True,8,human,known,NC3
365,ENST00000230050,ENSP00000230050.3,val,True,8,human,known,NC3
366,ENST00000230085,ENSP00000230085.8,train,True,8,human,known,NC3
367,ENST00000230340,ENSP00000230340.4,train,True,8,human,known,NC3
368,ENST00000230419,ENSP00000230419.4,test,True,8,human,known,NC3
369,ENST00000230449,ENSP00000230449.4,test,True,8,human,known,NC3
370,ENST00000230461,ENSP00000230461.6,train,True,8,human,known,NC3
371,ENST00000230640,ENSP00000230640.5,train,True,8,human,known,NC3
372,ENST00000230658,ENSP00000230658.7,train,True,8,human,known,NC3
373,ENST00000230792,ENSP00000230792.2,train,True,8,human,known,NC3
374,ENST00000230895,ENSP00000230895.7,val,True,8,human,known,NC3
375,ENST00000230901,ENSP00000230901.5,train,True,8,human,known,NC3
376,ENST00000231061,ENSP00000231061.4,train,True,8,human,known,NC3
377,ENST00000231198,ENSP00000231198.7,train,True,8,human,known,NC3
378,ENST00000231238,ENSP00000231238.4,train,True,8,human,known,NC3
379,ENST00000231368,ENSP00000231368.5,train,True,8,human,known,NC3
380,ENST00000231498,ENSP00000231498.3,test,True,8,human,known,NC3
381,ENST00000231512,ENSP00000231512.3,train,True,8,human,known,NC3
382,ENST00000231572,ENSP00000231572.3,val,True,8,human,known,NC3
383,ENST00000231751,ENSP00000231751.4,train,True,8,human,known,NC3
384,ENST00000231887,ENSP00000231887.3,train,True,8,human,known,NC3
385,ENST00000232375,ENSP00000232375.3,train,True,8,human,known,NC3
386,ENST00000232424,ENSP00000232424.3,train,True,8,human,known,NC3
387,ENST00000232564,ENSP00000232564.3,train,True,8,human,known,NC3
388,ENST00000232607,ENSP00000232607.2,train,True,8,human,known,NC3
389,ENST00000232766,ENSP00000232766.5,train,True,8,human,known,NC3
390,ENST00000232888,ENSP00000232888.6,train,True,8,human,known,NC3
391,ENST00000232978,ENSP00000232978.8,train,True,8,human,known,NC3
392,ENST00000233027,ENSP00000233027.5,train,True,8,human,known,NC3
393,ENST00000233055,ENSP00000233055.4,train,True,8,human,known,NC3
394,ENST00000233078,ENSP00000233078.4,test,True,8,human,known,NC3
395,ENST00000233099,ENSP00000233099.5,train,True,8,human,known,NC3
396,ENST00000233121,ENSP00000233121.2,val,True,8,human,known,NC3
397,ENST00000233143,ENSP00000233143.4,train,True,8,human,known,NC3
398,ENST00000233146,ENSP00000233146.2,test,True,8,human,known,NC3
399,ENST00000233154,ENSP00000233154.4,train,True,8,human,known,NC3
400,ENST00000233242,nan,train,True,8,human,known,NC3
401,ENST00000233336,ENSP00000233336.5,test,True,8,human,known,NC3
402,ENST00000233468,ENSP00000233468.4,train,True,8,human,known,NC3
403,ENST00000233535,ENSP00000233535.4,train,True,8,human,known,NC3
404,ENST00000233575,ENSP00000233575.2,train,True,8,human,known,NC3
405,ENST00000233596,ENSP00000233596.2,train,True,8,human,known,NC3
406,ENST00000233630,ENSP00000233630.6,train,True,8,human,known,NC3
407,ENST00000233710,ENSP00000233710.3,train,True,8,human,known,NC3
408,ENST00000233809,ENSP00000233809.4,train,True,8,human,known,NC3
409,ENST00000233838,ENSP00000233838.3,val,True,8,human,known,NC3
410,ENST00000233893,ENSP00000233893.5,train,True,8,human,known,NC3
411,ENST00000234038,ENSP00000234038.6,train,True,8,human,known,NC3
412,ENST00000234160,ENSP00000234160.4,train,True,8,human,known,NC3
413,ENST00000234170,ENSP00000234170.5,train,True,8,human,known,NC3
414,ENST00000234256,ENSP00000234256.3,test,True,8,human,known,NC3
415,ENST00000234296,ENSP00000234296.2,train,True,8,human,known,NC3
416,ENST00000234301,ENSP00000234301.2,train,True,8,human,known,NC3
417,ENST00000234453,ENSP00000234453.4,train,True,8,human,known,NC3
418,ENST00000234454,ENSP00000234454.5,train,True,8,human,known,NC3
419,ENST00000234590,ENSP00000234590.4,val,True,8,human,known,NC3
420,ENST00000234739,ENSP00000234739.3,test,True,8,human,known,NC3
421,ENST00000234831,ENSP00000234831.5,val,True,8,human,known,NC3
422,ENST00000235090,ENSP00000235090.5,train,True,8,human,known,NC3
423,ENST00000235372,ENSP00000235372.6,train,True,8,human,known,NC3
424,ENST00000235521,ENSP00000235521.4,train,True,8,human,known,NC3
425,ENST00000235835,ENSP00000235835.3,train,True,8,human,known,NC3
426,ENST00000236137,ENSP00000236137.5,train,True,8,human,known,NC3
427,ENST00000236273,ENSP00000236273.4,train,True,8,human,known,NC3
428,ENST00000236925,ENSP00000236925.4,val,True,8,human,known,NC3
429,ENST00000236959,ENSP00000236959.9,test,True,8,human,known,NC3
430,ENST00000237264,ENSP00000237264.3,train,True,8,human,known,NC3
431,ENST00000237281,ENSP00000237281.3,val,True,8,human,known,NC3
432,ENST00000237283,ENSP00000237283.8,train,True,8,human,known,NC3
433,ENST00000237642,ENSP00000237642.6,test,True,8,human,known,NC3
434,ENST00000238081,ENSP00000238081.3,train,True,8,human,known,NC3
435,ENST00000238112,ENSP00000238112.3,val,True,8,human,known,NC3
436,ENST00000238146,ENSP00000238146.3,test,True,8,human,known,NC3
437,ENST00000238497,ENSP00000238497.4,train,True,8,human,known,NC3
438,ENST00000238628,ENSP00000238628.6,train,True,8,human,known,NC3
439,ENST00000238647,ENSP00000238647.3,test,True,8,human,known,NC3
440,ENST00000238714,ENSP00000238714.3,train,True,8,human,known,NC3
441,ENST00000238721,ENSP00000238721.4,train,True,8,human,known,NC3
442,ENST00000238789,ENSP00000238789.5,train,True,8,human,known,NC3
443,ENST00000238823,ENSP00000238823.8,train,True,8,human,known,NC3
444,ENST00000238831,ENSP00000238831.3,train,True,8,human,known,NC3
445,ENST00000238875,ENSP00000238875.4,train,True,8,human,known,NC3
446,ENST00000238892,ENSP00000238892.3,train,True,8,human,known,NC3
447,ENST00000239144,ENSP00000239144.4,train,True,8,human,known,NC3
448,ENST00000351486,ENSP00000239215.7,train,True,8,human,known,NC3
449,ENST00000239231,ENSP00000239231.6,train,True,8,human,known,NC3
450,ENST00000239243,ENSP00000239243.5,val,True,8,human,known,NC3
451,ENST00000239367,ENSP00000239367.2,train,True,8,human,known,NC3
452,ENST00000239690,ENSP00000239690.4,train,True,8,human,known,NC3
453,ENST00000239830,ENSP00000239830.4,test,True,8,human,known,NC3
454,ENST00000239878,ENSP00000239878.4,val,True,8,human,known,NC3
455,ENST00000239891,ENSP00000239891.3,train,True,8,human,known,NC3
456,ENST00000240079,ENSP00000240079.6,train,True,8,human,known,NC3
457,ENST00000240185,ENSP00000240185.4,test,True,8,human,known,NC3
458,ENST00000240285,ENSP00000240285.5,train,True,8,human,known,NC3
459,ENST00000240316,ENSP00000240316.4,train,True,8,human,known,NC3
460,ENST00000347630,ENSP00000240327.2,train,True,8,human,known,NC3
461,ENST00000240423,ENSP00000240423.4,train,True,8,human,known,NC3
462,ENST00000240651,ENSP00000240651.9,test,True,8,human,known,NC3
463,ENST00000240922,ENSP00000240922.2,train,True,8,human,known,NC3
464,ENST00000241041,ENSP00000241041.3,test,True,8,human,known,NC3
465,ENST00000241052,ENSP00000241052.4,test,True,8,human,known,NC3
466,ENST00000241502,ENSP00000241502.3,train,True,8,human,known,NC3
467,ENST00000241600,ENSP00000241600.5,train,True,8,human,known,NC3
468,ENST00000241704,ENSP00000241704.7,test,True,8,human,known,NC3
469,ENST00000242108,ENSP00000242108.4,val,True,8,human,known,NC3
470,ENST00000242209,ENSP00000242209.4,train,True,8,human,known,NC3
471,ENST00000345519,ENSP00000242284.6,test,True,8,human,known,NC3
472,ENST00000242351,ENSP00000242351.5,train,True,8,human,known,NC3
473,ENST00000242576,ENSP00000242576.3,test,True,8,human,known,NC3
474,ENST00000242591,ENSP00000242591.5,train,True,8,human,known,NC3
475,ENST00000242592,ENSP00000242592.4,train,True,8,human,known,NC3
476,ENST00000242719,ENSP00000242719.3,train,True,8,human,known,NC3
477,ENST00000242776,ENSP00000242776.3,val,True,8,human,known,NC3
478,ENST00000242784,ENSP00000242784.3,train,True,8,human,known,NC3
479,ENST00000242786,ENSP00000242786.4,train,True,8,human,known,NC3
480,ENST00000242839,ENSP00000242839.5,val,True,8,human,known,NC3
481,ENST00000243077,ENSP00000243077.3,val,True,8,human,known,NC3
482,ENST00000243082,ENSP00000243082.4,train,True,8,human,known,NC3
483,ENST00000243326,ENSP00000243326.4,train,True,8,human,known,NC3
484,ENST00000243563,ENSP00000243563.2,train,True,8,human,known,NC3
485,ENST00000243706,ENSP00000243706.4,train,True,8,human,known,NC3
486,ENST00000243878,ENSP00000243878.4,test,True,8,human,known,NC3
487,ENST00000243903,ENSP00000243903.4,train,True,8,human,known,NC3
488,ENST00000244007,ENSP00000244007.3,train,True,8,human,known,NC3
489,ENST00000244040,ENSP00000244040.3,train,True,8,human,known,NC3
490,ENST00000244051,ENSP00000244051.1,train,True,8,human,known,NC3
491,ENST00000244061,ENSP00000244061.2,train,True,8,human,known,NC3
492,ENST00000244217,ENSP00000244217.5,val,True,8,human,known,NC3
493,ENST00000244221,ENSP00000244221.8,test,True,8,human,known,NC3
494,ENST00000244230,ENSP00000244230.2,train,True,8,human,known,NC3
495,ENST00000244426,ENSP00000244426.6,train,True,8,human,known,NC3
496,ENST00000244496,ENSP00000244496.5,test,True,8,human,known,NC3
497,ENST00000244534,ENSP00000244534.6,train,True,8,human,known,NC3
498,ENST00000244571,ENSP00000244571.4,train,True,8,human,known,NC3
499,ENST00000245206,ENSP00000245206.5,test,True,8,human,known,NC3
500,ENST00000245304,ENSP00000245304.3,train,True,8,human,known,NC3
501,ENST00000245458,ENSP00000245458.7,train,True,8,human,known,NC3
502,ENST00000245479,ENSP00000245479.2,val,True,8,human,known,NC3
503,ENST00000245544,ENSP00000245544.4,train,True,8,human,known,NC3
504,ENST00000245552,ENSP00000245552.2,test,True,8,human,known,NC3
505,ENST00000245564,ENSP00000245564.3,train,True,8,human,known,NC3
506,ENST00000245615,ENSP00000245615.1,test,True,8,human,known,NC3
507,ENST00000245787,ENSP00000245787.4,train,True,8,human,known,NC3
508,ENST00000245812,ENSP00000245812.2,train,True,8,human,known,NC3
509,ENST00000245816,ENSP00000245816.3,train,True,8,human,known,NC3
510,ENST00000245907,ENSP00000245907.4,train,True,8,human,known,NC3
511,ENST00000245923,ENSP00000245923.3,train,True,8,human,known,NC3
512,ENST00000245932,ENSP00000245932.5,train,True,8,human,known,NC3
513,ENST00000245934,ENSP00000245934.7,test,True,8,human,known,NC3
514,ENST00000246024,ENSP00000246024.2,train,True,8,human,known,NC3
515,ENST00000246043,ENSP00000246043.4,test,True,8,human,known,NC3
516,ENST00000246069,ENSP00000246069.6,train,True,8,human,known,NC3
517,ENST00000246071,ENSP00000246071.6,train,True,8,human,known,NC3
518,ENST00000246117,ENSP00000246117.3,train,True,8,human,known,NC3
519,ENST00000246151,ENSP00000246151.4,val,True,8,human,known,NC3
520,ENST00000246194,ENSP00000246194.3,train,True,8,human,known,NC3
521,ENST00000246337,ENSP00000246337.4,test,True,8,human,known,NC3
522,ENST00000246505,ENSP00000246505.5,train,True,8,human,known,NC3
523,ENST00000246535,ENSP00000246535.1,val,True,8,human,known,NC3
524,ENST00000246548,ENSP00000246548.3,train,True,8,human,known,NC3
525,ENST00000246662,ENSP00000246662.4,train,True,8,human,known,NC3
526,ENST00000246747,ENSP00000246747.4,train,True,8,human,known,NC3
527,ENST00000246802,ENSP00000246802.4,test,True,8,human,known,NC3
528,ENST00000246868,ENSP00000246868.2,train,True,8,human,known,NC3
529,ENST00000246912,ENSP00000246912.3,train,True,8,human,known,NC3
530,ENST00000246957,ENSP00000246957.5,test,True,8,human,known,NC3
531,ENST00000247001,ENSP00000247001.3,test,True,8,human,known,NC3
532,ENST00000247003,ENSP00000247003.3,train,True,8,human,known,NC3
533,ENST00000247020,ENSP00000247020.3,train,True,8,human,known,NC3
534,ENST00000247026,ENSP00000247026.5,train,True,8,human,known,NC3
535,ENST00000247191,ENSP00000247191.2,train,True,8,human,known,NC3
536,ENST00000247194,ENSP00000247194.4,test,True,8,human,known,NC3
537,ENST00000247225,ENSP00000247225.6,train,True,8,human,known,NC3
538,ENST00000247291,ENSP00000247291.3,train,True,8,human,known,NC3
539,ENST00000247665,ENSP00000247665.10,val,True,8,human,known,NC3
540,ENST00000247668,ENSP00000247668.2,train,True,8,human,known,NC3
541,ENST00000247843,ENSP00000247843.2,train,True,8,human,known,NC3
542,ENST00000247970,ENSP00000247970.5,train,True,8,human,known,NC3
543,ENST00000247977,ENSP00000247977.3,train,True,8,human,known,NC3
544,ENST00000248114,ENSP00000248114.6,test,True,8,human,known,NC3
545,ENST00000248142,ENSP00000248142.6,train,True,8,human,known,NC3
546,ENST00000248248,ENSP00000248248.3,train,True,8,human,known,NC3
547,ENST00000248420,ENSP00000248420.5,val,True,8,human,known,NC3
548,ENST00000248437,ENSP00000248437.4,train,True,8,human,known,NC3
549,ENST00000248451,ENSP00000248451.3,train,True,8,human,known,NC3
550,ENST00000248553,ENSP00000248553.6,test,True,8,human,known,NC3
551,ENST00000248594,ENSP00000248594.6,train,True,8,human,known,NC3
552,ENST00000248633,ENSP00000248633.4,val,True,8,human,known,NC3
553,ENST00000248846,ENSP00000248846.5,val,True,8,human,known,NC3
554,ENST00000248958,ENSP00000248958.4,train,True,8,human,known,NC3
555,ENST00000248975,ENSP00000248975.5,test,True,8,human,known,NC3
556,ENST00000249014,ENSP00000249014.4,train,True,8,human,known,NC3
557,ENST00000249042,ENSP00000249042.3,train,True,8,human,known,NC3
558,ENST00000249064,ENSP00000249064.4,train,True,8,human,known,NC3
559,ENST00000249269,ENSP00000249269.4,train,True,8,human,known,NC3
560,ENST00000249299,ENSP00000249299.2,test,True,8,human,known,NC3
561,ENST00000249356,ENSP00000249356.3,train,True,8,human,known,NC3
562,ENST00000249504,ENSP00000249504.5,train,True,8,human,known,NC3
563,ENST00000249647,ENSP00000249647.3,train,True,8,human,known,NC3
564,ENST00000249700,ENSP00000249700.4,val,True,8,human,known,NC3
565,ENST00000249750,ENSP00000249750.4,train,True,8,human,known,NC3
566,ENST00000249786,ENSP00000249786.4,train,True,8,human,known,NC3
567,ENST00000249910,ENSP00000249910.1,train,True,8,human,known,NC3
568,ENST00000250101,ENSP00000250101.5,train,True,8,human,known,NC3
569,ENST00000250237,ENSP00000250237.4,test,True,8,human,known,NC3
570,ENST00000250416,ENSP00000250416.5,test,True,8,human,known,NC3
571,ENST00000250454,ENSP00000250454.3,train,True,8,human,known,NC3
572,ENST00000250498,ENSP00000250498.4,train,True,8,human,known,NC3
573,ENST00000250617,ENSP00000250617.6,train,True,8,human,known,NC3
574,ENST00000250916,ENSP00000250916.3,test,True,8,human,known,NC3
575,ENST00000251038,ENSP00000251038.5,train,True,8,human,known,NC3
576,ENST00000251047,ENSP00000251047.4,train,True,8,human,known,NC3
577,ENST00000251089,ENSP00000251089.3,train,True,8,human,known,NC3
578,ENST00000251143,ENSP00000251143.6,train,True,8,human,known,NC3
579,ENST00000251241,ENSP00000251241.4,train,True,8,human,known,NC3
580,ENST00000251453,ENSP00000251453.2,train,True,8,human,known,NC3
581,ENST00000251496,ENSP00000251496.2,val,True,8,human,known,NC3
582,ENST00000251588,ENSP00000251588.2,train,True,8,human,known,NC3
583,ENST00000251595,nan,train,True,8,human,known,NC3
584,ENST00000251636,ENSP00000251636.5,train,True,8,human,known,NC3
585,ENST00000251775,ENSP00000251775.4,train,True,8,human,known,NC3
586,ENST00000251809,ENSP00000251809.3,train,True,8,human,known,NC3
587,ENST00000251871,ENSP00000251871.3,train,True,8,human,known,NC3
588,ENST00000251900,ENSP00000251900.4,train,True,8,human,known,NC3
589,ENST00000251968,ENSP00000251968.3,val,True,8,human,known,NC3
590,ENST00000252011,ENSP00000252011.3,test,True,8,human,known,NC3
591,ENST00000252102,ENSP00000252102.5,train,True,8,human,known,NC3
592,ENST00000348657,ENSP00000252116.5,train,True,8,human,known,NC3
593,ENST00000252137,ENSP00000252137.6,train,True,8,human,known,NC3
594,ENST00000252242,nan,train,True,8,human,known,NC3
595,ENST00000252244,ENSP00000252244.3,train,True,8,human,known,NC3
596,ENST00000252288,ENSP00000252288.1,test,True,8,human,known,NC3
597,ENST00000252483,ENSP00000252483.4,train,True,8,human,known,NC3
598,ENST00000252485,ENSP00000252485.3,train,True,8,human,known,NC3
599,ENST00000252486,ENSP00000252486.3,train,True,8,human,known,NC3
600,ENST00000252506,ENSP00000252506.6,train,True,8,human,known,NC3
601,ENST00000252512,ENSP00000252512.9,train,True,8,human,known,NC3
602,ENST00000252542,ENSP00000252542.3,val,True,8,human,known,NC3
603,ENST00000252599,ENSP00000252599.3,train,True,8,human,known,NC3
604,ENST00000252603,ENSP00000252603.1,train,True,8,human,known,NC3
605,ENST00000252622,ENSP00000252622.8,train,True,8,human,known,NC3
606,ENST00000252674,ENSP00000252674.6,train,True,8,human,known,NC3
607,ENST00000252804,ENSP00000252804.4,train,True,8,human,known,NC3
608,ENST00000252818,ENSP00000252818.3,test,True,8,human,known,NC3
609,ENST00000252891,ENSP00000252891.3,train,True,8,human,known,NC3
610,ENST00000252934,ENSP00000252934.4,train,True,8,human,known,NC3
611,ENST00000252971,ENSP00000252971.5,train,True,8,human,known,NC3
612,ENST00000252992,ENSP00000252992.4,train,True,8,human,known,NC3
613,ENST00000252996,ENSP00000252996.3,train,True,8,human,known,NC3
614,ENST00000252999,ENSP00000252999.3,train,True,8,human,known,NC3
615,ENST00000253023,ENSP00000253023.2,train,True,8,human,known,NC3
616,ENST00000253024,ENSP00000253024.4,train,True,8,human,known,NC3
617,ENST00000253039,ENSP00000253039.4,val,True,8,human,known,NC3
618,ENST00000253047,ENSP00000253047.5,test,True,8,human,known,NC3
619,ENST00000253048,ENSP00000253048.4,train,True,8,human,known,NC3
620,ENST00000253083,ENSP00000253083.4,train,True,8,human,known,NC3
621,ENST00000253099,ENSP00000253099.5,train,True,8,human,known,NC3
622,ENST00000253107,ENSP00000253107.7,test,True,8,human,known,NC3
623,ENST00000253108,ENSP00000253108.3,train,True,8,human,known,NC3
624,ENST00000253237,ENSP00000253237.4,train,True,8,human,known,NC3
625,ENST00000253247,ENSP00000253247.4,val,True,8,human,known,NC3
626,ENST00000253329,ENSP00000253329.2,train,True,8,human,known,NC3
627,ENST00000253339,ENSP00000253339.5,train,True,8,human,known,NC3
628,ENST00000253363,ENSP00000253363.6,test,True,8,human,known,NC3
629,ENST00000253413,ENSP00000253413.5,val,True,8,human,known,NC3
630,ENST00000253452,ENSP00000253452.2,train,True,8,human,known,NC3
631,ENST00000253457,ENSP00000253457.3,train,True,8,human,known,NC3
632,ENST00000253458,ENSP00000253458.6,test,True,8,human,known,NC3
633,ENST00000253462,ENSP00000253462.3,train,True,8,human,known,NC3
634,ENST00000253669,ENSP00000253669.4,test,True,8,human,known,NC3
635,ENST00000253693,ENSP00000253693.2,train,True,8,human,known,NC3
636,ENST00000253754,ENSP00000253754.3,train,True,8,human,known,NC3
637,ENST00000253778,ENSP00000253778.8,train,True,8,human,known,NC3
638,ENST00000253794,ENSP00000253794.1,train,True,8,human,known,NC3
639,ENST00000253814,ENSP00000253814.3,train,True,8,human,known,NC3
640,ENST00000253861,ENSP00000253861.4,train,True,8,human,known,NC3
641,ENST00000253928,ENSP00000253928.9,train,True,8,human,known,NC3
642,ENST00000254029,ENSP00000254029.3,train,True,8,human,known,NC3
643,ENST00000254051,nan,train,True,8,human,known,NC3
644,ENST00000254101,ENSP00000254101.3,train,True,8,human,known,NC3
645,ENST00000254193,ENSP00000254193.6,train,True,8,human,known,NC3
646,ENST00000254286,ENSP00000254286.4,train,True,8,human,known,NC3
647,ENST00000254301,ENSP00000254301.9,train,True,8,human,known,NC3
648,ENST00000254322,ENSP00000254322.1,train,True,8,human,known,NC3
649,ENST00000254436,ENSP00000254436.7,train,True,8,human,known,NC3
650,ENST00000254442,ENSP00000254442.3,train,True,8,human,known,NC3
651,ENST00000254480,ENSP00000254480.5,train,True,8,human,known,NC3
652,ENST00000254508,ENSP00000254508.5,train,True,8,human,known,NC3
653,ENST00000254521,ENSP00000254521.3,train,True,8,human,known,NC3
654,ENST00000254605,ENSP00000254605.6,test,True,8,human,known,NC3
655,ENST00000254630,ENSP00000254630.7,val,True,8,human,known,NC3
656,ENST00000254654,ENSP00000254654.3,train,True,8,human,known,NC3
657,ENST00000254719,ENSP00000254719.4,train,True,8,human,known,NC3
658,ENST00000254722,ENSP00000254722.4,train,True,8,human,known,NC3
659,ENST00000254730,ENSP00000254730.5,val,True,8,human,known,NC3
660,ENST00000254759,ENSP00000254759.3,train,True,8,human,known,NC3
661,ENST00000254770,ENSP00000254770.2,train,True,8,human,known,NC3
662,ENST00000254799,ENSP00000254799.6,train,True,8,human,known,NC3
663,ENST00000254803,ENSP00000254803.2,train,True,8,human,known,NC3
664,ENST00000254806,ENSP00000254806.3,train,True,8,human,known,NC3
665,ENST00000254816,ENSP00000254816.1,train,True,8,human,known,NC3
666,ENST00000254878,ENSP00000254878.3,train,True,8,human,known,NC3
667,ENST00000254928,ENSP00000254928.5,train,True,8,human,known,NC3
668,ENST00000254940,ENSP00000254940.5,train,True,8,human,known,NC3
669,ENST00000254942,ENSP00000254942.3,train,True,8,human,known,NC3
670,ENST00000254950,ENSP00000254950.11,train,True,8,human,known,NC3
671,ENST00000254998,ENSP00000254998.2,train,True,8,human,known,NC3
672,ENST00000255078,ENSP00000255078.4,test,True,8,human,known,NC3
673,ENST00000255108,ENSP00000255108.3,train,True,8,human,known,NC3
674,ENST00000350030,ENSP00000255120.5,val,True,8,human,known,NC3
675,ENST00000255175,ENSP00000255175.1,train,True,8,human,known,NC3
676,ENST00000255194,ENSP00000255194.7,train,True,8,human,known,NC3
677,ENST00000255324,ENSP00000255324.5,train,True,8,human,known,NC3
678,ENST00000255381,ENSP00000255381.2,train,True,8,human,known,NC3
679,ENST00000255389,ENSP00000255389.5,train,True,8,human,known,NC3
680,ENST00000255390,ENSP00000255390.5,train,True,8,human,known,NC3
681,ENST00000255608,ENSP00000255608.3,train,True,8,human,known,NC3
682,ENST00000255613,ENSP00000255613.3,val,True,8,human,known,NC3
683,ENST00000255764,ENSP00000255764.3,train,True,8,human,known,NC3
684,ENST00000255784,ENSP00000255784.5,train,True,8,human,known,NC3
685,ENST00000255882,ENSP00000255882.6,train,True,8,human,known,NC3
686,ENST00000255977,ENSP00000255977.2,train,True,8,human,known,NC3
687,ENST00000256079,ENSP00000256079.4,train,True,8,human,known,NC3
688,ENST00000256151,ENSP00000256151.7,train,True,8,human,known,NC3
689,ENST00000256196,ENSP00000256196.4,train,True,8,human,known,NC3
690,ENST00000256319,ENSP00000256319.6,train,True,8,human,known,NC3
691,ENST00000256324,ENSP00000256324.9,train,True,8,human,known,NC3
692,ENST00000256398,ENSP00000256398.8,train,True,8,human,known,NC3
693,ENST00000256429,ENSP00000256429.3,train,True,8,human,known,NC3
694,ENST00000256441,ENSP00000256441.4,train,True,8,human,known,NC3
695,ENST00000256442,ENSP00000256442.5,train,True,8,human,known,NC3
696,ENST00000256443,ENSP00000256443.3,train,True,8,human,known,NC3
697,ENST00000256460,ENSP00000256460.3,test,True,8,human,known,NC3
698,ENST00000256496,ENSP00000256496.3,val,True,8,human,known,NC3
699,ENST00000256538,ENSP00000256538.4,train,True,8,human,known,NC3
700,ENST00000256545,ENSP00000256545.4,train,True,8,human,known,NC3
701,ENST00000256594,ENSP00000256594.3,test,True,8,human,known,NC3
702,ENST00000256637,ENSP00000256637.6,val,True,8,human,known,NC3
703,ENST00000256644,ENSP00000256644.4,train,True,8,human,known,NC3
704,ENST00000256646,ENSP00000256646.2,train,True,8,human,known,NC3
705,ENST00000256689,ENSP00000256689.5,test,True,8,human,known,NC3
706,ENST00000256707,ENSP00000256707.4,train,True,8,human,known,NC3
707,ENST00000256854,ENSP00000256854.4,train,True,8,human,known,NC3
708,ENST00000256858,ENSP00000256858.5,train,True,8,human,known,NC3
709,ENST00000257075,ENSP00000257075.5,train,True,8,human,known,NC3
710,ENST00000257177,ENSP00000257177.4,train,True,8,human,known,NC3
711,ENST00000257181,ENSP00000257181.8,train,True,8,human,known,NC3
712,ENST00000257245,ENSP00000257245.4,train,True,8,human,known,NC3
713,ENST00000257287,ENSP00000257287.3,train,True,8,human,known,NC3
714,ENST00000257347,ENSP00000257347.4,train,True,8,human,known,NC3
715,ENST00000257497,ENSP00000257497.6,val,True,8,human,known,NC3
716,ENST00000257548,ENSP00000257548.5,train,True,8,human,known,NC3
717,ENST00000257552,ENSP00000257552.2,train,True,8,human,known,NC3
718,ENST00000257604,ENSP00000257604.5,train,True,8,human,known,NC3
719,ENST00000257696,ENSP00000257696.4,train,True,8,human,known,NC3
720,ENST00000257700,ENSP00000257700.2,test,True,8,human,known,NC3
721,ENST00000257770,ENSP00000257770.3,train,True,8,human,known,NC3
722,ENST00000257787,ENSP00000257787.5,train,True,8,human,known,NC3
723,ENST00000257789,ENSP00000257789.4,train,True,8,human,known,NC3
724,ENST00000257829,ENSP00000257829.3,train,True,8,human,known,NC3
725,ENST00000257860,ENSP00000257860.4,train,True,8,human,known,NC3
726,ENST00000257861,ENSP00000257861.3,test,True,8,human,known,NC3
727,ENST00000257904,ENSP00000257904.5,train,True,8,human,known,NC3
728,ENST00000257905,ENSP00000257905.8,train,True,8,human,known,NC3
729,ENST00000257915,ENSP00000257915.5,train,True,8,human,known,NC3
730,ENST00000257934,ENSP00000257934.4,train,True,8,human,known,NC3
731,ENST00000257940,ENSP00000257940.2,train,True,8,human,known,NC3
732,ENST00000258080,ENSP00000258080.3,val,True,8,human,known,NC3
733,ENST00000258091,ENSP00000258091.5,train,True,8,human,known,NC3
734,ENST00000258105,ENSP00000258105.7,train,True,8,human,known,NC3
735,ENST00000258169,ENSP00000258169.4,train,True,8,human,known,NC3
736,ENST00000258198,ENSP00000258198.2,train,True,8,human,known,NC3
737,ENST00000258201,ENSP00000258201.4,train,True,8,human,known,NC3
738,ENST00000258243,ENSP00000258243.2,train,True,8,human,known,NC3
739,ENST00000258301,ENSP00000258301.5,test,True,8,human,known,NC3
740,ENST00000258341,ENSP00000258341.3,train,True,8,human,known,NC3
741,ENST00000258383,ENSP00000258383.3,train,True,8,human,known,NC3
742,ENST00000258416,ENSP00000258416.3,test,True,8,human,known,NC3
743,ENST00000258418,ENSP00000258418.5,train,True,8,human,known,NC3
744,ENST00000258424,ENSP00000258424.2,train,True,8,human,known,NC3
745,ENST00000258455,ENSP00000258455.3,train,True,8,human,known,NC3
746,ENST00000258457,ENSP00000258457.2,train,True,8,human,known,NC3
747,ENST00000258484,ENSP00000258484.6,train,True,8,human,known,NC3
748,ENST00000258648,ENSP00000258648.2,val,True,8,human,known,NC3
749,ENST00000349995,ENSP00000258654.8,train,True,8,human,known,NC3
750,ENST00000258662,ENSP00000258662.1,train,True,8,human,known,NC3
751,ENST00000258711,ENSP00000258711.6,val,True,8,human,known,NC3
752,ENST00000258729,ENSP00000258729.3,test,True,8,human,known,NC3
753,ENST00000258772,ENSP00000258772.5,train,True,8,human,known,NC3
754,ENST00000258874,ENSP00000258874.4,train,True,8,human,known,NC3
755,ENST00000258886,ENSP00000258886.8,test,True,8,human,known,NC3
756,ENST00000258955,ENSP00000258955.2,val,True,8,human,known,NC3
757,ENST00000258975,ENSP00000258975.6,train,True,8,human,known,NC3
758,ENST00000258991,ENSP00000258991.3,test,True,8,human,known,NC3
759,ENST00000259050,ENSP00000259050.3,train,True,8,human,known,NC3
760,ENST00000259154,ENSP00000259154.2,train,True,8,human,known,NC3
761,ENST00000259199,ENSP00000259199.4,train,True,8,human,known,NC3
762,ENST00000259239,ENSP00000259239.3,train,True,8,human,known,NC3
763,ENST00000259253,ENSP00000259253.6,test,True,8,human,known,NC3
764,ENST00000259335,ENSP00000259335.4,test,True,8,human,known,NC3
765,ENST00000259339,ENSP00000259339.2,train,True,8,human,known,NC3
766,ENST00000259365,ENSP00000259365.3,train,True,8,human,known,NC3
767,ENST00000259400,ENSP00000259400.6,train,True,8,human,known,NC3
768,ENST00000259457,ENSP00000259457.3,train,True,8,human,known,NC3
769,ENST00000259467,ENSP00000259467.4,train,True,8,human,known,NC3
770,ENST00000348462,ENSP00000259469.4,val,True,8,human,known,NC3
771,ENST00000259477,ENSP00000259477.6,train,True,8,human,known,NC3
772,ENST00000259512,ENSP00000259512.3,train,True,8,human,known,NC3
773,ENST00000259569,ENSP00000259569.5,val,True,8,human,known,NC3
774,ENST00000259632,ENSP00000259632.7,test,True,8,human,known,NC3
775,ENST00000259667,ENSP00000259667.5,train,True,8,human,known,NC3
776,ENST00000259708,ENSP00000259708.3,train,True,8,human,known,NC3
777,ENST00000259711,ENSP00000259711.6,train,True,8,human,known,NC3
778,ENST00000259727,ENSP00000259727.4,train,True,8,human,known,NC3
779,ENST00000259808,ENSP00000259808.3,train,True,8,human,known,NC3
780,ENST00000259818,ENSP00000259818.6,train,True,8,human,known,NC3
781,ENST00000259963,ENSP00000259963.3,test,True,8,human,known,NC3
782,ENST00000260045,ENSP00000260045.3,train,True,8,human,known,NC3
783,ENST00000260102,ENSP00000260102.4,val,True,8,human,known,NC3
784,ENST00000260118,ENSP00000260118.6,train,True,8,human,known,NC3
785,ENST00000260129,ENSP00000260129.5,test,True,8,human,known,NC3
786,ENST00000260197,ENSP00000260197.6,test,True,8,human,known,NC3
787,ENST00000260210,ENSP00000260210.3,train,True,8,human,known,NC3
788,ENST00000260247,ENSP00000260247.5,train,True,8,human,known,NC3
789,ENST00000260270,ENSP00000260270.2,test,True,8,human,known,NC3
790,ENST00000260356,ENSP00000260356.5,train,True,8,human,known,NC3
791,ENST00000260372,ENSP00000260372.3,train,True,8,human,known,NC3
792,ENST00000260383,ENSP00000260383.7,train,True,8,human,known,NC3
793,ENST00000260385,ENSP00000260385.6,train,True,8,human,known,NC3
794,ENST00000260386,ENSP00000260386.5,train,True,8,human,known,NC3
795,ENST00000260403,ENSP00000260403.2,train,True,8,human,known,NC3
796,ENST00000260408,ENSP00000260408.3,train,True,8,human,known,NC3
797,ENST00000260443,ENSP00000260443.4,train,True,8,human,known,NC3
798,ENST00000260447,ENSP00000260447.4,train,True,8,human,known,NC3
799,ENST00000260508,ENSP00000260508.4,train,True,8,human,known,NC3
800,ENST00000260570,ENSP00000260570.3,val,True,8,human,known,NC3
801,ENST00000260599,ENSP00000260599.6,val,True,8,human,known,NC3
802,ENST00000260641,ENSP00000260641.5,train,True,8,human,known,NC3
803,ENST00000260643,ENSP00000260643.2,val,True,8,human,known,NC3
804,ENST00000260731,ENSP00000260731.3,train,True,8,human,known,NC3
805,ENST00000260746,ENSP00000260746.4,train,True,8,human,known,NC3
806,ENST00000260762,ENSP00000260762.6,train,True,8,human,known,NC3
807,ENST00000260803,ENSP00000260803.4,test,True,8,human,known,NC3
808,ENST00000260810,ENSP00000260810.5,train,True,8,human,known,NC3
809,ENST00000260818,ENSP00000260818.6,train,True,8,human,known,NC3
810,ENST00000260947,ENSP00000260947.4,train,True,8,human,known,NC3
811,ENST00000260952,ENSP00000260952.4,train,True,8,human,known,NC3
812,ENST00000261018,ENSP00000261018.9,train,True,8,human,known,NC3
813,ENST00000261023,ENSP00000261023.3,val,True,8,human,known,NC3
814,ENST00000261024,ENSP00000261024.3,train,True,8,human,known,NC3
815,ENST00000261038,ENSP00000261038.5,train,True,8,human,known,NC3
816,ENST00000261070,ENSP00000261070.2,train,True,8,human,known,NC3
817,ENST00000261167,ENSP00000261167.2,test,True,8,human,known,NC3
818,ENST00000261183,ENSP00000261183.3,train,True,8,human,known,NC3
819,ENST00000261191,ENSP00000261191.7,train,True,8,human,known,NC3
820,ENST00000261195,nan,train,True,8,human,known,NC3
821,ENST00000261211,ENSP00000261211.3,train,True,8,human,known,NC3
822,ENST00000261245,ENSP00000261245.4,test,True,8,human,known,NC3
823,ENST00000261249,ENSP00000261249.6,train,True,8,human,known,NC3
824,ENST00000261263,ENSP00000261263.3,train,True,8,human,known,NC3
825,ENST00000261303,ENSP00000261303.8,train,True,8,human,known,NC3
826,ENST00000261308,ENSP00000261308.4,train,True,8,human,known,NC3
827,ENST00000261313,ENSP00000261313.2,test,True,8,human,known,NC3
828,ENST00000261326,ENSP00000261326.4,train,True,8,human,known,NC3
829,ENST00000261349,ENSP00000261349.4,train,True,8,human,known,NC3
830,ENST00000261366,ENSP00000261366.5,train,True,8,human,known,NC3
831,ENST00000353258,ENSP00000261386.3,train,True,8,human,known,NC3
832,ENST00000261396,ENSP00000261396.3,train,True,8,human,known,NC3
833,ENST00000261407,ENSP00000261407.4,test,True,8,human,known,NC3
834,ENST00000261416,ENSP00000261416.7,train,True,8,human,known,NC3
835,ENST00000261427,ENSP00000261427.5,train,True,8,human,known,NC3
836,ENST00000261461,ENSP00000261461.2,train,True,8,human,known,NC3
837,ENST00000261483,ENSP00000261483.4,val,True,8,human,known,NC3
838,ENST00000261497,ENSP00000261497.4,train,True,8,human,known,NC3
839,ENST00000261507,ENSP00000261507.6,train,True,8,human,known,NC3
840,ENST00000261509,ENSP00000261509.6,train,True,8,human,known,NC3
841,ENST00000261520,ENSP00000261520.4,train,True,8,human,known,NC3
842,ENST00000261531,ENSP00000261531.8,train,True,8,human,known,NC3
843,ENST00000261537,ENSP00000261537.6,train,True,8,human,known,NC3
844,ENST00000261574,ENSP00000261574.5,train,True,8,human,known,NC3
845,ENST00000261590,ENSP00000261590.8,train,True,8,human,known,NC3
846,ENST00000261593,ENSP00000261593.3,train,True,8,human,known,NC3
847,ENST00000261597,ENSP00000261597.4,val,True,8,human,known,NC3
848,ENST00000261600,ENSP00000261600.6,train,True,8,human,known,NC3
849,ENST00000261601,ENSP00000261601.6,val,True,8,human,known,NC3
850,ENST00000261609,ENSP00000261609.8,train,True,8,human,known,NC3
851,ENST00000261622,ENSP00000261622.4,train,True,8,human,known,NC3
852,ENST00000261637,ENSP00000261637.4,train,True,8,human,known,NC3
853,ENST00000261643,ENSP00000261643.3,test,True,8,human,known,NC3
854,ENST00000261647,ENSP00000261647.5,test,True,8,human,known,NC3
855,ENST00000261667,ENSP00000261667.3,train,True,8,human,known,NC3
856,ENST00000261693,ENSP00000261693.6,train,True,8,human,known,NC3
857,ENST00000261700,ENSP00000261700.3,train,True,8,human,known,NC3
858,ENST00000261708,ENSP00000261708.4,val,True,8,human,known,NC3
859,ENST00000261714,ENSP00000261714.6,test,True,8,human,known,NC3
860,ENST00000261716,ENSP00000261716.3,train,True,8,human,known,NC3
861,ENST00000261721,ENSP00000261721.4,train,True,8,human,known,NC3
862,ENST00000261733,ENSP00000261733.2,train,True,8,human,known,NC3
863,ENST00000261735,ENSP00000261735.3,train,True,8,human,known,NC3
864,ENST00000261739,ENSP00000261739.4,train,True,8,human,known,NC3
865,ENST00000261745,ENSP00000261745.4,train,True,8,human,known,NC3
866,ENST00000261758,ENSP00000261758.4,train,True,8,human,known,NC3
867,ENST00000261776,ENSP00000261776.5,test,True,8,human,known,NC3
868,ENST00000261778,ENSP00000261778.1,val,True,8,human,known,NC3
869,ENST00000261783,ENSP00000261783.3,test,True,8,human,known,NC3
870,ENST00000261813,ENSP00000261813.4,test,True,8,human,known,NC3
871,ENST00000261819,ENSP00000261819.3,train,True,8,human,known,NC3
872,ENST00000261822,ENSP00000261822.5,train,True,8,human,known,NC3
873,ENST00000261842,ENSP00000261842.5,train,True,8,human,known,NC3
874,ENST00000261854,ENSP00000261854.5,train,True,8,human,known,NC3
875,ENST00000261858,ENSP00000261858.2,test,True,8,human,known,NC3
876,ENST00000261866,ENSP00000261866.7,train,True,8,human,known,NC3
877,ENST00000261868,ENSP00000261868.5,train,True,8,human,known,NC3
878,ENST00000261875,ENSP00000261875.5,val,True,8,human,known,NC3
879,ENST00000261880,ENSP00000261880.5,train,True,8,human,known,NC3
880,ENST00000261881,ENSP00000261881.4,train,True,8,human,known,NC3
881,ENST00000261884,ENSP00000261884.3,train,True,8,human,known,NC3
882,ENST00000261888,ENSP00000261888.6,val,True,8,human,known,NC3
883,ENST00000261893,ENSP00000261893.4,train,True,8,human,known,NC3
884,ENST00000261900,ENSP00000261900.3,train,True,8,human,known,NC3
885,ENST00000261908,ENSP00000261908.6,val,True,8,human,known,NC3
886,ENST00000261942,ENSP00000261942.6,val,True,8,human,known,NC3
887,ENST00000261951,ENSP00000261951.4,val,True,8,human,known,NC3
888,ENST00000261965,ENSP00000261965.3,val,True,8,human,known,NC3
889,ENST00000262013,ENSP00000262013.7,train,True,8,human,known,NC3
890,ENST00000262027,ENSP00000262027.5,train,True,8,human,known,NC3
891,ENST00000262030,ENSP00000262030.3,train,True,8,human,known,NC3
892,ENST00000262031,ENSP00000262031.5,train,True,8,human,known,NC3
893,ENST00000262033,ENSP00000262033.6,test,True,8,human,known,NC3
894,ENST00000262039,ENSP00000262039.3,train,True,8,human,known,NC3
895,ENST00000262043,ENSP00000262043.4,test,True,8,human,known,NC3
896,ENST00000262067,ENSP00000262067.4,train,True,8,human,known,NC3
897,ENST00000262077,ENSP00000262077.3,train,True,8,human,known,NC3
898,ENST00000262096,ENSP00000262096.8,val,True,8,human,known,NC3
899,ENST00000262102,ENSP00000262102.6,train,True,8,human,known,NC3
900,ENST00000262109,ENSP00000262109.7,train,True,8,human,known,NC3
901,ENST00000262120,ENSP00000262120.5,train,True,8,human,known,NC3
902,ENST00000262134,ENSP00000262134.5,train,True,8,human,known,NC3
903,ENST00000262144,ENSP00000262144.6,train,True,8,human,known,NC3
904,ENST00000262146,ENSP00000262146.4,train,True,8,human,known,NC3
905,ENST00000262160,ENSP00000262160.6,val,True,8,human,known,NC3
906,ENST00000262177,ENSP00000262177.4,train,True,8,human,known,NC3
907,ENST00000262187,ENSP00000262187.5,val,True,8,human,known,NC3
908,ENST00000262188,ENSP00000262188.8,train,True,8,human,known,NC3
909,ENST00000262193,ENSP00000262193.6,val,True,8,human,known,NC3
910,ENST00000262198,ENSP00000262198.3,test,True,8,human,known,NC3
911,ENST00000262213,ENSP00000262213.2,train,True,8,human,known,NC3
912,ENST00000262215,ENSP00000262215.3,test,True,8,human,known,NC3
913,ENST00000262225,ENSP00000262225.3,train,True,8,human,known,NC3
914,ENST00000262238,ENSP00000262238.4,train,True,8,human,known,NC3
915,ENST00000262241,ENSP00000262241.5,train,True,8,human,known,NC3
916,ENST00000262244,ENSP00000262244.5,train,True,8,human,known,NC3
917,ENST00000262288,ENSP00000262288.3,train,True,8,human,known,NC3
918,ENST00000262302,ENSP00000262302.9,val,True,8,human,known,NC3
919,ENST00000262319,ENSP00000262319.6,train,True,8,human,known,NC3
920,ENST00000262320,ENSP00000262320.3,train,True,8,human,known,NC3
921,ENST00000262367,ENSP00000262367.5,train,True,8,human,known,NC3
922,ENST00000262374,ENSP00000262374.5,train,True,8,human,known,NC3
923,ENST00000262375,ENSP00000262375.4,train,True,8,human,known,NC3
924,ENST00000262376,ENSP00000262376.5,train,True,8,human,known,NC3
925,ENST00000262384,ENSP00000262384.3,test,True,8,human,known,NC3
926,ENST00000262395,ENSP00000262395.5,test,True,8,human,known,NC3
927,ENST00000262406,ENSP00000262406.9,train,True,8,human,known,NC3
928,ENST00000262415,ENSP00000262415.2,test,True,8,human,known,NC3
929,ENST00000262428,ENSP00000262428.4,train,True,8,human,known,NC3
930,ENST00000262430,ENSP00000262430.4,train,True,8,human,known,NC3
931,ENST00000262432,ENSP00000262432.9,train,True,8,human,known,NC3
932,ENST00000262435,ENSP00000262435.9,train,True,8,human,known,NC3
933,ENST00000262442,ENSP00000262442.3,val,True,8,human,known,NC3
934,ENST00000262450,ENSP00000262450.3,train,True,8,human,known,NC3
935,ENST00000262455,ENSP00000262455.6,train,True,8,human,known,NC3
936,ENST00000262460,ENSP00000262460.4,train,True,8,human,known,NC3
937,ENST00000262461,ENSP00000262461.2,train,True,8,human,known,NC3
938,ENST00000262464,ENSP00000262464.4,train,True,8,human,known,NC3
939,ENST00000262494,ENSP00000262494.7,train,True,8,human,known,NC3
940,ENST00000262498,ENSP00000262498.3,train,True,8,human,known,NC3
941,ENST00000262506,ENSP00000262506.3,train,True,8,human,known,NC3
942,ENST00000262507,ENSP00000262507.5,test,True,8,human,known,NC3
943,ENST00000262518,ENSP00000262518.4,test,True,8,human,known,NC3
944,ENST00000262519,ENSP00000262519.8,train,True,8,human,known,NC3
945,ENST00000262525,ENSP00000262525.4,test,True,8,human,known,NC3
946,ENST00000262613,ENSP00000262613.5,val,True,8,human,known,NC3
947,ENST00000262623,ENSP00000262623.2,train,True,8,human,known,NC3
948,ENST00000262633,ENSP00000262633.3,train,True,8,human,known,NC3
949,ENST00000262643,ENSP00000262643.3,val,True,8,human,known,NC3
950,ENST00000262644,ENSP00000262644.4,train,True,8,human,known,NC3
951,ENST00000262646,ENSP00000262646.7,train,True,8,human,known,NC3
952,ENST00000262662,ENSP00000262662.1,train,True,8,human,known,NC3
953,ENST00000262710,ENSP00000262710.1,train,True,8,human,known,NC3
954,ENST00000262719,ENSP00000262719.4,train,True,8,human,known,NC3
955,ENST00000262776,ENSP00000262776.2,train,True,8,human,known,NC3
956,ENST00000262794,ENSP00000262794.5,val,True,8,human,known,NC3
957,ENST00000262809,ENSP00000262809.3,train,True,8,human,known,NC3
958,ENST00000262815,ENSP00000262815.9,train,True,8,human,known,NC3
959,ENST00000262843,ENSP00000262843.6,train,True,8,human,known,NC3
960,ENST00000262844,ENSP00000262844.5,train,True,8,human,known,NC3
961,ENST00000262848,ENSP00000262848.5,train,True,8,human,known,NC3
962,ENST00000262887,ENSP00000262887.5,train,True,8,human,known,NC3
963,ENST00000346618,ENSP00000262904.4,train,True,8,human,known,NC3
964,ENST00000262919,ENSP00000262919.5,train,True,8,human,known,NC3
965,ENST00000262932,ENSP00000262932.3,test,True,8,human,known,NC3
966,ENST00000262942,ENSP00000262942.5,train,True,8,human,known,NC3
967,ENST00000262947,ENSP00000262947.2,train,True,8,human,known,NC3
968,ENST00000262948,ENSP00000262948.4,val,True,8,human,known,NC3
969,ENST00000262962,ENSP00000262962.6,test,True,8,human,known,NC3
970,ENST00000262971,ENSP00000262971.1,val,True,8,human,known,NC3
971,ENST00000262982,ENSP00000262982.2,train,True,8,human,known,NC3
972,ENST00000262990,ENSP00000262990.4,test,True,8,human,known,NC3
973,ENST00000262995,ENSP00000262995.4,train,True,8,human,known,NC3
974,ENST00000263025,ENSP00000263025.4,train,True,8,human,known,NC3
975,ENST00000263026,ENSP00000263026.5,test,True,8,human,known,NC3
976,ENST00000263033,ENSP00000263033.5,test,True,8,human,known,NC3
977,ENST00000263035,ENSP00000263035.4,train,True,8,human,known,NC3
978,ENST00000263036,ENSP00000263036.3,train,True,8,human,known,NC3
979,ENST00000263038,ENSP00000263038.4,val,True,8,human,known,NC3
980,ENST00000263063,ENSP00000263063.3,train,True,8,human,known,NC3
981,ENST00000263073,ENSP00000263073.5,train,True,8,human,known,NC3
982,ENST00000263087,ENSP00000263087.4,train,True,8,human,known,NC3
983,ENST00000263088,ENSP00000263088.5,train,True,8,human,known,NC3
984,ENST00000263092,ENSP00000263092.5,train,True,8,human,known,NC3
985,ENST00000263102,ENSP00000263102.6,train,True,8,human,known,NC3
986,ENST00000263119,ENSP00000263119.5,val,True,8,human,known,NC3
987,ENST00000263125,ENSP00000263125.5,test,True,8,human,known,NC3
988,ENST00000263168,ENSP00000263168.3,train,True,8,human,known,NC3
989,ENST00000263202,ENSP00000263202.9,test,True,8,human,known,NC3
990,ENST00000263205,ENSP00000263205.7,train,True,8,human,known,NC3
991,ENST00000263208,ENSP00000263208.5,val,True,8,human,known,NC3
992,ENST00000351989,ENSP00000263209.3,train,True,8,human,known,NC3
993,ENST00000263212,ENSP00000263212.5,test,True,8,human,known,NC3
994,ENST00000263228,ENSP00000263228.3,train,True,8,human,known,NC3
995,ENST00000263238,ENSP00000263238.2,train,True,8,human,known,NC3
996,ENST00000263239,ENSP00000263239.2,train,True,8,human,known,NC3
997,ENST00000263245,ENSP00000263245.5,test,True,8,human,known,NC3
998,ENST00000263246,ENSP00000263246.3,train,True,8,human,known,NC3
999,ENST00000263253,ENSP00000263253.7,train,True,8,human,known,NC3
1000,ENST00000263256,ENSP00000263256.6,test,True,8,human,known,NC3
1001,ENST00000263274,ENSP00000263274.6,train,True,8,human,known,NC3
1002,ENST00000263275,ENSP00000263275.4,test,True,8,human,known,NC3
1003,ENST00000263277,ENSP00000263277.2,train,True,8,human,known,NC3
1004,ENST00000263346,ENSP00000263346.8,train,True,8,human,known,NC3
1005,ENST00000263354,ENSP00000263354.2,train,True,8,human,known,NC3
1006,ENST00000263368,ENSP00000263368.3,val,True,8,human,known,NC3
1007,ENST00000263383,ENSP00000263383.3,train,True,8,human,known,NC3
1008,ENST00000263384,ENSP00000263384.6,train,True,8,human,known,NC3
1009,ENST00000263388,ENSP00000263388.1,val,True,8,human,known,NC3
1010,ENST00000263390,ENSP00000263390.3,train,True,8,human,known,NC3
1011,ENST00000263401,ENSP00000263401.5,train,True,8,human,known,NC3
1012,ENST00000263440,ENSP00000263440.5,train,True,8,human,known,NC3
1013,ENST00000263461,ENSP00000263461.5,train,True,8,human,known,NC3
1014,ENST00000263559,ENSP00000263559.6,val,True,8,human,known,NC3
1015,ENST00000263574,ENSP00000263574.5,test,True,8,human,known,NC3
1016,ENST00000263578,ENSP00000263578.5,test,True,8,human,known,NC3
1017,ENST00000263579,ENSP00000263579.4,train,True,8,human,known,NC3
1018,ENST00000263593,ENSP00000263593.3,test,True,8,human,known,NC3
1019,ENST00000263620,ENSP00000263620.2,train,True,8,human,known,NC3
1020,ENST00000263635,ENSP00000263635.6,train,True,8,human,known,NC3
1021,ENST00000263655,ENSP00000263655.3,train,True,8,human,known,NC3
1022,ENST00000263657,ENSP00000263657.2,train,True,8,human,known,NC3
1023,ENST00000263666,ENSP00000263666.4,train,True,8,human,known,NC3
1024,ENST00000263681,ENSP00000263681.2,train,True,8,human,known,NC3
1025,ENST00000263688,ENSP00000263688.3,train,True,8,human,known,NC3
1026,ENST00000263694,ENSP00000263694.4,val,True,8,human,known,NC3
1027,ENST00000263697,ENSP00000263697.4,train,True,8,human,known,NC3
1028,ENST00000263702,ENSP00000263702.6,train,True,8,human,known,NC3
1029,ENST00000263713,ENSP00000263713.5,val,True,8,human,known,NC3
1030,ENST00000263733,ENSP00000263733.4,test,True,8,human,known,NC3
1031,ENST00000263736,ENSP00000263736.4,train,True,8,human,known,NC3
1032,ENST00000263774,ENSP00000263774.4,test,True,8,human,known,NC3
1033,ENST00000263780,ENSP00000263780.4,train,True,8,human,known,NC3
1034,ENST00000263791,ENSP00000263791.5,train,True,8,human,known,NC3
1035,ENST00000263795,ENSP00000263795.6,train,True,8,human,known,NC3
1036,ENST00000263847,ENSP00000263847.1,train,True,8,human,known,NC3
1037,ENST00000263857,ENSP00000263857.6,train,True,8,human,known,NC3
1038,ENST00000263864,ENSP00000263864.5,train,True,8,human,known,NC3
1039,ENST00000263881,ENSP00000263881.3,train,True,8,human,known,NC3
1040,ENST00000263897,ENSP00000263897.4,val,True,8,human,known,NC3
1041,ENST00000263904,ENSP00000263904.4,train,True,8,human,known,NC3
1042,ENST00000263918,ENSP00000263918.4,train,True,8,human,known,NC3
1043,ENST00000263925,ENSP00000263925.7,train,True,8,human,known,NC3
1044,ENST00000263956,ENSP00000263956.3,train,True,8,human,known,NC3
1045,ENST00000263966,ENSP00000263966.3,train,True,8,human,known,NC3
1046,ENST00000263969,ENSP00000263969.5,train,True,8,human,known,NC3
1047,ENST00000263980,ENSP00000263980.3,train,True,8,human,known,NC3
1048,ENST00000263985,ENSP00000263985.6,test,True,8,human,known,NC3
1049,ENST00000263991,ENSP00000263991.5,train,True,8,human,known,NC3
1050,ENST00000263997,ENSP00000263997.5,train,True,8,human,known,NC3
1051,ENST00000264020,ENSP00000264020.2,val,True,8,human,known,NC3
1052,ENST00000264025,ENSP00000264025.3,val,True,8,human,known,NC3
1053,ENST00000264033,ENSP00000264033.3,train,True,8,human,known,NC3
1054,ENST00000264036,ENSP00000264036.4,train,True,8,human,known,NC3
1055,ENST00000264039,ENSP00000264039.2,train,True,8,human,known,NC3
1056,ENST00000264042,ENSP00000264042.3,train,True,8,human,known,NC3
1057,ENST00000264051,ENSP00000264051.3,test,True,8,human,known,NC3
1058,ENST00000264059,ENSP00000264059.3,val,True,8,human,known,NC3
1059,ENST00000264065,ENSP00000264065.6,train,True,8,human,known,NC3
1060,ENST00000264071,ENSP00000264071.1,test,True,8,human,known,NC3
1061,ENST00000264093,ENSP00000264093.4,train,True,8,human,known,NC3
1062,ENST00000264110,ENSP00000264110.2,train,True,8,human,known,NC3
1063,ENST00000264156,ENSP00000264156.2,train,True,8,human,known,NC3
1064,ENST00000264157,ENSP00000264157.5,train,True,8,human,known,NC3
1065,ENST00000264161,ENSP00000264161.4,train,True,8,human,known,NC3
1066,ENST00000264167,ENSP00000264167.4,train,True,8,human,known,NC3
1067,ENST00000264183,ENSP00000264183.3,train,True,8,human,known,NC3
1068,ENST00000264187,ENSP00000264187.6,train,True,8,human,known,NC3
1069,ENST00000264198,ENSP00000264198.3,train,True,8,human,known,NC3
1070,ENST00000264220,ENSP00000264220.2,val,True,8,human,known,NC3
1071,ENST00000264230,ENSP00000264230.4,train,True,8,human,known,NC3
1072,ENST00000264233,ENSP00000264233.5,val,True,8,human,known,NC3
1073,ENST00000264254,ENSP00000264254.6,train,True,8,human,known,NC3
1074,ENST00000264255,ENSP00000264255.3,train,True,8,human,known,NC3
1075,ENST00000264258,ENSP00000264258.3,train,True,8,human,known,NC3
1076,ENST00000264265,ENSP00000264265.3,train,True,8,human,known,NC3
1077,ENST00000264279,ENSP00000264279.5,train,True,8,human,known,NC3
1078,ENST00000264313,ENSP00000264313.5,train,True,8,human,known,NC3
1079,ENST00000264331,ENSP00000264331.4,train,True,8,human,known,NC3
1080,ENST00000264335,ENSP00000264335.8,train,True,8,human,known,NC3
1081,ENST00000264344,ENSP00000264344.5,train,True,8,human,known,NC3
1082,ENST00000264350,ENSP00000264350.3,test,True,8,human,known,NC3
1083,ENST00000264376,ENSP00000264376.4,train,True,8,human,known,NC3
1084,ENST00000264380,ENSP00000264380.4,train,True,8,human,known,NC3
1085,ENST00000264381,ENSP00000264381.3,train,True,8,human,known,NC3
1086,ENST00000264389,ENSP00000264389.2,train,True,8,human,known,NC3
1087,ENST00000264414,ENSP00000264414.4,train,True,8,human,known,NC3
1088,ENST00000264447,ENSP00000264447.4,train,True,8,human,known,NC3
1089,ENST00000264451,ENSP00000264451.6,train,True,8,human,known,NC3
1090,ENST00000264498,ENSP00000264498.4,test,True,8,human,known,NC3
1091,ENST00000264499,ENSP00000264499.4,train,True,8,human,known,NC3
1092,ENST00000264515,ENSP00000264515.6,train,True,8,human,known,NC3
1093,ENST00000264538,ENSP00000264538.3,train,True,8,human,known,NC3
1094,ENST00000264552,ENSP00000264552.8,test,True,8,human,known,NC3
1095,ENST00000264555,ENSP00000264555.5,train,True,8,human,known,NC3
1096,ENST00000264595,ENSP00000264595.2,train,True,8,human,known,NC3
1097,ENST00000264596,ENSP00000264596.3,train,True,8,human,known,NC3
1098,ENST00000264634,ENSP00000264634.4,train,True,8,human,known,NC3
1099,ENST00000264639,ENSP00000264639.4,train,True,8,human,known,NC3
1100,ENST00000264645,ENSP00000264645.6,test,True,8,human,known,NC3
1101,ENST00000264668,ENSP00000264668.2,train,True,8,human,known,NC3
1102,ENST00000264669,ENSP00000264669.5,train,True,8,human,known,NC3
1103,ENST00000264670,ENSP00000264670.6,val,True,8,human,known,NC3
1104,ENST00000264689,ENSP00000264689.6,train,True,8,human,known,NC3
1105,ENST00000264705,ENSP00000264705.3,train,True,8,human,known,NC3
1106,ENST00000264710,ENSP00000264710.4,train,True,8,human,known,NC3
1107,ENST00000264758,ENSP00000264758.6,train,True,8,human,known,NC3
1108,ENST00000264904,ENSP00000264904.7,test,True,8,human,known,NC3
1109,ENST00000264908,ENSP00000264908.6,train,True,8,human,known,NC3
1110,ENST00000264914,ENSP00000264914.4,train,True,8,human,known,NC3
1111,ENST00000264926,ENSP00000264926.2,train,True,8,human,known,NC3
1112,ENST00000264930,ENSP00000264930.5,train,True,8,human,known,NC3
1113,ENST00000264932,ENSP00000264932.6,train,True,8,human,known,NC3
1114,ENST00000264933,ENSP00000264933.4,train,True,8,human,known,NC3
1115,ENST00000264951,ENSP00000264951.4,val,True,8,human,known,NC3
1116,ENST00000264954,ENSP00000264954.4,train,True,8,human,known,NC3
1117,ENST00000264990,ENSP00000264990.6,train,True,8,human,known,NC3
1118,ENST00000264993,ENSP00000264993.3,train,True,8,human,known,NC3
1119,ENST00000265000,ENSP00000265000.4,train,True,8,human,known,NC3
1120,ENST00000265028,ENSP00000265028.3,train,True,8,human,known,NC3
1121,ENST00000265036,ENSP00000265036.5,train,True,8,human,known,NC3
1122,ENST00000265056,ENSP00000265056.7,train,True,8,human,known,NC3
1123,ENST00000265069,ENSP00000265069.8,train,True,8,human,known,NC3
1124,ENST00000265070,ENSP00000265070.6,train,True,8,human,known,NC3
1125,ENST00000265081,ENSP00000265081.6,train,True,8,human,known,NC3
1126,ENST00000265097,ENSP00000265097.5,test,True,8,human,known,NC3
1127,ENST00000265107,ENSP00000265107.4,train,True,8,human,known,NC3
1128,ENST00000265112,ENSP00000265112.3,train,True,8,human,known,NC3
1129,ENST00000265140,ENSP00000265140.5,train,True,8,human,known,NC3
1130,ENST00000265148,ENSP00000265148.3,train,True,8,human,known,NC3
1131,ENST00000265164,ENSP00000265164.2,train,True,8,human,known,NC3
1132,ENST00000265165,ENSP00000265165.1,train,True,8,human,known,NC3
1133,ENST00000265174,ENSP00000265174.4,test,True,8,human,known,NC3
1134,ENST00000265192,ENSP00000265192.4,train,True,8,human,known,NC3
1135,ENST00000265245,ENSP00000265245.5,val,True,8,human,known,NC3
1136,ENST00000265260,ENSP00000265260.3,train,True,8,human,known,NC3
1137,ENST00000265271,ENSP00000265271.5,train,True,8,human,known,NC3
1138,ENST00000348367,ENSP00000265276.4,train,True,8,human,known,NC3
1139,ENST00000265295,ENSP00000265295.4,train,True,8,human,known,NC3
1140,ENST00000265316,ENSP00000265316.3,train,True,8,human,known,NC3
1141,ENST00000265322,ENSP00000265322.7,train,True,8,human,known,NC3
1142,ENST00000265333,ENSP00000265333.3,train,True,8,human,known,NC3
1143,ENST00000265343,ENSP00000265343.5,test,True,8,human,known,NC3
1144,ENST00000265350,ENSP00000265350.4,train,True,8,human,known,NC3
1145,ENST00000265351,ENSP00000265351.7,train,True,8,human,known,NC3
1146,ENST00000265354,ENSP00000265354.4,val,True,8,human,known,NC3
1147,ENST00000265388,ENSP00000265388.5,train,True,8,human,known,NC3
1148,ENST00000265394,ENSP00000265394.5,train,True,8,human,known,NC3
1149,ENST00000265395,ENSP00000265395.2,test,True,8,human,known,NC3
1150,ENST00000265421,ENSP00000265421.4,train,True,8,human,known,NC3
1151,ENST00000265428,ENSP00000265428.4,train,True,8,human,known,NC3
1152,ENST00000265462,ENSP00000265462.4,val,True,8,human,known,NC3
1153,ENST00000265465,ENSP00000265465.3,val,True,8,human,known,NC3
1154,ENST00000265471,ENSP00000265471.5,train,True,8,human,known,NC3
1155,ENST00000265523,ENSP00000265523.4,train,True,8,human,known,NC3
1156,ENST00000265560,ENSP00000265560.4,test,True,8,human,known,NC3
1157,ENST00000265562,ENSP00000265562.4,train,True,8,human,known,NC3
1158,ENST00000265564,ENSP00000265564.7,train,True,8,human,known,NC3
1159,ENST00000265565,ENSP00000265565.5,test,True,8,human,known,NC3
1160,ENST00000265594,ENSP00000265594.4,train,True,8,human,known,NC3
1161,ENST00000265605,ENSP00000265605.2,train,True,8,human,known,NC3
1162,ENST00000265641,ENSP00000265641.4,train,True,8,human,known,NC3
1163,ENST00000265651,ENSP00000265651.3,train,True,8,human,known,NC3
1164,ENST00000265689,ENSP00000265689.4,val,True,8,human,known,NC3
1165,ENST00000265717,ENSP00000265717.4,train,True,8,human,known,NC3
1166,ENST00000265728,ENSP00000265728.1,test,True,8,human,known,NC3
1167,ENST00000265729,ENSP00000265729.3,train,True,8,human,known,NC3
1168,ENST00000265748,ENSP00000265748.2,val,True,8,human,known,NC3
1169,ENST00000265753,ENSP00000265753.8,train,True,8,human,known,NC3
1170,ENST00000265758,ENSP00000265758.3,train,True,8,human,known,NC3
1171,ENST00000265857,ENSP00000265857.3,train,True,8,human,known,NC3
1172,ENST00000265866,ENSP00000265866.7,val,True,8,human,known,NC3
1173,ENST00000265872,ENSP00000265872.6,train,True,8,human,known,NC3
1174,ENST00000265881,ENSP00000265881.5,train,True,8,human,known,NC3
1175,ENST00000265896,ENSP00000265896.5,train,True,8,human,known,NC3
1176,ENST00000265978,ENSP00000265978.4,train,True,8,human,known,NC3
1177,ENST00000265981,ENSP00000265981.2,train,True,8,human,known,NC3
1178,ENST00000265986,ENSP00000265986.6,train,True,8,human,known,NC3
1179,ENST00000265997,ENSP00000265997.4,train,True,8,human,known,NC3
1180,ENST00000266022,ENSP00000266022.4,train,True,8,human,known,NC3
1181,ENST00000266025,ENSP00000266025.3,train,True,8,human,known,NC3
1182,ENST00000266058,ENSP00000266058.4,train,True,8,human,known,NC3
1183,ENST00000266069,ENSP00000266069.3,train,True,8,human,known,NC3
1184,ENST00000266079,ENSP00000266079.4,train,True,8,human,known,NC3
1185,ENST00000266087,ENSP00000266087.7,train,True,8,human,known,NC3
1186,ENST00000266126,ENSP00000266126.5,train,True,8,human,known,NC3
1187,ENST00000266263,ENSP00000266263.5,train,True,8,human,known,NC3
1188,ENST00000266269,ENSP00000266269.5,val,True,8,human,known,NC3
1189,ENST00000266481,ENSP00000266481.6,train,True,8,human,known,NC3
1190,ENST00000266483,ENSP00000266483.2,test,True,8,human,known,NC3
1191,ENST00000266544,ENSP00000266544.5,train,True,8,human,known,NC3
1192,ENST00000266604,ENSP00000266604.2,train,True,8,human,known,NC3
1193,ENST00000266679,ENSP00000266679.8,train,True,8,human,known,NC3
1194,ENST00000266682,ENSP00000266682.5,train,True,8,human,known,NC3
1195,ENST00000266712,ENSP00000266712.6,train,True,8,human,known,NC3
1196,ENST00000266732,ENSP00000266732.4,val,True,8,human,known,NC3
1197,ENST00000266771,ENSP00000266771.5,val,True,8,human,known,NC3
1198,ENST00000266984,ENSP00000266984.5,train,True,8,human,known,NC3
1199,ENST00000267023,ENSP00000267023.4,val,True,8,human,known,NC3
1200,ENST00000267103,ENSP00000267103.5,train,True,8,human,known,NC3
1201,ENST00000267113,ENSP00000267113.4,val,True,8,human,known,NC3
1202,ENST00000267116,ENSP00000267116.7,train,True,8,human,known,NC3
1203,ENST00000267163,ENSP00000267163.4,train,True,8,human,known,NC3
1204,ENST00000267202,ENSP00000267202.2,train,True,8,human,known,NC3
1205,ENST00000267522,ENSP00000267522.3,train,True,8,human,known,NC3
1206,ENST00000267568,ENSP00000267568.4,train,True,8,human,known,NC3
1207,ENST00000267622,ENSP00000267622.4,train,True,8,human,known,NC3
1208,ENST00000267750,ENSP00000267750.4,train,True,8,human,known,NC3
1209,ENST00000267812,ENSP00000267812.3,train,True,8,human,known,NC3
1210,ENST00000267814,ENSP00000267814.9,train,True,8,human,known,NC3
1211,ENST00000267842,ENSP00000267842.5,train,True,8,human,known,NC3
1212,ENST00000267884,ENSP00000267884.6,train,True,8,human,known,NC3
1213,ENST00000267935,ENSP00000267935.8,train,True,8,human,known,NC3
1214,ENST00000267970,ENSP00000267970.4,train,True,8,human,known,NC3
1215,ENST00000267973,ENSP00000267973.2,train,True,8,human,known,NC3
1216,ENST00000268057,ENSP00000268057.4,train,True,8,human,known,NC3
1217,ENST00000268058,ENSP00000268058.3,train,True,8,human,known,NC3
1218,ENST00000268099,ENSP00000268099.9,train,True,8,human,known,NC3
1219,ENST00000268150,ENSP00000268150.8,train,True,8,human,known,NC3
1220,ENST00000268171,ENSP00000268171.2,train,True,8,human,known,NC3
1221,ENST00000268182,ENSP00000268182.5,train,True,8,human,known,NC3
1222,ENST00000268261,ENSP00000268261.4,train,True,8,human,known,NC3
1223,ENST00000268379,ENSP00000268379.4,train,True,8,human,known,NC3
1224,ENST00000268383,ENSP00000268383.2,train,True,8,human,known,NC3
1225,ENST00000268482,ENSP00000268482.3,train,True,8,human,known,NC3
1226,ENST00000268676,ENSP00000268676.7,train,True,8,human,known,NC3
1227,ENST00000268695,ENSP00000268695.5,test,True,8,human,known,NC3
1228,ENST00000268717,ENSP00000268717.5,train,True,8,human,known,NC3
1229,ENST00000268719,ENSP00000268719.4,train,True,8,human,known,NC3
1230,ENST00000268802,ENSP00000268802.5,train,True,8,human,known,NC3
1231,ENST00000268835,ENSP00000268835.2,test,True,8,human,known,NC3
1232,ENST00000268957,ENSP00000268957.3,train,True,8,human,known,NC3
1233,ENST00000269141,ENSP00000269141.3,train,True,8,human,known,NC3
1234,ENST00000269143,ENSP00000269143.2,test,True,8,human,known,NC3
1235,ENST00000269195,ENSP00000269195.4,train,True,8,human,known,NC3
1236,ENST00000269221,ENSP00000269221.2,train,True,8,human,known,NC3
1237,ENST00000269228,ENSP00000269228.4,train,True,8,human,known,NC3
1238,ENST00000269243,ENSP00000269243.4,train,True,8,human,known,NC3
1239,ENST00000269373,ENSP00000269373.6,train,True,8,human,known,NC3
1240,ENST00000269383,ENSP00000269383.3,train,True,8,human,known,NC3
1241,ENST00000269385,ENSP00000269385.4,train,True,8,human,known,NC3
1242,ENST00000269397,ENSP00000269397.4,train,True,8,human,known,NC3
1243,ENST00000269601,ENSP00000269601.4,train,True,8,human,known,NC3
1244,ENST00000269701,ENSP00000269701.1,train,True,8,human,known,NC3
1245,ENST00000349048,ENSP00000269848.6,train,True,8,human,known,NC3
1246,ENST00000269886,ENSP00000269886.2,train,True,8,human,known,NC3
1247,ENST00000269967,ENSP00000269967.2,train,True,8,human,known,NC3
1248,ENST00000269980,ENSP00000269980.2,train,True,8,human,known,NC3
1249,ENST00000270066,ENSP00000270066.6,train,True,8,human,known,NC3
1250,ENST00000270142,ENSP00000270142.7,train,True,8,human,known,NC3
1251,ENST00000270162,nan,train,True,8,human,known,NC3
1252,ENST00000270176,ENSP00000270176.5,val,True,8,human,known,NC3
1253,ENST00000270225,ENSP00000270225.6,train,True,8,human,known,NC3
1254,ENST00000270233,ENSP00000270233.5,val,True,8,human,known,NC3
1255,ENST00000270502,ENSP00000270502.5,train,True,8,human,known,NC3
1256,ENST00000270538,ENSP00000270538.2,train,True,8,human,known,NC3
1257,ENST00000270583,ENSP00000270583.4,train,True,8,human,known,NC3
1258,ENST00000270586,ENSP00000270586.3,train,True,8,human,known,NC3
1259,ENST00000270625,ENSP00000270625.1,train,True,8,human,known,NC3
1260,ENST00000270708,ENSP00000270708.7,train,True,8,human,known,NC3
1261,ENST00000270776,ENSP00000270776.8,train,True,8,human,known,NC3
1262,ENST00000270792,ENSP00000270792.5,train,True,8,human,known,NC3
1263,ENST00000271234,ENSP00000271234.7,train,True,8,human,known,NC3
1264,ENST00000271277,ENSP00000271277.6,test,True,8,human,known,NC3
1265,ENST00000271308,ENSP00000271308.4,train,True,8,human,known,NC3
1266,ENST00000271373,ENSP00000271373.4,val,True,8,human,known,NC3
1267,ENST00000271375,ENSP00000271375.3,train,True,8,human,known,NC3
1268,ENST00000271452,ENSP00000271452.3,train,True,8,human,known,NC3
1269,ENST00000271526,ENSP00000271526.4,val,True,8,human,known,NC3
1270,ENST00000348159,ENSP00000271555.5,train,True,8,human,known,NC3
1271,ENST00000271620,ENSP00000271620.3,train,True,8,human,known,NC3
1272,ENST00000271628,ENSP00000271628.8,train,True,8,human,known,NC3
1273,ENST00000271636,ENSP00000271636.7,train,True,8,human,known,NC3
1274,ENST00000271638,ENSP00000271638.2,train,True,8,human,known,NC3
1275,ENST00000271732,ENSP00000271732.3,train,True,8,human,known,NC3
1276,ENST00000271764,ENSP00000271764.2,train,True,8,human,known,NC3
1277,ENST00000271843,ENSP00000271843.4,train,True,8,human,known,NC3
1278,ENST00000272065,ENSP00000272065.5,train,True,8,human,known,NC3
1279,ENST00000272091,ENSP00000272091.7,val,True,8,human,known,NC3
1280,ENST00000272139,ENSP00000272139.4,train,True,8,human,known,NC3
1281,ENST00000272217,ENSP00000272217.2,train,True,8,human,known,NC3
1282,ENST00000272233,ENSP00000272233.4,test,True,8,human,known,NC3
1283,ENST00000272252,ENSP00000272252.5,test,True,8,human,known,NC3
1284,ENST00000272348,ENSP00000272348.2,train,True,8,human,known,NC3
1285,ENST00000272418,ENSP00000272418.2,train,True,8,human,known,NC3
1286,ENST00000272430,ENSP00000272430.5,train,True,8,human,known,NC3
1287,ENST00000272638,ENSP00000272638.9,train,True,8,human,known,NC3
1288,ENST00000272645,ENSP00000272645.3,train,True,8,human,known,NC3
1289,ENST00000272732,ENSP00000272732.6,test,True,8,human,known,NC3
1290,ENST00000272746,ENSP00000272746.5,val,True,8,human,known,NC3
1291,ENST00000272902,ENSP00000272902.5,train,True,8,human,known,NC3
1292,ENST00000272930,ENSP00000272930.4,train,True,8,human,known,NC3
1293,ENST00000273047,ENSP00000273047.4,train,True,8,human,known,NC3
1294,ENST00000273064,ENSP00000273064.6,train,True,8,human,known,NC3
1295,ENST00000273130,ENSP00000273130.4,train,True,8,human,known,NC3
1296,ENST00000273258,ENSP00000273258.3,test,True,8,human,known,NC3
1297,ENST00000273308,ENSP00000273308.4,train,True,8,human,known,NC3
1298,ENST00000273317,ENSP00000273317.4,train,True,8,human,known,NC3
1299,ENST00000273359,ENSP00000273359.3,train,True,8,human,known,NC3
1300,ENST00000273375,ENSP00000273375.4,train,True,8,human,known,NC3
1301,ENST00000273480,ENSP00000273480.3,train,True,8,human,known,NC3
1302,ENST00000273550,ENSP00000273550.7,test,True,8,human,known,NC3
1303,ENST00000273739,ENSP00000273739.5,train,True,8,human,known,NC3
1304,ENST00000273853,ENSP00000273853.6,train,True,8,human,known,NC3
1305,ENST00000273920,ENSP00000273920.3,train,True,8,human,known,NC3
1306,ENST00000273968,ENSP00000273968.4,train,True,8,human,known,NC3
1307,ENST00000273986,ENSP00000273986.4,train,True,8,human,known,NC3
1308,ENST00000274026,ENSP00000274026.5,val,True,8,human,known,NC3
1309,ENST00000274031,ENSP00000274031.3,train,True,8,human,known,NC3
1310,ENST00000274054,ENSP00000274054.2,test,True,8,human,known,NC3
1311,ENST00000274137,ENSP00000274137.6,val,True,8,human,known,NC3
1312,ENST00000274140,ENSP00000274140.4,test,True,8,human,known,NC3
1313,ENST00000274203,ENSP00000274203.10,val,True,8,human,known,NC3
1314,ENST00000274242,ENSP00000274242.5,train,True,8,human,known,NC3
1315,ENST00000274311,ENSP00000274311.2,train,True,8,human,known,NC3
1316,ENST00000274364,ENSP00000274364.6,train,True,8,human,known,NC3
1317,ENST00000274376,ENSP00000274376.6,train,True,8,human,known,NC3
1318,ENST00000274458,ENSP00000274458.4,train,True,8,human,known,NC3
1319,ENST00000274496,ENSP00000274496.5,train,True,8,human,known,NC3
1320,ENST00000274569,ENSP00000274569.4,train,True,8,human,known,NC3
1321,ENST00000274606,ENSP00000274606.4,train,True,8,human,known,NC3
1322,ENST00000274680,ENSP00000274680.4,train,True,8,human,known,NC3
1323,ENST00000274695,ENSP00000274695.4,val,True,8,human,known,NC3
1324,ENST00000274712,ENSP00000274712.2,train,True,8,human,known,NC3
1325,ENST00000274813,ENSP00000274813.3,train,True,8,human,known,NC3
1326,ENST00000274849,ENSP00000274849.1,val,True,8,human,known,NC3
1327,ENST00000275015,ENSP00000275015.3,train,True,8,human,known,NC3
1328,ENST00000275036,ENSP00000275036.7,train,True,8,human,known,NC3
1329,ENST00000275072,ENSP00000275072.4,train,True,8,human,known,NC3
1330,ENST00000275227,ENSP00000275227.4,train,True,8,human,known,NC3
1331,ENST00000275230,ENSP00000275230.5,val,True,8,human,known,NC3
1332,ENST00000275235,ENSP00000275235.4,val,True,8,human,known,NC3
1333,ENST00000275428,ENSP00000275428.4,train,True,8,human,known,NC3
1334,ENST00000275493,ENSP00000275493.2,val,True,8,human,known,NC3
1335,ENST00000275603,ENSP00000275603.4,train,True,8,human,known,NC3
1336,ENST00000354161,ENSP00000275730.4,test,True,8,human,known,NC3
1337,ENST00000275766,ENSP00000275766.1,train,True,8,human,known,NC3
1338,ENST00000275820,ENSP00000275820.3,train,True,8,human,known,NC3
1339,ENST00000275954,ENSP00000275954.3,train,True,8,human,known,NC3
1340,ENST00000276052,ENSP00000276052.6,test,True,8,human,known,NC3
1341,ENST00000276201,ENSP00000276201.3,test,True,8,human,known,NC3
1342,ENST00000276204,ENSP00000276204.6,train,True,8,human,known,NC3
1343,ENST00000276211,ENSP00000276211.5,train,True,8,human,known,NC3
1344,ENST00000276282,nan,train,True,8,human,known,NC3
1345,ENST00000276390,ENSP00000276390.2,train,True,8,human,known,NC3
1346,ENST00000276416,ENSP00000276416.6,train,True,8,human,known,NC3
1347,ENST00000276431,ENSP00000276431.4,train,True,8,human,known,NC3
1348,ENST00000276449,nan,train,True,8,human,known,NC3
1349,ENST00000276533,ENSP00000276533.3,val,True,8,human,known,NC3
1350,ENST00000276569,ENSP00000276569.3,train,True,8,human,known,NC3
1351,ENST00000276585,ENSP00000276585.4,train,True,8,human,known,NC3
1352,ENST00000276682,ENSP00000276682.4,train,True,8,human,known,NC3
1353,ENST00000276893,ENSP00000276893.5,test,True,8,human,known,NC3
1354,ENST00000276914,ENSP00000276914.2,train,True,8,human,known,NC3
1355,ENST00000276943,nan,train,True,8,human,known,NC3
1356,ENST00000277010,ENSP00000277010.4,val,True,8,human,known,NC3
1357,ENST00000277165,ENSP00000277165.5,train,True,8,human,known,NC3
1358,ENST00000277458,ENSP00000277458.4,train,True,8,human,known,NC3
1359,ENST00000277540,ENSP00000277540.2,test,True,8,human,known,NC3
1360,ENST00000277554,ENSP00000277554.2,train,True,8,human,known,NC3
1361,ENST00000277570,ENSP00000277570.5,train,True,8,human,known,NC3
1362,ENST00000277632,ENSP00000277632.3,train,True,8,human,known,NC3
1363,ENST00000277746,ENSP00000277746.6,val,True,8,human,known,NC3
1364,ENST00000277865,ENSP00000277865.4,train,True,8,human,known,NC3
1365,ENST00000277900,ENSP00000277900.8,val,True,8,human,known,NC3
1366,ENST00000351270,nan,train,True,8,human,known,NC3
1367,ENST00000278100,ENSP00000278100.6,val,True,8,human,known,NC3
1368,ENST00000278193,ENSP00000278193.2,val,True,8,human,known,NC3
1369,ENST00000278353,ENSP00000278353.4,train,True,8,human,known,NC3
1370,ENST00000278412,ENSP00000278412.2,train,True,8,human,known,NC3
1371,ENST00000278422,ENSP00000278422.4,train,True,8,human,known,NC3
1372,ENST00000278483,ENSP00000278483.3,train,True,8,human,known,NC3
1373,ENST00000278505,ENSP00000278505.4,test,True,8,human,known,NC3
1374,ENST00000278568,ENSP00000278568.4,val,True,8,human,known,NC3
1375,ENST00000278612,ENSP00000278612.8,train,True,8,human,known,NC3
1376,ENST00000278616,ENSP00000278616.4,train,True,8,human,known,NC3
1377,ENST00000278618,ENSP00000278618.4,train,True,8,human,known,NC3
1378,ENST00000278671,ENSP00000278671.5,train,True,8,human,known,NC3
1379,ENST00000278823,ENSP00000278823.2,val,True,8,human,known,NC3
1380,ENST00000278826,ENSP00000278826.5,train,True,8,human,known,NC3
1381,ENST00000278845,ENSP00000278845.4,train,True,8,human,known,NC3
1382,ENST00000278903,ENSP00000278903.7,test,True,8,human,known,NC3
1383,ENST00000278951,ENSP00000278951.7,train,True,8,human,known,NC3
1384,ENST00000279068,ENSP00000279068.5,val,True,8,human,known,NC3
1385,ENST00000279146,ENSP00000279146.3,test,True,8,human,known,NC3
1386,ENST00000279147,ENSP00000279147.5,train,True,8,human,known,NC3
1387,ENST00000279242,ENSP00000279242.2,train,True,8,human,known,NC3
1388,ENST00000279281,ENSP00000279281.3,train,True,8,human,known,NC3
1389,ENST00000279387,ENSP00000279387.7,train,True,8,human,known,NC3
1390,ENST00000279392,ENSP00000279392.3,val,True,8,human,known,NC3
1391,ENST00000279394,ENSP00000279394.3,test,True,8,human,known,NC3
1392,ENST00000279550,ENSP00000279550.7,train,True,8,human,known,NC3
1393,ENST00000279907,ENSP00000279907.7,val,True,8,human,known,NC3
1394,ENST00000280154,ENSP00000280154.7,train,True,8,human,known,NC3
1395,ENST00000280326,ENSP00000280326.4,train,True,8,human,known,NC3
1396,ENST00000280346,ENSP00000280346.7,train,True,8,human,known,NC3
1397,ENST00000280362,ENSP00000280362.3,val,True,8,human,known,NC3
1398,ENST00000280377,ENSP00000280377.5,train,True,8,human,known,NC3
1399,ENST00000280551,ENSP00000280551.6,train,True,8,human,known,NC3
1400,ENST00000280557,ENSP00000280557.6,train,True,8,human,known,NC3
1401,ENST00000280614,ENSP00000280614.2,train,True,8,human,known,NC3
1402,ENST00000280700,ENSP00000280700.5,test,True,8,human,known,NC3
1403,ENST00000280701,ENSP00000280701.3,train,True,8,human,known,NC3
1404,ENST00000280772,ENSP00000280772.1,val,True,8,human,known,NC3
1405,ENST00000280800,ENSP00000280800.3,train,True,8,human,known,NC3
1406,ENST00000280904,ENSP00000280904.6,test,True,8,human,known,NC3
1407,ENST00000280969,ENSP00000280969.5,train,True,8,human,known,NC3
1408,ENST00000280979,ENSP00000280979.4,train,True,8,human,known,NC3
1409,ENST00000280987,ENSP00000280987.4,train,True,8,human,known,NC3
1410,ENST00000281031,ENSP00000281031.4,train,True,8,human,known,NC3
1411,ENST00000281081,ENSP00000281081.7,val,True,8,human,known,NC3
1412,ENST00000281092,ENSP00000281092.4,train,True,8,human,known,NC3
1413,ENST00000281141,ENSP00000281141.4,test,True,8,human,known,NC3
1414,ENST00000281142,ENSP00000281142.5,train,True,8,human,known,NC3
1415,ENST00000281182,ENSP00000281182.5,train,True,8,human,known,NC3
1416,ENST00000281243,ENSP00000281243.5,train,True,8,human,known,NC3
1417,ENST00000281453,ENSP00000281453.5,train,True,8,human,known,NC3
1418,ENST00000281455,ENSP00000281455.2,train,True,8,human,known,NC3
1419,ENST00000281456,ENSP00000281456.5,test,True,8,human,known,NC3
1420,ENST00000281471,ENSP00000281471.6,train,True,8,human,known,NC3
1421,ENST00000281513,ENSP00000281513.5,train,True,8,human,known,NC3
1422,ENST00000281543,ENSP00000281543.5,train,True,8,human,known,NC3
1423,ENST00000281701,ENSP00000281701.6,train,True,8,human,known,NC3
1424,ENST00000281741,ENSP00000281741.4,train,True,8,human,known,NC3
1425,ENST00000281821,ENSP00000281821.2,train,True,8,human,known,NC3
1426,ENST00000281828,ENSP00000281828.6,val,True,8,human,known,NC3
1427,ENST00000281950,ENSP00000281950.2,train,True,8,human,known,NC3
1428,ENST00000282003,ENSP00000282003.6,val,True,8,human,known,NC3
1429,ENST00000282020,ENSP00000282020.4,train,True,8,human,known,NC3
1430,ENST00000282032,ENSP00000282032.3,train,True,8,human,known,NC3
1431,ENST00000282041,ENSP00000282041.4,train,True,8,human,known,NC3
1432,ENST00000282058,ENSP00000282058.5,test,True,8,human,known,NC3
1433,ENST00000282074,ENSP00000282074.2,val,True,8,human,known,NC3
1434,ENST00000282276,ENSP00000282276.6,train,True,8,human,known,NC3
1435,ENST00000282343,ENSP00000282343.8,train,True,8,human,known,NC3
1436,ENST00000282344,ENSP00000282344.6,train,True,8,human,known,NC3
1437,ENST00000282382,ENSP00000282382.4,val,True,8,human,known,NC3
1438,ENST00000282388,ENSP00000282388.3,train,True,8,human,known,NC3
1439,ENST00000282412,ENSP00000282412.4,train,True,8,human,known,NC3
1440,ENST00000282488,ENSP00000282488.8,train,True,8,human,known,NC3
1441,ENST00000282516,ENSP00000282516.8,train,True,8,human,known,NC3
1442,ENST00000282541,ENSP00000282541.6,train,True,8,human,known,NC3
1443,ENST00000282570,ENSP00000282570.3,train,True,8,human,known,NC3
1444,ENST00000282588,ENSP00000282588.5,train,True,8,human,known,NC3
1445,ENST00000282633,ENSP00000282633.5,train,True,8,human,known,NC3
1446,ENST00000282841,ENSP00000282841.5,train,True,8,human,known,NC3
1447,ENST00000282892,ENSP00000282892.3,val,True,8,human,known,NC3
1448,ENST00000283006,ENSP00000283006.2,train,True,8,human,known,NC3
1449,ENST00000283027,ENSP00000283027.5,test,True,8,human,known,NC3
1450,ENST00000283109,ENSP00000283109.3,val,True,8,human,known,NC3
1451,ENST00000283131,ENSP00000283131.3,train,True,8,human,known,NC3
1452,ENST00000283148,ENSP00000283148.7,train,True,8,human,known,NC3
1453,ENST00000283195,ENSP00000283195.6,test,True,8,human,known,NC3
1454,ENST00000283206,ENSP00000283206.4,train,True,8,human,known,NC3
1455,ENST00000283290,ENSP00000283290.5,val,True,8,human,known,NC3
1456,ENST00000283351,ENSP00000283351.4,val,True,8,human,known,NC3
1457,ENST00000283357,nan,train,True,8,human,known,NC3
1458,ENST00000283415,ENSP00000283415.3,train,True,8,human,known,NC3
1459,ENST00000283629,ENSP00000283629.3,train,True,8,human,known,NC3
1460,ENST00000283632,ENSP00000283632.4,val,True,8,human,known,NC3
1461,ENST00000283646,ENSP00000283646.3,train,True,8,human,known,NC3
1462,ENST00000283752,nan,test,True,8,human,known,NC3
1463,ENST00000283875,ENSP00000283875.5,train,True,8,human,known,NC3
1464,ENST00000283882,ENSP00000283882.3,test,True,8,human,known,NC3
1465,ENST00000283921,ENSP00000283921.4,val,True,8,human,known,NC3
1466,ENST00000284031,ENSP00000284031.8,train,True,8,human,known,NC3
1467,ENST00000284061,ENSP00000284061.3,train,True,8,human,known,NC3
1468,ENST00000284116,ENSP00000284116.4,train,True,8,human,known,NC3
1469,ENST00000284274,ENSP00000284274.4,train,True,8,human,known,NC3
1470,ENST00000284292,ENSP00000284292.5,train,True,8,human,known,NC3
1471,ENST00000284320,ENSP00000284320.5,train,True,8,human,known,NC3
1472,ENST00000284440,ENSP00000284440.4,train,True,8,human,known,NC3
1473,ENST00000284551,ENSP00000284551.6,train,True,8,human,known,NC3
1474,ENST00000284669,ENSP00000284669.1,train,True,8,human,known,NC3
1475,ENST00000284690,ENSP00000284690.3,train,True,8,human,known,NC3
1476,ENST00000284771,ENSP00000284771.6,train,True,8,human,known,NC3
1477,ENST00000284878,ENSP00000284878.7,train,True,8,human,known,NC3
1478,ENST00000352957,ENSP00000284967.7,train,True,8,human,known,NC3
1479,ENST00000346798,ENSP00000284981.4,train,True,8,human,known,NC3
1480,ENST00000284984,ENSP00000284984.2,train,True,8,human,known,NC3
1481,ENST00000285021,ENSP00000285021.8,train,True,8,human,known,NC3
1482,ENST00000285071,ENSP00000285071.4,train,True,8,human,known,NC3
1483,ENST00000285093,ENSP00000285093.8,train,True,8,human,known,NC3
1484,ENST00000285208,ENSP00000285208.4,train,True,8,human,known,NC3
1485,ENST00000285243,ENSP00000285243.6,train,True,8,human,known,NC3
1486,ENST00000285379,ENSP00000285379.4,train,True,8,human,known,NC3
1487,ENST00000285420,ENSP00000285420.4,train,True,8,human,known,NC3
1488,ENST00000285599,ENSP00000285599.3,train,True,8,human,known,NC3
1489,ENST00000285667,ENSP00000285667.3,val,True,8,human,known,NC3
1490,ENST00000285697,ENSP00000285697.4,val,True,8,human,known,NC3
1491,ENST00000285737,ENSP00000285737.4,train,True,8,human,known,NC3
1492,ENST00000285814,ENSP00000285814.4,val,True,8,human,known,NC3
1493,ENST00000285848,ENSP00000285848.5,train,True,8,human,known,NC3
1494,ENST00000285873,ENSP00000285873.6,val,True,8,human,known,NC3
1495,ENST00000285930,ENSP00000285930.3,test,True,8,human,known,NC3
1496,ENST00000285968,ENSP00000285968.6,train,True,8,human,known,NC3
1497,ENST00000286070,ENSP00000286070.5,train,True,8,human,known,NC3
1498,ENST00000286201,ENSP00000286201.1,val,True,8,human,known,NC3
1499,ENST00000286234,ENSP00000286234.5,val,True,8,human,known,NC3
1500,ENST00000286298,ENSP00000286298.4,train,True,8,human,known,NC3
1501,ENST00000286307,ENSP00000286307.5,train,True,8,human,known,NC3
1502,ENST00000286364,ENSP00000286364.3,test,True,8,human,known,NC3
1503,ENST00000286371,ENSP00000286371.3,train,True,8,human,known,NC3
1504,ENST00000286398,ENSP00000286398.7,val,True,8,human,known,NC3
1505,ENST00000286428,ENSP00000286428.5,train,True,8,human,known,NC3
1506,ENST00000286448,nan,train,True,8,human,known,NC3
1507,ENST00000286548,ENSP00000286548.4,test,True,8,human,known,NC3
1508,ENST00000286713,ENSP00000286713.2,train,True,8,human,known,NC3
1509,ENST00000286800,ENSP00000286800.3,train,True,8,human,known,NC3
1510,ENST00000286835,ENSP00000286835.7,val,True,8,human,known,NC3
1511,ENST00000287022,ENSP00000287022.5,train,True,8,human,known,NC3
1512,ENST00000287025,ENSP00000287025.3,train,True,8,human,known,NC3
1513,ENST00000287038,ENSP00000287038.3,train,True,8,human,known,NC3
1514,ENST00000287078,ENSP00000287078.6,train,True,8,human,known,NC3
1515,ENST00000287169,ENSP00000287169.3,train,True,8,human,known,NC3
1516,ENST00000287218,ENSP00000287218.4,train,True,8,human,known,NC3
1517,ENST00000287295,ENSP00000287295.3,train,True,8,human,known,NC3
1518,ENST00000287322,ENSP00000287322.4,train,True,8,human,known,NC3
1519,ENST00000287380,ENSP00000287380.1,val,True,8,human,known,NC3
1520,ENST00000287394,ENSP00000287394.5,test,True,8,human,known,NC3
1521,ENST00000287437,ENSP00000287437.3,train,True,8,human,known,NC3
1522,ENST00000287474,ENSP00000287474.4,val,True,8,human,known,NC3
1523,ENST00000287482,ENSP00000287482.5,train,True,8,human,known,NC3
1524,ENST00000287546,ENSP00000287546.4,train,True,8,human,known,NC3
1525,ENST00000287600,ENSP00000287600.4,train,True,8,human,known,NC3
1526,ENST00000287647,ENSP00000287647.3,train,True,8,human,known,NC3
1527,ENST00000287652,ENSP00000287652.4,train,True,8,human,known,NC3
1528,ENST00000287675,ENSP00000287675.5,train,True,8,human,known,NC3
1529,ENST00000287859,ENSP00000287859.6,train,True,8,human,known,NC3
1530,ENST00000287878,ENSP00000287878.3,train,True,8,human,known,NC3
1531,ENST00000287957,ENSP00000287957.3,test,True,8,human,known,NC3
1532,ENST00000287996,ENSP00000287996.3,train,True,8,human,known,NC3
1533,ENST00000288014,ENSP00000288014.6,val,True,8,human,known,NC3
1534,ENST00000288022,ENSP00000288022.1,train,True,8,human,known,NC3
1535,ENST00000288207,ENSP00000288207.2,train,True,8,human,known,NC3
1536,ENST00000288235,ENSP00000288235.4,train,True,8,human,known,NC3
1537,ENST00000288266,ENSP00000288266.3,train,True,8,human,known,NC3
1538,ENST00000288398,ENSP00000288398.6,train,True,8,human,known,NC3
1539,ENST00000288532,ENSP00000288532.6,train,True,8,human,known,NC3
1540,ENST00000288607,ENSP00000288607.2,train,True,8,human,known,NC3
1541,ENST00000288699,ENSP00000288699.6,train,True,8,human,known,NC3
1542,ENST00000288828,ENSP00000288828.4,train,True,8,human,known,NC3
1543,ENST00000288937,ENSP00000288937.6,train,True,8,human,known,NC3
1544,ENST00000289175,ENSP00000289175.6,test,True,8,human,known,NC3
1545,ENST00000289228,ENSP00000289228.5,train,True,8,human,known,NC3
1546,ENST00000289359,ENSP00000289359.2,val,True,8,human,known,NC3
1547,ENST00000289371,ENSP00000289371.5,test,True,8,human,known,NC3
1548,ENST00000289382,ENSP00000289382.3,train,True,8,human,known,NC3
1549,ENST00000289422,ENSP00000289422.7,test,True,8,human,known,NC3
1550,ENST00000289968,ENSP00000289968.6,train,True,8,human,known,NC3
1551,ENST00000290079,ENSP00000290079.8,test,True,8,human,known,NC3
1552,ENST00000290130,ENSP00000290130.3,train,True,8,human,known,NC3
1553,ENST00000290155,ENSP00000290155.3,train,True,8,human,known,NC3
1554,ENST00000290231,ENSP00000290231.6,train,True,8,human,known,NC3
1555,ENST00000290291,ENSP00000290291.6,test,True,8,human,known,NC3
1556,ENST00000290295,ENSP00000290295.8,train,True,8,human,known,NC3
1557,ENST00000290299,ENSP00000290299.2,train,True,8,human,known,NC3
1558,ENST00000290341,ENSP00000290341.3,train,True,8,human,known,NC3
1559,ENST00000290349,ENSP00000290349.6,test,True,8,human,known,NC3
1560,ENST00000290354,ENSP00000290354.5,train,True,8,human,known,NC3
1561,ENST00000290378,ENSP00000290378.4,train,True,8,human,known,NC3
1562,ENST00000345330,ENSP00000290401.4,train,True,8,human,known,NC3
1563,ENST00000290429,ENSP00000290429.5,train,True,8,human,known,NC3
1564,ENST00000290524,ENSP00000290524.4,train,True,8,human,known,NC3
1565,ENST00000290541,ENSP00000290541.6,train,True,8,human,known,NC3
1566,ENST00000290573,ENSP00000290573.2,train,True,8,human,known,NC3
1567,ENST00000290649,ENSP00000290649.5,train,True,8,human,known,NC3
1568,ENST00000290650,ENSP00000290650.4,train,True,8,human,known,NC3
1569,ENST00000290663,ENSP00000290663.6,val,True,8,human,known,NC3
1570,ENST00000290759,ENSP00000290759.4,train,True,8,human,known,NC3
1571,ENST00000290765,nan,train,True,8,human,known,NC3
1572,ENST00000290776,ENSP00000290776.8,train,True,8,human,known,NC3
1573,ENST00000290858,ENSP00000290858.6,train,True,8,human,known,NC3
1574,ENST00000290921,ENSP00000290921.6,train,True,8,human,known,NC3
1575,ENST00000291386,ENSP00000291386.3,train,True,8,human,known,NC3
1576,ENST00000291442,ENSP00000291442.2,train,True,8,human,known,NC3
1577,ENST00000291458,ENSP00000291458.5,train,True,8,human,known,NC3
1578,ENST00000291547,ENSP00000291547.4,train,True,8,human,known,NC3
1579,ENST00000291552,nan,train,True,8,human,known,NC3
1580,ENST00000291565,ENSP00000291565.4,train,True,8,human,known,NC3
1581,ENST00000291568,ENSP00000291568.6,train,True,8,human,known,NC3
1582,ENST00000291574,ENSP00000291574.4,train,True,8,human,known,NC3
1583,ENST00000291576,ENSP00000291576.6,train,True,8,human,known,NC3
1584,ENST00000291577,nan,val,True,8,human,known,NC3
1585,ENST00000291634,ENSP00000291634.6,val,True,8,human,known,NC3
1586,ENST00000291688,ENSP00000291688.1,test,True,8,human,known,NC3
1587,ENST00000291842,ENSP00000291842.4,train,True,8,human,known,NC3
1588,ENST00000291906,ENSP00000291906.4,train,True,8,human,known,NC3
1589,ENST00000292114,ENSP00000292114.3,test,True,8,human,known,NC3
1590,ENST00000292180,ENSP00000292180.3,val,True,8,human,known,NC3
1591,ENST00000292211,ENSP00000292211.4,test,True,8,human,known,NC3
1592,ENST00000292246,ENSP00000292246.3,train,True,8,human,known,NC3
1593,ENST00000292314,ENSP00000292314.2,train,True,8,human,known,NC3
1594,ENST00000292330,ENSP00000292330.2,train,True,8,human,known,NC3
1595,ENST00000292363,ENSP00000292363.3,train,True,8,human,known,NC3
1596,ENST00000292401,nan,test,True,8,human,known,NC3
1597,ENST00000292450,ENSP00000292450.4,train,True,8,human,known,NC3
1598,ENST00000292475,ENSP00000292475.4,val,True,8,human,known,NC3
1599,ENST00000292476,ENSP00000292476.5,train,True,8,human,known,NC3
1600,ENST00000292538,ENSP00000292538.4,train,True,8,human,known,NC3
1601,ENST00000292566,ENSP00000292566.3,train,True,8,human,known,NC3
1602,ENST00000292586,ENSP00000292586.6,train,True,8,human,known,NC3
1603,ENST00000292616,ENSP00000292616.5,train,True,8,human,known,NC3
1604,ENST00000292778,ENSP00000292778.6,train,True,8,human,known,NC3
1605,ENST00000292782,ENSP00000292782.4,train,True,8,human,known,NC3
1606,ENST00000293217,ENSP00000293217.4,train,True,8,human,known,NC3
1607,ENST00000293288,ENSP00000293288.8,train,True,8,human,known,NC3
1608,ENST00000293350,ENSP00000293350.3,train,True,8,human,known,NC3
1609,ENST00000293362,ENSP00000293362.1,train,True,8,human,known,NC3
1610,ENST00000293371,ENSP00000293371.6,train,True,8,human,known,NC3
1611,ENST00000293379,ENSP00000293379.4,train,True,8,human,known,NC3
1612,ENST00000293404,ENSP00000293404.2,train,True,8,human,known,NC3
1613,ENST00000293406,ENSP00000293406.3,val,True,8,human,known,NC3
1614,ENST00000293443,ENSP00000293443.6,train,True,8,human,known,NC3
1615,ENST00000293760,ENSP00000293760.5,val,True,8,human,known,NC3
1616,ENST00000293831,ENSP00000293831.8,train,True,8,human,known,NC3
1617,ENST00000293860,ENSP00000293860.5,train,True,8,human,known,NC3
1618,ENST00000293872,ENSP00000293872.8,train,True,8,human,known,NC3
1619,ENST00000293981,ENSP00000293981.6,val,True,8,human,known,NC3
1620,ENST00000294016,ENSP00000294016.3,train,True,8,human,known,NC3
1621,ENST00000294064,ENSP00000294064.4,train,True,8,human,known,NC3
1622,ENST00000294066,ENSP00000294066.2,test,True,8,human,known,NC3
1623,ENST00000294119,ENSP00000294119.2,val,True,8,human,known,NC3
1624,ENST00000294129,ENSP00000294129.2,train,True,8,human,known,NC3
1625,ENST00000294168,ENSP00000294168.3,train,True,8,human,known,NC3
1626,ENST00000294172,ENSP00000294172.2,train,True,8,human,known,NC3
1627,ENST00000294179,ENSP00000294179.3,val,True,8,human,known,NC3
1628,ENST00000294244,ENSP00000294244.3,train,True,8,human,known,NC3
1629,ENST00000294258,ENSP00000294258.3,val,True,8,human,known,NC3
1630,ENST00000294304,ENSP00000294304.6,test,True,8,human,known,NC3
1631,ENST00000294353,ENSP00000294353.6,train,True,8,human,known,NC3
1632,ENST00000294360,ENSP00000294360.4,test,True,8,human,known,NC3
1633,ENST00000294383,ENSP00000294383.5,train,True,8,human,known,NC3
1634,ENST00000294409,ENSP00000294409.2,test,True,8,human,known,NC3
1635,ENST00000294740,ENSP00000294740.2,train,True,8,human,known,NC3
1636,ENST00000294785,ENSP00000294785.5,train,True,8,human,known,NC3
1637,ENST00000348849,ENSP00000294904.6,train,True,8,human,known,NC3
1638,ENST00000294952,ENSP00000294952.8,test,True,8,human,known,NC3
1639,ENST00000295006,ENSP00000295006.5,test,True,8,human,known,NC3
1640,ENST00000295025,ENSP00000295025.7,train,True,8,human,known,NC3
1641,ENST00000295050,ENSP00000295050.7,train,True,8,human,known,NC3
1642,ENST00000295079,ENSP00000295079.2,test,True,8,human,known,NC3
1643,ENST00000295119,ENSP00000295119.4,train,True,8,human,known,NC3
1644,ENST00000295121,ENSP00000295121.6,train,True,8,human,known,NC3
1645,ENST00000295148,ENSP00000295148.4,train,True,8,human,known,NC3
1646,ENST00000295156,ENSP00000295156.4,train,True,8,human,known,NC3
1647,ENST00000295206,ENSP00000295206.5,train,True,8,human,known,NC3
1648,ENST00000295304,ENSP00000295304.4,train,True,8,human,known,NC3
1649,ENST00000295317,ENSP00000295317.3,test,True,8,human,known,NC3
1650,ENST00000295321,ENSP00000295321.4,train,True,8,human,known,NC3
1651,ENST00000295408,ENSP00000295408.4,train,True,8,human,known,NC3
1652,ENST00000295448,ENSP00000295448.3,train,True,8,human,known,NC3
1653,ENST00000295491,ENSP00000295491.4,val,True,8,human,known,NC3
1654,ENST00000295588,ENSP00000295588.4,train,True,8,human,known,NC3
1655,ENST00000295598,ENSP00000295598.5,train,True,8,human,known,NC3
1656,ENST00000352241,ENSP00000295600.8,train,True,8,human,known,NC3
1657,ENST00000295640,ENSP00000295640.4,train,True,8,human,known,NC3
1658,ENST00000295682,ENSP00000295682.5,train,True,8,human,known,NC3
1659,ENST00000295685,ENSP00000295685.10,test,True,8,human,known,NC3
1660,ENST00000295688,ENSP00000295688.3,train,True,8,human,known,NC3
1661,ENST00000295704,ENSP00000295704.2,train,True,8,human,known,NC3
1662,ENST00000295746,ENSP00000295746.7,train,True,8,human,known,NC3
1663,ENST00000295767,ENSP00000295767.5,train,True,8,human,known,NC3
1664,ENST00000295770,ENSP00000295770.2,test,True,8,human,known,NC3
1665,ENST00000295797,ENSP00000295797.4,test,True,8,human,known,NC3
1666,ENST00000295802,ENSP00000295802.4,train,True,8,human,known,NC3
1667,ENST00000295822,ENSP00000295822.2,train,True,8,human,known,NC3
1668,ENST00000295878,ENSP00000295878.3,train,True,8,human,known,NC3
1669,ENST00000295897,nan,train,True,8,human,known,NC3
1670,ENST00000295899,ENSP00000295899.5,val,True,8,human,known,NC3
1671,ENST00000295926,ENSP00000295926.4,val,True,8,human,known,NC3
1672,ENST00000295956,ENSP00000295956.5,train,True,8,human,known,NC3
1673,ENST00000296003,ENSP00000296003.5,test,True,8,human,known,NC3
1674,ENST00000296015,ENSP00000296015.4,val,True,8,human,known,NC3
1675,ENST00000296027,nan,train,True,8,human,known,NC3
1676,ENST00000296051,ENSP00000296051.2,train,True,8,human,known,NC3
1677,ENST00000296088,ENSP00000296088.7,train,True,8,human,known,NC3
1678,ENST00000296092,nan,train,True,8,human,known,NC3
1679,ENST00000296102,ENSP00000296102.3,train,True,8,human,known,NC3
1680,ENST00000296121,nan,train,True,8,human,known,NC3
1681,ENST00000296135,ENSP00000296135.6,train,True,8,human,known,NC3
1682,ENST00000296137,ENSP00000296137.2,train,True,8,human,known,NC3
1683,ENST00000296149,ENSP00000296149.4,train,True,8,human,known,NC3
1684,ENST00000296181,ENSP00000296181.4,train,True,8,human,known,NC3
1685,ENST00000296215,ENSP00000296215.5,train,True,8,human,known,NC3
1686,ENST00000296220,ENSP00000296220.5,val,True,8,human,known,NC3
1687,ENST00000296255,ENSP00000296255.3,train,True,8,human,known,NC3
1688,ENST00000296257,ENSP00000296257.5,train,True,8,human,known,NC3
1689,ENST00000296266,ENSP00000296266.3,train,True,8,human,known,NC3
1690,ENST00000296292,ENSP00000296292.3,val,True,8,human,known,NC3
1691,ENST00000296328,ENSP00000296328.4,train,True,8,human,known,NC3
1692,ENST00000296350,ENSP00000296350.5,val,True,8,human,known,NC3
1693,ENST00000296358,nan,train,True,8,human,known,NC3
1694,ENST00000296388,ENSP00000296388.5,train,True,8,human,known,NC3
1695,ENST00000296411,ENSP00000296411.6,val,True,8,human,known,NC3
1696,ENST00000296412,ENSP00000296412.8,val,True,8,human,known,NC3
1697,ENST00000296417,ENSP00000296417.5,val,True,8,human,known,NC3
1698,ENST00000296424,ENSP00000296424.4,train,True,8,human,known,NC3
1699,ENST00000296464,ENSP00000296464.3,train,True,8,human,known,NC3
1700,ENST00000296490,ENSP00000296490.3,train,True,8,human,known,NC3
1701,ENST00000296504,ENSP00000296504.3,train,True,8,human,known,NC3
1702,ENST00000296509,ENSP00000296509.5,val,True,8,human,known,NC3
1703,ENST00000296511,ENSP00000296511.5,train,True,8,human,known,NC3
1704,ENST00000296543,ENSP00000296543.4,train,True,8,human,known,NC3
1705,ENST00000296564,ENSP00000296564.7,train,True,8,human,known,NC3
1706,ENST00000296577,ENSP00000296577.4,val,True,8,human,known,NC3
1707,ENST00000296585,ENSP00000296585.5,train,True,8,human,known,NC3
1708,ENST00000296597,ENSP00000296597.5,train,True,8,human,known,NC3
1709,ENST00000296658,ENSP00000296658.3,train,True,8,human,known,NC3
1710,ENST00000296679,ENSP00000296679.4,train,True,8,human,known,NC3
1711,ENST00000296684,ENSP00000296684.5,train,True,8,human,known,NC3
1712,ENST00000296754,ENSP00000296754.3,val,True,8,human,known,NC3
1713,ENST00000296755,ENSP00000296755.7,train,True,8,human,known,NC3
1714,ENST00000296782,ENSP00000296782.5,train,True,8,human,known,NC3
1715,ENST00000296786,ENSP00000296786.6,train,True,8,human,known,NC3
1716,ENST00000296792,ENSP00000296792.4,test,True,8,human,known,NC3
1717,ENST00000296824,ENSP00000296824.2,train,True,8,human,known,NC3
1718,ENST00000297029,ENSP00000297029.5,train,True,8,human,known,NC3
1719,ENST00000297056,ENSP00000297056.6,train,True,8,human,known,NC3
1720,ENST00000297071,ENSP00000297071.4,train,True,8,human,known,NC3
1721,ENST00000297107,ENSP00000297107.6,train,True,8,human,known,NC3
1722,ENST00000297109,ENSP00000297109.5,train,True,8,human,known,NC3
1723,ENST00000297145,ENSP00000297145.4,test,True,8,human,known,NC3
1724,ENST00000297151,ENSP00000297151.4,train,True,8,human,known,NC3
1725,ENST00000297156,ENSP00000297156.2,val,True,8,human,known,NC3
1726,ENST00000297157,ENSP00000297157.3,train,True,8,human,known,NC3
1727,ENST00000297185,ENSP00000297185.3,train,True,8,human,known,NC3
1728,ENST00000297258,nan,test,True,8,human,known,NC3
1729,ENST00000297268,ENSP00000297268.6,train,True,8,human,known,NC3
1730,ENST00000297293,ENSP00000297293.5,train,True,8,human,known,NC3
1731,ENST00000297347,ENSP00000297347.3,train,True,8,human,known,NC3
1732,ENST00000297431,ENSP00000297431.4,val,True,8,human,known,NC3
1733,ENST00000297440,ENSP00000297440.6,train,True,8,human,known,NC3
1734,ENST00000297504,ENSP00000297504.6,train,True,8,human,known,NC3
1735,ENST00000297540,ENSP00000297540.4,test,True,8,human,known,NC3
1736,ENST00000297591,ENSP00000297591.5,val,True,8,human,known,NC3
1737,ENST00000297613,ENSP00000297613.4,test,True,8,human,known,NC3
1738,ENST00000297625,ENSP00000297625.8,val,True,8,human,known,NC3
1739,ENST00000297632,ENSP00000297632.6,train,True,8,human,known,NC3
1740,ENST00000297770,nan,train,True,8,human,known,NC3
1741,ENST00000297785,ENSP00000297785.3,train,True,8,human,known,NC3
1742,ENST00000353234,ENSP00000297837.6,train,True,8,human,known,NC3
1743,ENST00000297990,ENSP00000297990.4,train,True,8,human,known,NC3
1744,ENST00000298048,ENSP00000298048.2,train,True,8,human,known,NC3
1745,ENST00000298130,ENSP00000298130.4,train,True,8,human,known,NC3
1746,ENST00000298139,ENSP00000298139.5,train,True,8,human,known,NC3
1747,ENST00000298198,ENSP00000298198.4,train,True,8,human,known,NC3
1748,ENST00000298229,ENSP00000298229.2,val,True,8,human,known,NC3
1749,ENST00000298288,ENSP00000298288.6,val,True,8,human,known,NC3
1750,ENST00000298292,ENSP00000298292.8,train,True,8,human,known,NC3
1751,ENST00000298299,ENSP00000298299.3,train,True,8,human,known,NC3
1752,ENST00000298307,ENSP00000298307.5,test,True,8,human,known,NC3
1753,ENST00000298310,ENSP00000298310.5,train,True,8,human,known,NC3
1754,ENST00000298317,ENSP00000298317.4,val,True,8,human,known,NC3
1755,ENST00000298428,ENSP00000298428.9,train,True,8,human,known,NC3
1756,ENST00000298492,ENSP00000298492.5,train,True,8,human,known,NC3
1757,ENST00000298510,ENSP00000298510.2,train,True,8,human,known,NC3
1758,ENST00000298556,ENSP00000298556.7,train,True,8,human,known,NC3
1759,ENST00000298569,ENSP00000298569.4,train,True,8,human,known,NC3
1760,ENST00000298630,ENSP00000298630.3,train,True,8,human,known,NC3
1761,ENST00000298717,ENSP00000298717.3,train,True,8,human,known,NC3
1762,ENST00000298746,ENSP00000298746.3,train,True,8,human,known,NC3
1763,ENST00000298767,ENSP00000298767.4,val,True,8,human,known,NC3
1764,ENST00000298875,ENSP00000298875.4,train,True,8,human,known,NC3
1765,ENST00000298912,ENSP00000298912.3,train,True,8,human,known,NC3
1766,ENST00000299106,ENSP00000299106.4,train,True,8,human,known,NC3
1767,ENST00000299138,ENSP00000299138.7,train,True,8,human,known,NC3
1768,ENST00000299157,ENSP00000299157.4,test,True,8,human,known,NC3
1769,ENST00000299163,ENSP00000299163.4,train,True,8,human,known,NC3
1770,ENST00000299166,ENSP00000299166.4,train,True,8,human,known,NC3
1771,ENST00000299167,ENSP00000299167.8,val,True,8,human,known,NC3
1772,ENST00000299192,ENSP00000299192.7,train,True,8,human,known,NC3
1773,ENST00000348956,ENSP00000299198.2,val,True,8,human,known,NC3
1774,ENST00000299238,ENSP00000299238.5,train,True,8,human,known,NC3
1775,ENST00000299299,ENSP00000299299.3,train,True,8,human,known,NC3
1776,ENST00000299300,ENSP00000299300.6,test,True,8,human,known,NC3
1777,ENST00000299335,ENSP00000299335.3,train,True,8,human,known,NC3
1778,ENST00000299413,ENSP00000299413.5,train,True,8,human,known,NC3
1779,ENST00000299424,ENSP00000299424.4,train,True,8,human,known,NC3
1780,ENST00000299427,ENSP00000299427.6,train,True,8,human,known,NC3
1781,ENST00000299505,ENSP00000299505.4,train,True,8,human,known,NC3
1782,ENST00000299518,ENSP00000299518.2,train,True,8,human,known,NC3
1783,ENST00000299563,ENSP00000299563.4,train,True,8,human,known,NC3
1784,ENST00000299565,ENSP00000299565.5,val,True,8,human,known,NC3
1785,ENST00000299601,ENSP00000299601.5,train,True,8,human,known,NC3
1786,ENST00000299608,ENSP00000299608.2,train,True,8,human,known,NC3
1787,ENST00000299633,ENSP00000299633.4,train,True,8,human,known,NC3
1788,ENST00000299638,ENSP00000299638.3,train,True,8,human,known,NC3
1789,ENST00000299705,ENSP00000299705.5,train,True,8,human,known,NC3
1790,ENST00000299736,ENSP00000299736.4,train,True,8,human,known,NC3
1791,ENST00000299767,ENSP00000299767.4,train,True,8,human,known,NC3
1792,ENST00000299821,ENSP00000299821.11,train,True,8,human,known,NC3
1793,ENST00000299886,ENSP00000299886.4,train,True,8,human,known,NC3
1794,ENST00000299957,ENSP00000299957.6,train,True,8,human,known,NC3
1795,ENST00000300013,ENSP00000300013.4,test,True,8,human,known,NC3
1796,ENST00000300026,ENSP00000300026.4,train,True,8,human,known,NC3
1797,ENST00000300030,ENSP00000300030.3,val,True,8,human,known,NC3
1798,ENST00000300056,ENSP00000300056.3,val,True,8,human,known,NC3
1799,ENST00000300086,ENSP00000300086.4,train,True,8,human,known,NC3
1800,ENST00000300087,ENSP00000300087.2,test,True,8,human,known,NC3
1801,ENST00000300093,ENSP00000300093.4,train,True,8,human,known,NC3
1802,ENST00000300107,ENSP00000300107.3,train,True,8,human,known,NC3
1803,ENST00000300128,ENSP00000300128.4,train,True,8,human,known,NC3
1804,ENST00000300131,ENSP00000300131.3,train,True,8,human,known,NC3
1805,ENST00000300145,ENSP00000300145.3,test,True,8,human,known,NC3
1806,ENST00000300146,ENSP00000300146.9,test,True,8,human,known,NC3
1807,ENST00000300151,ENSP00000300151.4,test,True,8,human,known,NC3
1808,ENST00000300176,ENSP00000300176.4,train,True,8,human,known,NC3
1809,ENST00000300181,ENSP00000300181.2,train,True,8,human,known,NC3
1810,ENST00000300213,ENSP00000300213.4,val,True,8,human,known,NC3
1811,ENST00000300245,ENSP00000300245.4,test,True,8,human,known,NC3
1812,ENST00000300249,ENSP00000300249.4,test,True,8,human,known,NC3
1813,ENST00000300289,ENSP00000300289.5,train,True,8,human,known,NC3
1814,ENST00000300291,ENSP00000300291.5,train,True,8,human,known,NC3
1815,ENST00000300403,ENSP00000300403.6,train,True,8,human,known,NC3
1816,ENST00000300413,ENSP00000300413.4,val,True,8,human,known,NC3
1817,ENST00000300456,ENSP00000300456.3,train,True,8,human,known,NC3
1818,ENST00000300574,ENSP00000300574.2,train,True,8,human,known,NC3
1819,ENST00000300584,ENSP00000300584.3,val,True,8,human,known,NC3
1820,ENST00000300605,ENSP00000300605.4,train,True,8,human,known,NC3
1821,ENST00000300619,ENSP00000300619.6,train,True,8,human,known,NC3
1822,ENST00000300648,ENSP00000300648.6,train,True,8,human,known,NC3
1823,ENST00000300651,ENSP00000300651.6,train,True,8,human,known,NC3
1824,ENST00000346183,ENSP00000300659.5,train,True,8,human,known,NC3
1825,ENST00000300688,ENSP00000300688.3,test,True,8,human,known,NC3
1826,ENST00000300738,ENSP00000300738.5,train,True,8,human,known,NC3
1827,ENST00000300850,ENSP00000300850.5,train,True,8,human,known,NC3
1828,ENST00000300853,ENSP00000300853.3,train,True,8,human,known,NC3
1829,ENST00000300870,ENSP00000300870.10,test,True,8,human,known,NC3
1830,ENST00000300896,ENSP00000300896.3,train,True,8,human,known,NC3
1831,ENST00000300935,ENSP00000300935.2,train,True,8,human,known,NC3
1832,ENST00000300976,ENSP00000300976.3,test,True,8,human,known,NC3
1833,ENST00000301012,ENSP00000301012.3,val,True,8,human,known,NC3
1834,ENST00000301015,ENSP00000301015.9,train,True,8,human,known,NC3
1835,ENST00000301019,ENSP00000301019.4,train,True,8,human,known,NC3
1836,ENST00000301071,ENSP00000301071.7,train,True,8,human,known,NC3
1837,ENST00000301159,ENSP00000301159.7,train,True,8,human,known,NC3
1838,ENST00000301180,ENSP00000301180.5,train,True,8,human,known,NC3
1839,ENST00000301242,ENSP00000301242.3,train,True,8,human,known,NC3
1840,ENST00000301244,ENSP00000301244.5,train,True,8,human,known,NC3
1841,ENST00000301264,ENSP00000301264.3,test,True,8,human,known,NC3
1842,ENST00000301280,ENSP00000301280.4,train,True,8,human,known,NC3
1843,ENST00000301281,ENSP00000301281.5,train,True,8,human,known,NC3
1844,ENST00000301327,ENSP00000301327.3,test,True,8,human,known,NC3
1845,ENST00000301364,ENSP00000301364.4,train,True,8,human,known,NC3
1846,ENST00000301396,ENSP00000301396.5,train,True,8,human,known,NC3
1847,ENST00000301455,ENSP00000301455.1,train,True,8,human,known,NC3
1848,ENST00000301458,ENSP00000301458.4,train,True,8,human,known,NC3
1849,ENST00000301488,ENSP00000301488.4,val,True,8,human,known,NC3
1850,ENST00000301522,ENSP00000301522.2,train,True,8,human,known,NC3
1851,ENST00000301585,ENSP00000301585.5,train,True,8,human,known,NC3
1852,ENST00000301587,ENSP00000301587.4,train,True,8,human,known,NC3
1853,ENST00000301634,ENSP00000301634.6,test,True,8,human,known,NC3
1854,ENST00000301653,nan,train,True,8,human,known,NC3
1855,ENST00000301671,ENSP00000301671.7,train,True,8,human,known,NC3
1856,ENST00000301729,ENSP00000301729.4,train,True,8,human,known,NC3
1857,ENST00000301740,ENSP00000301740.8,test,True,8,human,known,NC3
1858,ENST00000301761,ENSP00000301761.3,train,True,8,human,known,NC3
1859,ENST00000301764,ENSP00000301764.7,val,True,8,human,known,NC3
1860,ENST00000301765,ENSP00000301765.5,train,True,8,human,known,NC3
1861,ENST00000301785,ENSP00000301785.5,train,True,8,human,known,NC3
1862,ENST00000301788,ENSP00000301788.7,train,True,8,human,known,NC3
1863,ENST00000301838,ENSP00000301838.5,train,True,8,human,known,NC3
1864,ENST00000301905,ENSP00000301905.4,train,True,8,human,known,NC3
1865,ENST00000303714,ENSP00000301945.4,val,True,8,human,known,NC3
1866,ENST00000353339,ENSP00000302037.4,train,True,8,human,known,NC3
1867,ENST00000304546,ENSP00000302051.1,train,True,8,human,known,NC3
1868,ENST00000306024,ENSP00000302160.3,train,True,8,human,known,NC3
1869,ENST00000305997,ENSP00000302177.3,train,True,8,human,known,NC3
1870,ENST00000302708,ENSP00000302232.4,train,True,8,human,known,NC3
1871,ENST00000307179,ENSP00000302239.4,train,True,8,human,known,NC3
1872,ENST00000304788,ENSP00000302441.3,val,True,8,human,known,NC3
1873,ENST00000302979,ENSP00000302478.4,test,True,8,human,known,NC3
1874,ENST00000302759,ENSP00000302530.6,train,True,8,human,known,NC3
1875,ENST00000306103,ENSP00000302562.2,train,True,8,human,known,NC3
1876,ENST00000349847,ENSP00000302579.5,train,True,8,human,known,NC3
1877,ENST00000305031,ENSP00000302629.4,train,True,8,human,known,NC3
1878,ENST00000307201,ENSP00000302657.3,train,True,8,human,known,NC3
1879,ENST00000304895,ENSP00000302728.4,train,True,8,human,known,NC3
1880,ENST00000306846,ENSP00000302768.3,train,True,8,human,known,NC3
1881,ENST00000303731,ENSP00000302783.4,train,True,8,human,known,NC3
1882,ENST00000304658,ENSP00000302790.4,train,True,8,human,known,NC3
1883,ENST00000306108,ENSP00000302801.5,test,True,8,human,known,NC3
1884,ENST00000303450,ENSP00000302836.4,train,True,8,human,known,NC3
1885,ENST00000303305,ENSP00000302886.6,train,True,8,human,known,NC3
1886,ENST00000304858,ENSP00000302961.2,train,True,8,human,known,NC3
1887,ENST00000305264,ENSP00000302967.3,train,True,8,human,known,NC3
1888,ENST00000302445,ENSP00000303043.3,train,True,8,human,known,NC3
1889,ENST00000306442,ENSP00000303057.4,train,True,8,human,known,NC3
1890,ENST00000303575,ENSP00000303145.4,train,True,8,human,known,NC3
1891,ENST00000306434,ENSP00000303147.3,train,True,8,human,known,NC3
1892,ENST00000302754,ENSP00000303315.4,train,True,8,human,known,NC3
1893,ENST00000306869,ENSP00000303356.2,train,True,8,human,known,NC3
1894,ENST00000303127,ENSP00000303366.7,train,True,8,human,known,NC3
1895,ENST00000305949,ENSP00000303398.1,train,True,8,human,known,NC3
1896,ENST00000302279,ENSP00000303423.3,train,True,8,human,known,NC3
1897,ENST00000303538,ENSP00000303427.8,train,True,8,human,known,NC3
1898,ENST00000307017,ENSP00000303434.4,val,True,8,human,known,NC3
1899,ENST00000302874,ENSP00000303468.4,test,True,8,human,known,NC3
1900,ENST00000306306,ENSP00000303482.3,train,True,8,human,known,NC3
1901,ENST00000305877,ENSP00000303507.8,train,True,8,human,known,NC3
1902,ENST00000306796,ENSP00000303515.5,train,True,8,human,known,NC3
1903,ENST00000302755,ENSP00000303518.3,train,True,8,human,known,NC3
1904,ENST00000306193,ENSP00000303525.3,val,True,8,human,known,NC3
1905,ENST00000306999,ENSP00000303570.2,val,True,8,human,known,NC3
1906,ENST00000302174,ENSP00000303575.4,train,True,8,human,known,NC3
1907,ENST00000306627,ENSP00000303709.3,train,True,8,human,known,NC3
1908,ENST00000307720,ENSP00000303754.3,test,True,8,human,known,NC3
1909,ENST00000302291,ENSP00000303758.4,train,True,8,human,known,NC3
1910,ENST00000302850,ENSP00000303830.4,train,True,8,human,known,NC3
1911,ENST00000305533,ENSP00000303908.4,train,True,8,human,known,NC3
1912,ENST00000307366,ENSP00000303987.7,val,True,8,human,known,NC3
1913,ENST00000306077,ENSP00000303992.5,train,True,8,human,known,NC3
1914,ENST00000307126,ENSP00000303997.5,train,True,8,human,known,NC3
1915,ENST00000303545,ENSP00000304051.4,test,True,8,human,known,NC3
1916,ENST00000303904,ENSP00000304102.3,train,True,8,human,known,NC3
1917,ENST00000304043,ENSP00000304229.5,train,True,8,human,known,NC3
1918,ENST00000306897,ENSP00000304283.4,test,True,8,human,known,NC3
1919,ENST00000302362,ENSP00000304327.6,train,True,8,human,known,NC3
1920,ENST00000303151,ENSP00000304353.4,train,True,8,human,known,NC3
1921,ENST00000305513,ENSP00000304360.7,train,True,8,human,known,NC3
1922,ENST00000307731,ENSP00000304370.1,test,True,8,human,known,NC3
1923,ENST00000306121,ENSP00000304429.3,train,True,8,human,known,NC3
1924,ENST00000307741,ENSP00000304467.5,train,True,8,human,known,NC3
1925,ENST00000303077,ENSP00000304502.6,val,True,8,human,known,NC3
1926,ENST00000306984,ENSP00000304553.5,train,True,8,human,known,NC3
1927,ENST00000306749,ENSP00000304592.2,train,True,8,human,known,NC3
1928,ENST00000305105,ENSP00000304593.2,train,True,8,human,known,NC3
1929,ENST00000307546,ENSP00000304604.9,train,True,8,human,known,NC3
1930,ENST00000302763,ENSP00000304669.7,train,True,8,human,known,NC3
1931,ENST00000303596,ENSP00000304689.1,train,True,8,human,known,NC3
1932,ENST00000303334,ENSP00000304782.4,train,True,8,human,known,NC3
1933,ENST00000305784,ENSP00000304802.2,train,True,8,human,known,NC3
1934,ENST00000302764,ENSP00000304854.3,train,True,8,human,known,NC3
1935,ENST00000352331,ENSP00000304978.6,train,True,8,human,known,NC3
1936,ENST00000306480,ENSP00000305069.4,train,True,8,human,known,NC3
1937,ENST00000307650,ENSP00000305138.4,train,True,8,human,known,NC3
1938,ENST00000307063,ENSP00000305151.7,train,True,8,human,known,NC3
1939,ENST00000306085,ENSP00000305161.6,test,True,8,human,known,NC3
1940,ENST00000304031,ENSP00000305193.3,train,True,8,human,known,NC3
1941,ENST00000302450,ENSP00000305204.6,train,True,8,human,known,NC3
1942,ENST00000304786,ENSP00000305230.7,train,True,8,human,known,NC3
1943,ENST00000306357,ENSP00000305255.2,train,True,8,human,known,NC3
1944,ENST00000303210,ENSP00000305260.4,val,True,8,human,known,NC3
1945,ENST00000303004,ENSP00000305422.3,train,True,8,human,known,NC3
1946,ENST00000307149,ENSP00000305442.5,train,True,8,human,known,NC3
1947,ENST00000305510,ENSP00000305449.3,test,True,8,human,known,NC3
1948,ENST00000306875,ENSP00000305459.6,train,True,8,human,known,NC3
1949,ENST00000305885,ENSP00000305480.2,train,True,8,human,known,NC3
1950,ENST00000305560,ENSP00000305494.6,train,True,8,human,known,NC3
1951,ENST00000302236,ENSP00000305533.5,train,True,8,human,known,NC3
1952,ENST00000303577,ENSP00000305556.5,train,True,8,human,known,NC3
1953,ENST00000304062,ENSP00000305613.6,train,True,8,human,known,NC3
1954,ENST00000304231,ENSP00000305632.8,train,True,8,human,known,NC3
1955,ENST00000302787,ENSP00000305653.2,train,True,8,human,known,NC3
1956,ENST00000306585,ENSP00000305687.6,train,True,8,human,known,NC3
1957,ENST00000306735,ENSP00000305696.4,train,True,8,human,known,NC3
1958,ENST00000307602,ENSP00000305699.3,train,True,8,human,known,NC3
1959,ENST00000302085,ENSP00000305769.4,train,True,8,human,known,NC3
1960,ENST00000302516,ENSP00000305790.5,train,True,8,human,known,NC3
1961,ENST00000306200,ENSP00000305810.2,train,True,8,human,known,NC3
1962,ENST00000303991,ENSP00000305839.4,val,True,8,human,known,NC3
1963,ENST00000304800,ENSP00000305892.9,val,True,8,human,known,NC3
1964,ENST00000303407,ENSP00000305918.6,val,True,8,human,known,NC3
1965,ENST00000304987,ENSP00000305976.3,train,True,8,human,known,NC3
1966,ENST00000306107,ENSP00000305988.5,train,True,8,human,known,NC3
1967,ENST00000304801,ENSP00000305995.3,train,True,8,human,known,NC3
1968,ENST00000304312,ENSP00000306003.4,train,True,8,human,known,NC3
1969,ENST00000303436,ENSP00000306010.6,train,True,8,human,known,NC3
1970,ENST00000304430,ENSP00000306070.5,test,True,8,human,known,NC3
1971,ENST00000304478,ENSP00000306080.4,val,True,8,human,known,NC3
1972,ENST00000302068,nan,test,True,8,human,known,NC3
1973,ENST00000302243,ENSP00000306117.7,train,True,8,human,known,NC3
1974,ENST00000304330,ENSP00000306123.4,train,True,8,human,known,NC3
1975,ENST00000306156,ENSP00000306124.3,test,True,8,human,known,NC3
1976,ENST00000305963,ENSP00000306220.2,val,True,8,human,known,NC3
1977,ENST00000304620,nan,train,True,8,human,known,NC3
1978,ENST00000304877,ENSP00000306285.13,train,True,8,human,known,NC3
1979,ENST00000302692,ENSP00000306328.5,train,True,8,human,known,NC3
1980,ENST00000307630,ENSP00000306330.3,train,True,8,human,known,NC3
1981,ENST00000305494,ENSP00000306344.5,train,True,8,human,known,NC3
1982,ENST00000304863,ENSP00000306397.3,test,True,8,human,known,NC3
1983,ENST00000304733,ENSP00000306407.3,train,True,8,human,known,NC3
1984,ENST00000303759,ENSP00000306425.3,train,True,8,human,known,NC3
1985,ENST00000303383,ENSP00000306473.3,train,True,8,human,known,NC3
1986,ENST00000302550,ENSP00000306528.11,train,True,8,human,known,NC3
1987,ENST00000306185,ENSP00000306548.3,train,True,8,human,known,NC3
1988,ENST00000306729,ENSP00000306625.7,train,True,8,human,known,NC3
1989,ENST00000305321,ENSP00000306752.4,train,True,8,human,known,NC3
1990,ENST00000302188,ENSP00000306817.3,train,True,8,human,known,NC3
1991,ENST00000306730,ENSP00000306822.3,train,True,8,human,known,NC3
1992,ENST00000305476,ENSP00000306844.5,train,True,8,human,known,NC3
1993,ENST00000302386,ENSP00000306866.5,train,True,8,human,known,NC3
1994,ENST00000307712,ENSP00000306881.6,val,True,8,human,known,NC3
1995,ENST00000304511,ENSP00000306887.2,val,True,8,human,known,NC3
1996,ENST00000306368,ENSP00000306906.4,train,True,8,human,known,NC3
1997,ENST00000307363,ENSP00000306920.4,train,True,8,human,known,NC3
1998,ENST00000306721,ENSP00000306968.3,train,True,8,human,known,NC3
1999,ENST00000305135,ENSP00000306983.5,train,True,8,human,known,NC3
2000,ENST00000305188,ENSP00000306999.8,test,True,8,human,known,NC3
2001,ENST00000305748,nan,train,True,8,human,known,NC3
2002,ENST00000302190,ENSP00000307046.4,train,True,8,human,known,NC3
2003,ENST00000304177,ENSP00000307071.6,test,True,8,human,known,NC3
2004,ENST00000302418,ENSP00000307078.4,train,True,8,human,known,NC3
2005,ENST00000304494,ENSP00000307101.5,train,True,8,human,known,NC3
2006,ENST00000303071,ENSP00000307143.4,test,True,8,human,known,NC3
2007,ENST00000305544,ENSP00000307156.4,test,True,8,human,known,NC3
2008,ENST00000304191,ENSP00000307181.3,train,True,8,human,known,NC3
2009,ENST00000304874,ENSP00000307188.9,test,True,8,human,known,NC3
2010,ENST00000305641,ENSP00000307214.5,test,True,8,human,known,NC3
2011,ENST00000303236,ENSP00000307235.3,train,True,8,human,known,NC3
2012,ENST00000302746,ENSP00000307241.6,train,True,8,human,known,NC3
2013,ENST00000305632,ENSP00000307260.4,test,True,8,human,known,NC3
2014,ENST00000302165,ENSP00000307265.3,train,True,8,human,known,NC3
2015,ENST00000302631,ENSP00000307275.3,train,True,8,human,known,NC3
2016,ENST00000303887,ENSP00000307288.5,train,True,8,human,known,NC3
2017,ENST00000306243,ENSP00000307297.6,train,True,8,human,known,NC3
2018,ENST00000306917,ENSP00000307298.4,train,True,8,human,known,NC3
2019,ENST00000307296,ENSP00000307387.3,val,True,8,human,known,NC3
2020,ENST00000305386,ENSP00000307423.2,train,True,8,human,known,NC3
2021,ENST00000307227,ENSP00000307432.5,test,True,8,human,known,NC3
2022,ENST00000302313,ENSP00000307491.5,train,True,8,human,known,NC3
2023,ENST00000306125,ENSP00000307567.6,test,True,8,human,known,NC3
2024,ENST00000305866,ENSP00000307666.5,train,True,8,human,known,NC3
2025,ENST00000304218,ENSP00000307705.4,train,True,8,human,known,NC3
2026,ENST00000308275,ENSP00000307833.3,train,True,8,human,known,NC3
2027,ENST00000308874,ENSP00000307843.7,val,True,8,human,known,NC3
2028,ENST00000308110,ENSP00000307853.4,train,True,8,human,known,NC3
2029,ENST00000308924,ENSP00000307863.3,train,True,8,human,known,NC3
2030,ENST00000311528,ENSP00000307889.5,train,True,8,human,known,NC3
2031,ENST00000309863,ENSP00000307939.5,train,True,8,human,known,NC3
2032,ENST00000309311,ENSP00000307940.5,train,True,8,human,known,NC3
2033,ENST00000310392,ENSP00000307975.4,train,True,8,human,known,NC3
2034,ENST00000308436,ENSP00000308000.7,train,True,8,human,known,NC3
2035,ENST00000310074,ENSP00000308022.6,train,True,8,human,known,NC3
2036,ENST00000310054,ENSP00000308032.3,train,True,8,human,known,NC3
2037,ENST00000311412,ENSP00000308107.5,train,True,8,human,known,NC3
2038,ENST00000349139,ENSP00000308179.4,train,True,8,human,known,NC3
2039,ENST00000311487,ENSP00000308227.4,val,True,8,human,known,NC3
2040,ENST00000308020,ENSP00000308258.5,train,True,8,human,known,NC3
2041,ENST00000309352,ENSP00000308275.4,train,True,8,human,known,NC3
2042,ENST00000309822,ENSP00000308332.2,train,True,8,human,known,NC3
2043,ENST00000308330,ENSP00000308369.2,test,True,8,human,known,NC3
2044,ENST00000312629,ENSP00000308413.5,val,True,8,human,known,NC3
2045,ENST00000307892,ENSP00000308430.8,val,True,8,human,known,NC3
2046,ENST00000311208,nan,train,True,8,human,known,NC3
2047,ENST00000309049,ENSP00000308466.4,train,True,8,human,known,NC3
2048,ENST00000311191,ENSP00000308493.5,train,True,8,human,known,NC3
2049,ENST00000311936,ENSP00000308495.3,train,True,8,human,known,NC3
2050,ENST00000310389,ENSP00000308496.5,train,True,8,human,known,NC3
2051,ENST00000311907,nan,test,True,8,human,known,NC3
2052,ENST00000310512,ENSP00000308546.2,val,True,8,human,known,NC3
2053,ENST00000310597,ENSP00000308548.4,train,True,8,human,known,NC3
2054,ENST00000309971,ENSP00000308622.5,train,True,8,human,known,NC3
2055,ENST00000310614,ENSP00000308717.7,train,True,8,human,known,NC3
2056,ENST00000309558,ENSP00000308727.3,train,True,8,human,known,NC3
2057,ENST00000310942,ENSP00000308750.4,train,True,8,human,known,NC3
2058,ENST00000308580,ENSP00000308753.7,train,True,8,human,known,NC3
2059,ENST00000311124,ENSP00000308895.4,val,True,8,human,known,NC3
2060,ENST00000310999,ENSP00000308897.7,train,True,8,human,known,NC3
2061,ENST00000310053,ENSP00000308944.5,train,True,8,human,known,NC3
2062,ENST00000310421,ENSP00000309031.4,train,True,8,human,known,NC3
2063,ENST00000308375,ENSP00000309092.6,train,True,8,human,known,NC3
2064,ENST00000311181,ENSP00000309096.4,val,True,8,human,known,NC3
2065,ENST00000311180,ENSP00000309142.7,train,True,8,human,known,NC3
2066,ENST00000309657,ENSP00000309163.3,train,True,8,human,known,NC3
2067,ENST00000310092,ENSP00000309166.8,train,True,8,human,known,NC3
2068,ENST00000348165,ENSP00000309198.8,val,True,8,human,known,NC3
2069,ENST00000312493,ENSP00000309230.4,train,True,8,human,known,NC3
2070,ENST00000307839,ENSP00000309334.5,train,True,8,human,known,NC3
2071,ENST00000310442,ENSP00000309429.3,test,True,8,human,known,NC3
2072,ENST00000309428,ENSP00000309432.4,val,True,8,human,known,NC3
2073,ENST00000311177,ENSP00000309439.5,train,True,8,human,known,NC3
2074,ENST00000310301,ENSP00000309457.4,val,True,8,human,known,NC3
2075,ENST00000310109,ENSP00000309463.4,train,True,8,human,known,NC3
2076,ENST00000308941,ENSP00000309515.5,train,True,8,human,known,NC3
2077,ENST00000311765,ENSP00000309548.2,train,True,8,human,known,NC3
2078,ENST00000311672,ENSP00000309565.5,val,True,8,human,known,NC3
2079,ENST00000311916,ENSP00000309595.2,train,True,8,human,known,NC3
2080,ENST00000311506,ENSP00000309610.6,train,True,8,human,known,NC3
2081,ENST00000308162,ENSP00000309629.5,train,True,8,human,known,NC3
2082,ENST00000310380,ENSP00000309640.6,val,True,8,human,known,NC3
2083,ENST00000311086,ENSP00000309644.4,test,True,8,human,known,NC3
2084,ENST00000310300,ENSP00000309689.6,train,True,8,human,known,NC3
2085,ENST00000311601,ENSP00000309714.5,train,True,8,human,known,NC3
2086,ENST00000312481,ENSP00000309762.7,train,True,8,human,known,NC3
2087,ENST00000310806,ENSP00000309790.4,train,True,8,human,known,NC3
2088,ENST00000307972,ENSP00000309823.4,test,True,8,human,known,NC3
2089,ENST00000311967,ENSP00000309826.2,train,True,8,human,known,NC3
2090,ENST00000311111,ENSP00000309830.6,train,True,8,human,known,NC3
2091,ENST00000311189,ENSP00000309845.7,train,True,8,human,known,NC3
2092,ENST00000310823,ENSP00000309968.3,train,True,8,human,known,NC3
2093,ENST00000308683,ENSP00000310042.2,train,True,8,human,known,NC3
2094,ENST00000308482,ENSP00000310109.9,train,True,8,human,known,NC3
2095,ENST00000309318,ENSP00000310117.3,train,True,8,human,known,NC3
2096,ENST00000309877,ENSP00000310127.6,train,True,8,human,known,NC3
2097,ENST00000310118,ENSP00000310129.4,test,True,8,human,known,NC3
2098,ENST00000309733,ENSP00000310182.4,train,True,8,human,known,NC3
2099,ENST00000311481,ENSP00000310226.6,train,True,8,human,known,NC3
2100,ENST00000311234,ENSP00000310260.4,train,True,8,human,known,NC3
2101,ENST00000312175,ENSP00000310275.2,train,True,8,human,known,NC3
2102,ENST00000310015,ENSP00000310301.6,train,True,8,human,known,NC3
2103,ENST00000312499,ENSP00000310356.5,train,True,8,human,known,NC3
2104,ENST00000312397,ENSP00000310448.5,train,True,8,human,known,NC3
2105,ENST00000310046,ENSP00000310471.4,train,True,8,human,known,NC3
2106,ENST00000311956,ENSP00000310491.4,train,True,8,human,known,NC3
2107,ENST00000309052,ENSP00000310551.4,train,True,8,human,known,NC3
2108,ENST00000310144,ENSP00000310572.6,val,True,8,human,known,NC3
2109,ENST00000312010,ENSP00000310590.6,val,True,8,human,known,NC3
2110,ENST00000311351,ENSP00000310596.4,train,True,8,human,known,NC3
2111,ENST00000311893,ENSP00000310623.9,train,True,8,human,known,NC3
2112,ENST00000308159,ENSP00000310668.5,train,True,8,human,known,NC3
2113,ENST00000308025,ENSP00000310723.2,train,True,8,human,known,NC3
2114,ENST00000309594,ENSP00000310726.4,val,True,8,human,known,NC3
2115,ENST00000307845,ENSP00000310749.3,train,True,8,human,known,NC3
2116,ENST00000310981,ENSP00000310803.3,train,True,8,human,known,NC3
2117,ENST00000345807,ENSP00000310812.4,test,True,8,human,known,NC3
2118,ENST00000309680,ENSP00000310861.3,test,True,8,human,known,NC3
2119,ENST00000311469,ENSP00000310873.4,train,True,8,human,known,NC3
2120,ENST00000311083,ENSP00000310901.5,val,True,8,human,known,NC3
2121,ENST00000308158,ENSP00000310978.5,train,True,8,human,known,NC3
2122,ENST00000312046,ENSP00000311026.6,test,True,8,human,known,NC3
2123,ENST00000308394,ENSP00000311032.4,test,True,8,human,known,NC3
2124,ENST00000308987,ENSP00000311083.5,train,True,8,human,known,NC3
2125,ENST00000311502,ENSP00000311134.7,test,True,8,human,known,NC3
2126,ENST00000308736,ENSP00000311135.2,train,True,8,human,known,NC3
2127,ENST00000311148,ENSP00000311224.4,train,True,8,human,known,NC3
2128,ENST00000311129,ENSP00000311344.5,train,True,8,human,known,NC3
2129,ENST00000307980,ENSP00000311360.2,train,True,8,human,known,NC3
2130,ENST00000309117,ENSP00000311399.6,train,True,8,human,known,NC3
2131,ENST00000311128,ENSP00000311401.5,train,True,8,human,known,NC3
2132,ENST00000308527,ENSP00000311427.6,test,True,8,human,known,NC3
2133,ENST00000307897,ENSP00000311429.5,train,True,8,human,known,NC3
2134,ENST00000307961,ENSP00000311430.6,train,True,8,human,known,NC3
2135,ENST00000310653,ENSP00000311449.5,train,True,8,human,known,NC3
2136,ENST00000310298,ENSP00000311453.4,train,True,8,human,known,NC3
2137,ENST00000308700,nan,val,True,8,human,known,NC3
2138,ENST00000309451,ENSP00000311500.6,train,True,8,human,known,NC3
2139,ENST00000310864,ENSP00000311505.6,test,True,8,human,known,NC3
2140,ENST00000308488,ENSP00000311513.6,train,True,8,human,known,NC3
2141,ENST00000310430,ENSP00000311579.6,train,True,8,human,known,NC3
2142,ENST00000310571,ENSP00000311665.4,train,True,8,human,known,NC3
2143,ENST00000311772,ENSP00000311677.5,train,True,8,human,known,NC3
2144,ENST00000312579,ENSP00000311695.2,val,True,8,human,known,NC3
2145,ENST00000311806,ENSP00000311713.3,train,True,8,human,known,NC3
2146,ENST00000308961,ENSP00000311740.4,val,True,8,human,known,NC3
2147,ENST00000310137,ENSP00000311747.5,train,True,8,human,known,NC3
2148,ENST00000309315,ENSP00000311778.4,train,True,8,human,known,NC3
2149,ENST00000309035,ENSP00000311825.6,train,True,8,human,known,NC3
2150,ENST00000309993,ENSP00000311827.2,train,True,8,human,known,NC3
2151,ENST00000309660,ENSP00000311857.3,train,True,8,human,known,NC3
2152,ENST00000309244,ENSP00000311930.3,train,True,8,human,known,NC3
2153,ENST00000309859,ENSP00000311962.4,val,True,8,human,known,NC3
2154,ENST00000309061,ENSP00000311977.5,test,True,8,human,known,NC3
2155,ENST00000308278,ENSP00000312017.7,train,True,8,human,known,NC3
2156,ENST00000307877,ENSP00000312066.1,train,True,8,human,known,NC3
2157,ENST00000308127,ENSP00000312081.4,val,True,8,human,known,NC3
2158,ENST00000310758,ENSP00000312185.4,train,True,8,human,known,NC3
2159,ENST00000310850,ENSP00000312224.4,train,True,8,human,known,NC3
2160,ENST00000312196,ENSP00000312244.4,train,True,8,human,known,NC3
2161,ENST00000308595,ENSP00000312262.5,train,True,8,human,known,NC3
2162,ENST00000309983,ENSP00000312304.4,train,True,8,human,known,NC3
2163,ENST00000312475,ENSP00000312311.4,val,True,8,human,known,NC3
2164,ENST00000309328,ENSP00000312318.3,train,True,8,human,known,NC3
2165,ENST00000309922,ENSP00000312356.6,val,True,8,human,known,NC3
2166,ENST00000308249,ENSP00000312411.2,train,True,8,human,known,NC3
2167,ENST00000309955,ENSP00000312455.2,train,True,8,human,known,NC3
2168,ENST00000310256,ENSP00000312458.2,train,True,8,human,known,NC3
2169,ENST00000308508,ENSP00000312506.5,train,True,8,human,known,NC3
2170,ENST00000312184,ENSP00000312599.5,train,True,8,human,known,NC3
2171,ENST00000351829,ENSP00000312606.4,train,True,8,human,known,NC3
2172,ENST00000308733,ENSP00000312617.5,train,True,8,human,known,NC3
2173,ENST00000310447,ENSP00000312664.5,train,True,8,human,known,NC3
2174,ENST00000313368,ENSP00000312709.5,train,True,8,human,known,NC3
2175,ENST00000321437,ENSP00000312734.4,test,True,8,human,known,NC3
2176,ENST00000314595,ENSP00000312735.5,train,True,8,human,known,NC3
2177,ENST00000324379,ENSP00000312769.5,test,True,8,human,known,NC3
2178,ENST00000319974,ENSP00000312770.5,train,True,8,human,known,NC3
2179,ENST00000316082,ENSP00000312773.4,train,True,8,human,known,NC3
2180,ENST00000313582,ENSP00000312988.5,train,True,8,human,known,NC3
2181,ENST00000318121,ENSP00000312995.3,train,True,8,human,known,NC3
2182,ENST00000313601,ENSP00000312999.6,train,True,8,human,known,NC3
2183,ENST00000322090,ENSP00000313050.3,train,True,8,human,known,NC3
2184,ENST00000321990,ENSP00000313171.4,train,True,8,human,known,NC3
2185,ENST00000353341,ENSP00000313327.6,train,True,8,human,known,NC3
2186,ENST00000315212,ENSP00000313350.3,train,True,8,human,known,NC3
2187,ENST00000316562,ENSP00000313377.4,train,True,8,human,known,NC3
2188,ENST00000314191,ENSP00000313420.3,train,True,8,human,known,NC3
2189,ENST00000315580,ENSP00000313422.7,test,True,8,human,known,NC3
2190,ENST00000318158,ENSP00000313432.6,train,True,8,human,known,NC3
2191,ENST00000322244,ENSP00000313454.4,train,True,8,human,known,NC3
2192,ENST00000314666,ENSP00000313490.6,val,True,8,human,known,NC3
2193,ENST00000321301,ENSP00000313584.6,train,True,8,human,known,NC3
2194,ENST00000318003,ENSP00000313601.6,train,True,8,human,known,NC3
2195,ENST00000326195,ENSP00000313603.8,val,True,8,human,known,NC3
2196,ENST00000323374,ENSP00000313681.3,val,True,8,human,known,NC3
2197,ENST00000322310,ENSP00000313752.5,train,True,8,human,known,NC3
2198,ENST00000327300,ENSP00000313829.7,train,True,8,human,known,NC3
2199,ENST00000315596,ENSP00000313851.10,val,True,8,human,known,NC3
2200,ENST00000322875,ENSP00000313875.4,train,True,8,human,known,NC3
2201,ENST00000317173,ENSP00000313921.4,train,True,8,human,known,NC3
2202,ENST00000316199,ENSP00000313950.6,train,True,8,human,known,NC3
2203,ENST00000317907,ENSP00000313953.4,train,True,8,human,known,NC3
2204,ENST00000317025,ENSP00000313983.7,train,True,8,human,known,NC3
2205,ENST00000326974,ENSP00000313995.4,train,True,8,human,known,NC3
2206,ENST00000323927,ENSP00000314004.2,train,True,8,human,known,NC3
2207,ENST00000321337,ENSP00000314029.8,train,True,8,human,known,NC3
2208,ENST00000317089,ENSP00000314030.5,test,True,8,human,known,NC3
2209,ENST00000320285,ENSP00000314036.4,train,True,8,human,known,NC3
2210,ENST00000327134,ENSP00000314067.3,train,True,8,human,known,NC3
2211,ENST00000318636,ENSP00000314099.3,train,True,8,human,known,NC3
2212,ENST00000315869,ENSP00000314129.7,train,True,8,human,known,NC3
2213,ENST00000314761,ENSP00000314193.4,val,True,8,human,known,NC3
2214,ENST00000322536,ENSP00000314348.3,test,True,8,human,known,NC3
2215,ENST00000347699,ENSP00000314363.6,test,True,8,human,known,NC3
2216,ENST00000322396,ENSP00000314396.6,train,True,8,human,known,NC3
2217,ENST00000317995,ENSP00000314407.4,train,True,8,human,known,NC3
2218,ENST00000324871,ENSP00000314441.7,val,True,8,human,known,NC3
2219,ENST00000345530,ENSP00000314444.5,train,True,8,human,known,NC3
2220,ENST00000316333,ENSP00000314480.8,test,True,8,human,known,NC3
2221,ENST00000314167,ENSP00000314499.4,train,True,8,human,known,NC3
2222,ENST00000327247,ENSP00000314508.5,train,True,8,human,known,NC3
2223,ENST00000315948,ENSP00000314518.6,val,True,8,human,known,NC3
2224,ENST00000316731,ENSP00000314544.8,val,True,8,human,known,NC3
2225,ENST00000322954,ENSP00000314556.6,train,True,8,human,known,NC3
2226,ENST00000326317,ENSP00000314606.6,train,True,8,human,known,NC3
2227,ENST00000319121,ENSP00000314608.3,val,True,8,human,known,NC3
2228,ENST00000348925,ENSP00000314649.3,val,True,8,human,known,NC3
2229,ENST00000314393,ENSP00000314709.4,train,True,8,human,known,NC3
2230,ENST00000318304,ENSP00000314724.8,train,True,8,human,known,NC3
2231,ENST00000317204,ENSP00000314733.5,train,True,8,human,known,NC3
2232,ENST00000316610,ENSP00000314776.6,val,True,8,human,known,NC3
2233,ENST00000318080,ENSP00000315013.2,train,True,8,human,known,NC3
2234,ENST00000315567,ENSP00000315017.8,train,True,8,human,known,NC3
2235,ENST00000325599,ENSP00000315182.8,train,True,8,human,known,NC3
2236,ENST00000318348,ENSP00000315263.3,train,True,8,human,known,NC3
2237,ENST00000321264,ENSP00000315351.4,train,True,8,human,known,NC3
2238,ENST00000324862,ENSP00000315379.6,train,True,8,human,known,NC3
2239,ENST00000323468,ENSP00000315386.5,train,True,8,human,known,NC3
2240,ENST00000323563,ENSP00000315397.6,train,True,8,human,known,NC3
2241,ENST00000313367,ENSP00000315410.2,train,True,8,human,known,NC3
2242,ENST00000346226,ENSP00000315411.3,train,True,8,human,known,NC3
2243,ENST00000316052,ENSP00000315476.4,train,True,8,human,known,NC3
2244,ENST00000318709,ENSP00000315568.4,train,True,8,human,known,NC3
2245,ENST00000325385,ENSP00000315569.7,train,True,8,human,known,NC3
2246,ENST00000318528,ENSP00000315614.3,test,True,8,human,known,NC3
2247,ENST00000320636,ENSP00000315615.5,train,True,8,human,known,NC3
2248,ENST00000318950,ENSP00000315630.6,train,True,8,human,known,NC3
2249,ENST00000323274,ENSP00000315644.10,val,True,8,human,known,NC3
2250,ENST00000324109,ENSP00000315659.4,train,True,8,human,known,NC3
2251,ENST00000318471,ENSP00000315680.3,train,True,8,human,known,NC3
2252,ENST00000314103,ENSP00000315700.4,test,True,8,human,known,NC3
2253,ENST00000313468,ENSP00000315774.5,train,True,8,human,known,NC3
2254,ENST00000314940,ENSP00000316042.4,train,True,8,human,known,NC3
2255,ENST00000313143,ENSP00000316054.3,train,True,8,human,known,NC3
2256,ENST00000312916,ENSP00000316109.7,train,True,8,human,known,NC3
2257,ENST00000317058,ENSP00000316114.3,train,True,8,human,known,NC3
2258,ENST00000318066,ENSP00000316176.2,test,True,8,human,known,NC3
2259,ENST00000319540,ENSP00000316329.4,train,True,8,human,known,NC3
2260,ENST00000324545,ENSP00000316357.6,train,True,8,human,known,NC3
2261,ENST00000320580,ENSP00000316454.4,train,True,8,human,known,NC3
2262,ENST00000323699,ENSP00000316476.4,train,True,8,human,known,NC3
2263,ENST00000318386,ENSP00000316490.4,test,True,8,human,known,NC3
2264,ENST00000326270,ENSP00000316512.9,test,True,8,human,known,NC3
2265,ENST00000322652,ENSP00000316578.5,train,True,8,human,known,NC3
2266,ENST00000318225,nan,train,True,8,human,known,NC3
2267,ENST00000313486,ENSP00000316809.7,train,True,8,human,known,NC3
2268,ENST00000321442,ENSP00000316905.5,train,True,8,human,known,NC3
2269,ENST00000323482,ENSP00000316924.4,train,True,8,human,known,NC3
2270,ENST00000324324,ENSP00000316950.7,train,True,8,human,known,NC3
2271,ENST00000323853,ENSP00000317123.5,test,True,8,human,known,NC3
2272,ENST00000326291,ENSP00000317144.6,train,True,8,human,known,NC3
2273,ENST00000318911,ENSP00000317159.4,train,True,8,human,known,NC3
2274,ENST00000321562,ENSP00000317232.4,val,True,8,human,known,NC3
2275,ENST00000317677,ENSP00000317257.5,train,True,8,human,known,NC3
2276,ENST00000318493,ENSP00000317272.6,train,True,8,human,known,NC3
2277,ENST00000321394,ENSP00000317334.7,val,True,8,human,known,NC3
2278,ENST00000313010,ENSP00000317362.3,train,True,8,human,known,NC3
2279,ENST00000325844,ENSP00000317376.4,train,True,8,human,known,NC3
2280,ENST00000320717,ENSP00000317379.3,train,True,8,human,known,NC3
2281,ENST00000319942,ENSP00000317473.3,train,True,8,human,known,NC3
2282,ENST00000327237,ENSP00000317579.2,val,True,8,human,known,NC3
2283,ENST00000317905,ENSP00000317636.5,train,True,8,human,known,NC3
2284,ENST00000322177,ENSP00000317691.6,train,True,8,human,known,NC3
2285,ENST00000313843,ENSP00000317714.3,test,True,8,human,known,NC3
2286,ENST00000322347,ENSP00000317780.6,train,True,8,human,known,NC3
2287,ENST00000319715,ENSP00000317872.4,train,True,8,human,known,NC3
2288,ENST00000315050,ENSP00000317891.7,train,True,8,human,known,NC3
2289,ENST00000323798,ENSP00000317904.3,train,True,8,human,known,NC3
2290,ENST00000322349,ENSP00000317955.8,train,True,8,human,known,NC3
2291,ENST00000319394,ENSP00000317971.3,train,True,8,human,known,NC3
2292,ENST00000327044,ENSP00000317992.6,train,True,8,human,known,NC3
2293,ENST00000318410,ENSP00000318016.7,train,True,8,human,known,NC3
2294,ENST00000321037,ENSP00000318066.3,train,True,8,human,known,NC3
2295,ENST00000316077,ENSP00000318086.9,train,True,8,human,known,NC3
2296,ENST00000320776,ENSP00000318128.3,train,True,8,human,known,NC3
2297,ENST00000313683,ENSP00000318131.10,train,True,8,human,known,NC3
2298,ENST00000317534,ENSP00000318158.5,val,True,8,human,known,NC3
2299,ENST00000325748,ENSP00000318176.4,train,True,8,human,known,NC3
2300,ENST00000319725,ENSP00000318177.9,val,True,8,human,known,NC3
2301,ENST00000319223,ENSP00000318185.4,train,True,8,human,known,NC3
2302,ENST00000318129,ENSP00000318196.6,train,True,8,human,known,NC3
2303,ENST00000319106,ENSP00000318262.6,train,True,8,human,known,NC3
2304,ENST00000322623,ENSP00000318297.5,train,True,8,human,known,NC3
2305,ENST00000352410,ENSP00000318318.6,test,True,8,human,known,NC3
2306,ENST00000326764,ENSP00000318374.5,train,True,8,human,known,NC3
2307,ENST00000325722,ENSP00000318406.3,train,True,8,human,known,NC3
2308,ENST00000326799,ENSP00000318480.3,train,True,8,human,known,NC3
2309,ENST00000320152,ENSP00000318602.5,train,True,8,human,known,NC3
2310,ENST00000324849,ENSP00000318629.4,train,True,8,human,known,NC3
2311,ENST00000318967,ENSP00000318641.2,train,True,8,human,known,NC3
2312,ENST00000320027,ENSP00000318687.5,train,True,8,human,known,NC3
2313,ENST00000321027,ENSP00000318690.3,train,True,8,human,known,NC3
2314,ENST00000317702,ENSP00000318697.4,train,True,8,human,known,NC3
2315,ENST00000324238,ENSP00000318804.6,train,True,8,human,known,NC3
2316,ENST00000321407,ENSP00000318821.2,train,True,8,human,known,NC3
2317,ENST00000317361,ENSP00000318822.7,test,True,8,human,known,NC3
2318,ENST00000322067,ENSP00000318852.7,test,True,8,human,known,NC3
2319,ENST00000322535,ENSP00000318861.6,test,True,8,human,known,NC3
2320,ENST00000316694,ENSP00000318868.3,test,True,8,human,known,NC3
2321,ENST00000316836,ENSP00000318914.3,train,True,8,human,known,NC3
2322,ENST00000314622,ENSP00000318986.4,test,True,8,human,known,NC3
2323,ENST00000323534,ENSP00000319096.2,train,True,8,human,known,NC3
2324,ENST00000314616,ENSP00000319104.6,train,True,8,human,known,NC3
2325,ENST00000324366,ENSP00000319169.8,val,True,8,human,known,NC3
2326,ENST00000320756,ENSP00000319240.2,train,True,8,human,known,NC3
2327,ENST00000320585,ENSP00000319255.6,val,True,8,human,known,NC3
2328,ENST00000314759,ENSP00000319417.5,val,True,8,human,known,NC3
2329,ENST00000321326,ENSP00000319469.7,train,True,8,human,known,NC3
2330,ENST00000315467,ENSP00000319531.3,train,True,8,human,known,NC3
2331,ENST00000321265,ENSP00000319664.5,train,True,8,human,known,NC3
2332,ENST00000313835,nan,val,True,8,human,known,NC3
2333,ENST00000317568,ENSP00000319726.4,train,True,8,human,known,NC3
2334,ENST00000320963,ENSP00000319739.5,train,True,8,human,known,NC3
2335,ENST00000320623,ENSP00000319788.5,test,True,8,human,known,NC3
2336,ENST00000324048,ENSP00000319829.5,train,True,8,human,known,NC3
2337,ENST00000316637,ENSP00000319831.5,train,True,8,human,known,NC3
2338,ENST00000315251,ENSP00000319851.5,val,True,8,human,known,NC3
2339,ENST00000325805,ENSP00000319974.8,train,True,8,human,known,NC3
2340,ENST00000317635,ENSP00000319992.6,train,True,8,human,known,NC3
2341,ENST00000319217,ENSP00000320006.7,train,True,8,human,known,NC3
2342,ENST00000316963,ENSP00000320043.3,train,True,8,human,known,NC3
2343,ENST00000315691,ENSP00000320081.4,val,True,8,human,known,NC3
2344,ENST00000318443,ENSP00000320084.5,train,True,8,human,known,NC3
2345,ENST00000325017,ENSP00000320089.3,train,True,8,human,known,NC3
2346,ENST00000324537,ENSP00000320092.5,train,True,8,human,known,NC3
2347,ENST00000313244,ENSP00000320117.7,train,True,8,human,known,NC3
2348,ENST00000320356,ENSP00000320147.2,train,True,8,human,known,NC3
2349,ENST00000323688,ENSP00000320168.6,train,True,8,human,known,NC3
2350,ENST00000313608,ENSP00000320184.8,train,True,8,human,known,NC3
2351,ENST00000325421,ENSP00000320188.3,train,True,8,human,known,NC3
2352,ENST00000314400,ENSP00000320251.5,test,True,8,human,known,NC3
2353,ENST00000319481,ENSP00000320291.3,train,True,8,human,known,NC3
2354,ENST00000323646,ENSP00000320337.5,train,True,8,human,known,NC3
2355,ENST00000317483,ENSP00000320413.3,train,True,8,human,known,NC3
2356,ENST00000325551,ENSP00000320434.4,test,True,8,human,known,NC3
2357,ENST00000324856,ENSP00000320485.7,train,True,8,human,known,NC3
2358,ENST00000322269,ENSP00000320521.7,train,True,8,human,known,NC3
2359,ENST00000315870,ENSP00000320566.5,train,True,8,human,known,NC3
2360,ENST00000313525,ENSP00000320650.3,train,True,8,human,known,NC3
2361,ENST00000324868,ENSP00000320658.8,val,True,8,human,known,NC3
2362,ENST00000318522,ENSP00000320663.5,train,True,8,human,known,NC3
2363,ENST00000324194,ENSP00000320688.6,test,True,8,human,known,NC3
2364,ENST00000320785,ENSP00000320821.5,train,True,8,human,known,NC3
2365,ENST00000316448,ENSP00000320866.4,train,True,8,human,known,NC3
2366,ENST00000315073,ENSP00000320869.5,train,True,8,human,known,NC3
2367,ENST00000315285,ENSP00000320885.3,train,True,8,human,known,NC3
2368,ENST00000318037,ENSP00000320898.3,train,True,8,human,known,NC3
2369,ENST00000319363,ENSP00000320936.6,train,True,8,human,known,NC3
2370,ENST00000317147,ENSP00000320949.5,train,True,8,human,known,NC3
2371,ENST00000319769,ENSP00000320965.5,train,True,8,human,known,NC3
2372,ENST00000319264,ENSP00000321026.3,train,True,8,human,known,NC3
2373,ENST00000321341,ENSP00000321070.5,test,True,8,human,known,NC3
2374,ENST00000323116,ENSP00000321195.5,train,True,8,human,known,NC3
2375,ENST00000324439,ENSP00000321239.5,test,True,8,human,known,NC3
2376,ENST00000319006,ENSP00000321259.3,val,True,8,human,known,NC3
2377,ENST00000314133,ENSP00000321260.3,val,True,8,human,known,NC3
2378,ENST00000320996,ENSP00000321266.10,test,True,8,human,known,NC3
2379,ENST00000347708,ENSP00000321320.5,train,True,8,human,known,NC3
2380,ENST00000324765,ENSP00000321348.8,train,True,8,human,known,NC3
2381,ENST00000316856,ENSP00000321365.3,train,True,8,human,known,NC3
2382,ENST00000323013,ENSP00000321449.6,train,True,8,human,known,NC3
2383,ENST00000326232,ENSP00000321498.9,train,True,8,human,known,NC3
2384,ENST00000316843,ENSP00000321537.4,train,True,8,human,known,NC3
2385,ENST00000320248,nan,val,True,8,human,known,NC3
2386,ENST00000323348,ENSP00000321617.5,train,True,8,human,known,NC3
2387,ENST00000319863,ENSP00000321691.8,val,True,8,human,known,NC3
2388,ENST00000317827,ENSP00000321703.4,val,True,8,human,known,NC3
2389,ENST00000319004,ENSP00000321706.5,val,True,8,human,known,NC3
2390,ENST00000319212,ENSP00000321711.4,train,True,8,human,known,NC3
2391,ENST00000317968,ENSP00000321746.4,train,True,8,human,known,NC3
2392,ENST00000316891,ENSP00000321810.5,train,True,8,human,known,NC3
2393,ENST00000345254,ENSP00000321845.6,test,True,8,human,known,NC3
2394,ENST00000315082,ENSP00000321971.4,train,True,8,human,known,NC3
2395,ENST00000320230,ENSP00000322020.5,train,True,8,human,known,NC3
2396,ENST00000349157,ENSP00000322036.7,train,True,8,human,known,NC3
2397,ENST00000317868,ENSP00000322159.4,train,True,8,human,known,NC3
2398,ENST00000313655,ENSP00000322180.4,train,True,8,human,known,NC3
2399,ENST00000350997,ENSP00000322229.9,train,True,8,human,known,NC3
2400,ENST00000319074,ENSP00000322238.4,test,True,8,human,known,NC3
2401,ENST00000320270,ENSP00000322396.2,train,True,8,human,known,NC3
2402,ENST00000321153,ENSP00000322419.4,train,True,8,human,known,NC3
2403,ENST00000313511,ENSP00000322439.3,train,True,8,human,known,NC3
2404,ENST00000322776,ENSP00000322450.6,train,True,8,human,known,NC3
2405,ENST00000318887,ENSP00000322469.3,val,True,8,human,known,NC3
2406,ENST00000319285,ENSP00000322524.4,test,True,8,human,known,NC3
2407,ENST00000322002,ENSP00000322568.3,train,True,8,human,known,NC3
2408,ENST00000320574,ENSP00000322570.5,train,True,8,human,known,NC3
2409,ENST00000320316,ENSP00000322579.3,train,True,8,human,known,NC3
2410,ENST00000320578,ENSP00000322594.2,val,True,8,human,known,NC3
2411,ENST00000320033,ENSP00000322628.2,train,True,8,human,known,NC3
2412,ENST00000325110,ENSP00000322706.6,train,True,8,human,known,NC3
2413,ENST00000321919,ENSP00000322716.6,train,True,8,human,known,NC3
2414,ENST00000326427,ENSP00000322730.6,train,True,8,human,known,NC3
2415,ENST00000313080,ENSP00000322775.3,train,True,8,human,known,NC3
2416,ENST00000314607,ENSP00000322915.6,train,True,8,human,known,NC3
2417,ENST00000327304,ENSP00000323046.4,train,True,8,human,known,NC3
2418,ENST00000317502,ENSP00000323047.6,train,True,8,human,known,NC3
2419,ENST00000316939,ENSP00000323065.1,train,True,8,human,known,NC3
2420,ENST00000353383,ENSP00000323074.4,test,True,8,human,known,NC3
2421,ENST00000326925,ENSP00000323076.5,train,True,8,human,known,NC3
2422,ENST00000320211,ENSP00000323099.3,train,True,8,human,known,NC3
2423,ENST00000324306,ENSP00000323148.6,train,True,8,human,known,NC3
2424,ENST00000315616,ENSP00000323288.7,val,True,8,human,known,NC3
2425,ENST00000321765,ENSP00000323300.5,test,True,8,human,known,NC3
2426,ENST00000316218,ENSP00000323313.7,train,True,8,human,known,NC3
2427,ENST00000315013,ENSP00000323377.5,val,True,8,human,known,NC3
2428,ENST00000322213,ENSP00000323421.3,train,True,8,human,known,NC3
2429,ENST00000313146,ENSP00000323424.6,train,True,8,human,known,NC3
2430,ENST00000352689,ENSP00000323527.6,train,True,8,human,known,NC3
2431,ENST00000317571,ENSP00000323645.3,train,True,8,human,known,NC3
2432,ENST00000312912,ENSP00000323659.5,train,True,8,human,known,NC3
2433,ENST00000322342,ENSP00000323678.3,train,True,8,human,known,NC3
2434,ENST00000319380,ENSP00000323687.6,test,True,8,human,known,NC3
2435,ENST00000320954,ENSP00000323696.5,train,True,8,human,known,NC3
2436,ENST00000324817,ENSP00000323720.1,train,True,8,human,known,NC3
2437,ENST00000321599,ENSP00000323780.4,train,True,8,human,known,NC3
2438,ENST00000315286,ENSP00000323782.7,test,True,8,human,known,NC3
2439,ENST00000321169,ENSP00000323811.5,train,True,8,human,known,NC3
2440,ENST00000322810,ENSP00000323856.4,test,True,8,human,known,NC3
2441,ENST00000314045,ENSP00000323858.7,test,True,8,human,known,NC3
2442,ENST00000316299,ENSP00000323867.5,val,True,8,human,known,NC3
2443,ENST00000323037,ENSP00000323879.4,train,True,8,human,known,NC3
2444,ENST00000316881,ENSP00000323889.4,train,True,8,human,known,NC3
2445,ENST00000318602,nan,train,True,8,human,known,NC3
2446,ENST00000319296,ENSP00000323945.5,test,True,8,human,known,NC3
2447,ENST00000348513,ENSP00000323967.6,train,True,8,human,known,NC3
2448,ENST00000326047,ENSP00000324020.4,train,True,8,human,known,NC3
2449,ENST00000322008,ENSP00000324101.4,train,True,8,human,known,NC3
2450,ENST00000322028,ENSP00000324124.4,train,True,8,human,known,NC3
2451,ENST00000324460,ENSP00000324173.6,train,True,8,human,known,NC3
2452,ENST00000350051,ENSP00000324180.4,train,True,8,human,known,NC3
2453,ENST00000316024,ENSP00000324203.5,test,True,8,human,known,NC3
2454,ENST00000347519,ENSP00000324205.11,train,True,8,human,known,NC3
2455,ENST00000326793,ENSP00000324287.6,train,True,8,human,known,NC3
2456,ENST00000324266,ENSP00000324318.5,train,True,8,human,known,NC3
2457,ENST00000321117,ENSP00000324375.5,train,True,8,human,known,NC3
2458,ENST00000322764,ENSP00000324422.5,train,True,8,human,known,NC3
2459,ENST00000325680,ENSP00000324463.7,train,True,8,human,known,NC3
2460,ENST00000313219,ENSP00000324491.7,train,True,8,human,known,NC3
2461,ENST00000318217,ENSP00000324527.5,train,True,8,human,known,NC3
2462,ENST00000322897,ENSP00000324628.6,train,True,8,human,known,NC3
2463,ENST00000316763,ENSP00000324636.2,train,True,8,human,known,NC3
2464,ENST00000324679,ENSP00000324729.4,train,True,8,human,known,NC3
2465,ENST00000316937,ENSP00000324741.3,train,True,8,human,known,NC3
2466,ENST00000316626,ENSP00000324806.5,train,True,8,human,known,NC3
2467,ENST00000317040,ENSP00000324810.6,train,True,8,human,known,NC3
2468,ENST00000313871,nan,train,True,8,human,known,NC3
2469,ENST00000316519,ENSP00000324842.6,test,True,8,human,known,NC3
2470,ENST00000314797,ENSP00000325002.6,train,True,8,human,known,NC3
2471,ENST00000315579,ENSP00000325017.5,train,True,8,human,known,NC3
2472,ENST00000315985,ENSP00000325074.7,train,True,8,human,known,NC3
2473,ENST00000317135,ENSP00000325091.8,train,True,8,human,known,NC3
2474,ENST00000317799,ENSP00000325136.5,train,True,8,human,known,NC3
2475,ENST00000318008,ENSP00000325240.6,test,True,8,human,known,NC3
2476,ENST00000314567,ENSP00000325301.3,train,True,8,human,known,NC3
2477,ENST00000323666,ENSP00000325312.5,train,True,8,human,known,NC3
2478,ENST00000324096,ENSP00000325313.3,val,True,8,human,known,NC3
2479,ENST00000321617,ENSP00000325355.3,val,True,8,human,known,NC3
2480,ENST00000316788,ENSP00000325369.7,val,True,8,human,known,NC3
2481,ENST00000325495,ENSP00000325376.2,train,True,8,human,known,NC3
2482,ENST00000322313,ENSP00000325377.3,train,True,8,human,known,NC3
2483,ENST00000319449,ENSP00000325594.4,test,True,8,human,known,NC3
2484,ENST00000325464,ENSP00000325612.1,train,True,8,human,known,NC3
2485,ENST00000324685,ENSP00000325677.6,train,True,8,human,known,NC3
2486,ENST00000323110,nan,train,True,8,human,known,NC3
2487,ENST00000313050,ENSP00000325827.7,test,True,8,human,known,NC3
2488,ENST00000313117,ENSP00000325905.6,train,True,8,human,known,NC3
2489,ENST00000326674,ENSP00000325958.9,train,True,8,human,known,NC3
2490,ENST00000316752,ENSP00000326003.6,train,True,8,human,known,NC3
2491,ENST00000316660,ENSP00000326119.7,train,True,8,human,known,NC3
2492,ENST00000312938,ENSP00000326200.4,train,True,8,human,known,NC3
2493,ENST00000313250,ENSP00000326219.5,test,True,8,human,known,NC3
2494,ENST00000319017,ENSP00000326305.4,train,True,8,human,known,NC3
2495,ENST00000323570,ENSP00000326342.3,train,True,8,human,known,NC3
2496,ENST00000354105,ENSP00000326411.6,train,True,8,human,known,NC3
2497,ENST00000319023,ENSP00000326424.2,train,True,8,human,known,NC3
2498,ENST00000320330,ENSP00000326519.6,train,True,8,human,known,NC3
2499,ENST00000326266,ENSP00000326531.8,test,True,8,human,known,NC3
2500,ENST00000313288,ENSP00000326550.4,train,True,8,human,known,NC3
2501,ENST00000314358,ENSP00000326563.5,test,True,8,human,known,NC3
2502,ENST00000320876,ENSP00000326603.7,train,True,8,human,known,NC3
2503,ENST00000319555,ENSP00000326630.2,train,True,8,human,known,NC3
2504,ENST00000320743,ENSP00000326759.3,train,True,8,human,known,NC3
2505,ENST00000321256,ENSP00000326806.5,train,True,8,human,known,NC3
2506,ENST00000315927,ENSP00000326813.4,train,True,8,human,known,NC3
2507,ENST00000321898,ENSP00000326841.6,train,True,8,human,known,NC3
2508,ENST00000319550,ENSP00000326858.3,train,True,8,human,known,NC3
2509,ENST00000325366,ENSP00000326879.9,val,True,8,human,known,NC3
2510,ENST00000348411,ENSP00000326948.2,val,True,8,human,known,NC3
2511,ENST00000314852,ENSP00000326981.2,train,True,8,human,known,NC3
2512,ENST00000325327,ENSP00000327054.3,train,True,8,human,known,NC3
2513,ENST00000315758,ENSP00000327070.5,train,True,8,human,known,NC3
2514,ENST00000352967,ENSP00000327072.6,test,True,8,human,known,NC3
2515,ENST00000322054,ENSP00000327116.5,train,True,8,human,known,NC3
2516,ENST00000325888,ENSP00000327145.8,val,True,8,human,known,NC3
2517,ENST00000323267,ENSP00000327154.6,train,True,8,human,known,NC3
2518,ENST00000314423,ENSP00000327179.7,train,True,8,human,known,NC3
2519,ENST00000323460,ENSP00000327197.5,train,True,8,human,known,NC3
2520,ENST00000325642,ENSP00000327255.3,train,True,8,human,known,NC3
2521,ENST00000331768,ENSP00000327436.5,val,True,8,human,known,NC3
2522,ENST00000328236,ENSP00000327504.5,val,True,8,human,known,NC3
2523,ENST00000329281,ENSP00000327541.2,train,True,8,human,known,NC3
2524,ENST00000333371,ENSP00000327650.4,train,True,8,human,known,NC3
2525,ENST00000333082,ENSP00000327704.3,train,True,8,human,known,NC3
2526,ENST00000332707,ENSP00000327821.5,val,True,8,human,known,NC3
2527,ENST00000330574,ENSP00000327889.2,test,True,8,human,known,NC3
2528,ENST00000332118,ENSP00000328023.5,train,True,8,human,known,NC3
2529,ENST00000332629,ENSP00000328079.5,train,True,8,human,known,NC3
2530,ENST00000328827,ENSP00000328088.4,train,True,8,human,known,NC3
2531,ENST00000330125,ENSP00000328103.5,train,True,8,human,known,NC3
2532,ENST00000331222,nan,train,True,8,human,known,NC3
2533,ENST00000330622,ENSP00000328187.5,train,True,8,human,known,NC3
2534,ENST00000330560,ENSP00000328228.3,train,True,8,human,known,NC3
2535,ENST00000333479,ENSP00000328236.6,train,True,8,human,known,NC3
2536,ENST00000333651,ENSP00000328269.6,train,True,8,human,known,NC3
2537,ENST00000327697,ENSP00000328287.6,train,True,8,human,known,NC3
2538,ENST00000330938,ENSP00000328325.3,train,True,8,human,known,NC3
2539,ENST00000331531,ENSP00000328403.5,train,True,8,human,known,NC3
2540,ENST00000328111,ENSP00000328547.2,train,True,8,human,known,NC3
2541,ENST00000330852,ENSP00000328551.5,test,True,8,human,known,NC3
2542,ENST00000331334,ENSP00000328570.4,train,True,8,human,known,NC3
2543,ENST00000328914,ENSP00000328720.4,val,True,8,human,known,NC3
2544,ENST00000331835,ENSP00000328729.6,train,True,8,human,known,NC3
2545,ENST00000332499,ENSP00000328773.3,train,True,8,human,known,NC3
2546,ENST00000329235,ENSP00000328789.2,train,True,8,human,known,NC3
2547,ENST00000329245,ENSP00000328835.3,train,True,8,human,known,NC3
2548,ENST00000329236,ENSP00000328848.8,val,True,8,human,known,NC3
2549,ENST00000332503,ENSP00000328928.5,train,True,8,human,known,NC3
2550,ENST00000331923,ENSP00000328992.4,train,True,8,human,known,NC3
2551,ENST00000328724,ENSP00000329009.5,train,True,8,human,known,NC3
2552,ENST00000328205,ENSP00000329102.5,train,True,8,human,known,NC3
2553,ENST00000329967,ENSP00000329213.6,train,True,8,human,known,NC3
2554,ENST00000328199,ENSP00000329264.6,train,True,8,human,known,NC3
2555,ENST00000327443,ENSP00000329357.4,train,True,8,human,known,NC3
2556,ENST00000333188,ENSP00000329419.4,train,True,8,human,known,NC3
2557,ENST00000331299,ENSP00000329452.5,test,True,8,human,known,NC3
2558,ENST00000328666,ENSP00000329466.6,train,True,8,human,known,NC3
2559,ENST00000329271,ENSP00000329558.3,train,True,8,human,known,NC3
2560,ENST00000331457,ENSP00000329715.4,test,True,8,human,known,NC3
2561,ENST00000331366,ENSP00000329748.5,train,True,8,human,known,NC3
2562,ENST00000330398,ENSP00000329757.4,test,True,8,human,known,NC3
2563,ENST00000331581,ENSP00000329797.6,train,True,8,human,known,NC3
2564,ENST00000328257,ENSP00000329867.8,train,True,8,human,known,NC3
2565,ENST00000331573,ENSP00000329915.3,train,True,8,human,known,NC3
2566,ENST00000329713,ENSP00000329918.4,train,True,8,human,known,NC3
2567,ENST00000328273,ENSP00000329968.7,train,True,8,human,known,NC3
2568,ENST00000327337,nan,train,True,8,human,known,NC3
2569,ENST00000331803,ENSP00000330032.4,train,True,8,human,known,NC3
2570,ENST00000329197,ENSP00000330075.5,test,True,8,human,known,NC3
2571,ENST00000331738,ENSP00000330188.6,train,True,8,human,known,NC3
2572,ENST00000333421,ENSP00000330222.6,train,True,8,human,known,NC3
2573,ENST00000330149,ENSP00000330289.5,train,True,8,human,known,NC3
2574,ENST00000330503,ENSP00000330349.8,train,True,8,human,known,NC3
2575,ENST00000328379,ENSP00000330389.4,train,True,8,human,known,NC3
2576,ENST00000333202,ENSP00000330433.3,train,True,8,human,known,NC3
2577,ENST00000331314,ENSP00000330460.6,train,True,8,human,known,NC3
2578,ENST00000327877,ENSP00000330488.5,train,True,8,human,known,NC3
2579,ENST00000328908,ENSP00000330512.5,train,True,8,human,known,NC3
2580,ENST00000331351,nan,train,True,8,human,known,NC3
2581,ENST00000332303,nan,train,True,8,human,known,NC3
2582,ENST00000328709,ENSP00000330730.3,train,True,8,human,known,NC3
2583,ENST00000327772,ENSP00000330737.2,test,True,8,human,known,NC3
2584,ENST00000333229,ENSP00000330753.2,train,True,8,human,known,NC3
2585,ENST00000331244,ENSP00000330836.5,test,True,8,human,known,NC3
2586,ENST00000333503,ENSP00000330918.7,train,True,8,human,known,NC3
2587,ENST00000332598,ENSP00000330945.6,train,True,8,human,known,NC3
2588,ENST00000333256,ENSP00000331087.6,train,True,8,human,known,NC3
2589,ENST00000331239,ENSP00000331209.4,val,True,8,human,known,NC3
2590,ENST00000331373,ENSP00000331258.5,train,True,8,human,known,NC3
2591,ENST00000329517,ENSP00000331313.6,train,True,8,human,known,NC3
2592,ENST00000330843,ENSP00000331342.4,val,True,8,human,known,NC3
2593,ENST00000327428,ENSP00000331369.5,train,True,8,human,known,NC3
2594,ENST00000333050,ENSP00000331640.6,test,True,8,human,known,NC3
2595,ENST00000328879,ENSP00000331682.4,train,True,8,human,known,NC3
2596,ENST00000327827,ENSP00000331720.7,train,True,8,human,known,NC3
2597,ENST00000327423,ENSP00000331845.6,train,True,8,human,known,NC3
2598,ENST00000330133,ENSP00000331849.3,train,True,8,human,known,NC3
2599,ENST00000331079,ENSP00000331879.6,val,True,8,human,known,NC3
2600,ENST00000330062,ENSP00000331897.4,val,True,8,human,known,NC3
2601,ENST00000329251,ENSP00000331901.4,val,True,8,human,known,NC3
2602,ENST00000328771,ENSP00000331907.4,val,True,8,human,known,NC3
2603,ENST00000331536,ENSP00000331981.4,val,True,8,human,known,NC3
2604,ENST00000329474,ENSP00000331983.6,train,True,8,human,known,NC3
2605,ENST00000328969,ENSP00000332013.5,test,True,8,human,known,NC3
2606,ENST00000352251,ENSP00000332034.4,train,True,8,human,known,NC3
2607,ENST00000333775,ENSP00000332103.5,train,True,8,human,known,NC3
2608,ENST00000332296,nan,test,True,8,human,known,NC3
2609,ENST00000331380,ENSP00000332194.3,train,True,8,human,known,NC3
2610,ENST00000328848,ENSP00000332198.5,train,True,8,human,known,NC3
2611,ENST00000330342,ENSP00000332247.2,train,True,8,human,known,NC3
2612,ENST00000329841,ENSP00000332256.5,train,True,8,human,known,NC3
2613,ENST00000331569,ENSP00000332325.4,train,True,8,human,known,NC3
2614,ENST00000332395,ENSP00000332340.6,train,True,8,human,known,NC3
2615,ENST00000331173,ENSP00000332444.4,train,True,8,human,known,NC3
2616,ENST00000329478,ENSP00000332448.2,train,True,8,human,known,NC3
2617,ENST00000330459,ENSP00000332455.3,train,True,8,human,known,NC3
2618,ENST00000328965,ENSP00000332613.3,train,True,8,human,known,NC3
2619,ENST00000330236,ENSP00000332750.5,train,True,8,human,known,NC3
2620,ENST00000331128,ENSP00000332790.4,test,True,8,human,known,NC3
2621,ENST00000346049,ENSP00000332816.6,train,True,8,human,known,NC3
2622,ENST00000330029,ENSP00000332887.6,train,True,8,human,known,NC3
2623,ENST00000327505,ENSP00000332989.2,train,True,8,human,known,NC3
2624,ENST00000331758,ENSP00000333012.3,test,True,8,human,known,NC3
2625,ENST00000329043,ENSP00000333113.4,val,True,8,human,known,NC3
2626,ENST00000330374,ENSP00000333255.6,train,True,8,human,known,NC3
2627,ENST00000333003,ENSP00000333275.4,train,True,8,human,known,NC3
2628,ENST00000327787,ENSP00000333283.8,train,True,8,human,known,NC3
2629,ENST00000332556,ENSP00000333298.4,test,True,8,human,known,NC3
2630,ENST00000333130,ENSP00000333401.3,train,True,8,human,known,NC3
2631,ENST00000330137,ENSP00000333433.7,train,True,8,human,known,NC3
2632,ENST00000328024,ENSP00000333547.5,test,True,8,human,known,NC3
2633,ENST00000328195,ENSP00000333551.3,val,True,8,human,known,NC3
2634,ENST00000333167,ENSP00000333664.8,val,True,8,human,known,NC3
2635,ENST00000327435,ENSP00000333666.3,train,True,8,human,known,NC3
2636,ENST00000328923,ENSP00000333667.3,val,True,8,human,known,NC3
2637,ENST00000333449,ENSP00000333697.3,train,True,8,human,known,NC3
2638,ENST00000333511,ENSP00000333769.3,train,True,8,human,known,NC3
2639,ENST00000330817,ENSP00000333813.5,val,True,8,human,known,NC3
2640,ENST00000333129,ENSP00000333836.3,train,True,8,human,known,NC3
2641,ENST00000333676,ENSP00000333837.3,train,True,8,human,known,NC3
2642,ENST00000334205,ENSP00000333896.4,train,True,8,human,known,NC3
2643,ENST00000334270,ENSP00000333920.2,val,True,8,human,known,NC3
2644,ENST00000334444,ENSP00000333926.6,val,True,8,human,known,NC3
2645,ENST00000334379,ENSP00000333934.5,train,True,8,human,known,NC3
2646,ENST00000334571,ENSP00000333946.2,train,True,8,human,known,NC3
2647,ENST00000334678,ENSP00000333948.3,train,True,8,human,known,NC3
2648,ENST00000334527,ENSP00000333982.7,val,True,8,human,known,NC3
2649,ENST00000335295,nan,train,True,8,human,known,NC3
2650,ENST00000334956,ENSP00000334008.9,test,True,8,human,known,NC3
2651,ENST00000334955,ENSP00000334040.7,test,True,8,human,known,NC3
2652,ENST00000335146,ENSP00000334100.6,train,True,8,human,known,NC3
2653,ENST00000334133,ENSP00000334153.4,train,True,8,human,known,NC3
2654,ENST00000334256,ENSP00000334373.4,train,True,8,human,known,NC3
2655,ENST00000334082,ENSP00000334382.6,val,True,8,human,known,NC3
2656,ENST00000334121,ENSP00000334538.6,train,True,8,human,known,NC3
2657,ENST00000334163,ENSP00000334564.3,train,True,8,human,known,NC3
2658,ENST00000334464,ENSP00000334642.5,val,True,8,human,known,NC3
2659,ENST00000334463,ENSP00000334675.3,train,True,8,human,known,NC3
2660,ENST00000335209,ENSP00000334785.7,train,True,8,human,known,NC3
2661,ENST00000334352,ENSP00000334808.4,train,True,8,human,known,NC3
2662,ENST00000334241,ENSP00000334853.3,train,True,8,human,known,NC3
2663,ENST00000345512,ENSP00000334941.5,test,True,8,human,known,NC3
2664,ENST00000335181,ENSP00000334983.5,val,True,8,human,known,NC3
2665,ENST00000334062,ENSP00000335029.7,train,True,8,human,known,NC3
2666,ENST00000334344,ENSP00000335044.6,val,True,8,human,known,NC3
2667,ENST00000334705,ENSP00000335082.7,test,True,8,human,known,NC3
2668,ENST00000334701,ENSP00000335153.7,train,True,8,human,known,NC3
2669,ENST00000348544,ENSP00000335193.5,train,True,8,human,known,NC3
2670,ENST00000333924,ENSP00000335201.4,train,True,8,human,known,NC3
2671,ENST00000335514,ENSP00000335203.5,train,True,8,human,known,NC3
2672,ENST00000334805,ENSP00000335247.6,test,True,8,human,known,NC3
2673,ENST00000334220,ENSP00000335304.4,train,True,8,human,known,NC3
2674,ENST00000334801,ENSP00000335320.3,train,True,8,human,known,NC3
2675,ENST00000335508,ENSP00000335321.6,val,True,8,human,known,NC3
2676,ENST00000335183,ENSP00000335357.6,train,True,8,human,known,NC3
2677,ENST00000334690,ENSP00000335371.6,train,True,8,human,known,NC3
2678,ENST00000346991,ENSP00000335463.6,train,True,8,human,known,NC3
2679,ENST00000335497,ENSP00000335580.7,train,True,8,human,known,NC3
2680,ENST00000334186,ENSP00000335614.3,val,True,8,human,known,NC3
2681,ENST00000334660,ENSP00000335632.5,test,True,8,human,known,NC3
2682,ENST00000334982,ENSP00000335636.4,val,True,8,human,known,NC3
2683,ENST00000335154,ENSP00000335655.5,train,True,8,human,known,NC3
2684,ENST00000335255,ENSP00000335677.5,train,True,8,human,known,NC3
2685,ENST00000328459,ENSP00000336127.4,train,True,8,human,known,NC3
2686,ENST00000336430,ENSP00000336580.7,train,True,8,human,known,NC3
2687,ENST00000337231,ENSP00000336587.5,train,True,8,human,known,NC3
2688,ENST00000336148,ENSP00000336606.5,train,True,8,human,known,NC3
2689,ENST00000337619,ENSP00000336666.5,test,True,8,human,known,NC3
2690,ENST00000337620,ENSP00000336687.4,test,True,8,human,known,NC3
2691,ENST00000337432,ENSP00000336701.4,train,True,8,human,known,NC3
2692,ENST00000337273,ENSP00000336712.5,test,True,8,human,known,NC3
2693,ENST00000336156,ENSP00000336720.4,train,True,8,human,known,NC3
2694,ENST00000337137,ENSP00000336724.4,train,True,8,human,known,NC3
2695,ENST00000337827,ENSP00000336729.4,train,True,8,human,known,NC3
2696,ENST00000336812,ENSP00000336741.4,train,True,8,human,known,NC3
2697,ENST00000336926,ENSP00000336747.6,val,True,8,human,known,NC3
2698,ENST00000337768,ENSP00000336750.5,train,True,8,human,known,NC3
2699,ENST00000337975,ENSP00000336800.5,val,True,8,human,known,NC3
2700,ENST00000335753,ENSP00000336824.4,train,True,8,human,known,NC3
2701,ENST00000335754,ENSP00000336842.3,train,True,8,human,known,NC3
2702,ENST00000336083,ENSP00000336850.3,val,True,8,human,known,NC3
2703,ENST00000336216,ENSP00000336856.4,train,True,8,human,known,NC3
2704,ENST00000337227,ENSP00000336866.4,train,True,8,human,known,NC3
2705,ENST00000336498,ENSP00000336923.3,val,True,8,human,known,NC3
2706,ENST00000337392,ENSP00000336994.4,train,True,8,human,known,NC3
2707,ENST00000335765,ENSP00000337040.3,train,True,8,human,known,NC3
2708,ENST00000336735,ENSP00000337053.4,train,True,8,human,known,NC3
2709,ENST00000337478,ENSP00000337178.1,train,True,8,human,known,NC3
2710,ENST00000335783,ENSP00000337289.2,train,True,8,human,known,NC3
2711,ENST00000337491,ENSP00000337332.1,train,True,8,human,known,NC3
2712,ENST00000336233,ENSP00000337354.5,test,True,8,human,known,NC3
2713,ENST00000336737,ENSP00000337358.4,train,True,8,human,known,NC3
2714,ENST00000335890,ENSP00000337393.2,train,True,8,human,known,NC3
2715,ENST00000336868,ENSP00000337443.3,train,True,8,human,known,NC3
2716,ENST00000338034,ENSP00000337445.4,test,True,8,human,known,NC3
2717,ENST00000336283,ENSP00000337513.6,train,True,8,human,known,NC3
2718,ENST00000337343,ENSP00000337572.4,test,True,8,human,known,NC3
2719,ENST00000338045,ENSP00000337598.4,val,True,8,human,known,NC3
2720,ENST00000336617,ENSP00000337623.2,train,True,8,human,known,NC3
2721,ENST00000337537,ENSP00000337641.3,train,True,8,human,known,NC3
2722,ENST00000338033,nan,train,True,8,human,known,NC3
2723,ENST00000336615,ENSP00000337701.4,train,True,8,human,known,NC3
2724,ENST00000338128,ENSP00000337746.7,train,True,8,human,known,NC3
2725,ENST00000336787,ENSP00000337761.1,train,True,8,human,known,NC3
2726,ENST00000336338,ENSP00000337804.5,train,True,8,human,known,NC3
2727,ENST00000337526,ENSP00000337838.6,train,True,8,human,known,NC3
2728,ENST00000348124,ENSP00000337853.5,test,True,8,human,known,NC3
2729,ENST00000336349,ENSP00000337991.5,val,True,8,human,known,NC3
2730,ENST00000336576,ENSP00000338019.5,train,True,8,human,known,NC3
2731,ENST00000337288,ENSP00000338030.5,val,True,8,human,known,NC3
2732,ENST00000338146,ENSP00000338034.5,train,True,8,human,known,NC3
2733,ENST00000335968,ENSP00000338093.3,train,True,8,human,known,NC3
2734,ENST00000338086,ENSP00000338173.5,test,True,8,human,known,NC3
2735,ENST00000338037,ENSP00000338185.6,val,True,8,human,known,NC3
2736,ENST00000336273,ENSP00000338235.3,train,True,8,human,known,NC3
2737,ENST00000335793,ENSP00000338258.3,val,True,8,human,known,NC3
2738,ENST00000337919,ENSP00000338272.5,train,True,8,human,known,NC3
2739,ENST00000338121,ENSP00000338290.5,train,True,8,human,known,NC3
2740,ENST00000336695,ENSP00000338293.4,test,True,8,human,known,NC3
2741,ENST00000345496,ENSP00000338348.3,train,True,8,human,known,NC3
2742,ENST00000337109,ENSP00000338389.4,train,True,8,human,known,NC3
2743,ENST00000335972,ENSP00000338413.6,train,True,8,human,known,NC3
2744,ENST00000337755,ENSP00000338487.5,test,True,8,human,known,NC3
2745,ENST00000337006,ENSP00000338512.5,train,True,8,human,known,NC3
2746,ENST00000335895,ENSP00000338516.8,train,True,8,human,known,NC3
2747,ENST00000336824,ENSP00000338523.4,train,True,8,human,known,NC3
2748,ENST00000337702,ENSP00000338533.4,val,True,8,human,known,NC3
2749,ENST00000337979,ENSP00000338562.4,val,True,8,human,known,NC3
2750,ENST00000335698,ENSP00000338568.4,train,True,8,human,known,NC3
2751,ENST00000336138,ENSP00000338607.3,val,True,8,human,known,NC3
2752,ENST00000337907,ENSP00000338629.3,val,True,8,human,known,NC3
2753,ENST00000353088,ENSP00000338643.2,train,True,8,human,known,NC3
2754,ENST00000353379,ENSP00000338673.7,train,True,8,human,known,NC3
2755,ENST00000336686,ENSP00000338727.4,train,True,8,human,known,NC3
2756,ENST00000337331,ENSP00000338766.5,train,True,8,human,known,NC3
2757,ENST00000337859,ENSP00000338788.6,test,True,8,human,known,NC3
2758,ENST00000349945,ENSP00000338806.3,train,True,8,human,known,NC3
2759,ENST00000336767,ENSP00000338862.5,train,True,8,human,known,NC3
2760,ENST00000336702,ENSP00000338885.3,train,True,8,human,known,NC3
2761,ENST00000338010,ENSP00000338927.5,train,True,8,human,known,NC3
2762,ENST00000337147,ENSP00000338934.7,val,True,8,human,known,NC3
2763,ENST00000336431,ENSP00000338964.5,train,True,8,human,known,NC3
2764,ENST00000336854,ENSP00000338990.4,train,True,8,human,known,NC3
2765,ENST00000327892,ENSP00000339001.7,train,True,8,human,known,NC3
2766,ENST00000313071,ENSP00000339004.3,train,True,8,human,known,NC3
2767,ENST00000308448,ENSP00000339017.4,train,True,8,human,known,NC3
2768,ENST00000316059,ENSP00000339030.5,train,True,8,human,known,NC3
2769,ENST00000309268,ENSP00000339053.4,train,True,8,human,known,NC3
2770,ENST00000273223,ENSP00000339064.5,train,True,8,human,known,NC3
2771,ENST00000305536,ENSP00000339090.4,train,True,8,human,known,NC3
2772,ENST00000341068,ENSP00000339109.3,train,True,8,human,known,NC3
2773,ENST00000343063,ENSP00000339115.3,train,True,8,human,known,NC3
2774,ENST00000340648,ENSP00000339145.4,train,True,8,human,known,NC3
2775,ENST00000340020,ENSP00000339161.6,train,True,8,human,known,NC3
2776,ENST00000341049,ENSP00000339191.2,train,True,8,human,known,NC3
2777,ENST00000343004,ENSP00000339207.6,train,True,8,human,known,NC3
2778,ENST00000341861,ENSP00000339208.5,train,True,8,human,known,NC3
2779,ENST00000344204,ENSP00000339299.4,train,True,8,human,known,NC3
2780,ENST00000344595,ENSP00000339435.5,test,True,8,human,known,NC3
2781,ENST00000343053,ENSP00000339495.6,train,True,8,human,known,NC3
2782,ENST00000343985,ENSP00000339503.4,train,True,8,human,known,NC3
2783,ENST00000345264,ENSP00000339521.5,train,True,8,human,known,NC3
2784,ENST00000338895,ENSP00000339524.4,train,True,8,human,known,NC3
2785,ENST00000345094,ENSP00000339532.3,train,True,8,human,known,NC3
2786,ENST00000343677,ENSP00000339566.3,train,True,8,human,known,NC3
2787,ENST00000349485,ENSP00000339613.5,train,True,8,human,known,NC3
2788,ENST00000340611,ENSP00000339637.4,test,True,8,human,known,NC3
2789,ENST00000344877,ENSP00000339695.5,train,True,8,human,known,NC3
2790,ENST00000339600,ENSP00000339720.5,train,True,8,human,known,NC3
2791,ENST00000342016,ENSP00000339723.3,train,True,8,human,known,NC3
2792,ENST00000340800,ENSP00000339787.2,train,True,8,human,known,NC3
2793,ENST00000352983,ENSP00000339795.2,val,True,8,human,known,NC3
2794,ENST00000342415,ENSP00000339834.4,train,True,8,human,known,NC3
2795,ENST00000338492,ENSP00000339850.3,train,True,8,human,known,NC3
2796,ENST00000340080,ENSP00000339881.4,train,True,8,human,known,NC3
2797,ENST00000338179,ENSP00000339883.2,train,True,8,human,known,NC3
2798,ENST00000340552,ENSP00000339916.4,train,True,8,human,known,NC3
2799,ENST00000341864,ENSP00000339917.5,train,True,8,human,known,NC3
2800,ENST00000345716,ENSP00000339958.4,train,True,8,human,known,NC3
2801,ENST00000345042,ENSP00000340019.2,train,True,8,human,known,NC3
2802,ENST00000342555,ENSP00000340029.6,val,True,8,human,known,NC3
2803,ENST00000344417,ENSP00000340220.5,train,True,8,human,known,NC3
2804,ENST00000338983,ENSP00000340257.3,train,True,8,human,known,NC3
2805,ENST00000344293,ENSP00000340271.5,val,True,8,human,known,NC3
2806,ENST00000338639,ENSP00000340278.5,train,True,8,human,known,NC3
2807,ENST00000342203,ENSP00000340279.3,train,True,8,human,known,NC3
2808,ENST00000339995,ENSP00000340281.6,train,True,8,human,known,NC3
2809,ENST00000341394,ENSP00000340329.4,train,True,8,human,known,NC3
2810,ENST00000341318,ENSP00000340330.4,train,True,8,human,known,NC3
2811,ENST00000339450,ENSP00000340427.5,val,True,8,human,known,NC3
2812,ENST00000339360,ENSP00000340454.5,train,True,8,human,known,NC3
2813,ENST00000346178,ENSP00000340466.4,train,True,8,human,known,NC3
2814,ENST00000343526,ENSP00000340507.4,train,True,8,human,known,NC3
2815,ENST00000340829,ENSP00000340557.5,train,True,8,human,known,NC3
2816,ENST00000342494,ENSP00000340596.3,train,True,8,human,known,NC3
2817,ENST00000342160,ENSP00000340648.3,test,True,8,human,known,NC3
2818,ENST00000341567,ENSP00000340668.4,train,True,8,human,known,NC3
2819,ENST00000338435,ENSP00000340689.4,train,True,8,human,known,NC3
2820,ENST00000338825,ENSP00000340691.4,train,True,8,human,known,NC3
2821,ENST00000345003,ENSP00000340736.4,train,True,8,human,known,NC3
2822,ENST00000340139,ENSP00000340737.5,train,True,8,human,known,NC3
2823,ENST00000340281,ENSP00000340796.4,test,True,8,human,known,NC3
2824,ENST00000344290,ENSP00000340820.6,train,True,8,human,known,NC3
2825,ENST00000340473,ENSP00000340823.6,train,True,8,human,known,NC3
2826,ENST00000346234,ENSP00000340836.6,val,True,8,human,known,NC3
2827,ENST00000341754,ENSP00000340879.4,train,True,8,human,known,NC3
2828,ENST00000343823,ENSP00000340896.5,train,True,8,human,known,NC3
2829,ENST00000344922,ENSP00000340900.5,train,True,8,human,known,NC3
2830,ENST00000343905,ENSP00000340975.3,val,True,8,human,known,NC3
2831,ENST00000339276,ENSP00000340989.4,train,True,8,human,known,NC3
2832,ENST00000344843,ENSP00000341082.7,val,True,8,human,known,NC3
2833,ENST00000340490,nan,train,True,8,human,known,NC3
2834,ENST00000338379,ENSP00000341214.5,train,True,8,human,known,NC3
2835,ENST00000342247,ENSP00000341219.6,test,True,8,human,known,NC3
2836,ENST00000340438,ENSP00000341247.4,train,True,8,human,known,NC3
2837,ENST00000344726,ENSP00000341267.5,train,True,8,human,known,NC3
2838,ENST00000341776,ENSP00000341280.2,train,True,8,human,known,NC3
2839,ENST00000340384,ENSP00000341289.4,val,True,8,human,known,NC3
2840,ENST00000339397,ENSP00000341324.4,train,True,8,human,known,NC3
2841,ENST00000343632,ENSP00000341344.4,train,True,8,human,known,NC3
2842,ENST00000341516,ENSP00000341351.5,val,True,8,human,known,NC3
2843,ENST00000342308,ENSP00000341364.5,train,True,8,human,known,NC3
2844,ENST00000340578,ENSP00000341483.5,train,True,8,human,known,NC3
2845,ENST00000343984,ENSP00000341524.5,train,True,8,human,known,NC3
2846,ENST00000340533,ENSP00000341625.4,train,True,8,human,known,NC3
2847,ENST00000341541,ENSP00000341657.3,train,True,8,human,known,NC3
2848,ENST00000341426,ENSP00000341679.5,train,True,8,human,known,NC3
2849,ENST00000344537,ENSP00000341680.6,train,True,8,human,known,NC3
2850,ENST00000344861,ENSP00000341681.5,train,True,8,human,known,NC3
2851,ENST00000343043,ENSP00000341692.3,train,True,8,human,known,NC3
2852,ENST00000340766,ENSP00000341779.5,train,True,8,human,known,NC3
2853,ENST00000340990,ENSP00000341785.5,train,True,8,human,known,NC3
2854,ENST00000339209,ENSP00000341805.4,val,True,8,human,known,NC3
2855,ENST00000340913,ENSP00000341826.7,train,True,8,human,known,NC3
2856,ENST00000339486,ENSP00000341874.3,train,True,8,human,known,NC3
2857,ENST00000343262,ENSP00000341885.4,train,True,8,human,known,NC3
2858,ENST00000338448,ENSP00000341911.4,val,True,8,human,known,NC3
2859,ENST00000343537,ENSP00000341957.7,train,True,8,human,known,NC3
2860,ENST00000344111,ENSP00000342015.3,val,True,8,human,known,NC3
2861,ENST00000339664,ENSP00000342019.2,train,True,8,human,known,NC3
2862,ENST00000340385,ENSP00000342026.5,train,True,8,human,known,NC3
2863,ENST00000344924,ENSP00000342032.3,train,True,8,human,known,NC3
2864,ENST00000339162,ENSP00000342035.8,val,True,8,human,known,NC3
2865,ENST00000351328,ENSP00000342056.3,test,True,8,human,known,NC3
2866,ENST00000340413,ENSP00000342262.2,val,True,8,human,known,NC3
2867,ENST00000343017,ENSP00000342276.7,train,True,8,human,known,NC3
2868,ENST00000343028,ENSP00000342322.4,test,True,8,human,known,NC3
2869,ENST00000338758,ENSP00000342492.6,train,True,8,human,known,NC3
2870,ENST00000341170,ENSP00000342499.4,train,True,8,human,known,NC3
2871,ENST00000343818,ENSP00000342502.6,train,True,8,human,known,NC3
2872,ENST00000338891,ENSP00000342604.7,train,True,8,human,known,NC3
2873,ENST00000341517,ENSP00000342637.4,train,True,8,human,known,NC3
2874,ENST00000339012,ENSP00000342699.3,train,True,8,human,known,NC3
2875,ENST00000345093,ENSP00000342755.4,train,True,8,human,known,NC3
2876,ENST00000344034,ENSP00000342778.4,train,True,8,human,known,NC3
2877,ENST00000344063,ENSP00000342787.3,train,True,8,human,known,NC3
2878,ENST00000338446,ENSP00000342805.4,train,True,8,human,known,NC3
2879,ENST00000338981,ENSP00000342812.3,val,True,8,human,known,NC3
2880,ENST00000353107,ENSP00000342889.3,train,True,8,human,known,NC3
2881,ENST00000340344,ENSP00000342895.3,train,True,8,human,known,NC3
2882,ENST00000339697,ENSP00000342962.3,train,True,8,human,known,NC3
2883,ENST00000338969,ENSP00000342970.5,train,True,8,human,known,NC3
2884,ENST00000343307,ENSP00000343002.4,train,True,8,human,known,NC3
2885,ENST00000343075,ENSP00000343021.3,test,True,8,human,known,NC3
2886,ENST00000347869,ENSP00000343054.3,test,True,8,human,known,NC3
2887,ENST00000342932,ENSP00000343190.3,train,True,8,human,known,NC3
2888,ENST00000339077,ENSP00000343273.4,train,True,8,human,known,NC3
2889,ENST00000342216,ENSP00000343325.4,train,True,8,human,known,NC3
2890,ENST00000342462,ENSP00000343398.4,train,True,8,human,known,NC3
2891,ENST00000344773,ENSP00000343412.2,train,True,8,human,known,NC3
2892,ENST00000339413,ENSP00000343435.5,test,True,8,human,known,NC3
2893,ENST00000342502,ENSP00000343471.2,train,True,8,human,known,NC3
2894,ENST00000341165,ENSP00000343479.5,val,True,8,human,known,NC3
2895,ENST00000343484,ENSP00000343515.5,test,True,8,human,known,NC3
2896,ENST00000343813,ENSP00000343552.5,train,True,8,human,known,NC3
2897,ENST00000343483,ENSP00000343619.6,train,True,8,human,known,NC3
2898,ENST00000343629,ENSP00000343635.6,val,True,8,human,known,NC3
2899,ENST00000340941,ENSP00000343657.6,train,True,8,human,known,NC3
2900,ENST00000343218,ENSP00000343690.5,train,True,8,human,known,NC3
2901,ENST00000344337,ENSP00000343701.6,train,True,8,human,known,NC3
2902,ENST00000350721,ENSP00000343741.4,train,True,8,human,known,NC3
2903,ENST00000340934,ENSP00000343742.5,train,True,8,human,known,NC3
2904,ENST00000343933,ENSP00000343746.5,train,True,8,human,known,NC3
2905,ENST00000349780,ENSP00000343818.4,train,True,8,human,known,NC3
2906,ENST00000344641,ENSP00000343867.3,train,True,8,human,known,NC3
2907,ENST00000341695,ENSP00000343885.5,train,True,8,human,known,NC3
2908,ENST00000338910,ENSP00000343966.4,val,True,8,human,known,NC3
2909,ENST00000345005,ENSP00000344112.4,train,True,8,human,known,NC3
2910,ENST00000341698,ENSP00000344166.2,train,True,8,human,known,NC3
2911,ENST00000342085,ENSP00000344220.4,test,True,8,human,known,NC3
2912,ENST00000340096,ENSP00000344314.6,train,True,8,human,known,NC3
2913,ENST00000338244,ENSP00000344322.1,val,True,8,human,known,NC3
2914,ENST00000341491,ENSP00000344352.4,train,True,8,human,known,NC3
2915,ENST00000341162,ENSP00000344393.4,train,True,8,human,known,NC3
2916,ENST00000342232,ENSP00000344488.4,test,True,8,human,known,NC3
2917,ENST00000340381,ENSP00000344503.6,train,True,8,human,known,NC3
2918,ENST00000340857,ENSP00000344504.2,train,True,8,human,known,NC3
2919,ENST00000341369,ENSP00000344547.7,train,True,8,human,known,NC3
2920,ENST00000338369,ENSP00000344572.2,test,True,8,human,known,NC3
2921,ENST00000338641,ENSP00000344666.5,train,True,8,human,known,NC3
2922,ENST00000340692,ENSP00000344794.5,train,True,8,human,known,NC3
2923,ENST00000341071,ENSP00000344816.7,train,True,8,human,known,NC3
2924,ENST00000341119,ENSP00000344831.5,test,True,8,human,known,NC3
2925,ENST00000339235,ENSP00000344855.3,train,True,8,human,known,NC3
2926,ENST00000344651,ENSP00000344942.4,train,True,8,human,known,NC3
2927,ENST00000344442,ENSP00000344950.5,test,True,8,human,known,NC3
2928,ENST00000341949,ENSP00000344989.4,train,True,8,human,known,NC3
2929,ENST00000338797,ENSP00000345001.5,train,True,8,human,known,NC3
2930,ENST00000342679,ENSP00000345083.4,train,True,8,human,known,NC3
2931,ENST00000338791,ENSP00000345096.6,train,True,8,human,known,NC3
2932,ENST00000342711,ENSP00000345133.5,train,True,8,human,known,NC3
2933,ENST00000338222,ENSP00000345195.5,train,True,8,human,known,NC3
2934,ENST00000339859,ENSP00000345216.4,train,True,8,human,known,NC3
2935,ENST00000343067,ENSP00000345259.4,train,True,8,human,known,NC3
2936,ENST00000338517,ENSP00000345262.4,train,True,8,human,known,NC3
2937,ENST00000340124,ENSP00000345282.4,train,True,8,human,known,NC3
2938,ENST00000338961,ENSP00000345341.6,train,True,8,human,known,NC3
2939,ENST00000342480,ENSP00000345359.6,train,True,8,human,known,NC3
2940,ENST00000340437,ENSP00000345412.4,train,True,8,human,known,NC3
2941,ENST00000350028,ENSP00000345445.4,train,True,8,human,known,NC3
2942,ENST00000342435,ENSP00000345494.4,val,True,8,human,known,NC3
2943,ENST00000344420,ENSP00000345528.5,train,True,8,human,known,NC3
2944,ENST00000340541,ENSP00000345656.4,train,True,8,human,known,NC3
2945,ENST00000341376,ENSP00000345702.6,train,True,8,human,known,NC3
2946,ENST00000351698,ENSP00000345719.4,test,True,8,human,known,NC3
2947,ENST00000346299,ENSP00000345752.6,train,True,8,human,known,NC3
2948,ENST00000338863,ENSP00000345772.8,train,True,8,human,known,NC3
2949,ENST00000352645,ENSP00000345793.4,train,True,8,human,known,NC3
2950,ENST00000344936,ENSP00000345808.2,train,True,8,human,known,NC3
2951,ENST00000342166,ENSP00000345837.5,test,True,8,human,known,NC3
2952,ENST00000339399,ENSP00000345848.4,train,True,8,human,known,NC3
2953,ENST00000342782,ENSP00000345853.3,train,True,8,human,known,NC3
2954,ENST00000347635,ENSP00000345895.3,train,True,8,human,known,NC3
2955,ENST00000343986,ENSP00000345957.3,train,True,8,human,known,NC3
2956,ENST00000340059,ENSP00000345988.7,train,True,8,human,known,NC3
2957,ENST00000216146,ENSP00000346001.3,val,True,8,human,known,NC3
2958,ENST00000298289,ENSP00000346012.5,test,True,8,human,known,NC3
2959,ENST00000314138,ENSP00000346015.5,val,True,8,human,known,NC3
2960,ENST00000311549,ENSP00000346027.4,val,True,8,human,known,NC3
2961,ENST00000260379,ENSP00000346037.5,test,True,8,human,known,NC3
2962,ENST00000304734,ENSP00000346063.4,train,True,8,human,known,NC3
2963,ENST00000234875,ENSP00000346088.3,train,True,8,human,known,NC3
2964,ENST00000354181,ENSP00000346112.3,train,True,8,human,known,NC3
2965,ENST00000354185,ENSP00000346120.4,val,True,8,human,known,NC3
2966,ENST00000354209,ENSP00000346148.3,train,True,8,human,known,NC3
2967,ENST00000354212,ENSP00000346151.4,train,True,8,human,known,NC3
2968,ENST00000354216,ENSP00000346155.6,train,True,8,human,known,NC3
2969,ENST00000354250,ENSP00000346196.2,train,True,8,human,known,NC3
2970,ENST00000354283,ENSP00000346236.4,val,True,8,human,known,NC3
2971,ENST00000354300,ENSP00000346255.3,val,True,8,human,known,NC3
2972,ENST00000354366,ENSP00000346335.3,train,True,8,human,known,NC3
2973,ENST00000354371,ENSP00000346340.2,train,True,8,human,known,NC3
2974,ENST00000354386,ENSP00000346359.6,train,True,8,human,known,NC3
2975,ENST00000354449,ENSP00000346437.3,val,True,8,human,known,NC3
2976,ENST00000354464,ENSP00000346453.6,train,True,8,human,known,NC3
2977,ENST00000354473,ENSP00000346464.4,train,True,8,human,known,NC3
2978,ENST00000354475,ENSP00000346466.4,train,True,8,human,known,NC3
2979,ENST00000354488,ENSP00000346483.3,train,True,8,human,known,NC3
2980,ENST00000354546,ENSP00000346550.5,train,True,8,human,known,NC3
2981,ENST00000354556,ENSP00000346564.4,train,True,8,human,known,NC3
2982,ENST00000354586,ENSP00000346599.4,train,True,8,human,known,NC3
2983,ENST00000354611,ENSP00000346627.4,val,True,8,human,known,NC3
2984,ENST00000354619,ENSP00000346635.5,train,True,8,human,known,NC3
2985,ENST00000354646,ENSP00000346667.2,train,True,8,human,known,NC3
2986,ENST00000354650,ENSP00000346671.3,train,True,8,human,known,NC3
2987,ENST00000354667,ENSP00000346694.4,train,True,8,human,known,NC3
2988,ENST00000354694,ENSP00000346725.6,train,True,8,human,known,NC3
2989,ENST00000354698,ENSP00000346729.3,train,True,8,human,known,NC3
2990,ENST00000354725,ENSP00000346762.3,train,True,8,human,known,NC3
2991,ENST00000354753,ENSP00000346797.4,train,True,8,human,known,NC3
2992,ENST00000354777,ENSP00000346829.2,train,True,8,human,known,NC3
2993,ENST00000354807,ENSP00000346862.3,test,True,8,human,known,NC3
2994,ENST00000354817,ENSP00000346874.3,train,True,8,human,known,NC3
2995,ENST00000354822,ENSP00000346879.6,train,True,8,human,known,NC3
2996,ENST00000354831,ENSP00000346890.7,train,True,8,human,known,NC3
2997,ENST00000354862,ENSP00000346927.4,train,True,8,human,known,NC3
2998,ENST00000354911,ENSP00000346986.4,train,True,8,human,known,NC3
2999,ENST00000354919,ENSP00000346997.6,test,True,8,human,known,NC3
3000,ENST00000354926,ENSP00000347005.4,test,True,8,human,known,NC3
3001,ENST00000354960,ENSP00000347046.3,train,True,8,human,known,NC3
3002,ENST00000355029,ENSP00000347134.4,train,True,8,human,known,NC3
3003,ENST00000355072,ENSP00000347184.5,train,True,8,human,known,NC3
3004,ENST00000355076,ENSP00000347188.6,train,True,8,human,known,NC3
3005,ENST00000355112,ENSP00000347232.3,train,True,8,human,known,NC3
3006,ENST00000355123,ENSP00000347244.4,train,True,8,human,known,NC3
3007,ENST00000355182,ENSP00000347314.4,train,True,8,human,known,NC3
3008,ENST00000355190,ENSP00000347322.3,train,True,8,human,known,NC3
3009,ENST00000355192,ENSP00000347324.3,val,True,8,human,known,NC3
3010,ENST00000355264,ENSP00000347408.4,train,True,8,human,known,NC3
3011,ENST00000355280,ENSP00000347427.6,train,True,8,human,known,NC3
3012,ENST00000355295,ENSP00000347444.4,train,True,8,human,known,NC3
3013,ENST00000355300,ENSP00000347451.6,train,True,8,human,known,NC3
3014,ENST00000355312,ENSP00000347464.3,val,True,8,human,known,NC3
3015,ENST00000355341,ENSP00000347498.4,train,True,8,human,known,NC3
3016,ENST00000355371,ENSP00000347532.4,train,True,8,human,known,NC3
3017,ENST00000355431,ENSP00000347602.3,train,True,8,human,known,NC3
3018,ENST00000355451,ENSP00000347626.6,train,True,8,human,known,NC3
3019,ENST00000342665,ENSP00000347646.1,train,True,8,human,known,NC3
3020,ENST00000355467,ENSP00000347648.3,train,True,8,human,known,NC3
3021,ENST00000355468,ENSP00000347649.2,test,True,8,human,known,NC3
3022,ENST00000355520,ENSP00000347710.5,train,True,8,human,known,NC3
3023,ENST00000355585,ENSP00000347792.4,train,True,8,human,known,NC3
3024,ENST00000355610,ENSP00000347821.4,train,True,8,human,known,NC3
3025,ENST00000355621,ENSP00000347836.3,train,True,8,human,known,NC3
3026,ENST00000355630,ENSP00000347847.5,test,True,8,human,known,NC3
3027,ENST00000355640,ENSP00000347858.3,train,True,8,human,known,NC3
3028,ENST00000355653,ENSP00000347872.2,train,True,8,human,known,NC3
3029,ENST00000355674,ENSP00000347897.5,test,True,8,human,known,NC3
3030,ENST00000355689,ENSP00000347915.4,train,True,8,human,known,NC3
3031,ENST00000355697,ENSP00000347924.2,train,True,8,human,known,NC3
3032,ENST00000355725,ENSP00000347959.4,test,True,8,human,known,NC3
3033,ENST00000355765,ENSP00000348010.6,train,True,8,human,known,NC3
3034,ENST00000355773,ENSP00000348019.5,train,True,8,human,known,NC3
3035,ENST00000355790,ENSP00000348043.4,train,True,8,human,known,NC3
3036,ENST00000355797,ENSP00000348050.2,train,True,8,human,known,NC3
3037,ENST00000355826,ENSP00000348081.6,test,True,8,human,known,NC3
3038,ENST00000355832,ENSP00000348089.5,val,True,8,human,known,NC3
3039,ENST00000355836,ENSP00000348093.5,val,True,8,human,known,NC3
3040,ENST00000355841,ENSP00000348099.2,train,True,8,human,known,NC3
3041,ENST00000355899,ENSP00000348163.3,val,True,8,human,known,NC3
3042,ENST00000355904,ENSP00000348168.4,val,True,8,human,known,NC3
3043,ENST00000355943,ENSP00000348211.3,test,True,8,human,known,NC3
3044,ENST00000355947,ENSP00000348216.2,train,True,8,human,known,NC3
3045,ENST00000355957,ENSP00000348229.5,train,True,8,human,known,NC3
3046,ENST00000356017,ENSP00000348299.4,train,True,8,human,known,NC3
3047,ENST00000356056,ENSP00000348349.5,train,True,8,human,known,NC3
3048,ENST00000356090,ENSP00000348394.4,train,True,8,human,known,NC3
3049,ENST00000356116,ENSP00000348429.1,train,True,8,human,known,NC3
3050,ENST00000356126,ENSP00000348442.3,train,True,8,human,known,NC3
3051,ENST00000356136,ENSP00000348455.3,train,True,8,human,known,NC3
3052,ENST00000356151,ENSP00000348472.2,train,True,8,human,known,NC3
3053,ENST00000356157,ENSP00000348478.6,val,True,8,human,known,NC3
3054,ENST00000356166,ENSP00000348489.5,train,True,8,human,known,NC3
3055,ENST00000356183,ENSP00000348510.4,train,True,8,human,known,NC3
3056,ENST00000356187,ENSP00000348515.5,train,True,8,human,known,NC3
3057,ENST00000356208,ENSP00000348538.5,train,True,8,human,known,NC3
3058,ENST00000356231,ENSP00000348564.3,train,True,8,human,known,NC3
3059,ENST00000356260,ENSP00000348596.5,train,True,8,human,known,NC3
3060,ENST00000356264,ENSP00000348602.2,train,True,8,human,known,NC3
3061,ENST00000356321,ENSP00000348673.4,train,True,8,human,known,NC3
3062,ENST00000356352,ENSP00000348708.2,train,True,8,human,known,NC3
3063,ENST00000356362,ENSP00000348722.2,test,True,8,human,known,NC3
3064,ENST00000356396,ENSP00000348762.3,test,True,8,human,known,NC3
3065,ENST00000356401,ENSP00000348769.4,train,True,8,human,known,NC3
3066,ENST00000356443,ENSP00000348821.4,train,True,8,human,known,NC3
3067,ENST00000356455,ENSP00000348838.4,train,True,8,human,known,NC3
3068,ENST00000356464,ENSP00000348849.5,train,True,8,human,known,NC3
3069,ENST00000356489,ENSP00000348880.5,test,True,8,human,known,NC3
3070,ENST00000356493,ENSP00000348886.5,train,True,8,human,known,NC3
3071,ENST00000356537,ENSP00000348933.4,train,True,8,human,known,NC3
3072,ENST00000356554,ENSP00000348959.3,train,True,8,human,known,NC3
3073,ENST00000360184,ENSP00000348965.4,val,True,8,human,known,NC3
3074,ENST00000356607,ENSP00000349016.4,val,True,8,human,known,NC3
3075,ENST00000356638,ENSP00000349053.3,train,True,8,human,known,NC3
3076,ENST00000356641,ENSP00000349056.3,train,True,8,human,known,NC3
3077,ENST00000356657,ENSP00000349078.6,train,True,8,human,known,NC3
3078,ENST00000356663,ENSP00000349087.2,train,True,8,human,known,NC3
3079,ENST00000356688,ENSP00000349116.4,train,True,8,human,known,NC3
3080,ENST00000356721,ENSP00000349156.3,train,True,8,human,known,NC3
3081,ENST00000356763,ENSP00000349205.3,train,True,8,human,known,NC3
3082,ENST00000356792,ENSP00000349244.4,train,True,8,human,known,NC3
3083,ENST00000356805,ENSP00000349259.4,train,True,8,human,known,NC3
3084,ENST00000356834,ENSP00000349291.3,val,True,8,human,known,NC3
3085,ENST00000356884,ENSP00000349351.6,train,True,8,human,known,NC3
3086,ENST00000356891,ENSP00000349358.3,train,True,8,human,known,NC3
3087,ENST00000356936,ENSP00000349410.6,val,True,8,human,known,NC3
3088,ENST00000356940,ENSP00000349415.7,train,True,8,human,known,NC3
3089,ENST00000356955,ENSP00000349436.2,train,True,8,human,known,NC3
3090,ENST00000356956,ENSP00000349437.1,train,True,8,human,known,NC3
3091,ENST00000357037,ENSP00000349541.4,train,True,8,human,known,NC3
3092,ENST00000357039,ENSP00000349543.4,train,True,8,human,known,NC3
3093,ENST00000357043,ENSP00000349547.2,test,True,8,human,known,NC3
3094,ENST00000357063,ENSP00000349571.4,train,True,8,human,known,NC3
3095,ENST00000357065,ENSP00000349573.4,train,True,8,human,known,NC3
3096,ENST00000357067,ENSP00000349576.3,test,True,8,human,known,NC3
3097,ENST00000357085,ENSP00000349596.2,train,True,8,human,known,NC3
3098,ENST00000357115,ENSP00000349629.3,train,True,8,human,known,NC3
3099,ENST00000357123,ENSP00000349640.4,train,True,8,human,known,NC3
3100,ENST00000357137,ENSP00000349658.4,val,True,8,human,known,NC3
3101,ENST00000357164,ENSP00000349687.3,train,True,8,human,known,NC3
3102,ENST00000357179,ENSP00000349705.5,train,True,8,human,known,NC3
3103,ENST00000357182,ENSP00000349708.4,train,True,8,human,known,NC3
3104,ENST00000357194,ENSP00000349722.6,train,True,8,human,known,NC3
3105,ENST00000357242,ENSP00000349781.5,train,True,8,human,known,NC3
3106,ENST00000357308,ENSP00000349860.4,val,True,8,human,known,NC3
3107,ENST00000357324,ENSP00000349877.6,train,True,8,human,known,NC3
3108,ENST00000357327,ENSP00000349880.5,test,True,8,human,known,NC3
3109,ENST00000357332,ENSP00000349887.3,train,True,8,human,known,NC3
3110,ENST00000357365,ENSP00000349929.3,test,True,8,human,known,NC3
3111,ENST00000357384,ENSP00000349955.4,train,True,8,human,known,NC3
3112,ENST00000357388,ENSP00000349961.3,test,True,8,human,known,NC3
3113,ENST00000357429,ENSP00000350011.5,val,True,8,human,known,NC3
3114,ENST00000357479,ENSP00000350071.5,train,True,8,human,known,NC3
3115,ENST00000357500,ENSP00000350098.4,train,True,8,human,known,NC3
3116,ENST00000357586,ENSP00000350199.2,test,True,8,human,known,NC3
3117,ENST00000357681,ENSP00000350310.5,train,True,8,human,known,NC3
3118,ENST00000357702,ENSP00000350333.5,val,True,8,human,known,NC3
3119,ENST00000357736,ENSP00000350369.4,test,True,8,human,known,NC3
3120,ENST00000357749,ENSP00000350386.2,test,True,8,human,known,NC3
3121,ENST00000357750,ENSP00000350387.4,val,True,8,human,known,NC3
3122,ENST00000357849,ENSP00000350512.4,train,True,8,human,known,NC3
3123,ENST00000357869,ENSP00000350536.4,train,True,8,human,known,NC3
3124,ENST00000357886,ENSP00000350558.4,train,True,8,human,known,NC3
3125,ENST00000357955,ENSP00000350639.2,test,True,8,human,known,NC3
3126,ENST00000357988,ENSP00000350676.5,train,True,8,human,known,NC3
3127,ENST00000357997,ENSP00000350686.5,train,True,8,human,known,NC3
3128,ENST00000358007,ENSP00000350698.3,train,True,8,human,known,NC3
3129,ENST00000358015,ENSP00000350708.3,train,True,8,human,known,NC3
3130,ENST00000358022,ENSP00000350716.4,test,True,8,human,known,NC3
3131,ENST00000358130,ENSP00000350848.2,train,True,8,human,known,NC3
3132,ENST00000358149,ENSP00000350869.3,train,True,8,human,known,NC3
3133,ENST00000358154,ENSP00000350874.3,train,True,8,human,known,NC3
3134,ENST00000358160,ENSP00000350881.4,train,True,8,human,known,NC3
3135,ENST00000358171,ENSP00000350894.4,train,True,8,human,known,NC3
3136,ENST00000358173,ENSP00000350896.3,val,True,8,human,known,NC3
3137,ENST00000358201,ENSP00000350934.4,train,True,8,human,known,NC3
3138,ENST00000358204,ENSP00000350937.4,train,True,8,human,known,NC3
3139,ENST00000358290,ENSP00000351035.4,val,True,8,human,known,NC3
3140,ENST00000358301,ENSP00000351049.2,train,True,8,human,known,NC3
3141,ENST00000358303,ENSP00000351052.4,train,True,8,human,known,NC3
3142,ENST00000358337,ENSP00000351100.5,val,True,8,human,known,NC3
3143,ENST00000358365,ENSP00000351132.3,train,True,8,human,known,NC3
3144,ENST00000358368,ENSP00000351137.3,train,True,8,human,known,NC3
3145,ENST00000358377,ENSP00000351147.2,train,True,8,human,known,NC3
3146,ENST00000358406,ENSP00000351181.5,train,True,8,human,known,NC3
3147,ENST00000358410,ENSP00000351185.3,train,True,8,human,known,NC3
3148,ENST00000358415,ENSP00000351190.4,train,True,8,human,known,NC3
3149,ENST00000358431,ENSP00000351207.3,val,True,8,human,known,NC3
3150,ENST00000358432,ENSP00000351209.5,train,True,8,human,known,NC3
3151,ENST00000358435,ENSP00000351214.4,train,True,8,human,known,NC3
3152,ENST00000358465,ENSP00000351250.2,test,True,8,human,known,NC3
3153,ENST00000358485,ENSP00000351273.4,train,True,8,human,known,NC3
3154,ENST00000358526,nan,train,True,8,human,known,NC3
3155,ENST00000358595,ENSP00000351407.5,train,True,8,human,known,NC3
3156,ENST00000358602,ENSP00000351416.4,test,True,8,human,known,NC3
3157,ENST00000358625,ENSP00000351446.3,train,True,8,human,known,NC3
3158,ENST00000358635,ENSP00000351458.2,test,True,8,human,known,NC3
3159,ENST00000358642,ENSP00000351466.2,train,True,8,human,known,NC3
3160,ENST00000358649,ENSP00000351475.4,train,True,8,human,known,NC3
3161,ENST00000358664,ENSP00000351490.4,train,True,8,human,known,NC3
3162,ENST00000358681,ENSP00000351509.4,train,True,8,human,known,NC3
3163,ENST00000358701,ENSP00000351536.5,train,True,8,human,known,NC3
3164,ENST00000358704,ENSP00000351539.4,train,True,8,human,known,NC3
3165,ENST00000358780,ENSP00000351631.5,train,True,8,human,known,NC3
3166,ENST00000358792,ENSP00000351644.6,train,True,8,human,known,NC3
3167,ENST00000358794,ENSP00000351646.5,val,True,8,human,known,NC3
3168,ENST00000358867,ENSP00000351737.7,test,True,8,human,known,NC3
3169,ENST00000358869,ENSP00000351740.2,test,True,8,human,known,NC3
3170,ENST00000358901,ENSP00000351777.6,test,True,8,human,known,NC3
3171,ENST00000358933,ENSP00000351811.5,train,True,8,human,known,NC3
3172,ENST00000358935,ENSP00000351813.2,train,True,8,human,known,NC3
3173,ENST00000358994,ENSP00000351885.5,train,True,8,human,known,NC3
3174,ENST00000359028,ENSP00000351922.4,train,True,8,human,known,NC3
3175,ENST00000359035,ENSP00000351929.3,train,True,8,human,known,NC3
3176,ENST00000359039,ENSP00000351933.4,val,True,8,human,known,NC3
3177,ENST00000359052,ENSP00000351947.4,train,True,8,human,known,NC3
3178,ENST00000359087,ENSP00000351990.4,train,True,8,human,known,NC3
3179,ENST00000359114,ENSP00000352021.4,train,True,8,human,known,NC3
3180,ENST00000359154,ENSP00000352069.2,val,True,8,human,known,NC3
3181,ENST00000359171,ENSP00000352091.5,train,True,8,human,known,NC3
3182,ENST00000359191,ENSP00000352117.6,train,True,8,human,known,NC3
3183,ENST00000359209,ENSP00000352138.6,train,True,8,human,known,NC3
3184,ENST00000359232,ENSP00000352167.3,train,True,8,human,known,NC3
3185,ENST00000359238,ENSP00000352175.2,train,True,8,human,known,NC3
3186,ENST00000359246,ENSP00000352185.4,val,True,8,human,known,NC3
3187,ENST00000359276,ENSP00000352222.4,train,True,8,human,known,NC3
3188,ENST00000359308,ENSP00000352257.4,val,True,8,human,known,NC3
3189,ENST00000359314,ENSP00000352264.5,train,True,8,human,known,NC3
3190,ENST00000359337,ENSP00000352288.4,test,True,8,human,known,NC3
3191,ENST00000359415,ENSP00000352385.4,train,True,8,human,known,NC3
3192,ENST00000359428,ENSP00000352400.5,train,True,8,human,known,NC3
3193,ENST00000359429,ENSP00000352401.6,train,True,8,human,known,NC3
3194,ENST00000359486,ENSP00000352463.3,train,True,8,human,known,NC3
3195,ENST00000359523,ENSP00000352513.2,train,True,8,human,known,NC3
3196,ENST00000359526,ENSP00000352516.3,train,True,8,human,known,NC3
3197,ENST00000359530,ENSP00000352522.2,train,True,8,human,known,NC3
3198,ENST00000359541,ENSP00000352536.2,train,True,8,human,known,NC3
3199,ENST00000359543,ENSP00000352540.3,train,True,8,human,known,NC3
3200,ENST00000359579,nan,test,True,8,human,known,NC3
3201,ENST00000359606,ENSP00000352622.3,train,True,8,human,known,NC3
3202,ENST00000359624,ENSP00000352643.3,train,True,8,human,known,NC3
3203,ENST00000359626,ENSP00000352645.5,train,True,8,human,known,NC3
3204,ENST00000359646,ENSP00000352668.1,test,True,8,human,known,NC3
3205,ENST00000359653,ENSP00000352676.4,train,True,8,human,known,NC3
3206,ENST00000359655,ENSP00000352678.4,test,True,8,human,known,NC3
3207,ENST00000359671,ENSP00000352696.1,train,True,8,human,known,NC3
3208,ENST00000359678,ENSP00000352706.5,train,True,8,human,known,NC3
3209,ENST00000359692,ENSP00000352721.6,train,True,8,human,known,NC3
3210,ENST00000359707,ENSP00000352738.4,train,True,8,human,known,NC3
3211,ENST00000359741,ENSP00000352779.5,test,True,8,human,known,NC3
3212,ENST00000359759,ENSP00000352798.4,val,True,8,human,known,NC3
3213,ENST00000359856,ENSP00000352918.6,val,True,8,human,known,NC3
3214,ENST00000359858,ENSP00000352920.4,test,True,8,human,known,NC3
3215,ENST00000359890,ENSP00000352956.3,val,True,8,human,known,NC3
3216,ENST00000359918,ENSP00000352992.4,train,True,8,human,known,NC3
3217,ENST00000359933,ENSP00000353010.4,test,True,8,human,known,NC3
3218,ENST00000359943,nan,train,True,8,human,known,NC3
3219,ENST00000359947,ENSP00000353030.4,val,True,8,human,known,NC3
3220,ENST00000360000,ENSP00000353093.4,val,True,8,human,known,NC3
3221,ENST00000360001,ENSP00000353094.7,test,True,8,human,known,NC3
3222,ENST00000360003,ENSP00000353098.3,train,True,8,human,known,NC3
3223,ENST00000360009,ENSP00000353104.2,test,True,8,human,known,NC3
3224,ENST00000333244,ENSP00000353114.4,train,True,8,human,known,NC3
3225,ENST00000360128,ENSP00000353246.5,train,True,8,human,known,NC3
3226,ENST00000360150,ENSP00000353270.4,test,True,8,human,known,NC3
3227,ENST00000360203,ENSP00000353332.5,test,True,8,human,known,NC3
3228,ENST00000360256,ENSP00000353393.4,train,True,8,human,known,NC3
3229,ENST00000360264,ENSP00000353401.3,train,True,8,human,known,NC3
3230,ENST00000360270,ENSP00000353408.5,train,True,8,human,known,NC3
3231,ENST00000360274,ENSP00000353415.4,train,True,8,human,known,NC3
3232,ENST00000360280,ENSP00000353422.3,train,True,8,human,known,NC3
3233,ENST00000360338,ENSP00000353491.2,train,True,8,human,known,NC3
3234,ENST00000360359,ENSP00000353518.3,test,True,8,human,known,NC3
3235,ENST00000360383,ENSP00000353549.3,train,True,8,human,known,NC3
3236,ENST00000360403,ENSP00000353575.2,train,True,8,human,known,NC3
3237,ENST00000360428,ENSP00000353608.4,val,True,8,human,known,NC3
3238,ENST00000360467,ENSP00000353654.5,test,True,8,human,known,NC3
3239,ENST00000360505,ENSP00000353695.5,train,True,8,human,known,NC3
3240,ENST00000360541,ENSP00000353741.5,train,True,8,human,known,NC3
3241,ENST00000360565,ENSP00000353769.2,train,True,8,human,known,NC3
3242,ENST00000360566,ENSP00000353770.2,train,True,8,human,known,NC3
3243,ENST00000360568,ENSP00000353772.3,val,True,8,human,known,NC3
3244,ENST00000360578,ENSP00000353785.5,train,True,8,human,known,NC3
3245,ENST00000360586,ENSP00000353793.3,val,True,8,human,known,NC3
3246,ENST00000360631,ENSP00000353846.3,train,True,8,human,known,NC3
3247,ENST00000360731,ENSP00000353959.3,test,True,8,human,known,NC3
3248,ENST00000360760,ENSP00000353989.5,train,True,8,human,known,NC3
3249,ENST00000360768,ENSP00000353998.2,train,True,8,human,known,NC3
3250,ENST00000360803,ENSP00000354040.4,test,True,8,human,known,NC3
3251,ENST00000360840,ENSP00000354086.5,train,True,8,human,known,NC3
3252,ENST00000360864,ENSP00000354111.4,train,True,8,human,known,NC3
3253,ENST00000360876,ENSP00000354125.4,test,True,8,human,known,NC3
3254,ENST00000360900,ENSP00000354152.6,train,True,8,human,known,NC3
3255,ENST00000360943,ENSP00000354201.5,test,True,8,human,known,NC3
3256,ENST00000360961,ENSP00000354223.6,train,True,8,human,known,NC3
3257,ENST00000360982,ENSP00000354251.2,train,True,8,human,known,NC3
3258,ENST00000361034,ENSP00000354313.3,train,True,8,human,known,NC3
3259,ENST00000361055,ENSP00000354340.4,train,True,8,human,known,NC3
3260,ENST00000361069,ENSP00000354360.4,test,True,8,human,known,NC3
3261,ENST00000361170,ENSP00000354451.2,train,True,8,human,known,NC3
3262,ENST00000361483,nan,train,True,8,human,known,NC3
3263,ENST00000361204,ENSP00000354476.4,train,True,8,human,known,NC3
3264,ENST00000361952,ENSP00000354518.3,train,True,8,human,known,NC3
3265,ENST00000361337,ENSP00000354522.2,val,True,8,human,known,NC3
3266,ENST00000361794,ENSP00000354526.2,train,True,8,human,known,NC3
3267,ENST00000362007,ENSP00000354553.1,train,True,8,human,known,NC3
3268,ENST00000361789,ENSP00000354554.2,train,True,8,human,known,NC3
3269,ENST00000361445,ENSP00000354558.4,train,True,8,human,known,NC3
3270,ENST00000361580,ENSP00000354560.2,train,True,8,human,known,NC3
3271,ENST00000361756,ENSP00000354571.3,train,True,8,human,known,NC3
3272,ENST00000362034,ENSP00000354580.2,train,True,8,human,known,NC3
3273,ENST00000361568,ENSP00000354608.2,train,True,8,human,known,NC3
3274,ENST00000361899,ENSP00000354632.2,train,True,8,human,known,NC3
3275,ENST00000361288,ENSP00000354633.4,test,True,8,human,known,NC3
3276,ENST00000361720,ENSP00000354645.5,train,True,8,human,known,NC3
3277,ENST00000361681,ENSP00000354665.2,test,True,8,human,known,NC3
3278,ENST00000361908,ENSP00000354681.3,test,True,8,human,known,NC3
3279,ENST00000361432,ENSP00000354688.2,test,True,8,human,known,NC3
3280,ENST00000361243,ENSP00000354718.2,train,True,8,human,known,NC3
3281,ENST00000361804,ENSP00000354720.5,test,True,8,human,known,NC3
3282,ENST00000361144,ENSP00000354727.5,val,True,8,human,known,NC3
3283,ENST00000361436,ENSP00000354739.5,train,True,8,human,known,NC3
3284,ENST00000361565,ENSP00000354742.4,test,True,8,human,known,NC3
3285,ENST00000328434,ENSP00000354762.5,train,True,8,human,known,NC3
3286,ENST00000361840,ENSP00000354774.3,val,True,8,human,known,NC3
3287,ENST00000361727,ENSP00000354778.3,train,True,8,human,known,NC3
3288,ENST00000361874,ENSP00000354791.4,test,True,8,human,known,NC3
3289,ENST00000361256,ENSP00000354812.5,train,True,8,human,known,NC3
3290,ENST00000361567,ENSP00000354813.2,train,True,8,human,known,NC3
3291,ENST00000361143,ENSP00000354841.5,train,True,8,human,known,NC3
3292,ENST00000361464,ENSP00000354850.3,train,True,8,human,known,NC3
3293,ENST00000361799,ENSP00000354872.2,train,True,8,human,known,NC3
3294,ENST00000361739,ENSP00000354876.1,val,True,8,human,known,NC3
3295,ENST00000361418,ENSP00000354878.5,train,True,8,human,known,NC3
3296,ENST00000361228,ENSP00000354884.3,test,True,8,human,known,NC3
3297,ENST00000361735,ENSP00000354920.3,train,True,8,human,known,NC3
3298,ENST00000357033,ENSP00000354923.3,test,True,8,human,known,NC3
3299,ENST00000361357,ENSP00000354927.3,train,True,8,human,known,NC3
3300,ENST00000361183,ENSP00000354947.2,train,True,8,human,known,NC3
3301,ENST00000361138,ENSP00000354957.5,train,True,8,human,known,NC3
3302,ENST00000361927,ENSP00000354960.4,val,True,8,human,known,NC3
3303,ENST00000361381,ENSP00000354961.2,train,True,8,human,known,NC3
3304,ENST00000361428,ENSP00000354964.2,train,True,8,human,known,NC3
3305,ENST00000361671,ENSP00000354972.5,train,True,8,human,known,NC3
3306,ENST00000361360,ENSP00000355001.2,train,True,8,human,known,NC3
3307,ENST00000361891,ENSP00000355011.4,train,True,8,human,known,NC3
3308,ENST00000361367,ENSP00000355013.2,test,True,8,human,known,NC3
3309,ENST00000361478,ENSP00000355014.1,train,True,8,human,known,NC3
3310,ENST00000361453,ENSP00000355046.4,test,True,8,human,known,NC3
3311,ENST00000361383,ENSP00000355050.6,val,True,8,human,known,NC3
3312,ENST00000361439,ENSP00000355077.4,train,True,8,human,known,NC3
3313,ENST00000361752,ENSP00000355094.3,train,True,8,human,known,NC3
3314,ENST00000361264,ENSP00000355114.3,val,True,8,human,known,NC3
3315,ENST00000361566,nan,val,True,8,human,known,NC3
3316,ENST00000361897,ENSP00000355133.5,test,True,8,human,known,NC3
3317,ENST00000361547,ENSP00000355141.2,train,True,8,human,known,NC3
3318,ENST00000304337,ENSP00000355162.2,train,True,8,human,known,NC3
3319,ENST00000361648,ENSP00000355165.2,train,True,8,human,known,NC3
3320,ENST00000361866,ENSP00000355180.3,train,True,8,human,known,NC3
3321,ENST00000361227,ENSP00000355206.2,test,True,8,human,known,NC3
3322,ENST00000361670,ENSP00000355209.3,train,True,8,human,known,NC3
3323,ENST00000361427,ENSP00000355228.5,test,True,8,human,known,NC3
3324,ENST00000361246,ENSP00000355237.2,train,True,8,human,known,NC3
3325,ENST00000361131,ENSP00000355260.4,train,True,8,human,known,NC3
3326,ENST00000361813,ENSP00000355261.5,test,True,8,human,known,NC3
3327,ENST00000361851,ENSP00000355265.1,test,True,8,human,known,NC3
3328,ENST00000361272,ENSP00000355279.4,train,True,8,human,known,NC3
3329,ENST00000361557,ENSP00000355284.3,train,True,8,human,known,NC3
3330,ENST00000361605,ENSP00000355306.3,train,True,8,human,known,NC3
3331,ENST00000361611,ENSP00000355325.6,train,True,8,human,known,NC3
3332,ENST00000361475,ENSP00000355330.2,val,True,8,human,known,NC3
3333,ENST00000361441,ENSP00000355340.3,train,True,8,human,known,NC3
3334,ENST00000361309,ENSP00000355361.5,test,True,8,human,known,NC3
3335,ENST00000361574,ENSP00000355385.4,train,True,8,human,known,NC3
3336,ENST00000361479,ENSP00000355388.4,train,True,8,human,known,NC3
3337,ENST00000361127,ENSP00000355396.4,val,True,8,human,known,NC3
3338,ENST00000366508,ENSP00000355464.1,train,True,8,human,known,NC3
3339,ENST00000366510,ENSP00000355467.3,train,True,8,human,known,NC3
3340,ENST00000366513,ENSP00000355470.4,val,True,8,human,known,NC3
3341,ENST00000366514,ENSP00000355471.4,train,True,8,human,known,NC3
3342,ENST00000366528,ENSP00000355486.3,train,True,8,human,known,NC3
3343,ENST00000366535,ENSP00000355493.3,train,True,8,human,known,NC3
3344,ENST00000366542,ENSP00000355500.1,val,True,8,human,known,NC3
3345,ENST00000366548,ENSP00000355506.3,test,True,8,human,known,NC3
3346,ENST00000366553,ENSP00000355511.1,train,True,8,human,known,NC3
3347,ENST00000366560,ENSP00000355518.4,train,True,8,human,known,NC3
3348,ENST00000366577,ENSP00000355536.5,val,True,8,human,known,NC3
3349,ENST00000366582,ENSP00000355541.3,test,True,8,human,known,NC3
3350,ENST00000366598,ENSP00000355557.4,train,True,8,human,known,NC3
3351,ENST00000366607,ENSP00000355566.4,train,True,8,human,known,NC3
3352,ENST00000366610,ENSP00000355569.3,train,True,8,human,known,NC3
3353,ENST00000366615,ENSP00000355574.5,train,True,8,human,known,NC3
3354,ENST00000366624,ENSP00000355583.3,train,True,8,human,known,NC3
3355,ENST00000366628,ENSP00000355587.4,train,True,8,human,known,NC3
3356,ENST00000366639,ENSP00000355599.3,train,True,8,human,known,NC3
3357,ENST00000366641,ENSP00000355601.3,val,True,8,human,known,NC3
3358,ENST00000366645,ENSP00000355605.2,train,True,8,human,known,NC3
3359,ENST00000366647,ENSP00000355607.4,train,True,8,human,known,NC3
3360,ENST00000366649,ENSP00000355609.2,test,True,8,human,known,NC3
3361,ENST00000366654,ENSP00000355614.4,train,True,8,human,known,NC3
3362,ENST00000366661,ENSP00000355621.4,val,True,8,human,known,NC3
3363,ENST00000366663,ENSP00000355623.5,val,True,8,human,known,NC3
3364,ENST00000366669,ENSP00000355629.4,train,True,8,human,known,NC3
3365,ENST00000366672,ENSP00000355632.4,train,True,8,human,known,NC3
3366,ENST00000344517,ENSP00000355637.3,train,True,8,human,known,NC3
3367,ENST00000366690,ENSP00000355651.4,train,True,8,human,known,NC3
3368,ENST00000366711,ENSP00000355672.3,train,True,8,human,known,NC3
3369,ENST00000366728,ENSP00000355689.2,train,True,8,human,known,NC3
3370,ENST00000366738,ENSP00000355699.1,train,True,8,human,known,NC3
3371,ENST00000366777,ENSP00000355739.3,train,True,8,human,known,NC3
3372,ENST00000366794,ENSP00000355759.5,train,True,8,human,known,NC3
3373,ENST00000366812,ENSP00000355777.5,train,True,8,human,known,NC3
3374,ENST00000366816,ENSP00000355781.1,train,True,8,human,known,NC3
3375,ENST00000366837,ENSP00000355802.4,test,True,8,human,known,NC3
3376,ENST00000366862,ENSP00000355827.5,train,True,8,human,known,NC3
3377,ENST00000366913,ENSP00000355880.3,train,True,8,human,known,NC3
3378,ENST00000366917,ENSP00000355884.5,train,True,8,human,known,NC3
3379,ENST00000366922,ENSP00000355889.2,train,True,8,human,known,NC3
3380,ENST00000366923,ENSP00000355890.3,val,True,8,human,known,NC3
3381,ENST00000366928,ENSP00000355895.5,train,True,8,human,known,NC3
3382,ENST00000366932,ENSP00000355899.3,test,True,8,human,known,NC3
3383,ENST00000366935,ENSP00000355902.3,train,True,8,human,known,NC3
3384,ENST00000366955,ENSP00000355922.3,train,True,8,human,known,NC3
3385,ENST00000366956,ENSP00000355923.4,train,True,8,human,known,NC3
3386,ENST00000366957,ENSP00000355924.5,train,True,8,human,known,NC3
3387,ENST00000366960,ENSP00000355927.3,train,True,8,human,known,NC3
3388,ENST00000366962,ENSP00000355929.3,val,True,8,human,known,NC3
3389,ENST00000366971,ENSP00000355938.4,val,True,8,human,known,NC3
3390,ENST00000366977,ENSP00000355944.3,train,True,8,human,known,NC3
3391,ENST00000366988,ENSP00000355955.3,test,True,8,human,known,NC3
3392,ENST00000366991,ENSP00000355958.4,train,True,8,human,known,NC3
3393,ENST00000366994,ENSP00000355961.3,train,True,8,human,known,NC3
3394,ENST00000366996,ENSP00000355963.1,train,True,8,human,known,NC3
3395,ENST00000367001,ENSP00000355968.4,val,True,8,human,known,NC3
3396,ENST00000367034,ENSP00000356001.4,test,True,8,human,known,NC3
3397,ENST00000367048,ENSP00000356015.4,test,True,8,human,known,NC3
3398,ENST00000367055,ENSP00000356022.4,train,True,8,human,known,NC3
3399,ENST00000367063,ENSP00000356030.2,train,True,8,human,known,NC3
3400,ENST00000367080,ENSP00000356047.3,train,True,8,human,known,NC3
3401,ENST00000367089,ENSP00000356056.3,train,True,8,human,known,NC3
3402,ENST00000367090,ENSP00000356057.4,train,True,8,human,known,NC3
3403,ENST00000367103,ENSP00000356070.4,train,True,8,human,known,NC3
3404,ENST00000367142,ENSP00000356110.4,train,True,8,human,known,NC3
3405,ENST00000367162,ENSP00000356130.3,train,True,8,human,known,NC3
3406,ENST00000367166,ENSP00000356134.4,train,True,8,human,known,NC3
3407,ENST00000367204,ENSP00000356172.1,train,True,8,human,known,NC3
3408,ENST00000367210,ENSP00000356179.1,train,True,8,human,known,NC3
3409,ENST00000367233,ENSP00000356202.5,train,True,8,human,known,NC3
3410,ENST00000367249,ENSP00000356218.4,train,True,8,human,known,NC3
3411,ENST00000367255,ENSP00000356224.5,train,True,8,human,known,NC3
3412,ENST00000367262,ENSP00000356231.3,train,True,8,human,known,NC3
3413,ENST00000367264,ENSP00000356233.2,train,True,8,human,known,NC3
3414,ENST00000367287,ENSP00000356256.4,train,True,8,human,known,NC3
3415,ENST00000367288,ENSP00000356257.4,train,True,8,human,known,NC3
3416,ENST00000367294,ENSP00000356263.3,train,True,8,human,known,NC3
3417,ENST00000367332,ENSP00000356301.1,train,True,8,human,known,NC3
3418,ENST00000367350,ENSP00000356319.4,train,True,8,human,known,NC3
3419,ENST00000367351,ENSP00000356320.3,train,True,8,human,known,NC3
3420,ENST00000367384,ENSP00000356354.3,train,True,8,human,known,NC3
3421,ENST00000367405,ENSP00000356375.3,train,True,8,human,known,NC3
3422,ENST00000367411,ENSP00000356381.2,train,True,8,human,known,NC3
3423,ENST00000367419,ENSP00000356389.5,train,True,8,human,known,NC3
3424,ENST00000367435,ENSP00000356405.4,val,True,8,human,known,NC3
3425,ENST00000367441,ENSP00000356411.1,val,True,8,human,known,NC3
3426,ENST00000367450,ENSP00000356420.3,train,True,8,human,known,NC3
3427,ENST00000367451,ENSP00000356421.4,train,True,8,human,known,NC3
3428,ENST00000367463,ENSP00000356433.4,train,True,8,human,known,NC3
3429,ENST00000367466,ENSP00000356436.3,train,True,8,human,known,NC3
3430,ENST00000367467,ENSP00000356437.3,train,True,8,human,known,NC3
3431,ENST00000367478,ENSP00000356448.3,train,True,8,human,known,NC3
3432,ENST00000367498,ENSP00000356468.3,train,True,8,human,known,NC3
3433,ENST00000367501,ENSP00000356471.3,train,True,8,human,known,NC3
3434,ENST00000367506,ENSP00000356476.5,train,True,8,human,known,NC3
3435,ENST00000367510,ENSP00000356480.3,val,True,8,human,known,NC3
3436,ENST00000367511,ENSP00000356481.3,val,True,8,human,known,NC3
3437,ENST00000367549,ENSP00000356520.3,train,True,8,human,known,NC3
3438,ENST00000367559,ENSP00000356530.3,test,True,8,human,known,NC3
3439,ENST00000367569,ENSP00000356541.2,train,True,8,human,known,NC3
3440,ENST00000367576,ENSP00000356548.5,train,True,8,human,known,NC3
3441,ENST00000367590,ENSP00000356562.4,train,True,8,human,known,NC3
3442,ENST00000367591,ENSP00000356563.4,train,True,8,human,known,NC3
3443,ENST00000367607,ENSP00000356579.3,train,True,8,human,known,NC3
3444,ENST00000367619,ENSP00000356591.3,train,True,8,human,known,NC3
3445,ENST00000367627,ENSP00000356599.3,train,True,8,human,known,NC3
3446,ENST00000367630,ENSP00000356602.3,train,True,8,human,known,NC3
3447,ENST00000367635,ENSP00000356607.3,train,True,8,human,known,NC3
3448,ENST00000367658,ENSP00000356630.2,test,True,8,human,known,NC3
3449,ENST00000367669,ENSP00000356641.3,train,True,8,human,known,NC3
3450,ENST00000367679,ENSP00000356652.2,train,True,8,human,known,NC3
3451,ENST00000367696,ENSP00000356669.2,train,True,8,human,known,NC3
3452,ENST00000367698,nan,train,True,8,human,known,NC3
3453,ENST00000367739,ENSP00000356713.5,train,True,8,human,known,NC3
3454,ENST00000367742,ENSP00000356716.3,train,True,8,human,known,NC3
3455,ENST00000367763,ENSP00000356737.4,test,True,8,human,known,NC3
3456,ENST00000367772,ENSP00000356746.4,train,True,8,human,known,NC3
3457,ENST00000367796,ENSP00000356770.3,train,True,8,human,known,NC3
3458,ENST00000367811,ENSP00000356785.3,train,True,8,human,known,NC3
3459,ENST00000367816,ENSP00000356790.1,test,True,8,human,known,NC3
3460,ENST00000367822,ENSP00000356796.5,val,True,8,human,known,NC3
3461,ENST00000367833,ENSP00000356807.2,val,True,8,human,known,NC3
3462,ENST00000367837,ENSP00000356811.5,train,True,8,human,known,NC3
3463,ENST00000367862,ENSP00000356836.5,train,True,8,human,known,NC3
3464,ENST00000367874,ENSP00000356848.4,train,True,8,human,known,NC3
3465,ENST00000367875,ENSP00000356849.1,train,True,8,human,known,NC3
3466,ENST00000367879,ENSP00000356853.4,train,True,8,human,known,NC3
3467,ENST00000367885,ENSP00000356860.1,train,True,8,human,known,NC3
3468,ENST00000367941,ENSP00000356918.1,test,True,8,human,known,NC3
3469,ENST00000367943,ENSP00000356920.4,train,True,8,human,known,NC3
3470,ENST00000367963,ENSP00000356940.3,test,True,8,human,known,NC3
3471,ENST00000367974,nan,train,True,8,human,known,NC3
3472,ENST00000367975,ENSP00000356953.3,train,True,8,human,known,NC3
3473,ENST00000367988,ENSP00000356967.3,train,True,8,human,known,NC3
3474,ENST00000367999,ENSP00000356978.4,val,True,8,human,known,NC3
3475,ENST00000368003,ENSP00000356982.5,train,True,8,human,known,NC3
3476,ENST00000368009,ENSP00000356988.2,val,True,8,human,known,NC3
3477,ENST00000368010,ENSP00000356989.3,train,True,8,human,known,NC3
3478,ENST00000368020,ENSP00000356999.1,train,True,8,human,known,NC3
3479,ENST00000368026,ENSP00000357005.5,train,True,8,human,known,NC3
3480,ENST00000368058,ENSP00000357037.1,test,True,8,human,known,NC3
3481,ENST00000368072,ENSP00000357051.5,train,True,8,human,known,NC3
3482,ENST00000368073,ENSP00000357052.3,val,True,8,human,known,NC3
3483,ENST00000368076,ENSP00000357055.1,train,True,8,human,known,NC3
3484,ENST00000368096,ENSP00000357076.1,train,True,8,human,known,NC3
3485,ENST00000368149,ENSP00000357131.2,test,True,8,human,known,NC3
3486,ENST00000368194,ENSP00000357177.3,train,True,8,human,known,NC3
3487,ENST00000368211,ENSP00000357194.4,train,True,8,human,known,NC3
3488,ENST00000368221,ENSP00000357204.1,val,True,8,human,known,NC3
3489,ENST00000368223,ENSP00000357206.3,train,True,8,human,known,NC3
3490,ENST00000368273,ENSP00000357256.4,train,True,8,human,known,NC3
3491,ENST00000368305,ENSP00000357288.4,train,True,8,human,known,NC3
3492,ENST00000368309,ENSP00000357292.3,train,True,8,human,known,NC3
3493,ENST00000368314,ENSP00000357297.1,train,True,8,human,known,NC3
3494,ENST00000368321,ENSP00000357304.3,train,True,8,human,known,NC3
3495,ENST00000368331,ENSP00000357315.1,train,True,8,human,known,NC3
3496,ENST00000368339,ENSP00000357323.5,train,True,8,human,known,NC3
3497,ENST00000368346,ENSP00000357330.3,test,True,8,human,known,NC3
3498,ENST00000368376,ENSP00000357360.3,train,True,8,human,known,NC3
3499,ENST00000368399,ENSP00000357384.1,val,True,8,human,known,NC3
3500,ENST00000368457,ENSP00000357442.2,train,True,8,human,known,NC3
3501,ENST00000368463,ENSP00000357448.3,train,True,8,human,known,NC3
3502,ENST00000368467,ENSP00000357452.3,val,True,8,human,known,NC3
3503,ENST00000368468,ENSP00000357453.3,train,True,8,human,known,NC3
3504,ENST00000368494,ENSP00000357480.3,train,True,8,human,known,NC3
3505,ENST00000368498,ENSP00000357484.2,train,True,8,human,known,NC3
3506,ENST00000368521,ENSP00000357507.4,val,True,8,human,known,NC3
3507,ENST00000368533,ENSP00000357521.3,test,True,8,human,known,NC3
3508,ENST00000368547,ENSP00000357535.3,train,True,8,human,known,NC3
3509,ENST00000368576,ENSP00000357565.3,train,True,8,human,known,NC3
3510,ENST00000368586,ENSP00000357575.4,train,True,8,human,known,NC3
3511,ENST00000368594,ENSP00000357583.3,train,True,8,human,known,NC3
3512,ENST00000368633,ENSP00000357622.1,train,True,8,human,known,NC3
3513,ENST00000368654,ENSP00000357643.3,test,True,8,human,known,NC3
3514,ENST00000368655,ENSP00000357644.4,train,True,8,human,known,NC3
3515,ENST00000368662,ENSP00000357651.5,train,True,8,human,known,NC3
3516,ENST00000368685,ENSP00000357674.5,train,True,8,human,known,NC3
3517,ENST00000368722,nan,test,True,8,human,known,NC3
3518,ENST00000368733,nan,train,True,8,human,known,NC3
3519,ENST00000368738,nan,train,True,8,human,known,NC3
3520,ENST00000368786,ENSP00000357775.1,train,True,8,human,known,NC3
3521,ENST00000368801,nan,train,True,8,human,known,NC3
3522,ENST00000368811,ENSP00000357801.3,train,True,8,human,known,NC3
3523,ENST00000368814,ENSP00000357804.3,train,True,8,human,known,NC3
3524,ENST00000368824,ENSP00000357815.3,train,True,8,human,known,NC3
3525,ENST00000368830,ENSP00000357823.3,train,True,8,human,known,NC3
3526,ENST00000368842,ENSP00000357835.5,train,True,8,human,known,NC3
3527,ENST00000368845,ENSP00000357838.5,train,True,8,human,known,NC3
3528,ENST00000368851,ENSP00000357844.4,train,True,8,human,known,NC3
3529,ENST00000368865,ENSP00000357858.4,train,True,8,human,known,NC3
3530,ENST00000368875,ENSP00000357869.2,train,True,8,human,known,NC3
3531,ENST00000358776,ENSP00000357873.3,train,True,8,human,known,NC3
3532,ENST00000368884,ENSP00000357879.4,train,True,8,human,known,NC3
3533,ENST00000368905,ENSP00000357901.4,train,True,8,human,known,NC3
3534,ENST00000368908,ENSP00000357904.5,train,True,8,human,known,NC3
3535,ENST00000368918,ENSP00000357914.3,train,True,8,human,known,NC3
3536,ENST00000368921,ENSP00000357917.3,train,True,8,human,known,NC3
3537,ENST00000368931,ENSP00000357927.3,train,True,8,human,known,NC3
3538,ENST00000368954,ENSP00000357950.5,train,True,8,human,known,NC3
3539,ENST00000368977,ENSP00000357973.3,train,True,8,human,known,NC3
3540,ENST00000369002,ENSP00000357998.4,test,True,8,human,known,NC3
3541,ENST00000369005,ENSP00000358001.1,train,True,8,human,known,NC3
3542,ENST00000369016,ENSP00000358012.4,train,True,8,human,known,NC3
3543,ENST00000369023,ENSP00000358019.3,test,True,8,human,known,NC3
3544,ENST00000369037,ENSP00000358033.4,val,True,8,human,known,NC3
3545,ENST00000369042,ENSP00000358038.1,test,True,8,human,known,NC3
3546,ENST00000369046,ENSP00000358042.4,train,True,8,human,known,NC3
3547,ENST00000369063,ENSP00000358059.3,train,True,8,human,known,NC3
3548,ENST00000369064,ENSP00000358060.3,train,True,8,human,known,NC3
3549,ENST00000369068,ENSP00000358064.4,val,True,8,human,known,NC3
3550,ENST00000369075,ENSP00000358071.3,test,True,8,human,known,NC3
3551,ENST00000369076,ENSP00000358072.3,train,True,8,human,known,NC3
3552,ENST00000369085,ENSP00000358081.4,train,True,8,human,known,NC3
3553,ENST00000369093,ENSP00000358089.2,test,True,8,human,known,NC3
3554,ENST00000369103,ENSP00000358099.2,train,True,8,human,known,NC3
3555,ENST00000369109,ENSP00000358105.3,train,True,8,human,known,NC3
3556,ENST00000369124,ENSP00000358120.4,train,True,8,human,known,NC3
3557,ENST00000369144,ENSP00000358140.3,val,True,8,human,known,NC3
3558,ENST00000369151,ENSP00000358147.2,train,True,8,human,known,NC3
3559,ENST00000369152,ENSP00000358148.5,val,True,8,human,known,NC3
3560,ENST00000369162,ENSP00000358159.2,train,True,8,human,known,NC3
3561,ENST00000369183,ENSP00000358183.4,train,True,8,human,known,NC3
3562,ENST00000369199,ENSP00000358200.3,val,True,8,human,known,NC3
3563,ENST00000369206,ENSP00000358207.4,train,True,8,human,known,NC3
3564,ENST00000369209,ENSP00000358211.3,train,True,8,human,known,NC3
3565,ENST00000369258,ENSP00000358262.4,train,True,8,human,known,NC3
3566,ENST00000316149,ENSP00000358272.4,test,True,8,human,known,NC3
3567,ENST00000369278,ENSP00000358283.4,train,True,8,human,known,NC3
3568,ENST00000369287,ENSP00000358293.3,train,True,8,human,known,NC3
3569,ENST00000369301,ENSP00000358307.3,train,True,8,human,known,NC3
3570,ENST00000369303,ENSP00000358309.4,val,True,8,human,known,NC3
3571,ENST00000369306,ENSP00000358312.3,train,True,8,human,known,NC3
3572,ENST00000369329,ENSP00000358335.3,train,True,8,human,known,NC3
3573,ENST00000369367,ENSP00000358374.3,val,True,8,human,known,NC3
3574,ENST00000369393,ENSP00000358400.3,train,True,8,human,known,NC3
3575,ENST00000369415,ENSP00000358423.4,test,True,8,human,known,NC3
3576,ENST00000369443,ENSP00000358451.4,test,True,8,human,known,NC3
3577,ENST00000369454,ENSP00000358466.3,val,True,8,human,known,NC3
3578,ENST00000369462,ENSP00000358474.1,val,True,8,human,known,NC3
3579,ENST00000369466,ENSP00000358478.3,train,True,8,human,known,NC3
3580,ENST00000369484,ENSP00000358496.3,train,True,8,human,known,NC3
3581,ENST00000369485,ENSP00000358497.4,test,True,8,human,known,NC3
3582,ENST00000369486,ENSP00000358498.4,train,True,8,human,known,NC3
3583,ENST00000369489,ENSP00000358501.5,test,True,8,human,known,NC3
3584,ENST00000369498,ENSP00000358510.3,train,True,8,human,known,NC3
3585,ENST00000369509,ENSP00000358522.1,train,True,8,human,known,NC3
3586,ENST00000369519,ENSP00000358532.3,train,True,8,human,known,NC3
3587,ENST00000369534,ENSP00000358547.3,train,True,8,human,known,NC3
3588,ENST00000369535,ENSP00000358548.4,test,True,8,human,known,NC3
3589,ENST00000369541,ENSP00000358554.3,train,True,8,human,known,NC3
3590,ENST00000369547,ENSP00000358560.2,test,True,8,human,known,NC3
3591,ENST00000369550,ENSP00000358563.5,train,True,8,human,known,NC3
3592,ENST00000369552,ENSP00000358565.4,train,True,8,human,known,NC3
3593,ENST00000369577,ENSP00000358590.3,train,True,8,human,known,NC3
3594,ENST00000369603,ENSP00000358616.4,train,True,8,human,known,NC3
3595,ENST00000369620,ENSP00000358633.2,test,True,8,human,known,NC3
3596,ENST00000369660,ENSP00000358674.4,train,True,8,human,known,NC3
3597,ENST00000369681,ENSP00000358695.3,train,True,8,human,known,NC3
3598,ENST00000369702,ENSP00000358716.4,train,True,8,human,known,NC3
3599,ENST00000369703,nan,train,True,8,human,known,NC3
3600,ENST00000369705,ENSP00000358719.3,train,True,8,human,known,NC3
3601,ENST00000369713,ENSP00000358727.5,train,True,8,human,known,NC3
3602,ENST00000369722,ENSP00000358737.3,train,True,8,human,known,NC3
3603,ENST00000369724,ENSP00000358739.3,train,True,8,human,known,NC3
3604,ENST00000369732,ENSP00000358747.3,val,True,8,human,known,NC3
3605,ENST00000369747,ENSP00000358762.3,val,True,8,human,known,NC3
3606,ENST00000369750,nan,train,True,8,human,known,NC3
3607,ENST00000369762,ENSP00000358777.2,test,True,8,human,known,NC3
3608,ENST00000369795,ENSP00000358810.3,train,True,8,human,known,NC3
3609,ENST00000369798,ENSP00000358813.2,train,True,8,human,known,NC3
3610,ENST00000369799,ENSP00000358814.5,train,True,8,human,known,NC3
3611,ENST00000369815,ENSP00000358830.1,train,True,8,human,known,NC3
3612,ENST00000369816,ENSP00000358831.4,train,True,8,human,known,NC3
3613,ENST00000369817,ENSP00000358832.2,train,True,8,human,known,NC3
3614,ENST00000369831,ENSP00000358846.2,train,True,8,human,known,NC3
3615,ENST00000369836,ENSP00000358851.4,train,True,8,human,known,NC3
3616,ENST00000369838,ENSP00000358853.4,train,True,8,human,known,NC3
3617,ENST00000369839,ENSP00000358854.3,val,True,8,human,known,NC3
3618,ENST00000369840,ENSP00000358855.3,test,True,8,human,known,NC3
3619,ENST00000369847,ENSP00000358862.3,val,True,8,human,known,NC3
3620,ENST00000369850,ENSP00000358866.3,train,True,8,human,known,NC3
3621,ENST00000369851,ENSP00000358867.4,val,True,8,human,known,NC3
3622,ENST00000369856,ENSP00000358872.4,train,True,8,human,known,NC3
3623,ENST00000369878,ENSP00000358894.3,test,True,8,human,known,NC3
3624,ENST00000369883,ENSP00000358899.3,train,True,8,human,known,NC3
3625,ENST00000369888,ENSP00000358904.1,train,True,8,human,known,NC3
3626,ENST00000369893,ENSP00000358909.4,train,True,8,human,known,NC3
3627,ENST00000369902,ENSP00000358918.4,train,True,8,human,known,NC3
3628,ENST00000369905,ENSP00000358921.4,train,True,8,human,known,NC3
3629,ENST00000369923,ENSP00000358939.4,test,True,8,human,known,NC3
3630,ENST00000369937,ENSP00000358953.4,train,True,8,human,known,NC3
3631,ENST00000369980,ENSP00000358997.3,train,True,8,human,known,NC3
3632,ENST00000369984,ENSP00000359001.4,train,True,8,human,known,NC3
3633,ENST00000370008,ENSP00000359025.3,train,True,8,human,known,NC3
3634,ENST00000370025,ENSP00000359042.4,train,True,8,human,known,NC3
3635,ENST00000370033,ENSP00000359050.4,train,True,8,human,known,NC3
3636,ENST00000370077,ENSP00000359094.1,train,True,8,human,known,NC3
3637,ENST00000370078,ENSP00000359095.1,train,True,8,human,known,NC3
3638,ENST00000370087,ENSP00000359104.1,train,True,8,human,known,NC3
3639,ENST00000370089,ENSP00000359106.2,train,True,8,human,known,NC3
3640,ENST00000370112,ENSP00000359130.4,train,True,8,human,known,NC3
3641,ENST00000370113,ENSP00000359131.3,train,True,8,human,known,NC3
3642,ENST00000370128,ENSP00000359146.4,train,True,8,human,known,NC3
3643,ENST00000331272,ENSP00000359149.3,train,True,8,human,known,NC3
3644,ENST00000370151,ENSP00000359170.4,train,True,8,human,known,NC3
3645,ENST00000370163,ENSP00000359182.3,val,True,8,human,known,NC3
3646,ENST00000370169,ENSP00000359188.1,test,True,8,human,known,NC3
3647,ENST00000370187,ENSP00000359206.3,train,True,8,human,known,NC3
3648,ENST00000370206,ENSP00000359225.4,test,True,8,human,known,NC3
3649,ENST00000370211,ENSP00000359230.6,test,True,8,human,known,NC3
3650,ENST00000370214,ENSP00000359233.4,train,True,8,human,known,NC3
3651,ENST00000370223,ENSP00000359243.3,train,True,8,human,known,NC3
3652,ENST00000370236,ENSP00000359256.1,train,True,8,human,known,NC3
3653,ENST00000370238,ENSP00000359258.3,train,True,8,human,known,NC3
3654,ENST00000370267,ENSP00000359290.1,train,True,8,human,known,NC3
3655,ENST00000370277,ENSP00000359300.3,train,True,8,human,known,NC3
3656,ENST00000370282,ENSP00000359305.3,train,True,8,human,known,NC3
3657,ENST00000370283,ENSP00000359306.4,train,True,8,human,known,NC3
3658,ENST00000370298,ENSP00000359321.4,train,True,8,human,known,NC3
3659,ENST00000370310,ENSP00000359333.4,train,True,8,human,known,NC3
3660,ENST00000370321,ENSP00000359345.2,test,True,8,human,known,NC3
3661,ENST00000370339,ENSP00000359364.3,train,True,8,human,known,NC3
3662,ENST00000370355,ENSP00000359380.2,train,True,8,human,known,NC3
3663,ENST00000370360,ENSP00000359385.3,test,True,8,human,known,NC3
3664,ENST00000325307,ENSP00000359393.3,train,True,8,human,known,NC3
3665,ENST00000370372,ENSP00000359398.2,val,True,8,human,known,NC3
3666,ENST00000370383,ENSP00000359410.4,train,True,8,human,known,NC3
3667,ENST00000370397,ENSP00000359424.6,train,True,8,human,known,NC3
3668,ENST00000370440,ENSP00000359469.1,train,True,8,human,known,NC3
3669,ENST00000370454,ENSP00000359483.4,train,True,8,human,known,NC3
3670,ENST00000370455,ENSP00000359484.3,train,True,8,human,known,NC3
3671,ENST00000370456,nan,train,True,8,human,known,NC3
3672,ENST00000370474,ENSP00000359505.3,val,True,8,human,known,NC3
3673,ENST00000370476,ENSP00000359507.5,val,True,8,human,known,NC3
3674,ENST00000370479,ENSP00000359510.4,train,True,8,human,known,NC3
3675,ENST00000370487,ENSP00000359518.3,train,True,8,human,known,NC3
3676,ENST00000370495,ENSP00000359526.4,train,True,8,human,known,NC3
3677,ENST00000370500,ENSP00000359531.5,train,True,8,human,known,NC3
3678,ENST00000370508,ENSP00000359539.5,train,True,8,human,known,NC3
3679,ENST00000370521,ENSP00000359552.3,test,True,8,human,known,NC3
3680,ENST00000370544,ENSP00000359575.4,train,True,8,human,known,NC3
3681,ENST00000370550,ENSP00000359581.4,train,True,8,human,known,NC3
3682,ENST00000370565,nan,val,True,8,human,known,NC3
3683,ENST00000370574,ENSP00000359606.3,train,True,8,human,known,NC3
3684,ENST00000370589,ENSP00000359621.1,train,True,8,human,known,NC3
3685,ENST00000320676,ENSP00000359645.3,train,True,8,human,known,NC3
3686,ENST00000370645,ENSP00000359679.4,train,True,8,human,known,NC3
3687,ENST00000370654,ENSP00000359688.5,train,True,8,human,known,NC3
3688,ENST00000370669,ENSP00000359703.1,train,True,8,human,known,NC3
3689,ENST00000370689,ENSP00000359723.2,val,True,8,human,known,NC3
3690,ENST00000370693,ENSP00000359727.4,test,True,8,human,known,NC3
3691,ENST00000370706,ENSP00000359740.4,train,True,8,human,known,NC3
3692,ENST00000370725,ENSP00000359760.1,train,True,8,human,known,NC3
3693,ENST00000370763,ENSP00000359799.5,train,True,8,human,known,NC3
3694,ENST00000370768,ENSP00000359804.2,train,True,8,human,known,NC3
3695,ENST00000370777,ENSP00000359813.1,train,True,8,human,known,NC3
3696,ENST00000370782,ENSP00000359818.1,train,True,8,human,known,NC3
3697,ENST00000370793,ENSP00000359829.1,val,True,8,human,known,NC3
3698,ENST00000370801,ENSP00000359837.3,train,True,8,human,known,NC3
3699,ENST00000370812,ENSP00000359848.3,train,True,8,human,known,NC3
3700,ENST00000370828,ENSP00000359864.3,val,True,8,human,known,NC3
3701,ENST00000370834,ENSP00000359871.5,train,True,8,human,known,NC3
3702,ENST00000370867,ENSP00000359904.3,train,True,8,human,known,NC3
3703,ENST00000370873,ENSP00000359910.4,train,True,8,human,known,NC3
3704,ENST00000370874,ENSP00000359911.1,train,True,8,human,known,NC3
3705,ENST00000370888,ENSP00000359925.1,train,True,8,human,known,NC3
3706,ENST00000370898,ENSP00000359935.4,test,True,8,human,known,NC3
3707,ENST00000370902,ENSP00000359939.3,train,True,8,human,known,NC3
3708,ENST00000370918,ENSP00000359956.5,train,True,8,human,known,NC3
3709,ENST00000370938,ENSP00000359976.3,train,True,8,human,known,NC3
3710,ENST00000370944,ENSP00000359982.4,val,True,8,human,known,NC3
3711,ENST00000370952,ENSP00000359990.3,train,True,8,human,known,NC3
3712,ENST00000334828,ENSP00000359991.4,train,True,8,human,known,NC3
3713,ENST00000370959,ENSP00000359998.1,train,True,8,human,known,NC3
3714,ENST00000370978,ENSP00000360017.4,train,True,8,human,known,NC3
3715,ENST00000370982,ENSP00000360021.3,train,True,8,human,known,NC3
3716,ENST00000370992,ENSP00000360031.4,test,True,8,human,known,NC3
3717,ENST00000370995,ENSP00000360034.2,train,True,8,human,known,NC3
3718,ENST00000370996,ENSP00000360035.3,train,True,8,human,known,NC3
3719,ENST00000371069,ENSP00000360108.4,train,True,8,human,known,NC3
3720,ENST00000371084,ENSP00000360125.3,train,True,8,human,known,NC3
3721,ENST00000371085,ENSP00000360126.3,train,True,8,human,known,NC3
3722,ENST00000371088,ENSP00000360129.4,train,True,8,human,known,NC3
3723,ENST00000371092,ENSP00000360133.3,train,True,8,human,known,NC3
3724,ENST00000371113,ENSP00000360154.4,train,True,8,human,known,NC3
3725,ENST00000371121,ENSP00000360162.4,train,True,8,human,known,NC3
3726,ENST00000371142,ENSP00000360184.4,train,True,8,human,known,NC3
3727,ENST00000371145,ENSP00000360187.4,val,True,8,human,known,NC3
3728,ENST00000371146,ENSP00000360188.1,train,True,8,human,known,NC3
3729,ENST00000371189,ENSP00000360231.3,train,True,8,human,known,NC3
3730,ENST00000371204,ENSP00000360247.3,val,True,8,human,known,NC3
3731,ENST00000371208,ENSP00000360252.3,test,True,8,human,known,NC3
3732,ENST00000371221,ENSP00000360265.3,train,True,8,human,known,NC3
3733,ENST00000371224,ENSP00000360268.2,train,True,8,human,known,NC3
3734,ENST00000371226,ENSP00000360270.3,train,True,8,human,known,NC3
3735,ENST00000371242,ENSP00000360286.2,train,True,8,human,known,NC3
3736,ENST00000371244,ENSP00000360290.4,train,True,8,human,known,NC3
3737,ENST00000371250,ENSP00000360296.3,train,True,8,human,known,NC3
3738,ENST00000329399,ENSP00000360305.3,val,True,8,human,known,NC3
3739,ENST00000371279,ENSP00000360327.3,train,True,8,human,known,NC3
3740,ENST00000371281,ENSP00000360329.3,train,True,8,human,known,NC3
3741,ENST00000371313,nan,train,True,8,human,known,NC3
3742,ENST00000371317,ENSP00000360367.5,train,True,8,human,known,NC3
3743,ENST00000371331,ENSP00000360382.1,train,True,8,human,known,NC3
3744,ENST00000371335,ENSP00000360386.4,test,True,8,human,known,NC3
3745,ENST00000371361,ENSP00000360412.3,train,True,8,human,known,NC3
3746,ENST00000371410,ENSP00000360464.3,train,True,8,human,known,NC3
3747,ENST00000371419,ENSP00000360473.2,train,True,8,human,known,NC3
3748,ENST00000371421,ENSP00000360475.4,train,True,8,human,known,NC3
3749,ENST00000371429,ENSP00000360483.3,train,True,8,human,known,NC3
3750,ENST00000359204,ENSP00000360488.3,test,True,8,human,known,NC3
3751,ENST00000371442,ENSP00000360497.2,val,True,8,human,known,NC3
3752,ENST00000371443,ENSP00000360498.5,train,True,8,human,known,NC3
3753,ENST00000371447,nan,train,True,8,human,known,NC3
3754,ENST00000371471,ENSP00000360526.2,val,True,8,human,known,NC3
3755,ENST00000371477,ENSP00000360532.3,test,True,8,human,known,NC3
3756,ENST00000371485,ENSP00000360540.3,train,True,8,human,known,NC3
3757,ENST00000371514,ENSP00000360569.3,train,True,8,human,known,NC3
3758,ENST00000371538,ENSP00000360593.3,val,True,8,human,known,NC3
3759,ENST00000371554,ENSP00000360609.1,train,True,8,human,known,NC3
3760,ENST00000371568,ENSP00000360623.3,train,True,8,human,known,NC3
3761,ENST00000371584,ENSP00000360640.5,train,True,8,human,known,NC3
3762,ENST00000371586,ENSP00000360642.2,train,True,8,human,known,NC3
3763,ENST00000371589,ENSP00000360645.4,test,True,8,human,known,NC3
3764,ENST00000371591,ENSP00000360647.1,train,True,8,human,known,NC3
3765,ENST00000313334,ENSP00000360664.4,train,True,8,human,known,NC3
3766,ENST00000317881,ENSP00000360671.4,train,True,8,human,known,NC3
3767,ENST00000371610,ENSP00000360672.2,train,True,8,human,known,NC3
3768,ENST00000371614,ENSP00000360676.1,train,True,8,human,known,NC3
3769,ENST00000371620,ENSP00000360682.3,train,True,8,human,known,NC3
3770,ENST00000371621,ENSP00000360683.3,train,True,8,human,known,NC3
3771,ENST00000371626,ENSP00000360688.4,train,True,8,human,known,NC3
3772,ENST00000371628,ENSP00000360690.3,train,True,8,human,known,NC3
3773,ENST00000371655,ENSP00000360718.3,test,True,8,human,known,NC3
3774,ENST00000371692,ENSP00000360757.4,train,True,8,human,known,NC3
3775,ENST00000371728,ENSP00000360793.3,train,True,8,human,known,NC3
3776,ENST00000371738,ENSP00000360803.3,train,True,8,human,known,NC3
3777,ENST00000371756,ENSP00000360821.3,train,True,8,human,known,NC3
3778,ENST00000371795,ENSP00000360860.4,val,True,8,human,known,NC3
3779,ENST00000371804,ENSP00000360869.3,train,True,8,human,known,NC3
3780,ENST00000371850,ENSP00000360916.3,train,True,8,human,known,NC3
3781,ENST00000371856,ENSP00000360922.2,train,True,8,human,known,NC3
3782,ENST00000371873,ENSP00000360939.5,train,True,8,human,known,NC3
3783,ENST00000371917,ENSP00000360985.4,train,True,8,human,known,NC3
3784,ENST00000371959,ENSP00000361027.3,train,True,8,human,known,NC3
3785,ENST00000371979,ENSP00000361047.3,val,True,8,human,known,NC3
3786,ENST00000371992,ENSP00000361060.1,train,True,8,human,known,NC3
3787,ENST00000371996,ENSP00000361064.4,train,True,8,human,known,NC3
3788,ENST00000371998,ENSP00000361066.3,train,True,8,human,known,NC3
3789,ENST00000372014,ENSP00000361084.3,train,True,8,human,known,NC3
3790,ENST00000372017,ENSP00000361087.3,train,True,8,human,known,NC3
3791,ENST00000372068,ENSP00000361138.2,test,True,8,human,known,NC3
3792,ENST00000319248,ENSP00000361152.5,train,True,8,human,known,NC3
3793,ENST00000372090,ENSP00000361162.5,train,True,8,human,known,NC3
3794,ENST00000372097,ENSP00000361169.5,train,True,8,human,known,NC3
3795,ENST00000372114,ENSP00000361186.3,train,True,8,human,known,NC3
3796,ENST00000372146,ENSP00000361219.4,train,True,8,human,known,NC3
3797,ENST00000372172,ENSP00000361245.4,train,True,8,human,known,NC3
3798,ENST00000372188,ENSP00000361262.1,train,True,8,human,known,NC3
3799,ENST00000372215,ENSP00000361289.4,train,True,8,human,known,NC3
3800,ENST00000372224,ENSP00000361298.4,train,True,8,human,known,NC3
3801,ENST00000372228,ENSP00000361302.3,train,True,8,human,known,NC3
3802,ENST00000372231,ENSP00000361305.3,train,True,8,human,known,NC3
3803,ENST00000372232,ENSP00000361306.3,test,True,8,human,known,NC3
3804,ENST00000372257,ENSP00000361331.2,train,True,8,human,known,NC3
3805,ENST00000372281,ENSP00000361355.3,train,True,8,human,known,NC3
3806,ENST00000372289,ENSP00000361363.2,train,True,8,human,known,NC3
3807,ENST00000372343,ENSP00000361418.3,train,True,8,human,known,NC3
3808,ENST00000372371,ENSP00000361446.3,train,True,8,human,known,NC3
3809,ENST00000372382,ENSP00000361457.4,train,True,8,human,known,NC3
3810,ENST00000372394,ENSP00000361471.1,val,True,8,human,known,NC3
3811,ENST00000372396,ENSP00000361473.3,test,True,8,human,known,NC3
3812,ENST00000372398,ENSP00000361475.3,val,True,8,human,known,NC3
3813,ENST00000372406,ENSP00000361483.1,train,True,8,human,known,NC3
3814,ENST00000372409,ENSP00000361486.3,test,True,8,human,known,NC3
3815,ENST00000372429,ENSP00000361506.3,train,True,8,human,known,NC3
3816,ENST00000372434,ENSP00000361511.1,train,True,8,human,known,NC3
3817,ENST00000372435,ENSP00000361512.4,train,True,8,human,known,NC3
3818,ENST00000372445,ENSP00000361522.5,test,True,8,human,known,NC3
3819,ENST00000372447,ENSP00000361524.3,val,True,8,human,known,NC3
3820,ENST00000372462,ENSP00000361540.1,train,True,8,human,known,NC3
3821,ENST00000372484,ENSP00000361562.3,test,True,8,human,known,NC3
3822,ENST00000372502,ENSP00000361580.2,test,True,8,human,known,NC3
3823,ENST00000372524,ENSP00000361602.4,test,True,8,human,known,NC3
3824,ENST00000372525,ENSP00000361603.4,train,True,8,human,known,NC3
3825,ENST00000372530,ENSP00000361608.4,test,True,8,human,known,NC3
3826,ENST00000372546,ENSP00000361625.4,train,True,8,human,known,NC3
3827,ENST00000321358,ENSP00000361626.3,train,True,8,human,known,NC3
3828,ENST00000372548,ENSP00000361628.4,train,True,8,human,known,NC3
3829,ENST00000313132,ENSP00000361635.1,train,True,8,human,known,NC3
3830,ENST00000372561,ENSP00000361642.3,train,True,8,human,known,NC3
3831,ENST00000372577,ENSP00000361658.2,val,True,8,human,known,NC3
3832,ENST00000372600,ENSP00000361682.4,train,True,8,human,known,NC3
3833,ENST00000372616,ENSP00000361699.1,train,True,8,human,known,NC3
3834,ENST00000372622,ENSP00000361705.3,train,True,8,human,known,NC3
3835,ENST00000372626,ENSP00000361709.3,train,True,8,human,known,NC3
3836,ENST00000372629,ENSP00000361712.4,test,True,8,human,known,NC3
3837,ENST00000372642,ENSP00000361725.4,train,True,8,human,known,NC3
3838,ENST00000372648,ENSP00000361731.5,test,True,8,human,known,NC3
3839,ENST00000372715,ENSP00000361800.2,test,True,8,human,known,NC3
3840,ENST00000372718,ENSP00000361803.3,test,True,8,human,known,NC3
3841,ENST00000372727,ENSP00000361812.1,test,True,8,human,known,NC3
3842,ENST00000372731,ENSP00000361816.4,val,True,8,human,known,NC3
3843,ENST00000372759,ENSP00000361845.3,train,True,8,human,known,NC3
3844,ENST00000372771,ENSP00000361857.4,train,True,8,human,known,NC3
3845,ENST00000372805,ENSP00000361891.3,train,True,8,human,known,NC3
3846,ENST00000372806,ENSP00000361892.3,train,True,8,human,known,NC3
3847,ENST00000372813,ENSP00000361900.3,train,True,8,human,known,NC3
3848,ENST00000372833,ENSP00000361923.5,train,True,8,human,known,NC3
3849,ENST00000372836,ENSP00000361926.4,val,True,8,human,known,NC3
3850,ENST00000316594,ENSP00000361927.2,train,True,8,human,known,NC3
3851,ENST00000372839,ENSP00000361930.3,test,True,8,human,known,NC3
3852,ENST00000372841,ENSP00000361932.3,val,True,8,human,known,NC3
3853,ENST00000372844,ENSP00000361935.3,train,True,8,human,known,NC3
3854,ENST00000372858,ENSP00000361949.3,train,True,8,human,known,NC3
3855,ENST00000372876,ENSP00000361967.1,train,True,8,human,known,NC3
3856,ENST00000372890,ENSP00000361982.4,test,True,8,human,known,NC3
3857,ENST00000372899,ENSP00000361990.1,train,True,8,human,known,NC3
3858,ENST00000372902,ENSP00000361993.3,train,True,8,human,known,NC3
3859,ENST00000372904,ENSP00000361995.3,train,True,8,human,known,NC3
3860,ENST00000372919,ENSP00000362010.4,train,True,8,human,known,NC3
3861,ENST00000372936,ENSP00000362027.3,train,True,8,human,known,NC3
3862,ENST00000372945,ENSP00000362036.3,train,True,8,human,known,NC3
3863,ENST00000372950,ENSP00000362041.4,test,True,8,human,known,NC3
3864,ENST00000372966,nan,test,True,8,human,known,NC3
3865,ENST00000372969,ENSP00000362060.3,train,True,8,human,known,NC3
3866,ENST00000372972,ENSP00000362063.2,train,True,8,human,known,NC3
3867,ENST00000372994,ENSP00000362085.1,train,True,8,human,known,NC3
3868,ENST00000373001,ENSP00000362092.3,train,True,8,human,known,NC3
3869,ENST00000373008,ENSP00000362099.1,train,True,8,human,known,NC3
3870,ENST00000373014,ENSP00000362105.4,train,True,8,human,known,NC3
3871,ENST00000373016,ENSP00000362107.3,train,True,8,human,known,NC3
3872,ENST00000373019,ENSP00000362110.4,train,True,8,human,known,NC3
3873,ENST00000373020,ENSP00000362111.4,val,True,8,human,known,NC3
3874,ENST00000373026,ENSP00000362117.1,train,True,8,human,known,NC3
3875,ENST00000373039,ENSP00000362130.4,test,True,8,human,known,NC3
3876,ENST00000373042,ENSP00000362133.4,test,True,8,human,known,NC3
3877,ENST00000373044,ENSP00000362135.2,train,True,8,human,known,NC3
3878,ENST00000373045,ENSP00000362136.6,train,True,8,human,known,NC3
3879,ENST00000373055,ENSP00000362146.1,val,True,8,human,known,NC3
3880,ENST00000373062,ENSP00000362153.3,train,True,8,human,known,NC3
3881,ENST00000373075,ENSP00000362166.2,train,True,8,human,known,NC3
3882,ENST00000373116,ENSP00000362208.5,train,True,8,human,known,NC3
3883,ENST00000373151,ENSP00000362244.2,test,True,8,human,known,NC3
3884,ENST00000373166,ENSP00000362261.3,train,True,8,human,known,NC3
3885,ENST00000373173,ENSP00000362268.2,train,True,8,human,known,NC3
3886,ENST00000373178,ENSP00000362273.4,test,True,8,human,known,NC3
3887,ENST00000373191,ENSP00000362287.3,train,True,8,human,known,NC3
3888,ENST00000373212,ENSP00000362308.5,train,True,8,human,known,NC3
3889,ENST00000373218,ENSP00000362314.4,train,True,8,human,known,NC3
3890,ENST00000373232,ENSP00000362329.2,train,True,8,human,known,NC3
3891,ENST00000373233,ENSP00000362330.3,val,True,8,human,known,NC3
3892,ENST00000373237,ENSP00000362334.3,train,True,8,human,known,NC3
3893,ENST00000373241,ENSP00000362338.4,train,True,8,human,known,NC3
3894,ENST00000373247,ENSP00000362344.2,train,True,8,human,known,NC3
3895,ENST00000373255,ENSP00000362352.3,train,True,8,human,known,NC3
3896,ENST00000373264,ENSP00000362361.4,train,True,8,human,known,NC3
3897,ENST00000373275,ENSP00000362372.4,train,True,8,human,known,NC3
3898,ENST00000373290,ENSP00000362387.2,train,True,8,human,known,NC3
3899,ENST00000373302,ENSP00000362399.3,train,True,8,human,known,NC3
3900,ENST00000373312,ENSP00000362409.3,train,True,8,human,known,NC3
3901,ENST00000373316,ENSP00000362413.4,train,True,8,human,known,NC3
3902,ENST00000373327,ENSP00000362424.4,train,True,8,human,known,NC3
3903,ENST00000373344,ENSP00000362441.4,train,True,8,human,known,NC3
3904,ENST00000373358,ENSP00000362456.3,train,True,8,human,known,NC3
3905,ENST00000373365,ENSP00000362463.3,train,True,8,human,known,NC3
3906,ENST00000373383,ENSP00000362481.4,train,True,8,human,known,NC3
3907,ENST00000373408,ENSP00000362507.3,val,True,8,human,known,NC3
3908,ENST00000373433,ENSP00000362532.4,train,True,8,human,known,NC3
3909,ENST00000373441,ENSP00000362540.1,train,True,8,human,known,NC3
3910,ENST00000373451,ENSP00000362550.4,test,True,8,human,known,NC3
3911,ENST00000373457,ENSP00000362556.1,train,True,8,human,known,NC3
3912,ENST00000373477,ENSP00000362576.4,test,True,8,human,known,NC3
3913,ENST00000373479,ENSP00000362578.4,test,True,8,human,known,NC3
3914,ENST00000373487,ENSP00000362586.4,val,True,8,human,known,NC3
3915,ENST00000373491,ENSP00000362590.3,train,True,8,human,known,NC3
3916,ENST00000373493,ENSP00000362592.4,train,True,8,human,known,NC3
3917,ENST00000373498,ENSP00000362597.1,train,True,8,human,known,NC3
3918,ENST00000329421,ENSP00000362638.4,train,True,8,human,known,NC3
3919,ENST00000373539,ENSP00000362640.3,train,True,8,human,known,NC3
3920,ENST00000373547,ENSP00000362648.4,train,True,8,human,known,NC3
3921,ENST00000373548,ENSP00000362649.3,train,True,8,human,known,NC3
3922,ENST00000373549,ENSP00000362650.4,train,True,8,human,known,NC3
3923,ENST00000373555,ENSP00000362656.4,train,True,8,human,known,NC3
3924,ENST00000373563,ENSP00000362664.5,test,True,8,human,known,NC3
3925,ENST00000373585,ENSP00000362687.3,train,True,8,human,known,NC3
3926,ENST00000373602,ENSP00000362704.5,val,True,8,human,known,NC3
3927,ENST00000373609,ENSP00000362711.1,train,True,8,human,known,NC3
3928,ENST00000373625,ENSP00000362728.3,test,True,8,human,known,NC3
3929,ENST00000373627,ENSP00000362730.5,train,True,8,human,known,NC3
3930,ENST00000316084,ENSP00000362744.4,train,True,8,human,known,NC3
3931,ENST00000373647,ENSP00000362751.4,train,True,8,human,known,NC3
3932,ENST00000373664,ENSP00000362768.3,train,True,8,human,known,NC3
3933,ENST00000373699,ENSP00000362803.5,test,True,8,human,known,NC3
3934,ENST00000373703,ENSP00000362807.4,train,True,8,human,known,NC3
3935,ENST00000373719,ENSP00000362824.3,test,True,8,human,known,NC3
3936,ENST00000373758,ENSP00000362863.4,test,True,8,human,known,NC3
3937,ENST00000373768,ENSP00000362873.3,train,True,8,human,known,NC3
3938,ENST00000373789,ENSP00000362894.3,train,True,8,human,known,NC3
3939,ENST00000373795,ENSP00000362900.4,train,True,8,human,known,NC3
3940,ENST00000373803,ENSP00000362909.2,train,True,8,human,known,NC3
3941,ENST00000373825,ENSP00000362931.2,train,True,8,human,known,NC3
3942,ENST00000373830,ENSP00000362936.3,train,True,8,human,known,NC3
3943,ENST00000373831,ENSP00000362937.3,train,True,8,human,known,NC3
3944,ENST00000373836,ENSP00000362942.3,train,True,8,human,known,NC3
3945,ENST00000373840,ENSP00000362946.4,val,True,8,human,known,NC3
3946,ENST00000373842,ENSP00000362948.4,train,True,8,human,known,NC3
3947,ENST00000373864,ENSP00000362971.1,train,True,8,human,known,NC3
3948,ENST00000373871,ENSP00000362978.3,val,True,8,human,known,NC3
3949,ENST00000373884,ENSP00000362991.5,test,True,8,human,known,NC3
3950,ENST00000373894,ENSP00000363001.3,train,True,8,human,known,NC3
3951,ENST00000373907,ENSP00000363014.2,val,True,8,human,known,NC3
3952,ENST00000313433,ENSP00000363015.3,train,True,8,human,known,NC3
3953,ENST00000322203,ENSP00000363018.3,test,True,8,human,known,NC3
3954,ENST00000373910,ENSP00000363019.3,val,True,8,human,known,NC3
3955,ENST00000373917,ENSP00000363027.3,val,True,8,human,known,NC3
3956,ENST00000333926,ENSP00000363041.4,train,True,8,human,known,NC3
3957,ENST00000373935,ENSP00000363046.3,test,True,8,human,known,NC3
3958,ENST00000373943,ENSP00000363054.4,train,True,8,human,known,NC3
3959,ENST00000373973,ENSP00000363084.3,train,True,8,human,known,NC3
3960,ENST00000373988,ENSP00000363100.1,train,True,8,human,known,NC3
3961,ENST00000374017,ENSP00000363129.3,train,True,8,human,known,NC3
3962,ENST00000374023,ENSP00000363135.3,train,True,8,human,known,NC3
3963,ENST00000374050,ENSP00000363162.3,train,True,8,human,known,NC3
3964,ENST00000374076,ENSP00000363189.4,train,True,8,human,known,NC3
3965,ENST00000374092,ENSP00000363205.3,train,True,8,human,known,NC3
3966,ENST00000374169,ENSP00000363284.3,test,True,8,human,known,NC3
3967,ENST00000374180,ENSP00000363295.3,train,True,8,human,known,NC3
3968,ENST00000374199,ENSP00000363315.4,test,True,8,human,known,NC3
3969,ENST00000374206,nan,train,True,8,human,known,NC3
3970,ENST00000374231,ENSP00000363348.4,train,True,8,human,known,NC3
3971,ENST00000374232,ENSP00000363349.3,train,True,8,human,known,NC3
3972,ENST00000374242,ENSP00000363360.3,train,True,8,human,known,NC3
3973,ENST00000374259,ENSP00000363377.3,train,True,8,human,known,NC3
3974,ENST00000374266,ENSP00000363384.5,train,True,8,human,known,NC3
3975,ENST00000374269,ENSP00000363387.1,train,True,8,human,known,NC3
3976,ENST00000374282,ENSP00000363400.3,train,True,8,human,known,NC3
3977,ENST00000374301,ENSP00000363419.3,train,True,8,human,known,NC3
3978,ENST00000374316,ENSP00000363435.4,train,True,8,human,known,NC3
3979,ENST00000374338,ENSP00000363458.4,test,True,8,human,known,NC3
3980,ENST00000374343,ENSP00000363463.4,train,True,8,human,known,NC3
3981,ENST00000374385,ENSP00000363506.5,train,True,8,human,known,NC3
3982,ENST00000374403,ENSP00000363524.3,train,True,8,human,known,NC3
3983,ENST00000374436,ENSP00000363559.3,val,True,8,human,known,NC3
3984,ENST00000374467,ENSP00000363591.3,test,True,8,human,known,NC3
3985,ENST00000374479,ENSP00000363603.3,train,True,8,human,known,NC3
3986,ENST00000374490,ENSP00000363614.3,train,True,8,human,known,NC3
3987,ENST00000374514,ENSP00000363638.3,train,True,8,human,known,NC3
3988,ENST00000374517,ENSP00000363641.5,train,True,8,human,known,NC3
3989,ENST00000374518,ENSP00000363642.4,train,True,8,human,known,NC3
3990,ENST00000342206,ENSP00000363661.5,train,True,8,human,known,NC3
3991,ENST00000374586,ENSP00000363714.3,train,True,8,human,known,NC3
3992,ENST00000322940,ENSP00000363753.3,val,True,8,human,known,NC3
3993,ENST00000374632,ENSP00000363763.3,train,True,8,human,known,NC3
3994,ENST00000374647,ENSP00000363779.5,train,True,8,human,known,NC3
3995,ENST00000374692,ENSP00000363824.3,train,True,8,human,known,NC3
3996,ENST00000374704,ENSP00000363836.4,val,True,8,human,known,NC3
3997,ENST00000374732,ENSP00000363864.3,train,True,8,human,known,NC3
3998,ENST00000374759,ENSP00000363891.3,train,True,8,human,known,NC3
3999,ENST00000374767,ENSP00000363899.4,train,True,8,human,known,NC3
4000,ENST00000374778,ENSP00000363910.4,train,True,8,human,known,NC3
4001,ENST00000374796,ENSP00000363929.2,train,True,8,human,known,NC3
4002,ENST00000374811,ENSP00000363944.3,train,True,8,human,known,NC3
4003,ENST00000374832,ENSP00000363965.1,train,True,8,human,known,NC3
4004,ENST00000374839,ENSP00000363972.3,train,True,8,human,known,NC3
4005,ENST00000374851,ENSP00000363984.1,train,True,8,human,known,NC3
4006,ENST00000374852,ENSP00000363985.3,train,True,8,human,known,NC3
4007,ENST00000374865,ENSP00000363999.4,train,True,8,human,known,NC3
4008,ENST00000374867,ENSP00000364001.2,train,True,8,human,known,NC3
4009,ENST00000374902,ENSP00000364037.4,test,True,8,human,known,NC3
4010,ENST00000374943,ENSP00000364080.4,train,True,8,human,known,NC3
4011,ENST00000374980,ENSP00000364119.2,train,True,8,human,known,NC3
4012,ENST00000375011,ENSP00000364150.3,val,True,8,human,known,NC3
4013,ENST00000375058,ENSP00000364198.1,train,True,8,human,known,NC3
4014,ENST00000375071,ENSP00000364212.3,train,True,8,human,known,NC3
4015,ENST00000375079,ENSP00000364220.1,train,True,8,human,known,NC3
4016,ENST00000375120,ENSP00000364261.3,val,True,8,human,known,NC3
4017,ENST00000375128,ENSP00000364270.5,train,True,8,human,known,NC3
4018,ENST00000375135,ENSP00000364277.3,train,True,8,human,known,NC3
4019,ENST00000375147,ENSP00000364289.3,train,True,8,human,known,NC3
4020,ENST00000375151,ENSP00000364293.4,train,True,8,human,known,NC3
4021,ENST00000375153,ENSP00000364295.3,train,True,8,human,known,NC3
4022,ENST00000330263,ENSP00000364320.3,train,True,8,human,known,NC3
4023,ENST00000375180,ENSP00000364324.2,train,True,8,human,known,NC3
4024,ENST00000375249,ENSP00000364398.4,train,True,8,human,known,NC3
4025,ENST00000375254,ENSP00000364403.3,train,True,8,human,known,NC3
4026,ENST00000375258,ENSP00000364407.4,train,True,8,human,known,NC3
4027,ENST00000375320,ENSP00000364469.1,train,True,8,human,known,NC3
4028,ENST00000375341,ENSP00000364490.3,train,True,8,human,known,NC3
4029,ENST00000375370,ENSP00000364519.4,train,True,8,human,known,NC3
4030,ENST00000375377,ENSP00000364526.1,train,True,8,human,known,NC3
4031,ENST00000375401,ENSP00000364550.4,val,True,8,human,known,NC3
4032,ENST00000375429,ENSP00000364578.3,test,True,8,human,known,NC3
4033,ENST00000375430,ENSP00000364579.4,train,True,8,human,known,NC3
4034,ENST00000375440,ENSP00000364589.4,train,True,8,human,known,NC3
4035,ENST00000375464,ENSP00000364613.2,train,True,8,human,known,NC3
4036,ENST00000375490,ENSP00000364639.5,train,True,8,human,known,NC3
4037,ENST00000375499,ENSP00000364649.3,train,True,8,human,known,NC3
4038,ENST00000375541,ENSP00000364691.4,train,True,8,human,known,NC3
4039,ENST00000375549,ENSP00000364699.3,val,True,8,human,known,NC3
4040,ENST00000375559,ENSP00000364709.3,train,True,8,human,known,NC3
4041,ENST00000375571,ENSP00000364721.5,train,True,8,human,known,NC3
4042,ENST00000375647,ENSP00000364798.4,train,True,8,human,known,NC3
4043,ENST00000375654,nan,train,True,8,human,known,NC3
4044,ENST00000375661,ENSP00000364813.5,train,True,8,human,known,NC3
4045,ENST00000375687,ENSP00000364839.4,test,True,8,human,known,NC3
4046,ENST00000375695,ENSP00000364847.2,val,True,8,human,known,NC3
4047,ENST00000375712,ENSP00000364864.3,train,True,8,human,known,NC3
4048,ENST00000375719,ENSP00000364871.3,val,True,8,human,known,NC3
4049,ENST00000375731,ENSP00000364883.5,val,True,8,human,known,NC3
4050,ENST00000375749,ENSP00000364902.3,val,True,8,human,known,NC3
4051,ENST00000375754,ENSP00000364907.4,train,True,8,human,known,NC3
4052,ENST00000375759,ENSP00000364912.3,train,True,8,human,known,NC3
4053,ENST00000375766,ENSP00000364921.3,train,True,8,human,known,NC3
4054,ENST00000375774,ENSP00000364929.3,train,True,8,human,known,NC3
4055,ENST00000375807,ENSP00000364965.3,train,True,8,human,known,NC3
4056,ENST00000314355,ENSP00000364976.3,train,True,8,human,known,NC3
4057,ENST00000375820,ENSP00000364979.4,train,True,8,human,known,NC3
4058,ENST00000375847,ENSP00000365007.3,test,True,8,human,known,NC3
4059,ENST00000375856,ENSP00000365016.3,test,True,8,human,known,NC3
4060,ENST00000375859,ENSP00000365019.3,train,True,8,human,known,NC3
4061,ENST00000375888,ENSP00000365049.1,train,True,8,human,known,NC3
4062,ENST00000340342,ENSP00000365061.5,train,True,8,human,known,NC3
4063,ENST00000375940,ENSP00000365107.5,train,True,8,human,known,NC3
4064,ENST00000375957,ENSP00000365124.1,train,True,8,human,known,NC3
4065,ENST00000375963,ENSP00000365130.3,train,True,8,human,known,NC3
4066,ENST00000375980,ENSP00000365147.4,train,True,8,human,known,NC3
4067,ENST00000375991,ENSP00000365159.4,val,True,8,human,known,NC3
4068,ENST00000375992,ENSP00000365160.3,train,True,8,human,known,NC3
4069,ENST00000376006,ENSP00000365174.3,test,True,8,human,known,NC3
4070,ENST00000376007,ENSP00000365175.4,train,True,8,human,known,NC3
4071,ENST00000376032,ENSP00000365200.4,train,True,8,human,known,NC3
4072,ENST00000376052,ENSP00000365220.3,train,True,8,human,known,NC3
4073,ENST00000376065,ENSP00000365233.4,train,True,8,human,known,NC3
4074,ENST00000376087,ENSP00000365255.4,test,True,8,human,known,NC3
4075,ENST00000376088,ENSP00000365256.3,train,True,8,human,known,NC3
4076,ENST00000376142,ENSP00000365312.2,train,True,8,human,known,NC3
4077,ENST00000376148,ENSP00000365318.4,train,True,8,human,known,NC3
4078,ENST00000376215,ENSP00000365388.5,train,True,8,human,known,NC3
4079,ENST00000376227,ENSP00000365401.3,train,True,8,human,known,NC3
4080,ENST00000376285,ENSP00000365462.1,train,True,8,human,known,NC3
4081,ENST00000376300,ENSP00000365477.2,val,True,8,human,known,NC3
4082,ENST00000376335,ENSP00000365514.3,val,True,8,human,known,NC3
4083,ENST00000376344,ENSP00000365522.3,train,True,8,human,known,NC3
4084,ENST00000376352,ENSP00000365530.2,train,True,8,human,known,NC3
4085,ENST00000376356,ENSP00000365534.4,train,True,8,human,known,NC3
4086,ENST00000322995,ENSP00000365543.5,train,True,8,human,known,NC3
4087,ENST00000376371,ENSP00000365550.2,train,True,8,human,known,NC3
4088,ENST00000376395,ENSP00000365576.4,test,True,8,human,known,NC3
4089,ENST00000376442,ENSP00000365625.3,train,True,8,human,known,NC3
4090,ENST00000376447,ENSP00000365630.3,test,True,8,human,known,NC3
4091,ENST00000376510,ENSP00000365693.3,train,True,8,human,known,NC3
4092,ENST00000376511,ENSP00000365694.2,train,True,8,human,known,NC3
4093,ENST00000376537,ENSP00000365720.4,train,True,8,human,known,NC3
4094,ENST00000376542,ENSP00000365725.3,train,True,8,human,known,NC3
4095,ENST00000376547,ENSP00000365730.3,train,True,8,human,known,NC3
4096,ENST00000376573,ENSP00000365757.4,test,True,8,human,known,NC3
4097,ENST00000376576,ENSP00000365760.3,train,True,8,human,known,NC3
4098,ENST00000376583,ENSP00000365767.3,train,True,8,human,known,NC3
4099,ENST00000376588,ENSP00000365773.3,train,True,8,human,known,NC3
4100,ENST00000376629,ENSP00000365816.4,train,True,8,human,known,NC3
4101,ENST00000376630,ENSP00000365817.4,test,True,8,human,known,NC3
4102,ENST00000356454,ENSP00000365830.2,train,True,8,human,known,NC3
4103,ENST00000376649,ENSP00000365837.3,test,True,8,human,known,NC3
4104,ENST00000376652,ENSP00000365840.4,train,True,8,human,known,NC3
4105,ENST00000376669,ENSP00000365857.5,train,True,8,human,known,NC3
4106,ENST00000376687,ENSP00000365877.4,val,True,8,human,known,NC3
4107,ENST00000376736,ENSP00000365926.1,train,True,8,human,known,NC3
4108,ENST00000376741,ENSP00000365931.4,train,True,8,human,known,NC3
4109,ENST00000376745,ENSP00000365936.4,val,True,8,human,known,NC3
4110,ENST00000376747,ENSP00000365938.3,train,True,8,human,known,NC3
4111,ENST00000376759,ENSP00000365950.3,val,True,8,human,known,NC3
4112,ENST00000376768,ENSP00000365959.1,train,True,8,human,known,NC3
4113,ENST00000376771,ENSP00000365962.4,train,True,8,human,known,NC3
4114,ENST00000376810,ENSP00000366006.5,train,True,8,human,known,NC3
4115,ENST00000376834,ENSP00000366030.3,train,True,8,human,known,NC3
4116,ENST00000376854,ENSP00000366050.5,train,True,8,human,known,NC3
4117,ENST00000376874,ENSP00000366070.4,test,True,8,human,known,NC3
4118,ENST00000376901,ENSP00000366098.4,test,True,8,human,known,NC3
4119,ENST00000376925,ENSP00000366124.3,train,True,8,human,known,NC3
4120,ENST00000376936,ENSP00000366135.4,train,True,8,human,known,NC3
4121,ENST00000376957,ENSP00000366156.2,train,True,8,human,known,NC3
4122,ENST00000376958,ENSP00000366157.4,train,True,8,human,known,NC3
4123,ENST00000376962,ENSP00000366161.5,train,True,8,human,known,NC3
4124,ENST00000376980,ENSP00000366179.3,test,True,8,human,known,NC3
4125,ENST00000376983,ENSP00000366182.3,val,True,8,human,known,NC3
4126,ENST00000376991,ENSP00000366190.2,train,True,8,human,known,NC3
4127,ENST00000377036,ENSP00000366235.2,train,True,8,human,known,NC3
4128,ENST00000377038,ENSP00000366237.3,train,True,8,human,known,NC3
4129,ENST00000377044,ENSP00000366243.4,test,True,8,human,known,NC3
4130,ENST00000377045,ENSP00000366244.4,train,True,8,human,known,NC3
4131,ENST00000377047,ENSP00000366246.3,val,True,8,human,known,NC3
4132,ENST00000377071,ENSP00000366271.3,train,True,8,human,known,NC3
4133,ENST00000377075,ENSP00000366275.2,train,True,8,human,known,NC3
4134,ENST00000377079,ENSP00000366280.4,train,True,8,human,known,NC3
4135,ENST00000325089,ENSP00000366283.2,train,True,8,human,known,NC3
4136,ENST00000377093,ENSP00000366297.4,val,True,8,human,known,NC3
4137,ENST00000377190,ENSP00000366395.3,train,True,8,human,known,NC3
4138,ENST00000377191,ENSP00000366396.3,train,True,8,human,known,NC3
4139,ENST00000377205,ENSP00000366410.1,train,True,8,human,known,NC3
4140,ENST00000377227,ENSP00000366434.4,train,True,8,human,known,NC3
4141,ENST00000377244,ENSP00000366452.3,train,True,8,human,known,NC3
4142,ENST00000377258,ENSP00000366468.1,train,True,8,human,known,NC3
4143,ENST00000377264,ENSP00000366475.3,train,True,8,human,known,NC3
4144,ENST00000377275,ENSP00000366487.3,train,True,8,human,known,NC3
4145,ENST00000377294,ENSP00000366509.2,train,True,8,human,known,NC3
4146,ENST00000377304,ENSP00000366519.4,val,True,8,human,known,NC3
4147,ENST00000331825,ENSP00000366525.2,train,True,8,human,known,NC3
4148,ENST00000377340,ENSP00000366557.2,train,True,8,human,known,NC3
4149,ENST00000377387,ENSP00000366604.1,train,True,8,human,known,NC3
4150,ENST00000377400,ENSP00000366617.5,train,True,8,human,known,NC3
4151,ENST00000377453,ENSP00000366673.5,test,True,8,human,known,NC3
4152,ENST00000377465,ENSP00000366685.1,train,True,8,human,known,NC3
4153,ENST00000377474,ENSP00000366694.2,val,True,8,human,known,NC3
4154,ENST00000377524,ENSP00000366746.3,train,True,8,human,known,NC3
4155,ENST00000377526,ENSP00000366748.3,train,True,8,human,known,NC3
4156,ENST00000377577,ENSP00000366800.5,train,True,8,human,known,NC3
4157,ENST00000377595,ENSP00000366819.3,train,True,8,human,known,NC3
4158,ENST00000377619,ENSP00000366845.5,train,True,8,human,known,NC3
4159,ENST00000377636,ENSP00000366863.3,train,True,8,human,known,NC3
4160,ENST00000377698,ENSP00000366927.3,train,True,8,human,known,NC3
4161,ENST00000377705,ENSP00000366934.5,train,True,8,human,known,NC3
4162,ENST00000377707,ENSP00000366936.3,train,True,8,human,known,NC3
4163,ENST00000377710,ENSP00000366939.5,train,True,8,human,known,NC3
4164,ENST00000377724,ENSP00000366953.3,train,True,8,human,known,NC3
4165,ENST00000377759,ENSP00000366988.3,train,True,8,human,known,NC3
4166,ENST00000377767,ENSP00000366997.4,val,True,8,human,known,NC3
4167,ENST00000377793,ENSP00000367024.4,train,True,8,human,known,NC3
4168,ENST00000377798,ENSP00000367029.4,train,True,8,human,known,NC3
4169,ENST00000377818,ENSP00000367049.3,train,True,8,human,known,NC3
4170,ENST00000377833,ENSP00000367064.4,val,True,8,human,known,NC3
4171,ENST00000377855,ENSP00000367086.2,test,True,8,human,known,NC3
4172,ENST00000377881,ENSP00000367113.2,train,True,8,human,known,NC3
4173,ENST00000377960,ENSP00000367196.4,train,True,8,human,known,NC3
4174,ENST00000343788,ENSP00000367208.4,train,True,8,human,known,NC3
4175,ENST00000378000,ENSP00000367239.1,train,True,8,human,known,NC3
4176,ENST00000378024,ENSP00000367263.4,train,True,8,human,known,NC3
4177,ENST00000378026,ENSP00000367265.4,val,True,8,human,known,NC3
4178,ENST00000378037,ENSP00000367276.4,train,True,8,human,known,NC3
4179,ENST00000378060,ENSP00000367299.3,train,True,8,human,known,NC3
4180,ENST00000378078,ENSP00000367318.4,train,True,8,human,known,NC3
4181,ENST00000378165,ENSP00000367407.3,train,True,8,human,known,NC3
4182,ENST00000378168,ENSP00000367410.4,train,True,8,human,known,NC3
4183,ENST00000378197,ENSP00000367439.4,train,True,8,human,known,NC3
4184,ENST00000378198,ENSP00000367440.4,train,True,8,human,known,NC3
4185,ENST00000356189,ENSP00000367453.4,train,True,8,human,known,NC3
4186,ENST00000378251,ENSP00000367498.1,train,True,8,human,known,NC3
4187,ENST00000378313,ENSP00000367564.2,train,True,8,human,known,NC3
4188,ENST00000378344,ENSP00000367595.2,train,True,8,human,known,NC3
4189,ENST00000378364,ENSP00000367615.3,train,True,8,human,known,NC3
4190,ENST00000378372,ENSP00000367623.3,train,True,8,human,known,NC3
4191,ENST00000378378,ENSP00000367629.4,train,True,8,human,known,NC3
4192,ENST00000378466,ENSP00000367727.5,train,True,8,human,known,NC3
4193,ENST00000378474,ENSP00000367735.3,train,True,8,human,known,NC3
4194,ENST00000378494,ENSP00000367755.3,train,True,8,human,known,NC3
4195,ENST00000378509,ENSP00000367770.4,train,True,8,human,known,NC3
4196,ENST00000378526,ENSP00000367787.3,train,True,8,human,known,NC3
4197,ENST00000378555,ENSP00000367817.3,train,True,8,human,known,NC3
4198,ENST00000378567,ENSP00000367830.3,test,True,8,human,known,NC3
4199,ENST00000378572,ENSP00000367835.3,train,True,8,human,known,NC3
4200,ENST00000378581,ENSP00000367844.3,train,True,8,human,known,NC3
4201,ENST00000327347,ENSP00000367893.3,train,True,8,human,known,NC3
4202,ENST00000378643,ENSP00000367910.4,train,True,8,human,known,NC3
4203,ENST00000378665,ENSP00000367934.1,val,True,8,human,known,NC3
4204,ENST00000378719,ENSP00000367991.2,train,True,8,human,known,NC3
4205,ENST00000378720,ENSP00000367992.3,train,True,8,human,known,NC3
4206,ENST00000378743,ENSP00000368017.4,test,True,8,human,known,NC3
4207,ENST00000378756,ENSP00000368031.3,train,True,8,human,known,NC3
4208,ENST00000378795,ENSP00000368072.5,train,True,8,human,known,NC3
4209,ENST00000378823,ENSP00000368100.4,train,True,8,human,known,NC3
4210,ENST00000378842,ENSP00000368119.4,train,True,8,human,known,NC3
4211,ENST00000378852,ENSP00000368129.3,train,True,8,human,known,NC3
4212,ENST00000378853,ENSP00000368130.3,train,True,8,human,known,NC3
4213,ENST00000378891,ENSP00000368169.5,train,True,8,human,known,NC3
4214,ENST00000378895,ENSP00000368173.4,train,True,8,human,known,NC3
4215,ENST00000378933,ENSP00000368215.1,train,True,8,human,known,NC3
4216,ENST00000378937,ENSP00000368219.3,train,True,8,human,known,NC3
4217,ENST00000378954,ENSP00000368237.4,train,True,8,human,known,NC3
4218,ENST00000378988,ENSP00000368273.4,train,True,8,human,known,NC3
4219,ENST00000379019,ENSP00000368305.4,train,True,8,human,known,NC3
4220,ENST00000379031,ENSP00000368318.5,train,True,8,human,known,NC3
4221,ENST00000379068,ENSP00000368358.3,train,True,8,human,known,NC3
4222,ENST00000379095,ENSP00000368389.4,train,True,8,human,known,NC3
4223,ENST00000379143,ENSP00000368438.5,train,True,8,human,known,NC3
4224,ENST00000379151,ENSP00000368447.4,train,True,8,human,known,NC3
4225,ENST00000379155,ENSP00000368452.5,train,True,8,human,known,NC3
4226,ENST00000379161,ENSP00000368459.4,train,True,8,human,known,NC3
4227,ENST00000379188,ENSP00000368486.4,train,True,8,human,known,NC3
4228,ENST00000379198,ENSP00000368496.2,train,True,8,human,known,NC3
4229,ENST00000379226,ENSP00000368528.4,train,True,8,human,known,NC3
4230,ENST00000379245,ENSP00000368547.4,train,True,8,human,known,NC3
4231,ENST00000379263,ENSP00000368565.3,val,True,8,human,known,NC3
4232,ENST00000379287,ENSP00000368589.3,train,True,8,human,known,NC3
4233,ENST00000379310,ENSP00000368612.3,train,True,8,human,known,NC3
4234,ENST00000379339,ENSP00000368644.1,train,True,8,human,known,NC3
4235,ENST00000379341,ENSP00000368646.4,train,True,8,human,known,NC3
4236,ENST00000379343,ENSP00000368648.2,train,True,8,human,known,NC3
4237,ENST00000379370,ENSP00000368678.2,train,True,8,human,known,NC3
4238,ENST00000379374,ENSP00000368682.4,train,True,8,human,known,NC3
4239,ENST00000379378,ENSP00000368686.3,train,True,8,human,known,NC3
4240,ENST00000379380,ENSP00000368688.4,val,True,8,human,known,NC3
4241,ENST00000379383,ENSP00000368691.3,test,True,8,human,known,NC3
4242,ENST00000379400,ENSP00000368710.3,train,True,8,human,known,NC3
4243,ENST00000379406,ENSP00000368716.3,val,True,8,human,known,NC3
4244,ENST00000379454,ENSP00000368767.4,test,True,8,human,known,NC3
4245,ENST00000379477,ENSP00000368790.1,val,True,8,human,known,NC3
4246,ENST00000379483,ENSP00000368797.3,train,True,8,human,known,NC3
4247,ENST00000379485,ENSP00000368799.1,train,True,8,human,known,NC3
4248,ENST00000379487,ENSP00000368801.3,test,True,8,human,known,NC3
4249,ENST00000379504,ENSP00000368818.3,train,True,8,human,known,NC3
4250,ENST00000379535,ENSP00000368850.4,train,True,8,human,known,NC3
4251,ENST00000379540,ENSP00000368856.3,test,True,8,human,known,NC3
4252,ENST00000379558,ENSP00000368876.3,train,True,8,human,known,NC3
4253,ENST00000379561,ENSP00000368880.4,val,True,8,human,known,NC3
4254,ENST00000379562,ENSP00000368881.3,train,True,8,human,known,NC3
4255,ENST00000379565,ENSP00000368884.3,train,True,8,human,known,NC3
4256,ENST00000379567,ENSP00000368886.2,train,True,8,human,known,NC3
4257,ENST00000379600,ENSP00000368920.3,val,True,8,human,known,NC3
4258,ENST00000379607,ENSP00000368927.5,test,True,8,human,known,NC3
4259,ENST00000379613,ENSP00000368933.5,train,True,8,human,known,NC3
4260,ENST00000379638,ENSP00000368959.4,train,True,8,human,known,NC3
4261,ENST00000379643,ENSP00000368964.5,train,True,8,human,known,NC3
4262,ENST00000379661,ENSP00000368982.3,train,True,8,human,known,NC3
4263,ENST00000379663,ENSP00000368984.3,val,True,8,human,known,NC3
4264,ENST00000379715,ENSP00000369038.5,test,True,8,human,known,NC3
4265,ENST00000379719,ENSP00000369042.3,test,True,8,human,known,NC3
4266,ENST00000379751,ENSP00000369075.4,val,True,8,human,known,NC3
4267,ENST00000379757,ENSP00000369081.4,train,True,8,human,known,NC3
4268,ENST00000330899,ENSP00000369127.3,train,True,8,human,known,NC3
4269,ENST00000379802,ENSP00000369129.3,train,True,8,human,known,NC3
4270,ENST00000379803,ENSP00000369131.1,test,True,8,human,known,NC3
4271,ENST00000379811,nan,train,True,8,human,known,NC3
4272,ENST00000379819,ENSP00000369147.2,train,True,8,human,known,NC3
4273,ENST00000379834,ENSP00000369162.2,test,True,8,human,known,NC3
4274,ENST00000379847,ENSP00000369176.3,train,True,8,human,known,NC3
4275,ENST00000379863,ENSP00000369192.3,test,True,8,human,known,NC3
4276,ENST00000379887,ENSP00000369217.4,train,True,8,human,known,NC3
4277,ENST00000379888,ENSP00000369218.4,train,True,8,human,known,NC3
4278,ENST00000379938,ENSP00000369270.2,test,True,8,human,known,NC3
4279,ENST00000379942,ENSP00000369274.4,test,True,8,human,known,NC3
4280,ENST00000330722,nan,test,True,8,human,known,NC3
4281,ENST00000379999,ENSP00000369335.5,train,True,8,human,known,NC3
4282,ENST00000380051,ENSP00000369391.2,train,True,8,human,known,NC3
4283,ENST00000380071,ENSP00000369411.3,train,True,8,human,known,NC3
4284,ENST00000380084,ENSP00000369424.4,train,True,8,human,known,NC3
4285,ENST00000380087,ENSP00000369427.3,train,True,8,human,known,NC3
4286,ENST00000333916,ENSP00000369431.3,train,True,8,human,known,NC3
4287,ENST00000380110,ENSP00000369453.4,train,True,8,human,known,NC3
4288,ENST00000380113,ENSP00000369456.3,train,True,8,human,known,NC3
4289,ENST00000380118,ENSP00000369461.3,train,True,8,human,known,NC3
4290,ENST00000380122,ENSP00000369465.5,val,True,8,human,known,NC3
4291,ENST00000380155,ENSP00000369500.3,train,True,8,human,known,NC3
4292,ENST00000380191,ENSP00000369538.4,train,True,8,human,known,NC3
4293,ENST00000380243,ENSP00000369592.4,train,True,8,human,known,NC3
4294,ENST00000380249,ENSP00000369599.1,train,True,8,human,known,NC3
4295,ENST00000380317,ENSP00000369674.4,train,True,8,human,known,NC3
4296,ENST00000380324,ENSP00000369681.3,train,True,8,human,known,NC3
4297,ENST00000380325,ENSP00000369682.3,train,True,8,human,known,NC3
4298,ENST00000380338,ENSP00000369695.4,train,True,8,human,known,NC3
4299,ENST00000333628,ENSP00000369703.2,test,True,8,human,known,NC3
4300,ENST00000380379,ENSP00000369739.5,train,True,8,human,known,NC3
4301,ENST00000380394,ENSP00000369757.4,train,True,8,human,known,NC3
4302,ENST00000380412,ENSP00000369777.5,train,True,8,human,known,NC3
4303,ENST00000380419,nan,train,True,8,human,known,NC3
4304,ENST00000380420,ENSP00000369785.5,val,True,8,human,known,NC3
4305,ENST00000380430,ENSP00000369795.1,train,True,8,human,known,NC3
4306,ENST00000380433,nan,train,True,8,human,known,NC3
4307,ENST00000380445,ENSP00000369810.3,train,True,8,human,known,NC3
4308,ENST00000321945,ENSP00000369857.3,train,True,8,human,known,NC3
4309,ENST00000380492,ENSP00000369860.3,train,True,8,human,known,NC3
4310,ENST00000380502,ENSP00000369871.3,train,True,8,human,known,NC3
4311,ENST00000380516,ENSP00000369887.2,train,True,8,human,known,NC3
4312,ENST00000380527,ENSP00000369899.1,train,True,8,human,known,NC3
4313,ENST00000380554,nan,train,True,8,human,known,NC3
4314,ENST00000380607,ENSP00000369981.4,train,True,8,human,known,NC3
4315,ENST00000380610,ENSP00000369984.4,train,True,8,human,known,NC3
4316,ENST00000380617,ENSP00000369991.3,train,True,8,human,known,NC3
4317,ENST00000380639,ENSP00000370013.4,val,True,8,human,known,NC3
4318,ENST00000380672,ENSP00000370047.3,train,True,8,human,known,NC3
4319,ENST00000380680,ENSP00000370055.4,train,True,8,human,known,NC3
4320,ENST00000380698,ENSP00000370074.4,train,True,8,human,known,NC3
4321,ENST00000380738,ENSP00000370114.4,train,True,8,human,known,NC3
4322,ENST00000380739,ENSP00000370115.5,test,True,8,human,known,NC3
4323,ENST00000380749,ENSP00000370125.5,train,True,8,human,known,NC3
4324,ENST00000380752,ENSP00000370128.5,test,True,8,human,known,NC3
4325,ENST00000380763,ENSP00000370140.3,val,True,8,human,known,NC3
4326,ENST00000380764,ENSP00000370141.1,train,True,8,human,known,NC3
4327,ENST00000380815,ENSP00000370194.4,test,True,8,human,known,NC3
4328,ENST00000380822,ENSP00000370201.4,train,True,8,human,known,NC3
4329,ENST00000380887,ENSP00000370270.2,train,True,8,human,known,NC3
4330,ENST00000380903,ENSP00000370288.2,train,True,8,human,known,NC3
4331,ENST00000380950,ENSP00000370337.2,train,True,8,human,known,NC3
4332,ENST00000380958,ENSP00000370345.3,train,True,8,human,known,NC3
4333,ENST00000380985,ENSP00000370372.5,train,True,8,human,known,NC3
4334,ENST00000380986,ENSP00000370373.4,train,True,8,human,known,NC3
4335,ENST00000331200,ENSP00000370376.2,val,True,8,human,known,NC3
4336,ENST00000380989,ENSP00000370377.2,train,True,8,human,known,NC3
4337,ENST00000381006,ENSP00000370394.3,train,True,8,human,known,NC3
4338,ENST00000381007,ENSP00000370395.4,train,True,8,human,known,NC3
4339,ENST00000381020,ENSP00000370408.6,val,True,8,human,known,NC3
4340,ENST00000381031,ENSP00000370419.3,train,True,8,human,known,NC3
4341,ENST00000381042,ENSP00000370430.4,train,True,8,human,known,NC3
4342,ENST00000381070,ENSP00000370460.2,train,True,8,human,known,NC3
4343,ENST00000381090,ENSP00000370480.3,train,True,8,human,known,NC3
4344,ENST00000381120,ENSP00000370512.3,train,True,8,human,known,NC3
4345,ENST00000381140,ENSP00000370532.5,train,True,8,human,known,NC3
4346,ENST00000381151,ENSP00000370543.3,val,True,8,human,known,NC3
4347,ENST00000381154,nan,train,True,8,human,known,NC3
4348,ENST00000381163,ENSP00000370555.3,train,True,8,human,known,NC3
4349,ENST00000381192,nan,train,True,8,human,known,NC3
4350,ENST00000329276,ENSP00000370589.3,train,True,8,human,known,NC3
4351,ENST00000381226,ENSP00000370624.3,train,True,8,human,known,NC3
4352,ENST00000381249,ENSP00000370648.3,train,True,8,human,known,NC3
4353,ENST00000381259,ENSP00000370658.1,val,True,8,human,known,NC3
4354,ENST00000381271,ENSP00000370671.2,train,True,8,human,known,NC3
4355,ENST00000381295,ENSP00000370695.2,test,True,8,human,known,NC3
4356,ENST00000381309,ENSP00000370710.3,train,True,8,human,known,NC3
4357,ENST00000381318,ENSP00000370719.3,train,True,8,human,known,NC3
4358,ENST00000381334,ENSP00000370736.5,val,True,8,human,known,NC3
4359,ENST00000321612,ENSP00000370737.4,train,True,8,human,known,NC3
4360,ENST00000381340,ENSP00000370744.3,train,True,8,human,known,NC3
4361,ENST00000381341,ENSP00000370745.1,train,True,8,human,known,NC3
4362,ENST00000381346,ENSP00000370750.4,train,True,8,human,known,NC3
4363,ENST00000381396,ENSP00000370803.5,val,True,8,human,known,NC3
4364,ENST00000381401,nan,test,True,8,human,known,NC3
4365,ENST00000381482,ENSP00000370891.3,train,True,8,human,known,NC3
4366,ENST00000381519,ENSP00000370930.1,train,True,8,human,known,NC3
4367,ENST00000381527,ENSP00000370938.3,val,True,8,human,known,NC3
4368,ENST00000381535,ENSP00000370946.4,train,True,8,human,known,NC3
4369,ENST00000381554,ENSP00000370966.3,train,True,8,human,known,NC3
4370,ENST00000381556,ENSP00000370968.2,train,True,8,human,known,NC3
4371,ENST00000381571,ENSP00000370984.4,train,True,8,human,known,NC3
4372,ENST00000381638,ENSP00000371051.2,train,True,8,human,known,NC3
4373,ENST00000381647,ENSP00000371061.2,train,True,8,human,known,NC3
4374,ENST00000381679,ENSP00000371095.4,train,True,8,human,known,NC3
4375,ENST00000381685,ENSP00000371101.5,train,True,8,human,known,NC3
4376,ENST00000323205,ENSP00000371110.3,val,True,8,human,known,NC3
4377,ENST00000381707,nan,train,True,8,human,known,NC3
4378,ENST00000381733,ENSP00000371152.4,train,True,8,human,known,NC3
4379,ENST00000381736,ENSP00000371155.3,train,True,8,human,known,NC3
4380,ENST00000381750,ENSP00000371169.4,test,True,8,human,known,NC3
4381,ENST00000381769,ENSP00000371188.2,train,True,8,human,known,NC3
4382,ENST00000381774,ENSP00000371193.4,train,True,8,human,known,NC3
4383,ENST00000381793,ENSP00000371212.2,train,True,8,human,known,NC3
4384,ENST00000381809,ENSP00000371230.3,train,True,8,human,known,NC3
4385,ENST00000381815,ENSP00000371236.4,train,True,8,human,known,NC3
4386,ENST00000381854,ENSP00000371278.3,train,True,8,human,known,NC3
4387,ENST00000381897,ENSP00000371321.1,train,True,8,human,known,NC3
4388,ENST00000381937,ENSP00000371362.4,train,True,8,human,known,NC3
4389,ENST00000381962,ENSP00000371388.4,val,True,8,human,known,NC3
4390,ENST00000381967,ENSP00000371393.4,train,True,8,human,known,NC3
4391,ENST00000381989,ENSP00000371419.3,train,True,8,human,known,NC3
4392,ENST00000382021,ENSP00000371451.2,train,True,8,human,known,NC3
4393,ENST00000382031,ENSP00000371462.1,test,True,8,human,known,NC3
4394,ENST00000382044,ENSP00000371475.5,train,True,8,human,known,NC3
4395,ENST00000382051,nan,train,True,8,human,known,NC3
4396,ENST00000382100,ENSP00000371532.2,train,True,8,human,known,NC3
4397,ENST00000382142,ENSP00000371577.3,train,True,8,human,known,NC3
4398,ENST00000382159,ENSP00000371594.2,train,True,8,human,known,NC3
4399,ENST00000382172,ENSP00000371607.3,train,True,8,human,known,NC3
4400,ENST00000382203,ENSP00000371638.1,train,True,8,human,known,NC3
4401,ENST00000382247,ENSP00000371682.1,train,True,8,human,known,NC3
4402,ENST00000382361,ENSP00000371798.3,test,True,8,human,known,NC3
4403,ENST00000382368,ENSP00000371805.3,test,True,8,human,known,NC3
4404,ENST00000382374,ENSP00000371811.4,train,True,8,human,known,NC3
4405,ENST00000382421,ENSP00000371858.3,test,True,8,human,known,NC3
4406,ENST00000382422,ENSP00000371859.2,train,True,8,human,known,NC3
4407,ENST00000382564,ENSP00000372005.2,train,True,8,human,known,NC3
4408,ENST00000382580,ENSP00000372023.2,test,True,8,human,known,NC3
4409,ENST00000382581,ENSP00000372024.4,train,True,8,human,known,NC3
4410,ENST00000382708,ENSP00000372155.3,train,True,8,human,known,NC3
4411,ENST00000382711,ENSP00000372158.5,val,True,8,human,known,NC3
4412,ENST00000382743,ENSP00000372191.4,train,True,8,human,known,NC3
4413,ENST00000382745,ENSP00000372193.4,train,True,8,human,known,NC3
4414,ENST00000382751,ENSP00000372199.3,test,True,8,human,known,NC3
4415,ENST00000382753,ENSP00000372201.4,train,True,8,human,known,NC3
4416,ENST00000382874,ENSP00000372327.2,train,True,8,human,known,NC3
4417,ENST00000382891,ENSP00000372347.5,train,True,8,human,known,NC3
4418,ENST00000382985,ENSP00000372445.4,train,True,8,human,known,NC3
4419,ENST00000383202,ENSP00000372689.2,train,True,8,human,known,NC3
4420,ENST00000383329,ENSP00000372819.3,test,True,8,human,known,NC3
4421,ENST00000383432,ENSP00000372924.3,train,True,8,human,known,NC3
4422,ENST00000383657,ENSP00000373153.5,train,True,8,human,known,NC3
4423,ENST00000383678,ENSP00000373176.2,train,True,8,human,known,NC3
4424,ENST00000383701,ENSP00000373206.3,val,True,8,human,known,NC3
4425,ENST00000383710,ENSP00000373215.4,val,True,8,human,known,NC3
4426,ENST00000383791,ENSP00000373301.3,train,True,8,human,known,NC3
4427,ENST00000383794,ENSP00000373304.3,train,True,8,human,known,NC3
4428,ENST00000383801,ENSP00000373312.2,val,True,8,human,known,NC3
4429,ENST00000388712,ENSP00000373364.3,train,True,8,human,known,NC3
4430,ENST00000388752,ENSP00000373404.3,train,True,8,human,known,NC3
4431,ENST00000388768,ENSP00000373420.2,train,True,8,human,known,NC3
4432,ENST00000388822,ENSP00000373474.3,train,True,8,human,known,NC3
4433,ENST00000388837,ENSP00000373489.2,train,True,8,human,known,NC3
4434,ENST00000388901,ENSP00000373553.5,val,True,8,human,known,NC3
4435,ENST00000388995,ENSP00000373647.5,train,True,8,human,known,NC3
4436,ENST00000389005,ENSP00000373657.4,val,True,8,human,known,NC3
4437,ENST00000389017,ENSP00000373669.4,train,True,8,human,known,NC3
4438,ENST00000389032,ENSP00000373684.3,val,True,8,human,known,NC3
4439,ENST00000389054,ENSP00000373706.4,test,True,8,human,known,NC3
4440,ENST00000389063,ENSP00000373715.2,train,True,8,human,known,NC3
4441,ENST00000389120,ENSP00000373772.3,train,True,8,human,known,NC3
4442,ENST00000389221,ENSP00000373873.6,train,True,8,human,known,NC3
4443,ENST00000389279,ENSP00000373930.3,train,True,8,human,known,NC3
4444,ENST00000389501,ENSP00000374152.4,train,True,8,human,known,NC3
4445,ENST00000389561,ENSP00000374212.2,train,True,8,human,known,NC3
4446,ENST00000389622,ENSP00000374273.3,train,True,8,human,known,NC3
4447,ENST00000389639,nan,val,True,8,human,known,NC3
4448,ENST00000389658,ENSP00000374309.3,train,True,8,human,known,NC3
4449,ENST00000389675,ENSP00000374326.2,train,True,8,human,known,NC3
4450,ENST00000389682,ENSP00000374332.3,train,True,8,human,known,NC3
4451,ENST00000389704,ENSP00000374354.3,train,True,8,human,known,NC3
4452,ENST00000389737,ENSP00000374387.4,train,True,8,human,known,NC3
4453,ENST00000389749,ENSP00000374399.4,train,True,8,human,known,NC3
4454,ENST00000389759,ENSP00000374409.3,train,True,8,human,known,NC3
4455,ENST00000389774,ENSP00000374424.2,val,True,8,human,known,NC3
4456,ENST00000389879,ENSP00000374529.5,train,True,8,human,known,NC3
4457,ENST00000389902,ENSP00000374552.3,train,True,8,human,known,NC3
4458,ENST00000389912,ENSP00000374562.5,train,True,8,human,known,NC3
4459,ENST00000391770,ENSP00000375650.4,train,True,8,human,known,NC3
4460,ENST00000391835,ENSP00000375711.1,val,True,8,human,known,NC3
4461,ENST00000391842,ENSP00000375717.1,test,True,8,human,known,NC3
4462,ENST00000391857,ENSP00000375730.4,train,True,8,human,known,NC3
4463,ENST00000391860,ENSP00000375733.2,val,True,8,human,known,NC3
4464,ENST00000391910,ENSP00000375777.1,val,True,8,human,known,NC3
4465,ENST00000391951,ENSP00000375813.1,train,True,8,human,known,NC3
4466,ENST00000391976,ENSP00000375837.2,train,True,8,human,known,NC3
4467,ENST00000391980,ENSP00000375840.2,train,True,8,human,known,NC3
4468,ENST00000392006,ENSP00000375863.2,train,True,8,human,known,NC3
4469,ENST00000392018,ENSP00000375873.1,train,True,8,human,known,NC3
4470,ENST00000392038,ENSP00000375892.2,train,True,8,human,known,NC3
4471,ENST00000392092,ENSP00000375942.2,val,True,8,human,known,NC3
4472,ENST00000392102,ENSP00000375951.1,train,True,8,human,known,NC3
4473,ENST00000392112,ENSP00000375960.2,train,True,8,human,known,NC3
4474,ENST00000392132,ENSP00000375977.2,train,True,8,human,known,NC3
4475,ENST00000392142,ENSP00000375986.4,train,True,8,human,known,NC3
4476,ENST00000392238,ENSP00000376071.2,train,True,8,human,known,NC3
4477,ENST00000392271,ENSP00000376097.2,train,True,8,human,known,NC3
4478,ENST00000392318,ENSP00000376132.3,train,True,8,human,known,NC3
4479,ENST00000392325,ENSP00000376139.4,test,True,8,human,known,NC3
4480,ENST00000392329,ENSP00000376142.2,val,True,8,human,known,NC3
4481,ENST00000392336,ENSP00000376148.3,train,True,8,human,known,NC3
4482,ENST00000392359,ENSP00000376168.3,train,True,8,human,known,NC3
4483,ENST00000392373,ENSP00000376178.2,train,True,8,human,known,NC3
4484,ENST00000392452,ENSP00000376246.2,val,True,8,human,known,NC3
4485,ENST00000392456,ENSP00000376250.4,val,True,8,human,known,NC3
4486,ENST00000392465,ENSP00000376258.3,train,True,8,human,known,NC3
4487,ENST00000392477,ENSP00000376269.2,train,True,8,human,known,NC3
4488,ENST00000392481,ENSP00000376272.2,train,True,8,human,known,NC3
4489,ENST00000392505,ENSP00000376293.2,train,True,8,human,known,NC3
4490,ENST00000392508,ENSP00000376296.2,train,True,8,human,known,NC3
4491,ENST00000392521,ENSP00000376306.2,train,True,8,human,known,NC3
4492,ENST00000392523,ENSP00000376308.4,train,True,8,human,known,NC3
4493,ENST00000392537,ENSP00000376320.2,train,True,8,human,known,NC3
4494,ENST00000392539,ENSP00000376322.3,test,True,8,human,known,NC3
4495,ENST00000392550,ENSP00000376333.4,train,True,8,human,known,NC3
4496,ENST00000392561,ENSP00000376344.3,train,True,8,human,known,NC3
4497,ENST00000392562,ENSP00000376345.1,train,True,8,human,known,NC3
4498,ENST00000392587,ENSP00000376366.2,test,True,8,human,known,NC3
4499,ENST00000392650,ENSP00000376421.3,train,True,8,human,known,NC3
4500,ENST00000392687,ENSP00000376453.4,test,True,8,human,known,NC3
4501,ENST00000392692,ENSP00000376457.3,train,True,8,human,known,NC3
4502,ENST00000392708,ENSP00000376472.3,train,True,8,human,known,NC3
4503,ENST00000392749,ENSP00000376505.2,train,True,8,human,known,NC3
4504,ENST00000392750,ENSP00000376506.2,val,True,8,human,known,NC3
4505,ENST00000392789,ENSP00000376539.2,train,True,8,human,known,NC3
4506,ENST00000392796,ENSP00000376545.3,train,True,8,human,known,NC3
4507,ENST00000392799,ENSP00000376547.3,train,True,8,human,known,NC3
4508,ENST00000392837,ENSP00000376582.4,train,True,8,human,known,NC3
4509,ENST00000392872,ENSP00000376611.3,val,True,8,human,known,NC3
4510,ENST00000392876,ENSP00000376615.3,train,True,8,human,known,NC3
4511,ENST00000393047,ENSP00000376767.3,train,True,8,human,known,NC3
4512,ENST00000393053,ENSP00000376773.2,train,True,8,human,known,NC3
4513,ENST00000393066,ENSP00000376785.3,train,True,8,human,known,NC3
4514,ENST00000393085,ENSP00000376800.3,train,True,8,human,known,NC3
4515,ENST00000393110,ENSP00000376822.2,val,True,8,human,known,NC3
4516,ENST00000393203,ENSP00000376899.2,val,True,8,human,known,NC3
4517,ENST00000393218,ENSP00000376911.2,val,True,8,human,known,NC3
4518,ENST00000393227,ENSP00000376919.2,train,True,8,human,known,NC3
4519,ENST00000393263,ENSP00000376947.3,train,True,8,human,known,NC3
4520,ENST00000393312,ENSP00000376988.1,train,True,8,human,known,NC3
4521,ENST00000393340,ENSP00000377010.3,train,True,8,human,known,NC3
4522,ENST00000393346,ENSP00000377015.3,train,True,8,human,known,NC3
4523,ENST00000393359,ENSP00000377027.2,train,True,8,human,known,NC3
4524,ENST00000393409,ENSP00000377061.2,train,True,8,human,known,NC3
4525,ENST00000393430,ENSP00000377080.2,train,True,8,human,known,NC3
4526,ENST00000393454,ENSP00000377099.2,test,True,8,human,known,NC3
4527,ENST00000393512,ENSP00000377148.3,train,True,8,human,known,NC3
4528,ENST00000393577,ENSP00000377205.3,train,True,8,human,known,NC3
4529,ENST00000393600,ENSP00000377225.3,test,True,8,human,known,NC3
4530,ENST00000393609,ENSP00000377233.3,val,True,8,human,known,NC3
4531,ENST00000393611,ENSP00000377235.2,train,True,8,human,known,NC3
4532,ENST00000393629,ENSP00000377249.2,train,True,8,human,known,NC3
4533,ENST00000393651,ENSP00000377262.3,train,True,8,human,known,NC3
4534,ENST00000393695,ENSP00000377298.4,train,True,8,human,known,NC3
4535,ENST00000393700,ENSP00000377303.3,train,True,8,human,known,NC3
4536,ENST00000393780,ENSP00000377372.3,train,True,8,human,known,NC3
4537,ENST00000393784,ENSP00000377374.3,train,True,8,human,known,NC3
4538,ENST00000393792,ENSP00000377381.2,train,True,8,human,known,NC3
4539,ENST00000393795,ENSP00000377384.2,val,True,8,human,known,NC3
4540,ENST00000393801,ENSP00000377390.3,train,True,8,human,known,NC3
4541,ENST00000393812,ENSP00000377401.3,train,True,8,human,known,NC3
4542,ENST00000393868,ENSP00000377446.2,test,True,8,human,known,NC3
4543,ENST00000393892,ENSP00000377470.2,test,True,8,human,known,NC3
4544,ENST00000393893,ENSP00000377471.1,train,True,8,human,known,NC3
4545,ENST00000393896,ENSP00000377474.1,train,True,8,human,known,NC3
4546,ENST00000393915,ENSP00000377492.4,train,True,8,human,known,NC3
4547,ENST00000393917,ENSP00000377494.2,train,True,8,human,known,NC3
4548,ENST00000393925,ENSP00000377502.3,val,True,8,human,known,NC3
4549,ENST00000393930,ENSP00000377507.1,train,True,8,human,known,NC3
4550,ENST00000394030,ENSP00000377598.4,train,True,8,human,known,NC3
4551,ENST00000394048,ENSP00000377612.5,train,True,8,human,known,NC3
4552,ENST00000394053,ENSP00000377617.2,train,True,8,human,known,NC3
4553,ENST00000394067,ENSP00000377631.2,train,True,8,human,known,NC3
4554,ENST00000394070,ENSP00000377633.2,train,True,8,human,known,NC3
4555,ENST00000394077,ENSP00000377640.3,train,True,8,human,known,NC3
4556,ENST00000394105,ENSP00000377665.2,val,True,8,human,known,NC3
4557,ENST00000394125,ENSP00000377683.4,train,True,8,human,known,NC3
4558,ENST00000394126,ENSP00000377684.1,train,True,8,human,known,NC3
4559,ENST00000394140,ENSP00000377696.3,train,True,8,human,known,NC3
4560,ENST00000394144,ENSP00000377700.4,train,True,8,human,known,NC3
4561,ENST00000394147,ENSP00000377703.1,train,True,8,human,known,NC3
4562,ENST00000394152,ENSP00000377708.2,train,True,8,human,known,NC3
4563,ENST00000394166,ENSP00000377721.3,train,True,8,human,known,NC3
4564,ENST00000394181,ENSP00000377735.3,train,True,8,human,known,NC3
4565,ENST00000394196,ENSP00000377747.4,train,True,8,human,known,NC3
4566,ENST00000394198,ENSP00000377748.2,train,True,8,human,known,NC3
4567,ENST00000394199,ENSP00000377749.2,train,True,8,human,known,NC3
4568,ENST00000394223,ENSP00000377770.1,val,True,8,human,known,NC3
4569,ENST00000394231,ENSP00000377778.3,train,True,8,human,known,NC3
4570,ENST00000394249,ENSP00000377793.3,train,True,8,human,known,NC3
4571,ENST00000394252,ENSP00000377796.3,train,True,8,human,known,NC3
4572,ENST00000394264,ENSP00000377807.5,train,True,8,human,known,NC3
4573,ENST00000394295,ENSP00000377833.4,test,True,8,human,known,NC3
4574,ENST00000394299,ENSP00000377836.2,train,True,8,human,known,NC3
4575,ENST00000394303,ENSP00000377840.3,train,True,8,human,known,NC3
4576,ENST00000394309,ENSP00000377846.3,val,True,8,human,known,NC3
4577,ENST00000394366,ENSP00000377892.2,test,True,8,human,known,NC3
4578,ENST00000394391,ENSP00000377914.4,val,True,8,human,known,NC3
4579,ENST00000394419,ENSP00000377941.4,train,True,8,human,known,NC3
4580,ENST00000394420,ENSP00000377942.4,train,True,8,human,known,NC3
4581,ENST00000394422,ENSP00000377944.3,train,True,8,human,known,NC3
4582,ENST00000394434,ENSP00000377954.2,train,True,8,human,known,NC3
4583,ENST00000394440,ENSP00000377958.3,train,True,8,human,known,NC3
4584,ENST00000394456,ENSP00000377969.3,train,True,8,human,known,NC3
4585,ENST00000394466,ENSP00000377979.2,val,True,8,human,known,NC3
4586,ENST00000394511,ENSP00000378019.3,train,True,8,human,known,NC3
4587,ENST00000394519,ENSP00000378027.1,val,True,8,human,known,NC3
4588,ENST00000394532,ENSP00000378040.3,train,True,8,human,known,NC3
4589,ENST00000394546,ENSP00000378050.2,train,True,8,human,known,NC3
4590,ENST00000394580,ENSP00000378081.2,val,True,8,human,known,NC3
4591,ENST00000394593,ENSP00000378093.3,test,True,8,human,known,NC3
4592,ENST00000394600,ENSP00000378099.3,train,True,8,human,known,NC3
4593,ENST00000394607,ENSP00000378105.3,train,True,8,human,known,NC3
4594,ENST00000394631,ENSP00000378127.3,test,True,8,human,known,NC3
4595,ENST00000394650,ENSP00000378145.4,train,True,8,human,known,NC3
4596,ENST00000394668,ENSP00000378163.2,train,True,8,human,known,NC3
4597,ENST00000394703,ENSP00000378193.5,train,True,8,human,known,NC3
4598,ENST00000394708,ENSP00000378198.2,train,True,8,human,known,NC3
4599,ENST00000394752,ENSP00000378235.2,train,True,8,human,known,NC3
4600,ENST00000394780,ENSP00000378260.3,train,True,8,human,known,NC3
4601,ENST00000394809,nan,test,True,8,human,known,NC3
4602,ENST00000394818,ENSP00000378295.3,train,True,8,human,known,NC3
4603,ENST00000394829,ENSP00000378306.2,train,True,8,human,known,NC3
4604,ENST00000394850,ENSP00000378320.2,train,True,8,human,known,NC3
4605,ENST00000394853,ENSP00000378322.4,val,True,8,human,known,NC3
4606,ENST00000394855,nan,train,True,8,human,known,NC3
4607,ENST00000394869,ENSP00000378338.3,train,True,8,human,known,NC3
4608,ENST00000394876,ENSP00000378342.2,test,True,8,human,known,NC3
4609,ENST00000394886,ENSP00000378350.2,train,True,8,human,known,NC3
4610,ENST00000394894,ENSP00000378356.3,train,True,8,human,known,NC3
4611,ENST00000394900,ENSP00000378360.3,val,True,8,human,known,NC3
4612,ENST00000394903,ENSP00000378363.2,train,True,8,human,known,NC3
4613,ENST00000394904,ENSP00000378364.3,val,True,8,human,known,NC3
4614,ENST00000394906,ENSP00000378366.2,train,True,8,human,known,NC3
4615,ENST00000394915,ENSP00000378373.3,train,True,8,human,known,NC3
4616,ENST00000394920,ENSP00000378378.2,train,True,8,human,known,NC3
4617,ENST00000394936,ENSP00000378394.3,test,True,8,human,known,NC3
4618,ENST00000394963,ENSP00000378414.4,train,True,8,human,known,NC3
4619,ENST00000394975,ENSP00000378426.2,train,True,8,human,known,NC3
4620,ENST00000394987,ENSP00000378438.4,train,True,8,human,known,NC3
4621,ENST00000395064,nan,train,True,8,human,known,NC3
4622,ENST00000395095,ENSP00000378529.2,train,True,8,human,known,NC3
4623,ENST00000395125,ENSP00000378557.1,train,True,8,human,known,NC3
4624,ENST00000395198,ENSP00000378624.3,train,True,8,human,known,NC3
4625,ENST00000395236,ENSP00000378658.2,train,True,8,human,known,NC3
4626,ENST00000395284,ENSP00000378699.3,test,True,8,human,known,NC3
4627,ENST00000395321,ENSP00000378731.2,train,True,8,human,known,NC3
4628,ENST00000395334,ENSP00000378743.2,train,True,8,human,known,NC3
4629,ENST00000395343,ENSP00000378752.1,train,True,8,human,known,NC3
4630,ENST00000395386,ENSP00000378784.2,train,True,8,human,known,NC3
4631,ENST00000395405,ENSP00000378801.1,train,True,8,human,known,NC3
4632,ENST00000395422,ENSP00000378812.3,train,True,8,human,known,NC3
4633,ENST00000395468,ENSP00000378851.3,val,True,8,human,known,NC3
4634,ENST00000395514,ENSP00000378890.1,train,True,8,human,known,NC3
4635,ENST00000395547,ENSP00000378917.2,test,True,8,human,known,NC3
4636,ENST00000395550,ENSP00000378920.2,train,True,8,human,known,NC3
4637,ENST00000395602,ENSP00000378966.4,train,True,8,human,known,NC3
4638,ENST00000395611,ENSP00000378974.4,train,True,8,human,known,NC3
4639,ENST00000395621,ENSP00000378983.3,val,True,8,human,known,NC3
4640,ENST00000395647,ENSP00000379008.2,train,True,8,human,known,NC3
4641,ENST00000395659,ENSP00000379019.1,val,True,8,human,known,NC3
4642,ENST00000395681,ENSP00000379038.1,train,True,8,human,known,NC3
4643,ENST00000395686,ENSP00000379042.3,train,True,8,human,known,NC3
4644,ENST00000395694,ENSP00000379047.2,train,True,8,human,known,NC3
4645,ENST00000395699,ENSP00000379051.2,train,True,8,human,known,NC3
4646,ENST00000395706,ENSP00000379057.2,train,True,8,human,known,NC3
4647,ENST00000395715,ENSP00000379065.3,train,True,8,human,known,NC3
4648,ENST00000395728,ENSP00000379078.3,train,True,8,human,known,NC3
4649,ENST00000395787,ENSP00000379133.3,test,True,8,human,known,NC3
4650,ENST00000395799,ENSP00000379144.3,train,True,8,human,known,NC3
4651,ENST00000395829,ENSP00000379173.1,test,True,8,human,known,NC3
4652,ENST00000395862,ENSP00000379203.3,test,True,8,human,known,NC3
4653,ENST00000395878,ENSP00000379217.3,train,True,8,human,known,NC3
4654,ENST00000395913,ENSP00000379249.3,train,True,8,human,known,NC3
4655,ENST00000395934,ENSP00000379267.2,val,True,8,human,known,NC3
4656,ENST00000395951,ENSP00000379281.3,train,True,8,human,known,NC3
4657,ENST00000395965,ENSP00000379294.3,test,True,8,human,known,NC3
4658,ENST00000396051,ENSP00000379366.2,train,True,8,human,known,NC3
4659,ENST00000396063,ENSP00000379375.1,train,True,8,human,known,NC3
4660,ENST00000396081,ENSP00000379390.1,train,True,8,human,known,NC3
4661,ENST00000396083,ENSP00000379392.2,train,True,8,human,known,NC3
4662,ENST00000396105,ENSP00000379412.1,train,True,8,human,known,NC3
4663,ENST00000396137,ENSP00000379441.4,train,True,8,human,known,NC3
4664,ENST00000396153,ENSP00000379457.2,train,True,8,human,known,NC3
4665,ENST00000396169,ENSP00000379472.2,train,True,8,human,known,NC3
4666,ENST00000396197,ENSP00000379500.2,test,True,8,human,known,NC3
4667,ENST00000396200,ENSP00000379503.3,train,True,8,human,known,NC3
4668,ENST00000396203,ENSP00000379506.2,val,True,8,human,known,NC3
4669,ENST00000396209,ENSP00000379512.1,train,True,8,human,known,NC3
4670,ENST00000396265,ENSP00000379563.4,train,True,8,human,known,NC3
4671,ENST00000396354,ENSP00000379642.1,train,True,8,human,known,NC3
4672,ENST00000396373,ENSP00000379658.3,train,True,8,human,known,NC3
4673,ENST00000396389,ENSP00000379672.1,train,True,8,human,known,NC3
4674,ENST00000396391,ENSP00000379673.1,train,True,8,human,known,NC3
4675,ENST00000396396,ENSP00000379678.1,val,True,8,human,known,NC3
4676,ENST00000396478,ENSP00000379739.3,train,True,8,human,known,NC3
4677,ENST00000396512,ENSP00000379769.3,train,True,8,human,known,NC3
4678,ENST00000396516,ENSP00000379773.2,train,True,8,human,known,NC3
4679,ENST00000396556,ENSP00000379804.2,val,True,8,human,known,NC3
4680,ENST00000396591,ENSP00000379836.3,train,True,8,human,known,NC3
4681,ENST00000396594,ENSP00000379839.3,train,True,8,human,known,NC3
4682,ENST00000389167,ENSP00000379841.4,train,True,8,human,known,NC3
4683,ENST00000396602,ENSP00000379847.2,train,True,8,human,known,NC3
4684,ENST00000396625,ENSP00000379866.3,train,True,8,human,known,NC3
4685,ENST00000396651,ENSP00000379888.3,train,True,8,human,known,NC3
4686,ENST00000396668,ENSP00000379902.3,train,True,8,human,known,NC3
4687,ENST00000396679,ENSP00000379911.1,train,True,8,human,known,NC3
4688,ENST00000396682,ENSP00000379914.2,train,True,8,human,known,NC3
4689,ENST00000396703,ENSP00000379931.1,train,True,8,human,known,NC3
4690,ENST00000396761,ENSP00000379983.2,train,True,8,human,known,NC3
4691,ENST00000396791,ENSP00000380009.3,train,True,8,human,known,NC3
4692,ENST00000396821,ENSP00000380033.4,val,True,8,human,known,NC3
4693,ENST00000396825,ENSP00000380037.3,test,True,8,human,known,NC3
4694,ENST00000396842,ENSP00000380054.2,train,True,8,human,known,NC3
4695,ENST00000396865,ENSP00000380074.2,train,True,8,human,known,NC3
4696,ENST00000396926,ENSP00000380132.3,train,True,8,human,known,NC3
4697,ENST00000396954,ENSP00000380157.3,train,True,8,human,known,NC3
4698,ENST00000396965,ENSP00000380165.1,train,True,8,human,known,NC3
4699,ENST00000396981,ENSP00000380178.2,train,True,8,human,known,NC3
4700,ENST00000396987,ENSP00000380184.3,train,True,8,human,known,NC3
4701,ENST00000397033,ENSP00000380227.2,train,True,8,human,known,NC3
4702,ENST00000397040,ENSP00000380233.1,train,True,8,human,known,NC3
4703,ENST00000397061,ENSP00000380251.2,train,True,8,human,known,NC3
4704,ENST00000397120,ENSP00000380309.3,train,True,8,human,known,NC3
4705,ENST00000397124,ENSP00000380313.1,train,True,8,human,known,NC3
4706,ENST00000397132,ENSP00000380321.2,train,True,8,human,known,NC3
4707,ENST00000397133,ENSP00000380322.1,train,True,8,human,known,NC3
4708,ENST00000397149,ENSP00000380336.3,train,True,8,human,known,NC3
4709,ENST00000397166,ENSP00000380352.2,val,True,8,human,known,NC3
4710,ENST00000397224,ENSP00000380401.4,train,True,8,human,known,NC3
4711,ENST00000397238,ENSP00000380413.2,train,True,8,human,known,NC3
4712,ENST00000397251,ENSP00000380423.3,train,True,8,human,known,NC3
4713,ENST00000397270,nan,train,True,8,human,known,NC3
4714,ENST00000397278,ENSP00000380448.4,test,True,8,human,known,NC3
4715,ENST00000397292,ENSP00000380460.3,val,True,8,human,known,NC3
4716,ENST00000397333,ENSP00000380495.3,test,True,8,human,known,NC3
4717,ENST00000397345,ENSP00000380505.3,val,True,8,human,known,NC3
4718,ENST00000397356,ENSP00000380514.3,train,True,8,human,known,NC3
4719,ENST00000397410,ENSP00000380557.3,train,True,8,human,known,NC3
4720,ENST00000397457,ENSP00000380598.2,train,True,8,human,known,NC3
4721,ENST00000397609,ENSP00000380734.2,train,True,8,human,known,NC3
4722,ENST00000397622,ENSP00000380747.2,train,True,8,human,known,NC3
4723,ENST00000397641,ENSP00000380763.2,train,True,8,human,known,NC3
4724,ENST00000397676,ENSP00000380793.3,train,True,8,human,known,NC3
4725,ENST00000397762,ENSP00000380869.1,val,True,8,human,known,NC3
4726,ENST00000397771,ENSP00000380877.2,train,True,8,human,known,NC3
4727,ENST00000397775,ENSP00000380878.3,train,True,8,human,known,NC3
4728,ENST00000397786,ENSP00000380888.2,train,True,8,human,known,NC3
4729,ENST00000397802,ENSP00000380904.3,train,True,8,human,known,NC3
4730,ENST00000397809,ENSP00000380911.4,train,True,8,human,known,NC3
4731,ENST00000397851,ENSP00000380949.2,train,True,8,human,known,NC3
4732,ENST00000397873,ENSP00000380971.2,train,True,8,human,known,NC3
4733,ENST00000397885,ENSP00000380982.2,train,True,8,human,known,NC3
4734,ENST00000397893,ENSP00000380990.3,test,True,8,human,known,NC3
4735,ENST00000397912,ENSP00000381010.3,train,True,8,human,known,NC3
4736,ENST00000397955,ENSP00000381046.3,train,True,8,human,known,NC3
4737,ENST00000397956,ENSP00000381047.3,train,True,8,human,known,NC3
4738,ENST00000397977,ENSP00000381064.3,val,True,8,human,known,NC3
4739,ENST00000397983,ENSP00000381070.2,train,True,8,human,known,NC3
4740,ENST00000398004,ENSP00000381089.2,train,True,8,human,known,NC3
4741,ENST00000398022,ENSP00000381104.2,train,True,8,human,known,NC3
4742,ENST00000398110,ENSP00000381180.2,train,True,8,human,known,NC3
4743,ENST00000398148,ENSP00000381216.2,train,True,8,human,known,NC3
4744,ENST00000398153,ENSP00000381220.1,train,True,8,human,known,NC3
4745,ENST00000398208,ENSP00000381266.2,test,True,8,human,known,NC3
4746,ENST00000398333,ENSP00000381377.3,train,True,8,human,known,NC3
4747,ENST00000398355,ENSP00000381398.3,test,True,8,human,known,NC3
4748,ENST00000398392,ENSP00000381429.2,train,True,8,human,known,NC3
4749,ENST00000398417,ENSP00000381452.1,val,True,8,human,known,NC3
4750,ENST00000398452,ENSP00000381470.1,train,True,8,human,known,NC3
4751,ENST00000398491,ENSP00000381504.2,train,True,8,human,known,NC3
4752,ENST00000398499,ENSP00000381512.1,train,True,8,human,known,NC3
4753,ENST00000398510,ENSP00000381522.3,train,True,8,human,known,NC3
4754,ENST00000398519,ENSP00000381531.5,train,True,8,human,known,NC3
4755,ENST00000398532,ENSP00000381543.3,train,True,8,human,known,NC3
4756,ENST00000398571,ENSP00000381577.2,train,True,8,human,known,NC3
4757,ENST00000398606,ENSP00000381607.3,train,True,8,human,known,NC3
4758,ENST00000398659,ENSP00000381652.4,train,True,8,human,known,NC3
4759,ENST00000398675,ENSP00000381666.3,train,True,8,human,known,NC3
4760,ENST00000398706,ENSP00000381693.2,train,True,8,human,known,NC3
4761,ENST00000398712,ENSP00000381698.2,train,True,8,human,known,NC3
4762,ENST00000398741,ENSP00000381726.1,train,True,8,human,known,NC3
4763,ENST00000398752,ENSP00000381736.5,train,True,8,human,known,NC3
4764,ENST00000398805,ENSP00000381785.3,val,True,8,human,known,NC3
4765,ENST00000398844,ENSP00000381823.2,train,True,8,human,known,NC3
4766,ENST00000398864,ENSP00000381840.3,train,True,8,human,known,NC3
4767,ENST00000398868,ENSP00000381844.3,train,True,8,human,known,NC3
4768,ENST00000398884,ENSP00000381859.3,train,True,8,human,known,NC3
4769,ENST00000398944,nan,train,True,8,human,known,NC3
4770,ENST00000398955,ENSP00000381928.1,train,True,8,human,known,NC3
4771,ENST00000398960,ENSP00000381932.2,val,True,8,human,known,NC3
4772,ENST00000399034,ENSP00000381992.4,train,True,8,human,known,NC3
4773,ENST00000399050,ENSP00000382004.5,train,True,8,human,known,NC3
4774,ENST00000399061,ENSP00000382015.2,train,True,8,human,known,NC3
4775,ENST00000399069,ENSP00000382021.3,train,True,8,human,known,NC3
4776,ENST00000399138,ENSP00000382091.4,train,True,8,human,known,NC3
4777,ENST00000399233,ENSP00000382179.4,val,True,8,human,known,NC3
4778,ENST00000399300,ENSP00000382239.2,train,True,8,human,known,NC3
4779,ENST00000399312,ENSP00000382250.2,train,True,8,human,known,NC3
4780,ENST00000399322,nan,test,True,8,human,known,NC3
4781,ENST00000399332,ENSP00000382269.1,train,True,8,human,known,NC3
4782,ENST00000399395,ENSP00000382327.3,train,True,8,human,known,NC3
4783,ENST00000399408,ENSP00000382340.4,train,True,8,human,known,NC3
4784,ENST00000399409,ENSP00000382341.3,train,True,8,human,known,NC3
4785,ENST00000399444,nan,train,True,8,human,known,NC3
4786,ENST00000399455,ENSP00000382382.2,test,True,8,human,known,NC3
4787,ENST00000399464,ENSP00000382390.2,train,True,8,human,known,NC3
4788,ENST00000399537,ENSP00000382452.4,train,True,8,human,known,NC3
4789,ENST00000399564,ENSP00000382476.4,val,True,8,human,known,NC3
4790,ENST00000399598,ENSP00000382507.2,train,True,8,human,known,NC3
4791,ENST00000399613,ENSP00000382522.1,train,True,8,human,known,NC3
4792,ENST00000399654,ENSP00000382562.2,val,True,8,human,known,NC3
4793,ENST00000399688,ENSP00000382595.3,train,True,8,human,known,NC3
4794,ENST00000399697,ENSP00000382604.3,train,True,8,human,known,NC3
4795,ENST00000399728,ENSP00000382633.1,train,True,8,human,known,NC3
4796,ENST00000399788,ENSP00000382688.2,train,True,8,human,known,NC3
4797,ENST00000399799,ENSP00000382697.1,train,True,8,human,known,NC3
4798,ENST00000399820,ENSP00000382717.3,val,True,8,human,known,NC3
4799,ENST00000399892,ENSP00000382779.1,train,True,8,human,known,NC3
4800,ENST00000399932,ENSP00000382814.3,train,True,8,human,known,NC3
4801,ENST00000400000,ENSP00000382880.3,train,True,8,human,known,NC3
4802,ENST00000400033,ENSP00000382908.1,train,True,8,human,known,NC3
4803,ENST00000400075,ENSP00000382948.3,train,True,8,human,known,NC3
4804,ENST00000400181,ENSP00000383042.5,train,True,8,human,known,NC3
4805,ENST00000400183,ENSP00000383044.2,train,True,8,human,known,NC3
4806,ENST00000400198,ENSP00000383059.3,train,True,8,human,known,NC3
4807,ENST00000400256,ENSP00000383115.3,train,True,8,human,known,NC3
4808,ENST00000400324,ENSP00000383178.3,train,True,8,human,known,NC3
4809,ENST00000400345,ENSP00000383199.2,train,True,8,human,known,NC3
4810,ENST00000400485,ENSP00000383333.1,test,True,8,human,known,NC3
4811,ENST00000400521,ENSP00000383365.1,train,True,8,human,known,NC3
4812,ENST00000366425,ENSP00000383382.2,val,True,8,human,known,NC3
4813,ENST00000400556,ENSP00000383402.3,val,True,8,human,known,NC3
4814,ENST00000400788,ENSP00000383594.3,train,True,8,human,known,NC3
4815,ENST00000400794,ENSP00000383599.3,val,True,8,human,known,NC3
4816,ENST00000400809,ENSP00000383611.3,train,True,8,human,known,NC3
4817,ENST00000400822,ENSP00000383623.3,test,True,8,human,known,NC3
4818,ENST00000400900,ENSP00000383692.2,train,True,8,human,known,NC3
4819,ENST00000400903,ENSP00000383695.2,train,True,8,human,known,NC3
4820,ENST00000400930,ENSP00000383719.4,train,True,8,human,known,NC3
4821,ENST00000401041,ENSP00000383820.1,train,True,8,human,known,NC3
4822,ENST00000401061,ENSP00000383840.4,train,True,8,human,known,NC3
4823,ENST00000401073,ENSP00000383851.2,val,True,8,human,known,NC3
4824,ENST00000401088,ENSP00000383866.4,test,True,8,human,known,NC3
4825,ENST00000403766,ENSP00000383911.3,train,True,8,human,known,NC3
4826,ENST00000404488,ENSP00000383938.3,train,True,8,human,known,NC3
4827,ENST00000402003,ENSP00000383974.3,train,True,8,human,known,NC3
4828,ENST00000402285,ENSP00000383981.3,train,True,8,human,known,NC3
4829,ENST00000406877,ENSP00000383986.3,train,True,8,human,known,NC3
4830,ENST00000405807,ENSP00000383996.4,train,True,8,human,known,NC3
4831,ENST00000404141,ENSP00000384048.1,train,True,8,human,known,NC3
4832,ENST00000403904,ENSP00000384074.1,test,True,8,human,known,NC3
4833,ENST00000405266,ENSP00000384116.1,train,True,8,human,known,NC3
4834,ENST00000401878,ENSP00000384160.3,val,True,8,human,known,NC3
4835,ENST00000408042,ENSP00000384164.1,test,True,8,human,known,NC3
4836,ENST00000405646,ENSP00000384180.1,train,True,8,human,known,NC3
4837,ENST00000401642,ENSP00000384182.3,train,True,8,human,known,NC3
4838,ENST00000405727,ENSP00000384189.2,train,True,8,human,known,NC3
4839,ENST00000405198,ENSP00000384194.2,train,True,8,human,known,NC3
4840,ENST00000401604,ENSP00000384200.4,train,True,8,human,known,NC3
4841,ENST00000404125,ENSP00000384211.1,train,True,8,human,known,NC3
4842,ENST00000402825,ENSP00000384223.3,test,True,8,human,known,NC3
4843,ENST00000404283,ENSP00000384231.5,train,True,8,human,known,NC3
4844,ENST00000404914,ENSP00000384259.3,val,True,8,human,known,NC3
4845,ENST00000406246,ENSP00000384273.3,train,True,8,human,known,NC3
4846,ENST00000407559,ENSP00000384290.3,train,True,8,human,known,NC3
4847,ENST00000404366,ENSP00000384296.2,test,True,8,human,known,NC3
4848,ENST00000407426,ENSP00000384302.3,train,True,8,human,known,NC3
4849,ENST00000403045,ENSP00000384303.2,train,True,8,human,known,NC3
4850,ENST00000407324,ENSP00000384304.1,train,True,8,human,known,NC3
4851,ENST00000404484,ENSP00000384315.4,train,True,8,human,known,NC3
4852,ENST00000407364,ENSP00000384369.3,train,True,8,human,known,NC3
4853,ENST00000402693,ENSP00000384398.3,train,True,8,human,known,NC3
4854,ENST00000405392,ENSP00000384484.2,train,True,8,human,known,NC3
4855,ENST00000407263,ENSP00000384488.1,train,True,8,human,known,NC3
4856,ENST00000407418,ENSP00000384490.3,train,True,8,human,known,NC3
4857,ENST00000402676,ENSP00000384537.2,train,True,8,human,known,NC3
4858,ENST00000405977,ENSP00000384545.1,train,True,8,human,known,NC3
4859,ENST00000402395,ENSP00000384564.1,train,True,8,human,known,NC3
4860,ENST00000407360,ENSP00000384572.3,train,True,8,human,known,NC3
4861,ENST00000405983,ENSP00000384586.1,train,True,8,human,known,NC3
4862,ENST00000402834,ENSP00000384591.4,val,True,8,human,known,NC3
4863,ENST00000402868,ENSP00000384629.3,train,True,8,human,known,NC3
4864,ENST00000401950,ENSP00000384651.3,train,True,8,human,known,NC3
4865,ENST00000402219,ENSP00000384675.2,train,True,8,human,known,NC3
4866,ENST00000405805,ENSP00000384678.1,train,True,8,human,known,NC3
4867,ENST00000405767,ENSP00000384692.1,train,True,8,human,known,NC3
4868,ENST00000401500,ENSP00000384792.1,train,True,8,human,known,NC3
4869,ENST00000401593,ENSP00000384809.1,test,True,8,human,known,NC3
4870,ENST00000406711,ENSP00000384813.1,train,True,8,human,known,NC3
4871,ENST00000403359,ENSP00000384823.4,train,True,8,human,known,NC3
4872,ENST00000408041,ENSP00000384853.1,train,True,8,human,known,NC3
4873,ENST00000407280,ENSP00000384886.1,test,True,8,human,known,NC3
4874,ENST00000403094,ENSP00000384929.3,val,True,8,human,known,NC3
4875,ENST00000402252,ENSP00000384949.2,train,True,8,human,known,NC3
4876,ENST00000402306,ENSP00000384955.3,train,True,8,human,known,NC3
4877,ENST00000406334,ENSP00000384974.3,train,True,8,human,known,NC3
4878,ENST00000403477,ENSP00000384996.3,train,True,8,human,known,NC3
4879,ENST00000407315,ENSP00000385006.1,train,True,8,human,known,NC3
4880,ENST00000403564,ENSP00000385018.1,train,True,8,human,known,NC3
4881,ENST00000406438,nan,train,True,8,human,known,NC3
4882,ENST00000407610,ENSP00000385047.3,val,True,8,human,known,NC3
4883,ENST00000402182,ENSP00000385060.3,train,True,8,human,known,NC3
4884,ENST00000406625,ENSP00000385085.4,train,True,8,human,known,NC3
4885,ENST00000402881,ENSP00000385110.1,train,True,8,human,known,NC3
4886,ENST00000406520,ENSP00000385150.3,val,True,8,human,known,NC3
4887,ENST00000403821,ENSP00000385169.2,train,True,8,human,known,NC3
4888,ENST00000404072,ENSP00000385205.3,train,True,8,human,known,NC3
4889,ENST00000406961,ENSP00000385216.1,test,True,8,human,known,NC3
4890,ENST00000407461,ENSP00000385315.1,train,True,8,human,known,NC3
4891,ENST00000405303,ENSP00000385347.2,train,True,8,human,known,NC3
4892,ENST00000404371,ENSP00000385385.2,test,True,8,human,known,NC3
4893,ENST00000404251,ENSP00000385442.1,train,True,8,human,known,NC3
4894,ENST00000405008,ENSP00000385499.1,train,True,8,human,known,NC3
4895,ENST00000402984,ENSP00000385521.3,train,True,8,human,known,NC3
4896,ENST00000406957,ENSP00000385559.1,train,True,8,human,known,NC3
4897,ENST00000404460,ENSP00000385609.1,train,True,8,human,known,NC3
4898,ENST00000406189,ENSP00000385610.3,train,True,8,human,known,NC3
4899,ENST00000407439,ENSP00000385614.3,train,True,8,human,known,NC3
4900,ENST00000405018,ENSP00000385616.1,train,True,8,human,known,NC3
4901,ENST00000406022,ENSP00000385621.2,train,True,8,human,known,NC3
4902,ENST00000404537,ENSP00000385636.1,train,True,8,human,known,NC3
4903,ENST00000401869,ENSP00000385687.1,test,True,8,human,known,NC3
4904,ENST00000401473,ENSP00000385693.2,train,True,8,human,known,NC3
4905,ENST00000404554,ENSP00000385697.1,test,True,8,human,known,NC3
4906,ENST00000401506,ENSP00000385703.1,train,True,8,human,known,NC3
4907,ENST00000404147,ENSP00000385711.3,train,True,8,human,known,NC3
4908,ENST00000404767,ENSP00000385722.3,train,True,8,human,known,NC3
4909,ENST00000407936,ENSP00000385725.1,train,True,8,human,known,NC3
4910,ENST00000404933,ENSP00000385746.2,train,True,8,human,known,NC3
4911,ENST00000401707,ENSP00000385787.2,train,True,8,human,known,NC3
4912,ENST00000403593,ENSP00000385790.4,train,True,8,human,known,NC3
4913,ENST00000403231,ENSP00000385808.1,train,True,8,human,known,NC3
4914,ENST00000405442,ENSP00000385812.1,val,True,8,human,known,NC3
4915,ENST00000405578,ENSP00000385814.4,train,True,8,human,known,NC3
4916,ENST00000405094,ENSP00000385823.1,val,True,8,human,known,NC3
4917,ENST00000406360,ENSP00000385824.1,train,True,8,human,known,NC3
4918,ENST00000402696,ENSP00000385834.3,train,True,8,human,known,NC3
4919,ENST00000407148,ENSP00000385861.1,train,True,8,human,known,NC3
4920,ENST00000406337,ENSP00000385888.2,train,True,8,human,known,NC3
4921,ENST00000406452,ENSP00000385927.3,val,True,8,human,known,NC3
4922,ENST00000401695,ENSP00000385958.3,train,True,8,human,known,NC3
4923,ENST00000401466,ENSP00000385966.1,train,True,8,human,known,NC3
4924,ENST00000406310,ENSP00000385971.2,train,True,8,human,known,NC3
4925,ENST00000405975,ENSP00000386088.2,train,True,8,human,known,NC3
4926,ENST00000402744,ENSP00000386104.4,train,True,8,human,known,NC3
4927,ENST00000402563,ENSP00000386115.1,train,True,8,human,known,NC3
4928,ENST00000408912,ENSP00000386125.3,train,True,8,human,known,NC3
4929,ENST00000408946,ENSP00000386156.2,train,True,8,human,known,NC3
4930,ENST00000408974,ENSP00000386192.3,train,True,8,human,known,NC3
4931,ENST00000408888,ENSP00000386226.3,train,True,8,human,known,NC3
4932,ENST00000409379,ENSP00000386239.3,train,True,8,human,known,NC3
4933,ENST00000409883,ENSP00000386264.2,train,True,8,human,known,NC3
4934,ENST00000409409,ENSP00000386270.1,train,True,8,human,known,NC3
4935,ENST00000409155,ENSP00000386284.3,train,True,8,human,known,NC3
4936,ENST00000409709,ENSP00000386331.3,val,True,8,human,known,NC3
4937,ENST00000409687,ENSP00000386348.3,train,True,8,human,known,NC3
4938,ENST00000409546,ENSP00000386350.1,train,True,8,human,known,NC3
4939,ENST00000409308,ENSP00000386375.1,train,True,8,human,known,NC3
4940,ENST00000409645,ENSP00000386377.1,val,True,8,human,known,NC3
4941,ENST00000409207,ENSP00000386386.1,train,True,8,human,known,NC3
4942,ENST00000409020,ENSP00000386394.1,val,True,8,human,known,NC3
4943,ENST00000409386,ENSP00000386420.3,val,True,8,human,known,NC3
4944,ENST00000409426,ENSP00000386432.1,val,True,8,human,known,NC3
4945,ENST00000410080,ENSP00000386458.4,val,True,8,human,known,NC3
4946,ENST00000409573,ENSP00000386488.1,test,True,8,human,known,NC3
4947,ENST00000409980,ENSP00000386515.1,train,True,8,human,known,NC3
4948,ENST00000409535,ENSP00000386520.1,train,True,8,human,known,NC3
4949,ENST00000409939,ENSP00000386538.3,train,True,8,human,known,NC3
4950,ENST00000409682,ENSP00000386541.3,val,True,8,human,known,NC3
4951,ENST00000409936,ENSP00000386543.1,train,True,8,human,known,NC3
4952,ENST00000410108,ENSP00000386558.1,test,True,8,human,known,NC3
4953,ENST00000410024,ENSP00000386567.1,train,True,8,human,known,NC3
4954,ENST00000409423,ENSP00000386569.1,train,True,8,human,known,NC3
4955,ENST00000409317,ENSP00000386591.1,train,True,8,human,known,NC3
4956,ENST00000409993,ENSP00000386597.2,train,True,8,human,known,NC3
4957,ENST00000409644,ENSP00000386609.1,train,True,8,human,known,NC3
4958,ENST00000409399,ENSP00000386621.2,val,True,8,human,known,NC3
4959,ENST00000409333,ENSP00000386636.1,train,True,8,human,known,NC3
4960,ENST00000409906,ENSP00000386652.5,train,True,8,human,known,NC3
4961,ENST00000409523,ENSP00000386714.1,train,True,8,human,known,NC3
4962,ENST00000409476,ENSP00000386719.1,train,True,8,human,known,NC3
4963,ENST00000409900,ENSP00000386741.4,train,True,8,human,known,NC3
4964,ENST00000409841,ENSP00000386752.1,train,True,8,human,known,NC3
4965,ENST00000409792,ENSP00000386759.3,test,True,8,human,known,NC3
4966,ENST00000409086,ENSP00000386766.3,train,True,8,human,known,NC3
4967,ENST00000410062,ENSP00000386788.3,train,True,8,human,known,NC3
4968,ENST00000409228,ENSP00000386853.1,train,True,8,human,known,NC3
4969,ENST00000409212,ENSP00000386862.1,train,True,8,human,known,NC3
4970,ENST00000409470,ENSP00000386864.1,train,True,8,human,known,NC3
4971,ENST00000409177,ENSP00000386892.3,val,True,8,human,known,NC3
4972,ENST00000409264,ENSP00000386893.2,train,True,8,human,known,NC3
4973,ENST00000409858,ENSP00000386935.3,train,True,8,human,known,NC3
4974,ENST00000409716,ENSP00000386936.2,train,True,8,human,known,NC3
4975,ENST00000409724,ENSP00000386965.1,test,True,8,human,known,NC3
4976,ENST00000410055,ENSP00000386985.1,train,True,8,human,known,NC3
4977,ENST00000409314,ENSP00000386987.1,train,True,8,human,known,NC3
4978,ENST00000409296,ENSP00000386992.3,test,True,8,human,known,NC3
4979,ENST00000410053,ENSP00000387006.3,train,True,8,human,known,NC3
4980,ENST00000409588,ENSP00000387021.1,train,True,8,human,known,NC3
4981,ENST00000409281,ENSP00000387022.1,train,True,8,human,known,NC3
4982,ENST00000410097,ENSP00000387056.1,train,True,8,human,known,NC3
4983,ENST00000409753,ENSP00000387059.3,val,True,8,human,known,NC3
4984,ENST00000409563,ENSP00000387065.1,train,True,8,human,known,NC3
4985,ENST00000409820,ENSP00000387098.2,train,True,8,human,known,NC3
4986,ENST00000409729,ENSP00000387101.1,train,True,8,human,known,NC3
4987,ENST00000409790,ENSP00000387122.1,train,True,8,human,known,NC3
4988,ENST00000409261,ENSP00000387128.1,train,True,8,human,known,NC3
4989,ENST00000409469,ENSP00000387160.1,test,True,8,human,known,NC3
4990,ENST00000409433,ENSP00000387180.2,train,True,8,human,known,NC3
4991,ENST00000409368,ENSP00000387204.1,train,True,8,human,known,NC3
4992,ENST00000409725,ENSP00000387206.1,val,True,8,human,known,NC3
4993,ENST00000410022,ENSP00000387219.3,train,True,8,human,known,NC3
4994,ENST00000409947,ENSP00000387246.1,train,True,8,human,known,NC3
4995,ENST00000409176,ENSP00000387259.2,train,True,8,human,known,NC3
4996,ENST00000409746,ENSP00000387261.4,train,True,8,human,known,NC3
4997,ENST00000409979,ENSP00000387282.2,train,True,8,human,known,NC3
4998,ENST00000409374,ENSP00000387284.1,train,True,8,human,known,NC3
4999,ENST00000431736,ENSP00000387362.2,train,True,8,human,known,NC3
5000,ENST00000412830,ENSP00000387365.3,train,True,8,human,known,NC3
5001,ENST00000430430,ENSP00000387462.1,train,True,8,human,known,NC3
5002,ENST00000422424,ENSP00000387471.2,train,True,8,human,known,NC3
5003,ENST00000438737,ENSP00000387531.2,train,True,8,human,known,NC3
5004,ENST00000422989,ENSP00000387535.1,val,True,8,human,known,NC3
5005,ENST00000440978,ENSP00000387543.2,train,True,8,human,known,NC3
5006,ENST00000456430,ENSP00000387641.2,train,True,8,human,known,NC3
5007,ENST00000433351,ENSP00000387654.2,val,True,8,human,known,NC3
5008,ENST00000432329,ENSP00000387699.2,train,True,8,human,known,NC3
5009,ENST00000433060,ENSP00000387739.2,train,True,8,human,known,NC3
5010,ENST00000443632,ENSP00000387757.2,train,True,8,human,known,NC3
5011,ENST00000457734,ENSP00000387890.2,train,True,8,human,known,NC3
5012,ENST00000441173,ENSP00000387926.1,train,True,8,human,known,NC3
5013,ENST00000433034,ENSP00000388169.1,train,True,8,human,known,NC3
5014,ENST00000449107,ENSP00000388212.2,train,True,8,human,known,NC3
5015,ENST00000419654,ENSP00000388324.2,train,True,8,human,known,NC3
5016,ENST00000411809,ENSP00000388340.2,test,True,8,human,known,NC3
5017,ENST00000424685,ENSP00000388446.3,train,True,8,human,known,NC3
5018,ENST00000438747,ENSP00000388464.2,train,True,8,human,known,NC3
5019,ENST00000422440,ENSP00000388658.2,train,True,8,human,known,NC3
5020,ENST00000452361,ENSP00000388677.1,train,True,8,human,known,NC3
5021,ENST00000443314,ENSP00000388713.1,train,True,8,human,known,NC3
5022,ENST00000428746,ENSP00000388725.2,train,True,8,human,known,NC3
5023,ENST00000431877,ENSP00000388731.2,train,True,8,human,known,NC3
5024,ENST00000420463,ENSP00000388806.3,train,True,8,human,known,NC3
5025,ENST00000435359,ENSP00000388872.1,test,True,8,human,known,NC3
5026,ENST00000326397,ENSP00000388920.2,train,True,8,human,known,NC3
5027,ENST00000438423,ENSP00000388940.2,train,True,8,human,known,NC3
5028,ENST00000434476,ENSP00000388942.1,train,True,8,human,known,NC3
5029,ENST00000444449,ENSP00000388996.1,train,True,8,human,known,NC3
5030,ENST00000422514,ENSP00000389103.2,train,True,8,human,known,NC3
5031,ENST00000450142,ENSP00000389168.2,val,True,8,human,known,NC3
5032,ENST00000413330,ENSP00000389182.1,train,True,8,human,known,NC3
5033,ENST00000448878,ENSP00000389297.2,val,True,8,human,known,NC3
5034,ENST00000427363,ENSP00000389377.2,train,True,8,human,known,NC3
5035,ENST00000456909,ENSP00000389383.1,train,True,8,human,known,NC3
5036,ENST00000451682,ENSP00000389631.1,train,True,8,human,known,NC3
5037,ENST00000457143,ENSP00000389649.2,test,True,8,human,known,NC3
5038,ENST00000436066,ENSP00000389787.2,train,True,8,human,known,NC3
5039,ENST00000426836,ENSP00000389810.1,train,True,8,human,known,NC3
5040,ENST00000441323,ENSP00000389867.1,train,True,8,human,known,NC3
5041,ENST00000435829,ENSP00000389872.2,val,True,8,human,known,NC3
5042,ENST00000451288,ENSP00000389900.2,train,True,8,human,known,NC3
5043,ENST00000418425,ENSP00000389903.2,test,True,8,human,known,NC3
5044,ENST00000435506,ENSP00000389948.2,train,True,8,human,known,NC3
5045,ENST00000421832,ENSP00000390011.1,train,True,8,human,known,NC3
5046,ENST00000443617,ENSP00000390158.2,val,True,8,human,known,NC3
5047,ENST00000438724,ENSP00000390222.1,train,True,8,human,known,NC3
5048,ENST00000426595,ENSP00000390331.1,train,True,8,human,known,NC3
5049,ENST00000452319,ENSP00000390436.1,train,True,8,human,known,NC3
5050,ENST00000412036,ENSP00000390475.1,train,True,8,human,known,NC3
5051,ENST00000431972,ENSP00000390531.2,train,True,8,human,known,NC3
5052,ENST00000415220,ENSP00000390535.2,train,True,8,human,known,NC3
5053,ENST00000424768,ENSP00000390591.2,train,True,8,human,known,NC3
5054,ENST00000449105,ENSP00000390625.3,train,True,8,human,known,NC3
5055,ENST00000417551,ENSP00000390667.1,train,True,8,human,known,NC3
5056,ENST00000454074,ENSP00000390696.1,train,True,8,human,known,NC3
5057,ENST00000444201,ENSP00000390703.2,train,True,8,human,known,NC3
5058,ENST00000435456,ENSP00000390722.2,test,True,8,human,known,NC3
5059,ENST00000458591,ENSP00000390783.2,train,True,8,human,known,NC3
5060,ENST00000419333,ENSP00000390968.1,train,True,8,human,known,NC3
5061,ENST00000427177,ENSP00000391249.1,train,True,8,human,known,NC3
5062,ENST00000449825,ENSP00000391255.1,train,True,8,human,known,NC3
5063,ENST00000452355,ENSP00000391278.3,train,True,8,human,known,NC3
5064,ENST00000455784,ENSP00000391311.2,train,True,8,human,known,NC3
5065,ENST00000423855,ENSP00000391432.1,train,True,8,human,known,NC3
5066,ENST00000435504,ENSP00000391447.3,val,True,8,human,known,NC3
5067,ENST00000449428,ENSP00000391466.1,train,True,8,human,known,NC3
5068,ENST00000423516,ENSP00000391481.1,test,True,8,human,known,NC3
5069,ENST00000413459,ENSP00000391596.3,train,True,8,human,known,NC3
5070,ENST00000412720,ENSP00000391601.2,train,True,8,human,known,NC3
5071,ENST00000418647,ENSP00000391669.3,train,True,8,human,known,NC3
5072,ENST00000445922,ENSP00000391713.2,train,True,8,human,known,NC3
5073,ENST00000427738,ENSP00000392025.3,val,True,8,human,known,NC3
5074,ENST00000423902,ENSP00000392028.1,train,True,8,human,known,NC3
5075,ENST00000428670,ENSP00000392043.3,val,True,8,human,known,NC3
5076,ENST00000450536,ENSP00000392065.2,train,True,8,human,known,NC3
5077,ENST00000422177,ENSP00000392087.1,train,True,8,human,known,NC3
5078,ENST00000440797,ENSP00000392257.2,train,True,8,human,known,NC3
5079,ENST00000426362,ENSP00000392310.2,val,True,8,human,known,NC3
5080,ENST00000436390,ENSP00000392316.1,val,True,8,human,known,NC3
5081,ENST00000435364,ENSP00000392318.2,val,True,8,human,known,NC3
5082,ENST00000458587,ENSP00000392330.2,train,True,8,human,known,NC3
5083,ENST00000440306,ENSP00000392343.3,train,True,8,human,known,NC3
5084,ENST00000419065,ENSP00000392353.2,train,True,8,human,known,NC3
5085,ENST00000448276,ENSP00000392617.2,train,True,8,human,known,NC3
5086,ENST00000451531,nan,train,True,8,human,known,NC3
5087,ENST00000414773,ENSP00000392782.1,train,True,8,human,known,NC3
5088,ENST00000433866,ENSP00000392896.2,train,True,8,human,known,NC3
5089,ENST00000419348,ENSP00000392985.2,train,True,8,human,known,NC3
5090,ENST00000428239,ENSP00000393139.1,train,True,8,human,known,NC3
5091,ENST00000444376,ENSP00000393151.2,train,True,8,human,known,NC3
5092,ENST00000423656,ENSP00000393183.2,train,True,8,human,known,NC3
5093,ENST00000413369,ENSP00000393222.2,train,True,8,human,known,NC3
5094,ENST00000454658,ENSP00000393279.2,train,True,8,human,known,NC3
5095,ENST00000455140,ENSP00000393313.1,train,True,8,human,known,NC3
5096,ENST00000457354,ENSP00000393316.2,train,True,8,human,known,NC3
5097,ENST00000419140,ENSP00000393320.3,train,True,8,human,known,NC3
5098,ENST00000425534,ENSP00000393324.2,test,True,8,human,known,NC3
5099,ENST00000437398,ENSP00000393363.1,train,True,8,human,known,NC3
5100,ENST00000448864,ENSP00000393393.1,train,True,8,human,known,NC3
5101,ENST00000440161,ENSP00000393471.1,val,True,8,human,known,NC3
5102,ENST00000419385,ENSP00000393507.1,test,True,8,human,known,NC3
5103,ENST00000433985,ENSP00000393541.2,train,True,8,human,known,NC3
5104,ENST00000425562,ENSP00000393579.2,train,True,8,human,known,NC3
5105,ENST00000450824,ENSP00000393583.2,train,True,8,human,known,NC3
5106,ENST00000454775,ENSP00000393662.1,train,True,8,human,known,NC3
5107,ENST00000430046,ENSP00000393776.2,train,True,8,human,known,NC3
5108,ENST00000433642,ENSP00000393840.1,test,True,8,human,known,NC3
5109,ENST00000411641,nan,train,True,8,human,known,NC3
5110,ENST00000417816,ENSP00000393896.2,train,True,8,human,known,NC3
5111,ENST00000415374,ENSP00000393953.1,train,True,8,human,known,NC3
5112,ENST00000428849,ENSP00000393963.2,train,True,8,human,known,NC3
5113,ENST00000447750,ENSP00000394071.2,train,True,8,human,known,NC3
5114,ENST00000445478,ENSP00000394085.2,val,True,8,human,known,NC3
5115,ENST00000446688,ENSP00000394171.2,train,True,8,human,known,NC3
5116,ENST00000458198,ENSP00000394183.2,train,True,8,human,known,NC3
5117,ENST00000452790,ENSP00000394316.2,test,True,8,human,known,NC3
5118,ENST00000440460,ENSP00000394352.3,train,True,8,human,known,NC3
5119,ENST00000455511,ENSP00000394394.4,train,True,8,human,known,NC3
5120,ENST00000449058,ENSP00000394466.2,test,True,8,human,known,NC3
5121,ENST00000421134,ENSP00000394489.1,train,True,8,human,known,NC3
5122,ENST00000420959,ENSP00000394496.2,train,True,8,human,known,NC3
5123,ENST00000418929,ENSP00000394510.1,train,True,8,human,known,NC3
5124,ENST00000452135,ENSP00000394560.2,val,True,8,human,known,NC3
5125,ENST00000456197,ENSP00000394645.2,train,True,8,human,known,NC3
5126,ENST00000457607,ENSP00000394682.1,train,True,8,human,known,NC3
5127,ENST00000434813,ENSP00000394734.2,train,True,8,human,known,NC3
5128,ENST00000443185,ENSP00000394757.2,val,True,8,human,known,NC3
5129,ENST00000436978,ENSP00000394794.1,train,True,8,human,known,NC3
5130,ENST00000437150,ENSP00000394842.2,train,True,8,human,known,NC3
5131,ENST00000450162,ENSP00000395144.2,train,True,8,human,known,NC3
5132,ENST00000425762,ENSP00000395206.2,train,True,8,human,known,NC3
5133,ENST00000430297,ENSP00000395249.2,train,True,8,human,known,NC3
5134,ENST00000456935,ENSP00000395473.2,train,True,8,human,known,NC3
5135,ENST00000447906,ENSP00000395487.2,train,True,8,human,known,NC3
5136,ENST00000453960,ENSP00000395535.2,test,True,8,human,known,NC3
5137,ENST00000444498,ENSP00000395605.1,train,True,8,human,known,NC3
5138,ENST00000439169,ENSP00000395738.2,train,True,8,human,known,NC3
5139,ENST00000435259,ENSP00000395764.2,train,True,8,human,known,NC3
5140,ENST00000429662,ENSP00000395771.2,train,True,8,human,known,NC3
5141,ENST00000418458,ENSP00000395772.1,train,True,8,human,known,NC3
5142,ENST00000424963,ENSP00000395793.3,train,True,8,human,known,NC3
5143,ENST00000414011,ENSP00000395870.1,val,True,8,human,known,NC3
5144,ENST00000421939,ENSP00000395872.1,train,True,8,human,known,NC3
5145,ENST00000439151,ENSP00000395929.2,val,True,8,human,known,NC3
5146,ENST00000425825,ENSP00000396052.2,train,True,8,human,known,NC3
5147,ENST00000412028,ENSP00000396063.1,train,True,8,human,known,NC3
5148,ENST00000448750,ENSP00000396127.3,train,True,8,human,known,NC3
5149,ENST00000434748,ENSP00000396160.2,test,True,8,human,known,NC3
5150,ENST00000417647,ENSP00000396301.2,train,True,8,human,known,NC3
5151,ENST00000424830,ENSP00000396452.2,test,True,8,human,known,NC3
5152,ENST00000450043,ENSP00000396527.2,train,True,8,human,known,NC3
5153,ENST00000411637,ENSP00000396576.2,train,True,8,human,known,NC3
5154,ENST00000438029,ENSP00000396597.1,train,True,8,human,known,NC3
5155,ENST00000411769,ENSP00000396646.1,train,True,8,human,known,NC3
5156,ENST00000427159,ENSP00000396673.2,train,True,8,human,known,NC3
5157,ENST00000449247,ENSP00000396899.2,val,True,8,human,known,NC3
5158,ENST00000430157,ENSP00000396910.1,test,True,8,human,known,NC3
5159,ENST00000453200,ENSP00000396918.1,train,True,8,human,known,NC3
5160,ENST00000416165,ENSP00000396976.1,train,True,8,human,known,NC3
5161,ENST00000451287,ENSP00000397050.2,train,True,8,human,known,NC3
5162,ENST00000424848,ENSP00000397087.3,train,True,8,human,known,NC3
5163,ENST00000430340,ENSP00000397166.1,train,True,8,human,known,NC3
5164,ENST00000433922,ENSP00000397249.2,train,True,8,human,known,NC3
5165,ENST00000454077,ENSP00000397259.1,train,True,8,human,known,NC3
5166,ENST00000426705,ENSP00000397261.2,train,True,8,human,known,NC3
5167,ENST00000430566,ENSP00000397269.1,train,True,8,human,known,NC3
5168,ENST00000452476,ENSP00000397367.1,train,True,8,human,known,NC3
5169,ENST00000458659,ENSP00000397435.2,train,True,8,human,known,NC3
5170,ENST00000455146,ENSP00000397441.2,train,True,8,human,known,NC3
5171,ENST00000429709,ENSP00000397552.2,train,True,8,human,known,NC3
5172,ENST00000411463,ENSP00000397555.1,train,True,8,human,known,NC3
5173,ENST00000456471,ENSP00000397694.3,train,True,8,human,known,NC3
5174,ENST00000416858,ENSP00000397818.2,train,True,8,human,known,NC3
5175,ENST00000413420,ENSP00000397839.1,val,True,8,human,known,NC3
5176,ENST00000438607,ENSP00000397843.2,train,True,8,human,known,NC3
5177,ENST00000439561,ENSP00000397873.2,train,True,8,human,known,NC3
5178,ENST00000432901,ENSP00000397881.2,val,True,8,human,known,NC3
5179,ENST00000449576,ENSP00000397908.2,train,True,8,human,known,NC3
5180,ENST00000451060,ENSP00000397927.3,train,True,8,human,known,NC3
5181,ENST00000452906,ENSP00000398064.2,train,True,8,human,known,NC3
5182,ENST00000426216,ENSP00000398076.2,train,True,8,human,known,NC3
5183,ENST00000434724,ENSP00000398131.2,train,True,8,human,known,NC3
5184,ENST00000443120,ENSP00000398321.1,train,True,8,human,known,NC3
5185,ENST00000438576,ENSP00000398350.2,train,True,8,human,known,NC3
5186,ENST00000440191,ENSP00000398370.2,train,True,8,human,known,NC3
5187,ENST00000445716,ENSP00000398401.1,train,True,8,human,known,NC3
5188,ENST00000441782,ENSP00000398410.2,train,True,8,human,known,NC3
5189,ENST00000412359,ENSP00000398470.3,train,True,8,human,known,NC3
5190,ENST00000449022,ENSP00000398481.2,train,True,8,human,known,NC3
5191,ENST00000448105,ENSP00000398523.2,test,True,8,human,known,NC3
5192,ENST00000425847,ENSP00000398536.2,train,True,8,human,known,NC3
5193,ENST00000435634,ENSP00000398597.1,train,True,8,human,known,NC3
5194,ENST00000427312,ENSP00000398679.1,train,True,8,human,known,NC3
5195,ENST00000428960,ENSP00000398708.3,train,True,8,human,known,NC3
5196,ENST00000420124,ENSP00000398837.2,train,True,8,human,known,NC3
5197,ENST00000447079,ENSP00000398880.4,train,True,8,human,known,NC3
5198,ENST00000427575,ENSP00000398882.1,val,True,8,human,known,NC3
5199,ENST00000416206,ENSP00000399124.1,train,True,8,human,known,NC3
5200,ENST00000445648,ENSP00000399229.2,val,True,8,human,known,NC3
5201,ENST00000436267,ENSP00000399415.2,train,True,8,human,known,NC3
5202,ENST00000415136,ENSP00000399457.3,train,True,8,human,known,NC3
5203,ENST00000420353,ENSP00000399465.1,train,True,8,human,known,NC3
5204,ENST00000417717,ENSP00000399518.1,train,True,8,human,known,NC3
5205,ENST00000443868,ENSP00000399585.2,train,True,8,human,known,NC3
5206,ENST00000416007,ENSP00000399718.2,train,True,8,human,known,NC3
5207,ENST00000417775,ENSP00000399805.1,train,True,8,human,known,NC3
5208,ENST00000442287,ENSP00000399851.2,test,True,8,human,known,NC3
5209,ENST00000454516,ENSP00000399862.2,val,True,8,human,known,NC3
5210,ENST00000449699,ENSP00000399912.1,train,True,8,human,known,NC3
5211,ENST00000452400,ENSP00000399968.2,train,True,8,human,known,NC3
5212,ENST00000455566,ENSP00000399970.2,test,True,8,human,known,NC3
5213,ENST00000437822,ENSP00000399982.2,test,True,8,human,known,NC3
5214,ENST00000433017,ENSP00000399997.1,train,True,8,human,known,NC3
5215,ENST00000415229,ENSP00000400057.2,val,True,8,human,known,NC3
5216,ENST00000422602,ENSP00000400099.2,train,True,8,human,known,NC3
5217,ENST00000416240,ENSP00000400101.2,test,True,8,human,known,NC3
5218,ENST00000440851,ENSP00000400140.2,train,True,8,human,known,NC3
5219,ENST00000414183,ENSP00000400142.2,train,True,8,human,known,NC3
5220,ENST00000413834,ENSP00000400168.1,test,True,8,human,known,NC3
5221,ENST00000445185,nan,train,True,8,human,known,NC3
5222,ENST00000458013,ENSP00000400333.2,train,True,8,human,known,NC3
5223,ENST00000456324,ENSP00000400391.1,train,True,8,human,known,NC3
5224,ENST00000449470,ENSP00000400467.2,train,True,8,human,known,NC3
5225,ENST00000453153,ENSP00000400513.2,train,True,8,human,known,NC3
5226,ENST00000414487,ENSP00000400591.2,train,True,8,human,known,NC3
5227,ENST00000439174,ENSP00000400717.2,train,True,8,human,known,NC3
5228,ENST00000458578,ENSP00000400906.2,train,True,8,human,known,NC3
5229,ENST00000433834,ENSP00000401010.1,train,True,8,human,known,NC3
5230,ENST00000442995,ENSP00000401155.3,train,True,8,human,known,NC3
5231,ENST00000448116,ENSP00000401303.3,train,True,8,human,known,NC3
5232,ENST00000433529,ENSP00000401371.2,train,True,8,human,known,NC3
5233,ENST00000437048,ENSP00000401435.2,train,True,8,human,known,NC3
5234,ENST00000455915,ENSP00000401470.2,train,True,8,human,known,NC3
5235,ENST00000413919,ENSP00000401475.1,train,True,8,human,known,NC3
5236,ENST00000450892,nan,train,True,8,human,known,NC3
5237,ENST00000434291,ENSP00000401535.1,train,True,8,human,known,NC3
5238,ENST00000430524,ENSP00000401564.2,val,True,8,human,known,NC3
5239,ENST00000430082,ENSP00000401566.1,test,True,8,human,known,NC3
5240,ENST00000424459,ENSP00000401596.2,test,True,8,human,known,NC3
5241,ENST00000437355,ENSP00000401639.2,train,True,8,human,known,NC3
5242,ENST00000448705,ENSP00000401796.1,train,True,8,human,known,NC3
5243,ENST00000427954,ENSP00000401831.2,test,True,8,human,known,NC3
5244,ENST00000417314,ENSP00000401878.2,train,True,8,human,known,NC3
5245,ENST00000429642,ENSP00000401879.2,train,True,8,human,known,NC3
5246,ENST00000442415,ENSP00000401888.2,train,True,8,human,known,NC3
5247,ENST00000454349,ENSP00000401946.2,train,True,8,human,known,NC3
5248,ENST00000429566,nan,train,True,8,human,known,NC3
5249,ENST00000428216,ENSP00000401980.2,train,True,8,human,known,NC3
5250,ENST00000415954,ENSP00000402038.2,train,True,8,human,known,NC3
5251,ENST00000450114,ENSP00000402084.2,train,True,8,human,known,NC3
5252,ENST00000441448,ENSP00000402338.2,train,True,8,human,known,NC3
5253,ENST00000425248,ENSP00000402346.2,test,True,8,human,known,NC3
5254,ENST00000445877,ENSP00000402433.2,train,True,8,human,known,NC3
5255,ENST00000446231,ENSP00000402515.3,train,True,8,human,known,NC3
5256,ENST00000435680,ENSP00000402537.1,train,True,8,human,known,NC3
5257,ENST00000428192,ENSP00000402551.2,val,True,8,human,known,NC3
5258,ENST00000417224,ENSP00000402566.1,test,True,8,human,known,NC3
5259,ENST00000430249,ENSP00000402608.2,train,True,8,human,known,NC3
5260,ENST00000418543,ENSP00000402653.3,train,True,8,human,known,NC3
5261,ENST00000432118,ENSP00000402673.2,train,True,8,human,known,NC3
5262,ENST00000420605,ENSP00000402756.1,train,True,8,human,known,NC3
5263,ENST00000414729,ENSP00000402910.1,train,True,8,human,known,NC3
5264,ENST00000438032,ENSP00000403039.2,train,True,8,human,known,NC3
5265,ENST00000450599,ENSP00000403085.3,train,True,8,human,known,NC3
5266,ENST00000451256,ENSP00000403153.2,train,True,8,human,known,NC3
5267,ENST00000424576,ENSP00000403172.2,train,True,8,human,known,NC3
5268,ENST00000444053,ENSP00000403343.1,train,True,8,human,known,NC3
5269,ENST00000411763,ENSP00000403362.2,test,True,8,human,known,NC3
5270,ENST00000432176,ENSP00000403396.2,train,True,8,human,known,NC3
5271,ENST00000426126,ENSP00000403397.2,train,True,8,human,known,NC3
5272,ENST00000439720,ENSP00000403429.1,train,True,8,human,known,NC3
5273,ENST00000419234,ENSP00000403524.3,train,True,8,human,known,NC3
5274,ENST00000438272,ENSP00000403562.2,train,True,8,human,known,NC3
5275,ENST00000412477,ENSP00000403701.3,test,True,8,human,known,NC3
5276,ENST00000454682,ENSP00000403817.1,train,True,8,human,known,NC3
5277,ENST00000418234,ENSP00000403902.1,train,True,8,human,known,NC3
5278,ENST00000422003,ENSP00000403925.2,train,True,8,human,known,NC3
5279,ENST00000435120,ENSP00000403941.1,train,True,8,human,known,NC3
5280,ENST00000415868,ENSP00000403946.1,train,True,8,human,known,NC3
5281,ENST00000422063,ENSP00000403982.2,test,True,8,human,known,NC3
5282,ENST00000457408,ENSP00000404042.2,train,True,8,human,known,NC3
5283,ENST00000448223,ENSP00000404092.2,train,True,8,human,known,NC3
5284,ENST00000433215,ENSP00000404111.2,train,True,8,human,known,NC3
5285,ENST00000443698,ENSP00000404122.1,train,True,8,human,known,NC3
5286,ENST00000414716,ENSP00000404151.2,train,True,8,human,known,NC3
5287,ENST00000437633,ENSP00000404179.1,train,True,8,human,known,NC3
5288,ENST00000436730,ENSP00000404180.3,test,True,8,human,known,NC3
5289,ENST00000432226,ENSP00000404226.2,train,True,8,human,known,NC3
5290,ENST00000430365,ENSP00000404251.2,val,True,8,human,known,NC3
5291,ENST00000429027,ENSP00000404296.2,train,True,8,human,known,NC3
5292,ENST00000427805,ENSP00000404375.2,train,True,8,human,known,NC3
5293,ENST00000442697,ENSP00000404381.2,val,True,8,human,known,NC3
5294,ENST00000419445,ENSP00000404676.1,train,True,8,human,known,NC3
5295,ENST00000454520,ENSP00000404808.2,train,True,8,human,known,NC3
5296,ENST00000439268,ENSP00000404837.1,train,True,8,human,known,NC3
5297,ENST00000414097,ENSP00000404854.2,test,True,8,human,known,NC3
5298,ENST00000449759,ENSP00000404873.3,train,True,8,human,known,NC3
5299,ENST00000438704,ENSP00000404912.2,train,True,8,human,known,NC3
5300,ENST00000439578,ENSP00000404997.1,train,True,8,human,known,NC3
5301,ENST00000438773,ENSP00000405060.3,train,True,8,human,known,NC3
5302,ENST00000416614,ENSP00000405068.2,train,True,8,human,known,NC3
5303,ENST00000457308,ENSP00000405111.2,train,True,8,human,known,NC3
5304,ENST00000419968,ENSP00000405117.2,train,True,8,human,known,NC3
5305,ENST00000455976,ENSP00000405160.2,train,True,8,human,known,NC3
5306,ENST00000435975,ENSP00000405237.1,train,True,8,human,known,NC3
5307,ENST00000457245,ENSP00000405420.1,train,True,8,human,known,NC3
5308,ENST00000441867,ENSP00000405512.2,test,True,8,human,known,NC3
5309,ENST00000433360,ENSP00000405514.1,test,True,8,human,known,NC3
5310,ENST00000421284,ENSP00000405559.3,train,True,8,human,known,NC3
5311,ENST00000441192,ENSP00000405561.2,train,True,8,human,known,NC3
5312,ENST00000434423,ENSP00000405562.2,train,True,8,human,known,NC3
5313,ENST00000415930,ENSP00000405573.3,val,True,8,human,known,NC3
5314,ENST00000413384,ENSP00000405600.2,train,True,8,human,known,NC3
5315,ENST00000449850,ENSP00000405669.2,train,True,8,human,known,NC3
5316,ENST00000451315,ENSP00000405674.2,val,True,8,human,known,NC3
5317,ENST00000437685,ENSP00000405726.2,train,True,8,human,known,NC3
5318,ENST00000444659,ENSP00000405819.2,train,True,8,human,known,NC3
5319,ENST00000420696,ENSP00000405890.2,train,True,8,human,known,NC3
5320,ENST00000420826,ENSP00000405965.2,train,True,8,human,known,NC3
5321,ENST00000426508,ENSP00000406012.2,test,True,8,human,known,NC3
5322,ENST00000456849,ENSP00000406157.1,train,True,8,human,known,NC3
5323,ENST00000454376,ENSP00000406162.2,train,True,8,human,known,NC3
5324,ENST00000450273,ENSP00000406203.2,train,True,8,human,known,NC3
5325,ENST00000411543,ENSP00000406209.1,val,True,8,human,known,NC3
5326,ENST00000455171,ENSP00000406252.2,train,True,8,human,known,NC3
5327,ENST00000443024,ENSP00000406448.4,train,True,8,human,known,NC3
5328,ENST00000457167,ENSP00000406463.2,train,True,8,human,known,NC3
5329,ENST00000412366,ENSP00000406494.1,train,True,8,human,known,NC3
5330,ENST00000393381,ENSP00000406598.1,train,True,8,human,known,NC3
5331,ENST00000415493,ENSP00000406612.2,train,True,8,human,known,NC3
5332,ENST00000414651,ENSP00000406630.2,train,True,8,human,known,NC3
5333,ENST00000442250,ENSP00000406694.1,train,True,8,human,known,NC3
5334,ENST00000443527,ENSP00000406751.2,train,True,8,human,known,NC3
5335,ENST00000436062,ENSP00000406779.1,val,True,8,human,known,NC3
5336,ENST00000421852,ENSP00000406885.1,train,True,8,human,known,NC3
5337,ENST00000422318,ENSP00000406933.2,train,True,8,human,known,NC3
5338,ENST00000451457,ENSP00000407010.2,val,True,8,human,known,NC3
5339,ENST00000449821,ENSP00000407270.1,val,True,8,human,known,NC3
5340,ENST00000431635,ENSP00000407323.2,train,True,8,human,known,NC3
5341,ENST00000419783,ENSP00000407375.1,val,True,8,human,known,NC3
5342,ENST00000423994,ENSP00000407393.2,val,True,8,human,known,NC3
5343,ENST00000426820,ENSP00000407442.3,train,True,8,human,known,NC3
5344,ENST00000414982,ENSP00000407509.2,train,True,8,human,known,NC3
5345,ENST00000423538,ENSP00000407560.3,train,True,8,human,known,NC3
5346,ENST00000426837,ENSP00000407602.2,test,True,8,human,known,NC3
5347,ENST00000451615,ENSP00000407635.1,train,True,8,human,known,NC3
5348,ENST00000427845,ENSP00000407682.1,train,True,8,human,known,NC3
5349,ENST00000441403,ENSP00000407783.1,train,True,8,human,known,NC3
5350,ENST00000442664,ENSP00000407788.2,test,True,8,human,known,NC3
5351,ENST00000429815,ENSP00000407860.2,train,True,8,human,known,NC3
5352,ENST00000435505,ENSP00000408002.2,test,True,8,human,known,NC3
5353,ENST00000424542,ENSP00000408005.2,train,True,8,human,known,NC3
5354,ENST00000439373,ENSP00000408058.3,train,True,8,human,known,NC3
5355,ENST00000447319,ENSP00000408060.1,train,True,8,human,known,NC3
5356,ENST00000414423,ENSP00000408108.4,train,True,8,human,known,NC3
5357,ENST00000415428,ENSP00000408256.1,train,True,8,human,known,NC3
5358,ENST00000423691,ENSP00000408283.2,train,True,8,human,known,NC3
5359,ENST00000450136,ENSP00000408292.1,train,True,8,human,known,NC3
5360,ENST00000454402,ENSP00000408295.2,test,True,8,human,known,NC3
5361,ENST00000448552,ENSP00000408367.3,train,True,8,human,known,NC3
5362,ENST00000449740,ENSP00000408526.2,test,True,8,human,known,NC3
5363,ENST00000413366,ENSP00000408695.3,train,True,8,human,known,NC3
5364,ENST00000424796,nan,train,True,8,human,known,NC3
5365,ENST00000457257,ENSP00000408827.2,test,True,8,human,known,NC3
5366,ENST00000434715,ENSP00000408910.3,test,True,8,human,known,NC3
5367,ENST00000449198,ENSP00000408914.2,train,True,8,human,known,NC3
5368,ENST00000441174,ENSP00000409016.3,train,True,8,human,known,NC3
5369,ENST00000423947,ENSP00000409126.3,val,True,8,human,known,NC3
5370,ENST00000438419,ENSP00000409231.2,val,True,8,human,known,NC3
5371,ENST00000417201,ENSP00000409315.2,train,True,8,human,known,NC3
5372,ENST00000416904,ENSP00000409463.2,test,True,8,human,known,NC3
5373,ENST00000439977,ENSP00000409555.2,train,True,8,human,known,NC3
5374,ENST00000420843,ENSP00000409581.2,train,True,8,human,known,NC3
5375,ENST00000433931,ENSP00000409667.2,train,True,8,human,known,NC3
5376,ENST00000438166,ENSP00000409708.2,train,True,8,human,known,NC3
5377,ENST00000429178,ENSP00000409909.1,train,True,8,human,known,NC3
5378,ENST00000439140,nan,val,True,8,human,known,NC3
5379,ENST00000456580,ENSP00000409996.2,train,True,8,human,known,NC3
5380,ENST00000457780,ENSP00000410042.3,train,True,8,human,known,NC3
5381,ENST00000432309,ENSP00000410073.2,train,True,8,human,known,NC3
5382,ENST00000436874,ENSP00000410083.1,train,True,8,human,known,NC3
5383,ENST00000424296,ENSP00000410186.2,val,True,8,human,known,NC3
5384,ENST00000428202,ENSP00000410216.2,test,True,8,human,known,NC3
5385,ENST00000457616,ENSP00000410242.2,train,True,8,human,known,NC3
5386,ENST00000426677,ENSP00000410339.1,val,True,8,human,known,NC3
5387,ENST00000421999,ENSP00000410396.2,train,True,8,human,known,NC3
5388,ENST00000415385,ENSP00000410402.3,train,True,8,human,known,NC3
5389,ENST00000446179,ENSP00000410513.1,train,True,8,human,known,NC3
5390,ENST00000451301,ENSP00000410532.1,train,True,8,human,known,NC3
5391,ENST00000429602,ENSP00000410552.3,train,True,8,human,known,NC3
5392,ENST00000436346,ENSP00000410608.1,train,True,8,human,known,NC3
5393,ENST00000435532,ENSP00000410613.3,train,True,8,human,known,NC3
5394,ENST00000422453,ENSP00000410619.3,train,True,8,human,known,NC3
5395,ENST00000420658,ENSP00000410689.1,train,True,8,human,known,NC3
5396,ENST00000451025,ENSP00000410818.2,train,True,8,human,known,NC3
5397,ENST00000429644,ENSP00000410833.2,train,True,8,human,known,NC3
5398,ENST00000421367,ENSP00000410964.2,train,True,8,human,known,NC3
5399,ENST00000448666,ENSP00000410992.3,train,True,8,human,known,NC3
5400,ENST00000436063,ENSP00000411010.2,val,True,8,human,known,NC3
5401,ENST00000427130,ENSP00000411012.2,train,True,8,human,known,NC3
5402,ENST00000455335,ENSP00000411073.2,train,True,8,human,known,NC3
5403,ENST00000431350,ENSP00000411099.2,train,True,8,human,known,NC3
5404,ENST00000434935,nan,test,True,8,human,known,NC3
5405,ENST00000439747,ENSP00000411177.3,train,True,8,human,known,NC3
5406,ENST00000442267,ENSP00000411197.2,test,True,8,human,known,NC3
5407,ENST00000441343,ENSP00000411503.1,train,True,8,human,known,NC3
5408,ENST00000423485,ENSP00000411532.1,train,True,8,human,known,NC3
5409,ENST00000448521,ENSP00000411701.1,train,True,8,human,known,NC3
5410,ENST00000429360,ENSP00000411719.3,train,True,8,human,known,NC3
5411,ENST00000445915,ENSP00000411803.2,train,True,8,human,known,NC3
5412,ENST00000457500,ENSP00000411821.2,test,True,8,human,known,NC3
5413,ENST00000418265,ENSP00000411822.1,train,True,8,human,known,NC3
5414,ENST00000456315,ENSP00000412292.2,train,True,8,human,known,NC3
5415,ENST00000434436,ENSP00000412302.2,test,True,8,human,known,NC3
5416,ENST00000438650,ENSP00000412315.1,train,True,8,human,known,NC3
5417,ENST00000417912,ENSP00000412461.2,val,True,8,human,known,NC3
5418,ENST00000438552,ENSP00000412566.2,val,True,8,human,known,NC3
5419,ENST00000453535,ENSP00000412663.1,train,True,8,human,known,NC3
5420,ENST00000447887,ENSP00000412733.1,train,True,8,human,known,NC3
5421,ENST00000426398,ENSP00000412788.3,val,True,8,human,known,NC3
5422,ENST00000424300,ENSP00000412890.1,test,True,8,human,known,NC3
5423,ENST00000438146,ENSP00000413035.2,train,True,8,human,known,NC3
5424,ENST00000423729,ENSP00000413064.2,train,True,8,human,known,NC3
5425,ENST00000417268,ENSP00000413098.2,train,True,8,human,known,NC3
5426,ENST00000442039,ENSP00000413100.2,val,True,8,human,known,NC3
5427,ENST00000424785,ENSP00000413152.2,train,True,8,human,known,NC3
5428,ENST00000444521,ENSP00000413218.3,val,True,8,human,known,NC3
5429,ENST00000448903,ENSP00000413234.3,train,True,8,human,known,NC3
5430,ENST00000457928,ENSP00000413251.3,train,True,8,human,known,NC3
5431,ENST00000441322,ENSP00000413255.2,train,True,8,human,known,NC3
5432,ENST00000442241,ENSP00000413572.3,train,True,8,human,known,NC3
5433,ENST00000454575,ENSP00000413583.2,train,True,8,human,known,NC3
5434,ENST00000441779,ENSP00000413606.2,train,True,8,human,known,NC3
5435,ENST00000441711,ENSP00000413619.2,train,True,8,human,known,NC3
5436,ENST00000440235,ENSP00000413764.3,train,True,8,human,known,NC3
5437,ENST00000419091,ENSP00000413929.2,test,True,8,human,known,NC3
5438,ENST00000421807,ENSP00000413937.2,train,True,8,human,known,NC3
5439,ENST00000432641,ENSP00000414066.2,train,True,8,human,known,NC3
5440,ENST00000411486,ENSP00000414109.1,train,True,8,human,known,NC3
5441,ENST00000443241,ENSP00000414176.1,train,True,8,human,known,NC3
5442,ENST00000412770,ENSP00000414202.1,train,True,8,human,known,NC3
5443,ENST00000420510,ENSP00000414224.1,train,True,8,human,known,NC3
5444,ENST00000444766,ENSP00000414237.3,train,True,8,human,known,NC3
5445,ENST00000452027,ENSP00000414302.2,train,True,8,human,known,NC3
5446,ENST00000440692,ENSP00000414321.1,train,True,8,human,known,NC3
5447,ENST00000418988,ENSP00000414359.2,train,True,8,human,known,NC3
5448,ENST00000415083,ENSP00000414516.2,train,True,8,human,known,NC3
5449,ENST00000446526,ENSP00000414624.2,train,True,8,human,known,NC3
5450,ENST00000457415,ENSP00000414678.3,train,True,8,human,known,NC3
5451,ENST00000439220,ENSP00000414764.2,train,True,8,human,known,NC3
5452,ENST00000442325,ENSP00000414851.2,val,True,8,human,known,NC3
5453,ENST00000458258,ENSP00000414921.1,test,True,8,human,known,NC3
5454,ENST00000414833,ENSP00000414956.2,val,True,8,human,known,NC3
5455,ENST00000444310,nan,train,True,8,human,known,NC3
5456,ENST00000438213,ENSP00000415036.2,val,True,8,human,known,NC3
5457,ENST00000412916,ENSP00000415151.2,train,True,8,human,known,NC3
5458,ENST00000453061,ENSP00000415203.2,train,True,8,human,known,NC3
5459,ENST00000423537,nan,test,True,8,human,known,NC3
5460,ENST00000428443,ENSP00000415332.2,val,True,8,human,known,NC3
5461,ENST00000454366,ENSP00000415430.1,train,True,8,human,known,NC3
5462,ENST00000429001,ENSP00000415464.3,train,True,8,human,known,NC3
5463,ENST00000432768,ENSP00000415498.3,train,True,8,human,known,NC3
5464,ENST00000413266,ENSP00000415682.2,val,True,8,human,known,NC3
5465,ENST00000419098,nan,test,True,8,human,known,NC3
5466,ENST00000443381,ENSP00000415836.2,train,True,8,human,known,NC3
5467,ENST00000438011,ENSP00000415862.1,train,True,8,human,known,NC3
5468,ENST00000428149,ENSP00000415885.2,train,True,8,human,known,NC3
5469,ENST00000416848,ENSP00000415899.2,train,True,8,human,known,NC3
5470,ENST00000436817,ENSP00000415949.2,train,True,8,human,known,NC3
5471,ENST00000424869,ENSP00000415961.2,train,True,8,human,known,NC3
5472,ENST00000447404,ENSP00000415968.2,train,True,8,human,known,NC3
5473,ENST00000452555,ENSP00000416002.2,val,True,8,human,known,NC3
5474,ENST00000441493,ENSP00000416015.2,train,True,8,human,known,NC3
5475,ENST00000437766,ENSP00000416149.1,train,True,8,human,known,NC3
5476,ENST00000446284,ENSP00000416158.2,val,True,8,human,known,NC3
5477,ENST00000436683,ENSP00000416231.2,train,True,8,human,known,NC3
5478,ENST00000424014,ENSP00000416250.2,train,True,8,human,known,NC3
5479,ENST00000426263,ENSP00000416293.2,train,True,8,human,known,NC3
5480,ENST00000435711,ENSP00000416340.1,train,True,8,human,known,NC3
5481,ENST00000419821,ENSP00000416374.2,train,True,8,human,known,NC3
5482,ENST00000442102,ENSP00000416515.2,val,True,8,human,known,NC3
5483,ENST00000428559,ENSP00000416583.2,train,True,8,human,known,NC3
5484,ENST00000444129,ENSP00000416739.2,test,True,8,human,known,NC3
5485,ENST00000429422,ENSP00000416743.1,train,True,8,human,known,NC3
5486,ENST00000422556,ENSP00000416799.1,train,True,8,human,known,NC3
5487,ENST00000412331,ENSP00000416892.3,train,True,8,human,known,NC3
5488,ENST00000452588,ENSP00000416951.2,train,True,8,human,known,NC3
5489,ENST00000453386,ENSP00000416959.2,train,True,8,human,known,NC3
5490,ENST00000447998,ENSP00000416968.2,train,True,8,human,known,NC3
5491,ENST00000496811,ENSP00000417078.1,train,True,8,human,known,NC3
5492,ENST00000460680,ENSP00000417132.1,train,True,8,human,known,NC3
5493,ENST00000475243,ENSP00000417175.1,train,True,8,human,known,NC3
5494,ENST00000474627,ENSP00000417190.2,train,True,8,human,known,NC3
5495,ENST00000460851,ENSP00000417229.1,train,True,8,human,known,NC3
5496,ENST00000481752,ENSP00000417273.1,train,True,8,human,known,NC3
5497,ENST00000466246,ENSP00000417278.2,train,True,8,human,known,NC3
5498,ENST00000469351,ENSP00000417287.1,train,True,8,human,known,NC3
5499,ENST00000489432,ENSP00000417291.2,test,True,8,human,known,NC3
5500,ENST00000472417,ENSP00000417339.1,train,True,8,human,known,NC3
5501,ENST00000470487,ENSP00000417354.1,test,True,8,human,known,NC3
5502,ENST00000492758,ENSP00000417378.1,train,True,8,human,known,NC3
5503,ENST00000497547,ENSP00000417464.1,train,True,8,human,known,NC3
5504,ENST00000468189,ENSP00000417480.1,val,True,8,human,known,NC3
5505,ENST00000465995,ENSP00000417548.1,train,True,8,human,known,NC3
5506,ENST00000472947,ENSP00000417559.1,train,True,8,human,known,NC3
5507,ENST00000497473,ENSP00000417580.1,test,True,8,human,known,NC3
5508,ENST00000484457,ENSP00000417601.1,train,True,8,human,known,NC3
5509,ENST00000476781,ENSP00000417602.1,train,True,8,human,known,NC3
5510,ENST00000468694,ENSP00000417653.1,train,True,8,human,known,NC3
5511,ENST00000498165,ENSP00000417659.1,train,True,8,human,known,NC3
5512,ENST00000468695,ENSP00000417677.2,train,True,8,human,known,NC3
5513,ENST00000464845,ENSP00000417763.1,train,True,8,human,known,NC3
5514,ENST00000476832,ENSP00000417764.1,train,True,8,human,known,NC3
5515,ENST00000485816,ENSP00000417824.1,train,True,8,human,known,NC3
5516,ENST00000465139,ENSP00000417864.2,train,True,8,human,known,NC3
5517,ENST00000478722,ENSP00000417901.1,train,True,8,human,known,NC3
5518,ENST00000485511,ENSP00000417963.1,train,True,8,human,known,NC3
5519,ENST00000460843,ENSP00000417980.1,train,True,8,human,known,NC3
5520,ENST00000485303,ENSP00000418070.1,train,True,8,human,known,NC3
5521,ENST00000491306,ENSP00000418082.1,test,True,8,human,known,NC3
5522,ENST00000474889,ENSP00000418112.1,train,True,8,human,known,NC3
5523,ENST00000479808,ENSP00000418169.1,train,True,8,human,known,NC3
5524,ENST00000461685,ENSP00000418210.1,test,True,8,human,known,NC3
5525,ENST00000484800,ENSP00000418268.1,train,True,8,human,known,NC3
5526,ENST00000488633,ENSP00000418287.1,train,True,8,human,known,NC3
5527,ENST00000466830,ENSP00000418348.1,train,True,8,human,known,NC3
5528,ENST00000482604,ENSP00000418354.1,train,True,8,human,known,NC3
5529,ENST00000470821,ENSP00000418405.1,test,True,8,human,known,NC3
5530,ENST00000476071,ENSP00000418529.1,train,True,8,human,known,NC3
5531,ENST00000473835,ENSP00000418563.1,val,True,8,human,known,NC3
5532,ENST00000473989,ENSP00000418648.2,train,True,8,human,known,NC3
5533,ENST00000478753,ENSP00000418669.3,train,True,8,human,known,NC3
5534,ENST00000492933,ENSP00000418695.1,val,True,8,human,known,NC3
5535,ENST00000488494,ENSP00000418725.2,test,True,8,human,known,NC3
5536,ENST00000472487,ENSP00000418734.1,train,True,8,human,known,NC3
5537,ENST00000481105,ENSP00000418753.1,test,True,8,human,known,NC3
5538,ENST00000484952,ENSP00000418779.1,train,True,8,human,known,NC3
5539,ENST00000494664,ENSP00000418803.1,train,True,8,human,known,NC3
5540,ENST00000495461,ENSP00000418813.1,train,True,8,human,known,NC3
5541,ENST00000471389,ENSP00000418823.1,train,True,8,human,known,NC3
5542,ENST00000491606,ENSP00000418853.1,train,True,8,human,known,NC3
5543,ENST00000471696,ENSP00000418910.1,train,True,8,human,known,NC3
5544,ENST00000491415,ENSP00000419005.1,train,True,8,human,known,NC3
5545,ENST00000486715,ENSP00000419038.1,train,True,8,human,known,NC3
5546,ENST00000481909,ENSP00000419126.1,test,True,8,human,known,NC3
5547,ENST00000468777,ENSP00000419129.1,train,True,8,human,known,NC3
5548,ENST00000472495,ENSP00000419138.1,train,True,8,human,known,NC3
5549,ENST00000489144,nan,test,True,8,human,known,NC3
5550,ENST00000490107,ENSP00000419184.2,train,True,8,human,known,NC3
5551,ENST00000477224,ENSP00000419195.1,train,True,8,human,known,NC3
5552,ENST00000479870,ENSP00000419235.1,train,True,8,human,known,NC3
5553,ENST00000484259,ENSP00000419243.2,val,True,8,human,known,NC3
5554,ENST00000464848,ENSP00000419279.1,train,True,8,human,known,NC3
5555,ENST00000466681,ENSP00000419370.1,train,True,8,human,known,NC3
5556,ENST00000479665,ENSP00000419371.1,train,True,8,human,known,NC3
5557,ENST00000484178,ENSP00000419388.1,train,True,8,human,known,NC3
5558,ENST00000469044,ENSP00000419413.1,train,True,8,human,known,NC3
5559,ENST00000471115,ENSP00000419417.1,train,True,8,human,known,NC3
5560,ENST00000468812,ENSP00000419425.1,train,True,8,human,known,NC3
5561,ENST00000487273,ENSP00000419446.2,train,True,8,human,known,NC3
5562,ENST00000465804,ENSP00000419465.1,train,True,8,human,known,NC3
5563,ENST00000473414,ENSP00000419475.1,test,True,8,human,known,NC3
5564,ENST00000488423,ENSP00000419599.1,train,True,8,human,known,NC3
5565,ENST00000481739,ENSP00000419692.1,train,True,8,human,known,NC3
5566,ENST00000466674,ENSP00000419713.1,train,True,8,human,known,NC3
5567,ENST00000474844,ENSP00000419740.1,train,True,8,human,known,NC3
5568,ENST00000467963,ENSP00000419765.1,train,True,8,human,known,NC3
5569,ENST00000485972,ENSP00000419782.1,train,True,8,human,known,NC3
5570,ENST00000469946,ENSP00000419803.2,val,True,8,human,known,NC3
5571,ENST00000496455,ENSP00000419851.1,train,True,8,human,known,NC3
5572,ENST00000460006,ENSP00000419879.1,test,True,8,human,known,NC3
5573,ENST00000487861,ENSP00000419881.1,train,True,8,human,known,NC3
5574,ENST00000466547,ENSP00000419909.1,train,True,8,human,known,NC3
5575,ENST00000464265,ENSP00000420037.1,train,True,8,human,known,NC3
5576,ENST00000464506,ENSP00000420127.1,train,True,8,human,known,NC3
5577,ENST00000483209,ENSP00000420161.1,train,True,8,human,known,NC3
5578,ENST00000483063,ENSP00000420176.1,train,True,8,human,known,NC3
5579,ENST00000463088,ENSP00000420193.1,val,True,8,human,known,NC3
5580,ENST00000492112,ENSP00000420195.1,train,True,8,human,known,NC3
5581,ENST00000490882,ENSP00000420213.1,train,True,8,human,known,NC3
5582,ENST00000487099,ENSP00000420267.1,test,True,8,human,known,NC3
5583,ENST00000495893,ENSP00000420294.1,val,True,8,human,known,NC3
5584,ENST00000479035,ENSP00000420311.2,train,True,8,human,known,NC3
5585,ENST00000478253,ENSP00000420315.1,train,True,8,human,known,NC3
5586,ENST00000464233,ENSP00000420321.1,train,True,8,human,known,NC3
5587,ENST00000480708,ENSP00000420331.1,val,True,8,human,known,NC3
5588,ENST00000484491,ENSP00000420335.1,train,True,8,human,known,NC3
5589,ENST00000466444,ENSP00000420357.2,test,True,8,human,known,NC3
5590,ENST00000479257,ENSP00000420381.1,train,True,8,human,known,NC3
5591,ENST00000465271,ENSP00000420443.1,val,True,8,human,known,NC3
5592,ENST00000487519,ENSP00000420588.1,train,True,8,human,known,NC3
5593,ENST00000494076,ENSP00000420597.1,train,True,8,human,known,NC3
5594,ENST00000467789,ENSP00000420641.1,train,True,8,human,known,NC3
5595,ENST00000485050,ENSP00000420682.1,test,True,8,human,known,NC3
5596,ENST00000476371,ENSP00000420714.1,test,True,8,human,known,NC3
5597,ENST00000506139,ENSP00000420957.1,train,True,8,human,known,NC3
5598,ENST00000507488,ENSP00000421326.3,train,True,8,human,known,NC3
5599,ENST00000507416,ENSP00000421336.1,test,True,8,human,known,NC3
5600,ENST00000502492,ENSP00000421380.1,test,True,8,human,known,NC3
5601,ENST00000511817,ENSP00000421491.1,val,True,8,human,known,NC3
5602,ENST00000504952,ENSP00000421508.1,test,True,8,human,known,NC3
5603,ENST00000502935,ENSP00000421566.1,train,True,8,human,known,NC3
5604,ENST00000505490,ENSP00000421592.2,train,True,8,human,known,NC3
5605,ENST00000503233,ENSP00000421625.1,train,True,8,human,known,NC3
5606,ENST00000505472,ENSP00000421633.1,train,True,8,human,known,NC3
5607,ENST00000514949,ENSP00000421663.1,train,True,8,human,known,NC3
5608,ENST00000511648,ENSP00000421700.2,test,True,8,human,known,NC3
5609,ENST00000504199,nan,train,True,8,human,known,NC3
5610,ENST00000506179,ENSP00000421757.1,train,True,8,human,known,NC3
5611,ENST00000512635,ENSP00000421965.2,test,True,8,human,known,NC3
5612,ENST00000502762,ENSP00000422040.1,val,True,8,human,known,NC3
5613,ENST00000503393,ENSP00000422168.3,train,True,8,human,known,NC3
5614,ENST00000505177,ENSP00000422215.2,train,True,8,human,known,NC3
5615,ENST00000506696,ENSP00000422223.1,train,True,8,human,known,NC3
5616,ENST00000502929,ENSP00000422319.1,train,True,8,human,known,NC3
5617,ENST00000502781,ENSP00000422392.1,test,True,8,human,known,NC3
5618,ENST00000509253,ENSP00000422440.1,train,True,8,human,known,NC3
5619,ENST00000476527,ENSP00000422551.1,train,True,8,human,known,NC3
5620,ENST00000508608,ENSP00000422677.2,train,True,8,human,known,NC3
5621,ENST00000506239,ENSP00000422679.2,train,True,8,human,known,NC3
5622,ENST00000512123,ENSP00000422834.2,train,True,8,human,known,NC3
5623,ENST00000476238,ENSP00000422846.1,train,True,8,human,known,NC3
5624,ENST00000510515,ENSP00000422896.1,test,True,8,human,known,NC3
5625,ENST00000508789,ENSP00000422912.1,train,True,8,human,known,NC3
5626,ENST00000508293,ENSP00000423002.1,val,True,8,human,known,NC3
5627,ENST00000503816,ENSP00000423008.1,train,True,8,human,known,NC3
5628,ENST00000505059,ENSP00000423152.1,train,True,8,human,known,NC3
5629,ENST00000509437,ENSP00000423276.1,train,True,8,human,known,NC3
5630,ENST00000507807,ENSP00000423321.1,train,True,8,human,known,NC3
5631,ENST00000504292,ENSP00000423415.1,val,True,8,human,known,NC3
5632,ENST00000507591,ENSP00000423427.2,test,True,8,human,known,NC3
5633,ENST00000502399,ENSP00000423452.3,val,True,8,human,known,NC3
5634,ENST00000504764,ENSP00000423463.1,val,True,8,human,known,NC3
5635,ENST00000512671,ENSP00000423644.2,train,True,8,human,known,NC3
5636,ENST00000506784,ENSP00000423665.1,train,True,8,human,known,NC3
5637,ENST00000507754,ENSP00000423673.1,train,True,8,human,known,NC3
5638,ENST00000503787,ENSP00000423822.1,train,True,8,human,known,NC3
5639,ENST00000505747,ENSP00000423933.1,val,True,8,human,known,NC3
5640,ENST00000506706,ENSP00000424076.1,train,True,8,human,known,NC3
5641,ENST00000499666,ENSP00000424183.1,train,True,8,human,known,NC3
5642,ENST00000508394,ENSP00000424191.1,train,True,8,human,known,NC3
5643,ENST00000500692,ENSP00000424275.1,val,True,8,human,known,NC3
5644,ENST00000507110,ENSP00000424328.1,test,True,8,human,known,NC3
5645,ENST00000474879,ENSP00000424381.1,train,True,8,human,known,NC3
5646,ENST00000499023,ENSP00000424417.1,test,True,8,human,known,NC3
5647,ENST00000503731,ENSP00000424544.1,train,True,8,human,known,NC3
5648,ENST00000513710,ENSP00000424628.3,train,True,8,human,known,NC3
5649,ENST00000512469,ENSP00000424636.2,test,True,8,human,known,NC3
5650,ENST00000502613,ENSP00000424668.2,train,True,8,human,known,NC3
5651,ENST00000507142,ENSP00000424757.2,train,True,8,human,known,NC3
5652,ENST00000513970,ENSP00000424795.1,train,True,8,human,known,NC3
5653,ENST00000512528,ENSP00000424798.2,train,True,8,human,known,NC3
5654,ENST00000505459,ENSP00000424870.1,train,True,8,human,known,NC3
5655,ENST00000510025,ENSP00000424940.3,train,True,8,human,known,NC3
5656,ENST00000502938,ENSP00000424950.1,train,True,8,human,known,NC3
5657,ENST00000510038,ENSP00000424971.1,train,True,8,human,known,NC3
5658,ENST00000510708,ENSP00000425048.1,train,True,8,human,known,NC3
5659,ENST00000509910,ENSP00000425107.1,train,True,8,human,known,NC3
5660,ENST00000507544,ENSP00000425261.3,train,True,8,human,known,NC3
5661,ENST00000466499,ENSP00000425299.1,train,True,8,human,known,NC3
5662,ENST00000509657,ENSP00000425347.1,train,True,8,human,known,NC3
5663,ENST00000506469,ENSP00000425494.1,test,True,8,human,known,NC3
5664,ENST00000505992,ENSP00000425561.1,train,True,8,human,known,NC3
5665,ENST00000504087,ENSP00000425658.1,train,True,8,human,known,NC3
5666,ENST00000509578,ENSP00000425759.1,train,True,8,human,known,NC3
5667,ENST00000506587,ENSP00000425809.1,train,True,8,human,known,NC3
5668,ENST00000511664,ENSP00000425824.1,train,True,8,human,known,NC3
5669,ENST00000505397,ENSP00000425844.1,train,True,8,human,known,NC3
5670,ENST00000507746,ENSP00000425889.2,train,True,8,human,known,NC3
5671,ENST00000505878,ENSP00000425952.2,test,True,8,human,known,NC3
5672,ENST00000508628,ENSP00000425956.2,test,True,8,human,known,NC3
5673,ENST00000511367,ENSP00000425979.2,train,True,8,human,known,NC3
5674,ENST00000483017,ENSP00000426119.2,train,True,8,human,known,NC3
5675,ENST00000512478,ENSP00000426167.2,test,True,8,human,known,NC3
5676,ENST00000509734,ENSP00000426191.1,val,True,8,human,known,NC3
5677,ENST00000502878,ENSP00000426215.1,train,True,8,human,known,NC3
5678,ENST00000514135,ENSP00000426354.1,train,True,8,human,known,NC3
5679,ENST00000514044,ENSP00000426421.1,train,True,8,human,known,NC3
5680,ENST00000505337,ENSP00000426474.1,train,True,8,human,known,NC3
5681,ENST00000509156,ENSP00000426504.1,train,True,8,human,known,NC3
5682,ENST00000503945,ENSP00000426529.1,train,True,8,human,known,NC3
5683,ENST00000511912,ENSP00000426638.1,train,True,8,human,known,NC3
5684,ENST00000510092,ENSP00000426654.1,train,True,8,human,known,NC3
5685,ENST00000514455,ENSP00000426708.1,test,True,8,human,known,NC3
5686,ENST00000505560,ENSP00000426848.1,val,True,8,human,known,NC3
5687,ENST00000515355,ENSP00000426850.1,train,True,8,human,known,NC3
5688,ENST00000509534,ENSP00000426858.1,test,True,8,human,known,NC3
5689,ENST00000514800,ENSP00000426907.1,test,True,8,human,known,NC3
5690,ENST00000512805,ENSP00000426909.1,val,True,8,human,known,NC3
5691,ENST00000514667,ENSP00000426948.1,val,True,8,human,known,NC3
5692,ENST00000509430,ENSP00000427004.1,train,True,8,human,known,NC3
5693,ENST00000513702,ENSP00000427006.1,train,True,8,human,known,NC3
5694,ENST00000515435,ENSP00000427031.1,test,True,8,human,known,NC3
5695,ENST00000504169,ENSP00000427108.1,train,True,8,human,known,NC3
5696,ENST00000513458,ENSP00000427401.3,train,True,8,human,known,NC3
5697,ENST00000513374,ENSP00000427424.1,train,True,8,human,known,NC3
5698,ENST00000503362,ENSP00000427463.1,test,True,8,human,known,NC3
5699,ENST00000498907,ENSP00000427514.1,train,True,8,human,known,NC3
5700,ENST00000502732,ENSP00000427562.1,train,True,8,human,known,NC3
5701,ENST00000523221,ENSP00000427722.1,train,True,8,human,known,NC3
5702,ENST00000491692,ENSP00000427746.1,train,True,8,human,known,NC3
5703,ENST00000518626,ENSP00000427755.1,train,True,8,human,known,NC3
5704,ENST00000521089,ENSP00000427772.1,train,True,8,human,known,NC3
5705,ENST00000520309,ENSP00000427882.1,test,True,8,human,known,NC3
5706,ENST00000524189,ENSP00000427900.1,train,True,8,human,known,NC3
5707,ENST00000523189,ENSP00000427975.1,train,True,8,human,known,NC3
5708,ENST00000521913,ENSP00000427985.2,train,True,8,human,known,NC3
5709,ENST00000523815,ENSP00000428074.1,train,True,8,human,known,NC3
5710,ENST00000522514,ENSP00000428099.1,train,True,8,human,known,NC3
5711,ENST00000519638,ENSP00000428112.1,train,True,8,human,known,NC3
5712,ENST00000522368,ENSP00000428115.1,train,True,8,human,known,NC3
5713,ENST00000518766,ENSP00000428182.1,train,True,8,human,known,NC3
5714,ENST00000522083,ENSP00000428259.1,train,True,8,human,known,NC3
5715,ENST00000523116,ENSP00000428281.1,train,True,8,human,known,NC3
5716,ENST00000520220,ENSP00000428424.1,train,True,8,human,known,NC3
5717,ENST00000521604,ENSP00000428426.2,train,True,8,human,known,NC3
5718,ENST00000518156,ENSP00000428480.2,train,True,8,human,known,NC3
5719,ENST00000504968,ENSP00000428564.1,train,True,8,human,known,NC3
5720,ENST00000518297,ENSP00000428589.2,test,True,8,human,known,NC3
5721,ENST00000517860,ENSP00000428675.1,train,True,8,human,known,NC3
5722,ENST00000517395,ENSP00000428753.2,train,True,8,human,known,NC3
5723,ENST00000524300,ENSP00000428756.1,train,True,8,human,known,NC3
5724,ENST00000522447,ENSP00000428801.1,train,True,8,human,known,NC3
5725,ENST00000522655,ENSP00000428821.1,train,True,8,human,known,NC3
5726,ENST00000520468,ENSP00000428895.1,train,True,8,human,known,NC3
5727,ENST00000519728,ENSP00000428924.1,train,True,8,human,known,NC3
5728,ENST00000520429,ENSP00000428982.1,train,True,8,human,known,NC3
5729,ENST00000519882,ENSP00000428985.1,val,True,8,human,known,NC3
5730,ENST00000520552,ENSP00000429015.1,train,True,8,human,known,NC3
5731,ENST00000518429,ENSP00000429020.2,train,True,8,human,known,NC3
5732,ENST00000521022,ENSP00000429065.1,train,True,8,human,known,NC3
5733,ENST00000517887,ENSP00000429082.1,train,True,8,human,known,NC3
5734,ENST00000517679,ENSP00000429083.1,train,True,8,human,known,NC3
5735,ENST00000520539,ENSP00000429084.1,train,True,8,human,known,NC3
5736,ENST00000519676,ENSP00000429168.1,train,True,8,human,known,NC3
5737,ENST00000518111,ENSP00000429243.1,train,True,8,human,known,NC3
5738,ENST00000521288,ENSP00000429274.2,train,True,8,human,known,NC3
5739,ENST00000493344,ENSP00000429323.1,train,True,8,human,known,NC3
5740,ENST00000521264,ENSP00000429366.1,train,True,8,human,known,NC3
5741,ENST00000518322,ENSP00000429367.1,train,True,8,human,known,NC3
5742,ENST00000519807,ENSP00000429374.1,train,True,8,human,known,NC3
5743,ENST00000521672,ENSP00000429485.2,train,True,8,human,known,NC3
5744,ENST00000521265,ENSP00000429538.1,train,True,8,human,known,NC3
5745,ENST00000523601,ENSP00000429744.1,train,True,8,human,known,NC3
5746,ENST00000522720,ENSP00000429790.2,train,True,8,human,known,NC3
5747,ENST00000523908,ENSP00000429824.1,train,True,8,human,known,NC3
5748,ENST00000517630,ENSP00000429886.1,train,True,8,human,known,NC3
5749,ENST00000518721,ENSP00000429900.1,test,True,8,human,known,NC3
5750,ENST00000518937,ENSP00000429915.1,train,True,8,human,known,NC3
5751,ENST00000521688,ENSP00000429986.1,train,True,8,human,known,NC3
5752,ENST00000523377,ENSP00000430025.1,train,True,8,human,known,NC3
5753,ENST00000519239,ENSP00000430147.1,train,True,8,human,known,NC3
5754,ENST00000456842,ENSP00000430198.1,train,True,8,human,known,NC3
5755,ENST00000521508,ENSP00000430236.1,train,True,8,human,known,NC3
5756,ENST00000522398,ENSP00000430256.1,val,True,8,human,known,NC3
5757,ENST00000521400,ENSP00000430269.1,train,True,8,human,known,NC3
5758,ENST00000523731,ENSP00000430338.1,train,True,8,human,known,NC3
5759,ENST00000519065,ENSP00000430432.1,train,True,8,human,known,NC3
5760,ENST00000522858,ENSP00000430489.1,val,True,8,human,known,NC3
5761,ENST00000519917,ENSP00000430490.1,train,True,8,human,known,NC3
5762,ENST00000517876,ENSP00000430493.1,train,True,8,human,known,NC3
5763,ENST00000517309,ENSP00000430548.1,train,True,8,human,known,NC3
5764,ENST00000520008,ENSP00000430610.1,train,True,8,human,known,NC3
5765,ENST00000520452,ENSP00000430642.1,train,True,8,human,known,NC3
5766,ENST00000520810,ENSP00000430684.1,train,True,8,human,known,NC3
5767,ENST00000355968,ENSP00000430817.1,train,True,8,human,known,NC3
5768,ENST00000518467,ENSP00000430887.1,train,True,8,human,known,NC3
5769,ENST00000523282,ENSP00000431076.1,train,True,8,human,known,NC3
5770,ENST00000518175,ENSP00000431087.1,test,True,8,human,known,NC3
5771,ENST00000517992,ENSP00000431124.1,train,True,8,human,known,NC3
5772,ENST00000527432,ENSP00000431150.1,train,True,8,human,known,NC3
5773,ENST00000530275,ENSP00000431179.3,train,True,8,human,known,NC3
5774,ENST00000530907,ENSP00000431186.1,train,True,8,human,known,NC3
5775,ENST00000392161,ENSP00000431265.1,train,True,8,human,known,NC3
5776,ENST00000529373,ENSP00000431295.1,train,True,8,human,known,NC3
5777,ENST00000524827,ENSP00000431355.2,val,True,8,human,known,NC3
5778,ENST00000532324,ENSP00000431376.1,train,True,8,human,known,NC3
5779,ENST00000534348,ENSP00000431482.1,test,True,8,human,known,NC3
5780,ENST00000528838,ENSP00000431512.1,test,True,8,human,known,NC3
5781,ENST00000534567,ENSP00000431641.1,train,True,8,human,known,NC3
5782,ENST00000531452,ENSP00000431643.1,train,True,8,human,known,NC3
5783,ENST00000533419,ENSP00000431660.1,train,True,8,human,known,NC3
5784,ENST00000528610,ENSP00000431763.1,train,True,8,human,known,NC3
5785,ENST00000526415,ENSP00000431808.1,train,True,8,human,known,NC3
5786,ENST00000525621,ENSP00000431885.1,train,True,8,human,known,NC3
5787,ENST00000529637,ENSP00000431949.1,train,True,8,human,known,NC3
5788,ENST00000526104,ENSP00000432008.1,train,True,8,human,known,NC3
5789,ENST00000532219,ENSP00000432016.1,train,True,8,human,known,NC3
5790,ENST00000534624,ENSP00000432083.1,val,True,8,human,known,NC3
5791,ENST00000459737,ENSP00000432149.1,test,True,8,human,known,NC3
5792,ENST00000526991,ENSP00000432279.1,test,True,8,human,known,NC3
5793,ENST00000534312,ENSP00000432362.1,train,True,8,human,known,NC3
5794,ENST00000530811,ENSP00000432386.1,train,True,8,human,known,NC3
5795,ENST00000530758,ENSP00000432472.1,val,True,8,human,known,NC3
5796,ENST00000524803,ENSP00000432487.1,train,True,8,human,known,NC3
5797,ENST00000527670,ENSP00000432511.1,train,True,8,human,known,NC3
5798,ENST00000524958,ENSP00000432523.2,train,True,8,human,known,NC3
5799,ENST00000527011,ENSP00000432540.1,train,True,8,human,known,NC3
5800,ENST00000527947,ENSP00000432609.1,test,True,8,human,known,NC3
5801,ENST00000529230,ENSP00000432768.1,train,True,8,human,known,NC3
5802,ENST00000531901,ENSP00000432770.1,train,True,8,human,known,NC3
5803,ENST00000529006,ENSP00000432786.1,val,True,8,human,known,NC3
5804,ENST00000528157,ENSP00000432799.3,train,True,8,human,known,NC3
5805,ENST00000532414,ENSP00000432845.1,train,True,8,human,known,NC3
5806,ENST00000524737,ENSP00000432890.1,train,True,8,human,known,NC3
5807,ENST00000527610,ENSP00000432897.1,train,True,8,human,known,NC3
5808,ENST00000524564,ENSP00000432937.1,train,True,8,human,known,NC3
5809,ENST00000525074,ENSP00000433102.1,train,True,8,human,known,NC3
5810,ENST00000526014,ENSP00000433312.1,train,True,8,human,known,NC3
5811,ENST00000533050,ENSP00000433343.1,test,True,8,human,known,NC3
5812,ENST00000534025,ENSP00000433361.1,test,True,8,human,known,NC3
5813,ENST00000529945,ENSP00000433392.1,val,True,8,human,known,NC3
5814,ENST00000529430,ENSP00000433406.1,train,True,8,human,known,NC3
5815,ENST00000504924,ENSP00000433427.1,test,True,8,human,known,NC3
5816,ENST00000528793,ENSP00000433511.1,train,True,8,human,known,NC3
5817,ENST00000534127,ENSP00000433528.1,train,True,8,human,known,NC3
5818,ENST00000526049,ENSP00000433541.1,train,True,8,human,known,NC3
5819,ENST00000480058,ENSP00000433547.1,val,True,8,human,known,NC3
5820,ENST00000530271,ENSP00000433548.3,train,True,8,human,known,NC3
5821,ENST00000360151,nan,test,True,8,human,known,NC3
5822,ENST00000534548,ENSP00000433681.3,train,True,8,human,known,NC3
5823,ENST00000469141,ENSP00000433825.1,train,True,8,human,known,NC3
5824,ENST00000532743,ENSP00000433924.2,train,True,8,human,known,NC3
5825,ENST00000530611,ENSP00000433967.1,train,True,8,human,known,NC3
5826,ENST00000534585,ENSP00000433979.1,test,True,8,human,known,NC3
5827,ENST00000530151,ENSP00000433986.1,train,True,8,human,known,NC3
5828,ENST00000532741,ENSP00000434070.1,val,True,8,human,known,NC3
5829,ENST00000532460,ENSP00000434147.1,val,True,8,human,known,NC3
5830,ENST00000525095,ENSP00000434162.2,test,True,8,human,known,NC3
5831,ENST00000531572,ENSP00000434286.2,train,True,8,human,known,NC3
5832,ENST00000528364,ENSP00000434311.1,train,True,8,human,known,NC3
5833,ENST00000532583,ENSP00000434340.1,train,True,8,human,known,NC3
5834,ENST00000530403,ENSP00000434394.1,train,True,8,human,known,NC3
5835,ENST00000534355,ENSP00000434511.1,train,True,8,human,known,NC3
5836,ENST00000525566,ENSP00000434516.1,train,True,8,human,known,NC3
5837,ENST00000531206,ENSP00000434614.1,train,True,8,human,known,NC3
5838,ENST00000529022,ENSP00000434768.1,test,True,8,human,known,NC3
5839,ENST00000527424,ENSP00000434797.1,train,True,8,human,known,NC3
5840,ENST00000527881,ENSP00000434847.1,train,True,8,human,known,NC3
5841,ENST00000524432,ENSP00000435070.1,val,True,8,human,known,NC3
5842,ENST00000531224,ENSP00000435210.1,test,True,8,human,known,NC3
5843,ENST00000533820,ENSP00000435272.1,train,True,8,human,known,NC3
5844,ENST00000532677,ENSP00000435284.1,val,True,8,human,known,NC3
5845,ENST00000527958,ENSP00000435289.1,train,True,8,human,known,NC3
5846,ENST00000494714,ENSP00000435291.1,train,True,8,human,known,NC3
5847,ENST00000529110,ENSP00000435349.2,train,True,8,human,known,NC3
5848,ENST00000529639,ENSP00000435370.1,train,True,8,human,known,NC3
5849,ENST00000531427,ENSP00000435376.1,train,True,8,human,known,NC3
5850,ENST00000527249,ENSP00000435439.1,train,True,8,human,known,NC3
5851,ENST00000527536,ENSP00000435441.1,train,True,8,human,known,NC3
5852,ENST00000531922,ENSP00000435444.2,train,True,8,human,known,NC3
5853,ENST00000528847,nan,train,True,8,human,known,NC3
5854,ENST00000532287,ENSP00000435576.1,train,True,8,human,known,NC3
5855,ENST00000534705,ENSP00000435604.1,train,True,8,human,known,NC3
5856,ENST00000505496,ENSP00000435650.2,test,True,8,human,known,NC3
5857,ENST00000527661,ENSP00000435667.1,val,True,8,human,known,NC3
5858,ENST00000528450,ENSP00000435673.1,val,True,8,human,known,NC3
5859,ENST00000527414,ENSP00000435681.1,test,True,8,human,known,NC3
5860,ENST00000532059,ENSP00000435712.1,val,True,8,human,known,NC3
5861,ENST00000529106,ENSP00000435726.1,train,True,8,human,known,NC3
5862,ENST00000532925,ENSP00000435732.1,val,True,8,human,known,NC3
5863,ENST00000525634,ENSP00000435777.1,test,True,8,human,known,NC3
5864,ENST00000470402,ENSP00000436019.1,train,True,8,human,known,NC3
5865,ENST00000531120,ENSP00000436049.1,train,True,8,human,known,NC3
5866,ENST00000528338,nan,test,True,8,human,known,NC3
5867,ENST00000530997,ENSP00000436092.2,train,True,8,human,known,NC3
5868,ENST00000532097,ENSP00000436186.1,train,True,8,human,known,NC3
5869,ENST00000534313,ENSP00000436269.1,train,True,8,human,known,NC3
5870,ENST00000533244,ENSP00000436318.1,train,True,8,human,known,NC3
5871,ENST00000526115,ENSP00000436397.1,test,True,8,human,known,NC3
5872,ENST00000460212,ENSP00000436490.1,train,True,8,human,known,NC3
5873,ENST00000488683,ENSP00000436538.1,val,True,8,human,known,NC3
5874,ENST00000531967,ENSP00000436585.1,train,True,8,human,known,NC3
5875,ENST00000529983,ENSP00000436604.2,train,True,8,human,known,NC3
5876,ENST00000467062,ENSP00000436699.1,train,True,8,human,known,NC3
5877,ENST00000533290,ENSP00000436713.1,train,True,8,human,known,NC3
5878,ENST00000532972,ENSP00000436759.1,train,True,8,human,known,NC3
5879,ENST00000525815,ENSP00000436785.1,val,True,8,human,known,NC3
5880,ENST00000531165,ENSP00000436864.1,train,True,8,human,known,NC3
5881,ENST00000528416,ENSP00000436901.1,train,True,8,human,known,NC3
5882,ENST00000524794,ENSP00000436926.1,val,True,8,human,known,NC3
5883,ENST00000533217,ENSP00000436932.1,train,True,8,human,known,NC3
5884,ENST00000527446,ENSP00000436971.1,train,True,8,human,known,NC3
5885,ENST00000496930,nan,val,True,8,human,known,NC3
5886,ENST00000527372,ENSP00000437073.1,train,True,8,human,known,NC3
5887,ENST00000532827,ENSP00000437092.1,train,True,8,human,known,NC3
5888,ENST00000532437,ENSP00000437271.1,train,True,8,human,known,NC3
5889,ENST00000534749,ENSP00000437286.1,train,True,8,human,known,NC3
5890,ENST00000527547,ENSP00000437339.1,train,True,8,human,known,NC3
5891,ENST00000539015,ENSP00000437673.1,test,True,8,human,known,NC3
5892,ENST00000541286,ENSP00000437738.1,val,True,8,human,known,NC3
5893,ENST00000540052,ENSP00000437775.2,train,True,8,human,known,NC3
5894,ENST00000542282,ENSP00000437807.1,test,True,8,human,known,NC3
5895,ENST00000543253,ENSP00000437872.1,train,True,8,human,known,NC3
5896,ENST00000543095,ENSP00000437968.2,train,True,8,human,known,NC3
5897,ENST00000492433,ENSP00000438039.2,train,True,8,human,known,NC3
5898,ENST00000537686,ENSP00000438085.3,train,True,8,human,known,NC3
5899,ENST00000544844,ENSP00000438349.2,test,True,8,human,known,NC3
5900,ENST00000535424,ENSP00000438399.1,train,True,8,human,known,NC3
5901,ENST00000541231,ENSP00000438455.1,train,True,8,human,known,NC3
5902,ENST00000539839,ENSP00000438460.1,train,True,8,human,known,NC3
5903,ENST00000498926,ENSP00000438465.1,train,True,8,human,known,NC3
5904,ENST00000543646,ENSP00000438497.1,train,True,8,human,known,NC3
5905,ENST00000541959,ENSP00000438510.1,test,True,8,human,known,NC3
5906,ENST00000545237,ENSP00000438574.1,test,True,8,human,known,NC3
5907,ENST00000545908,ENSP00000438588.2,train,True,8,human,known,NC3
5908,ENST00000543245,ENSP00000438689.2,test,True,8,human,known,NC3
5909,ENST00000541043,ENSP00000438733.2,test,True,8,human,known,NC3
5910,ENST00000543872,ENSP00000438748.2,train,True,8,human,known,NC3
5911,ENST00000535273,ENSP00000438863.1,train,True,8,human,known,NC3
5912,ENST00000541477,ENSP00000438873.1,val,True,8,human,known,NC3
5913,ENST00000536708,ENSP00000438886.2,test,True,8,human,known,NC3
5914,ENST00000537169,ENSP00000439032.1,train,True,8,human,known,NC3
5915,ENST00000203166,ENSP00000439056.1,train,True,8,human,known,NC3
5916,ENST00000543662,ENSP00000439170.1,val,True,8,human,known,NC3
5917,ENST00000538431,ENSP00000439244.2,train,True,8,human,known,NC3
5918,ENST00000538936,ENSP00000439245.3,train,True,8,human,known,NC3
5919,ENST00000536386,ENSP00000439392.1,val,True,8,human,known,NC3
5920,ENST00000541970,ENSP00000439467.1,train,True,8,human,known,NC3
5921,ENST00000539542,ENSP00000439479.1,train,True,8,human,known,NC3
5922,ENST00000535131,ENSP00000439492.1,train,True,8,human,known,NC3
5923,ENST00000537806,ENSP00000439606.2,test,True,8,human,known,NC3
5924,ENST00000539948,ENSP00000439671.1,train,True,8,human,known,NC3
5925,ENST00000540759,ENSP00000439878.2,test,True,8,human,known,NC3
5926,ENST00000540385,ENSP00000439913.1,train,True,8,human,known,NC3
5927,ENST00000538084,ENSP00000440001.2,train,True,8,human,known,NC3
5928,ENST00000539276,ENSP00000440045.2,train,True,8,human,known,NC3
5929,ENST00000545692,nan,train,True,8,human,known,NC3
5930,ENST00000535035,ENSP00000440191.3,train,True,8,human,known,NC3
5931,ENST00000544627,ENSP00000440440.1,train,True,8,human,known,NC3
5932,ENST00000541212,ENSP00000440485.1,val,True,8,human,known,NC3
5933,ENST00000536461,ENSP00000440495.1,val,True,8,human,known,NC3
5934,ENST00000545581,ENSP00000440602.1,test,True,8,human,known,NC3
5935,ENST00000543824,nan,val,True,8,human,known,NC3
5936,ENST00000537981,ENSP00000440874.1,test,True,8,human,known,NC3
5937,ENST00000544803,ENSP00000440905.1,train,True,8,human,known,NC3
5938,ENST00000534898,ENSP00000440915.2,test,True,8,human,known,NC3
5939,ENST00000539589,ENSP00000440945.1,train,True,8,human,known,NC3
5940,ENST00000536586,ENSP00000440985.3,train,True,8,human,known,NC3
5941,ENST00000341355,ENSP00000441275.1,train,True,8,human,known,NC3
5942,ENST00000540149,ENSP00000441282.1,train,True,8,human,known,NC3
5943,ENST00000535010,ENSP00000441355.1,train,True,8,human,known,NC3
5944,ENST00000537454,ENSP00000441501.1,test,True,8,human,known,NC3
5945,ENST00000538039,ENSP00000441518.1,train,True,8,human,known,NC3
5946,ENST00000544431,ENSP00000441549.1,train,True,8,human,known,NC3
5947,ENST00000493468,ENSP00000441656.2,train,True,8,human,known,NC3
5948,ENST00000539826,ENSP00000441692.2,train,True,8,human,known,NC3
5949,ENST00000541916,ENSP00000441831.1,val,True,8,human,known,NC3
5950,ENST00000539735,ENSP00000441852.1,test,True,8,human,known,NC3
5951,ENST00000535923,ENSP00000441875.1,train,True,8,human,known,NC3
5952,ENST00000536441,ENSP00000441927.1,val,True,8,human,known,NC3
5953,ENST00000535373,ENSP00000441953.1,train,True,8,human,known,NC3
5954,ENST00000545279,ENSP00000441954.2,val,True,8,human,known,NC3
5955,ENST00000545121,ENSP00000441980.1,val,True,8,human,known,NC3
5956,ENST00000536961,ENSP00000442057.2,train,True,8,human,known,NC3
5957,ENST00000540638,ENSP00000442091.2,train,True,8,human,known,NC3
5958,ENST00000535997,ENSP00000442120.3,test,True,8,human,known,NC3
5959,ENST00000537817,ENSP00000442224.2,train,True,8,human,known,NC3
5960,ENST00000545606,ENSP00000442318.1,train,True,8,human,known,NC3
5961,ENST00000464942,ENSP00000442360.2,train,True,8,human,known,NC3
5962,ENST00000538775,ENSP00000442464.1,train,True,8,human,known,NC3
5963,ENST00000543881,ENSP00000442500.1,test,True,8,human,known,NC3
5964,ENST00000539111,ENSP00000442563.2,test,True,8,human,known,NC3
5965,ENST00000539836,ENSP00000442573.3,test,True,8,human,known,NC3
5966,ENST00000542278,ENSP00000442653.2,train,True,8,human,known,NC3
5967,ENST00000534842,ENSP00000442688.1,train,True,8,human,known,NC3
5968,ENST00000546231,ENSP00000442739.2,train,True,8,human,known,NC3
5969,ENST00000535671,ENSP00000442858.1,train,True,8,human,known,NC3
5970,ENST00000537466,ENSP00000443068.2,train,True,8,human,known,NC3
5971,ENST00000544910,ENSP00000443104.1,train,True,8,human,known,NC3
5972,ENST00000534928,ENSP00000443113.2,train,True,8,human,known,NC3
5973,ENST00000545693,ENSP00000443147.1,train,True,8,human,known,NC3
5974,ENST00000541778,ENSP00000443150.1,train,True,8,human,known,NC3
5975,ENST00000545197,ENSP00000443194.1,test,True,8,human,known,NC3
5976,ENST00000537328,ENSP00000443216.1,train,True,8,human,known,NC3
5977,ENST00000545134,ENSP00000443287.1,train,True,8,human,known,NC3
5978,ENST00000542838,ENSP00000443426.1,train,True,8,human,known,NC3
5979,ENST00000539282,ENSP00000443459.1,train,True,8,human,known,NC3
5980,ENST00000541364,ENSP00000443475.1,test,True,8,human,known,NC3
5981,ENST00000546211,ENSP00000443492.3,val,True,8,human,known,NC3
5982,ENST00000540288,ENSP00000443631.1,val,True,8,human,known,NC3
5983,ENST00000545127,ENSP00000443795.1,train,True,8,human,known,NC3
5984,ENST00000535014,ENSP00000443854.1,train,True,8,human,known,NC3
5985,ENST00000500576,ENSP00000443900.3,train,True,8,human,known,NC3
5986,ENST00000539909,ENSP00000443965.2,train,True,8,human,known,NC3
5987,ENST00000543473,ENSP00000443988.1,train,True,8,human,known,NC3
5988,ENST00000546355,nan,train,True,8,human,known,NC3
5989,ENST00000541869,ENSP00000444136.1,train,True,8,human,known,NC3
5990,ENST00000542554,ENSP00000444278.1,test,True,8,human,known,NC3
5991,ENST00000542575,ENSP00000444408.1,train,True,8,human,known,NC3
5992,ENST00000543927,ENSP00000444433.1,train,True,8,human,known,NC3
5993,ENST00000538716,ENSP00000444565.1,train,True,8,human,known,NC3
5994,ENST00000538004,ENSP00000444621.1,val,True,8,human,known,NC3
5995,ENST00000535456,ENSP00000444628.1,train,True,8,human,known,NC3
5996,ENST00000542507,ENSP00000444660.1,train,True,8,human,known,NC3
5997,ENST00000536354,ENSP00000444788.2,train,True,8,human,known,NC3
5998,ENST00000536438,ENSP00000444810.1,train,True,8,human,known,NC3
5999,ENST00000536562,ENSP00000444889.1,train,True,8,human,known,NC3
6000,ENST00000538771,ENSP00000444935.1,train,True,8,human,known,NC3
6001,ENST00000540437,ENSP00000445001.1,test,True,8,human,known,NC3
6002,ENST00000543341,ENSP00000445162.1,val,True,8,human,known,NC3
6003,ENST00000542355,ENSP00000445205.2,train,True,8,human,known,NC3
6004,ENST00000536068,ENSP00000445373.1,val,True,8,human,known,NC3
6005,ENST00000537505,ENSP00000445408.2,test,True,8,human,known,NC3
6006,ENST00000452681,nan,train,True,8,human,known,NC3
6007,ENST00000534941,ENSP00000445446.1,val,True,8,human,known,NC3
6008,ENST00000545170,ENSP00000445618.2,train,True,8,human,known,NC3
6009,ENST00000542778,ENSP00000445757.2,train,True,8,human,known,NC3
6010,ENST00000538696,ENSP00000445770.1,val,True,8,human,known,NC3
6011,ENST00000544017,ENSP00000445806.2,train,True,8,human,known,NC3
6012,ENST00000542342,ENSP00000445829.2,val,True,8,human,known,NC3
6013,ENST00000543949,ENSP00000445840.2,test,True,8,human,known,NC3
6014,ENST00000543602,ENSP00000445857.1,val,True,8,human,known,NC3
6015,ENST00000545712,ENSP00000445920.1,train,True,8,human,known,NC3
6016,ENST00000301686,ENSP00000445926.2,train,True,8,human,known,NC3
6017,ENST00000543663,ENSP00000446093.1,test,True,8,human,known,NC3
6018,ENST00000399794,ENSP00000446099.1,train,True,8,human,known,NC3
6019,ENST00000537098,ENSP00000446100.2,train,True,8,human,known,NC3
6020,ENST00000535406,ENSP00000446339.1,train,True,8,human,known,NC3
6021,ENST00000550104,ENSP00000446576.2,train,True,8,human,known,NC3
6022,ENST00000547408,ENSP00000446721.1,train,True,8,human,known,NC3
6023,ENST00000552699,ENSP00000446734.1,train,True,8,human,known,NC3
6024,ENST00000551812,ENSP00000446880.1,train,True,8,human,known,NC3
6025,ENST00000551662,ENSP00000446917.1,train,True,8,human,known,NC3
6026,ENST00000553183,ENSP00000446981.1,train,True,8,human,known,NC3
6027,ENST00000551295,ENSP00000447006.1,train,True,8,human,known,NC3
6028,ENST00000547517,ENSP00000447053.1,train,True,8,human,known,NC3
6029,ENST00000552951,ENSP00000447057.1,train,True,8,human,known,NC3
6030,ENST00000549190,ENSP00000447168.1,train,True,8,human,known,NC3
6031,ENST00000552516,ENSP00000447297.1,train,True,8,human,known,NC3
6032,ENST00000551917,ENSP00000447310.1,train,True,8,human,known,NC3
6033,ENST00000549518,ENSP00000447328.1,train,True,8,human,known,NC3
6034,ENST00000552864,ENSP00000447488.1,train,True,8,human,known,NC3
6035,ENST00000549117,ENSP00000447730.1,train,True,8,human,known,NC3
6036,ENST00000549115,ENSP00000448050.2,train,True,8,human,known,NC3
6037,ENST00000552283,ENSP00000448054.1,train,True,8,human,known,NC3
6038,ENST00000551964,ENSP00000448165.2,train,True,8,human,known,NC3
6039,ENST00000551446,ENSP00000448250.2,test,True,8,human,known,NC3
6040,ENST00000550097,ENSP00000448286.1,train,True,8,human,known,NC3
6041,ENST00000547530,ENSP00000448387.2,test,True,8,human,known,NC3
6042,ENST00000546495,ENSP00000448598.1,test,True,8,human,known,NC3
6043,ENST00000546500,ENSP00000448617.1,train,True,8,human,known,NC3
6044,ENST00000553064,ENSP00000448672.2,train,True,8,human,known,NC3
6045,ENST00000546463,ENSP00000448762.2,train,True,8,human,known,NC3
6046,ENST00000552235,ENSP00000448780.2,train,True,8,human,known,NC3
6047,ENST00000551671,ENSP00000448912.1,train,True,8,human,known,NC3
6048,ENST00000546588,ENSP00000449044.1,train,True,8,human,known,NC3
6049,ENST00000548746,ENSP00000449080.1,train,True,8,human,known,NC3
6050,ENST00000547081,ENSP00000449106.1,train,True,8,human,known,NC3
6051,ENST00000550411,ENSP00000449207.1,train,True,8,human,known,NC3
6052,ENST00000551043,ENSP00000449260.1,train,True,8,human,known,NC3
6053,ENST00000551150,ENSP00000449328.1,train,True,8,human,known,NC3
6054,ENST00000552218,ENSP00000449341.1,test,True,8,human,known,NC3
6055,ENST00000551404,ENSP00000449381.2,train,True,8,human,known,NC3
6056,ENST00000546815,ENSP00000449386.2,train,True,8,human,known,NC3
6057,ENST00000550164,ENSP00000449396.1,train,True,8,human,known,NC3
6058,ENST00000552150,ENSP00000449404.1,train,True,8,human,known,NC3
6059,ENST00000546604,ENSP00000449409.1,val,True,8,human,known,NC3
6060,ENST00000548315,ENSP00000449428.1,train,True,8,human,known,NC3
6061,ENST00000547837,ENSP00000449452.1,val,True,8,human,known,NC3
6062,ENST00000548058,ENSP00000449535.1,train,True,8,human,known,NC3
6063,ENST00000549273,ENSP00000449610.1,train,True,8,human,known,NC3
6064,ENST00000548044,ENSP00000449649.1,val,True,8,human,known,NC3
6065,ENST00000550347,ENSP00000449747.1,train,True,8,human,known,NC3
6066,ENST00000552197,ENSP00000449756.1,train,True,8,human,known,NC3
6067,ENST00000546954,ENSP00000449795.1,train,True,8,human,known,NC3
6068,ENST00000550804,ENSP00000449960.1,train,True,8,human,known,NC3
6069,ENST00000551840,ENSP00000450063.1,train,True,8,human,known,NC3
6070,ENST00000547315,ENSP00000450114.1,test,True,8,human,known,NC3
6071,ENST00000553116,ENSP00000450168.1,val,True,8,human,known,NC3
6072,ENST00000546530,ENSP00000450244.1,train,True,8,human,known,NC3
6073,ENST00000550065,ENSP00000450264.1,test,True,8,human,known,NC3
6074,ENST00000551806,ENSP00000450281.1,train,True,8,human,known,NC3
6075,ENST00000551742,ENSP00000450309.1,train,True,8,human,known,NC3
6076,ENST00000552490,ENSP00000450324.1,test,True,8,human,known,NC3
6077,ENST00000549701,ENSP00000450399.1,test,True,8,human,known,NC3
6078,ENST00000553458,ENSP00000450436.1,val,True,8,human,known,NC3
6079,ENST00000556440,ENSP00000450461.2,test,True,8,human,known,NC3
6080,ENST00000556529,nan,train,True,8,human,known,NC3
6081,ENST00000553532,ENSP00000450607.1,test,True,8,human,known,NC3
6082,ENST00000556029,ENSP00000450627.1,train,True,8,human,known,NC3
6083,ENST00000554659,ENSP00000450731.1,test,True,8,human,known,NC3
6084,ENST00000557376,ENSP00000450758.1,train,True,8,human,known,NC3
6085,ENST00000553935,ENSP00000450799.1,train,True,8,human,known,NC3
6086,ENST00000555002,ENSP00000450831.2,val,True,8,human,known,NC3
6087,ENST00000555463,ENSP00000450873.1,train,True,8,human,known,NC3
6088,ENST00000554943,ENSP00000450883.1,val,True,8,human,known,NC3
6089,ENST00000557040,ENSP00000450894.1,train,True,8,human,known,NC3
6090,ENST00000554101,ENSP00000450899.1,train,True,8,human,known,NC3
6091,ENST00000557342,ENSP00000450909.1,train,True,8,human,known,NC3
6092,ENST00000471182,ENSP00000450945.2,train,True,8,human,known,NC3
6093,ENST00000557385,ENSP00000450969.1,train,True,8,human,known,NC3
6094,ENST00000555593,ENSP00000451006.1,train,True,8,human,known,NC3
6095,ENST00000554746,ENSP00000451050.1,train,True,8,human,known,NC3
6096,ENST00000557016,ENSP00000451080.1,train,True,8,human,known,NC3
6097,ENST00000553373,ENSP00000451084.1,train,True,8,human,known,NC3
6098,ENST00000556603,ENSP00000451091.1,train,True,8,human,known,NC3
6099,ENST00000554848,ENSP00000451166.1,train,True,8,human,known,NC3
6100,ENST00000554087,ENSP00000451167.1,test,True,8,human,known,NC3
6101,ENST00000556897,ENSP00000451176.1,val,True,8,human,known,NC3
6102,ENST00000553490,ENSP00000451180.1,train,True,8,human,known,NC3
6103,ENST00000557644,ENSP00000451211.1,train,True,8,human,known,NC3
6104,ENST00000435041,ENSP00000451261.1,train,True,8,human,known,NC3
6105,ENST00000555587,nan,train,True,8,human,known,NC3
6106,ENST00000555238,ENSP00000451300.1,val,True,8,human,known,NC3
6107,ENST00000557135,ENSP00000451460.1,train,True,8,human,known,NC3
6108,ENST00000553533,ENSP00000451546.2,train,True,8,human,known,NC3
6109,ENST00000554204,ENSP00000451583.3,train,True,8,human,known,NC3
6110,ENST00000464394,ENSP00000451659.1,train,True,8,human,known,NC3
6111,ENST00000556412,ENSP00000451857.1,train,True,8,human,known,NC3
6112,ENST00000553333,ENSP00000451920.1,val,True,8,human,known,NC3
6113,ENST00000555572,ENSP00000451932.1,train,True,8,human,known,NC3
6114,ENST00000556618,ENSP00000451963.1,train,True,8,human,known,NC3
6115,ENST00000553264,ENSP00000451974.1,train,True,8,human,known,NC3
6116,ENST00000553586,ENSP00000451976.1,val,True,8,human,known,NC3
6117,ENST00000556816,ENSP00000452007.1,val,True,8,human,known,NC3
6118,ENST00000553645,ENSP00000452037.1,train,True,8,human,known,NC3
6119,ENST00000553891,ENSP00000452442.1,val,True,8,human,known,NC3
6120,ENST00000553612,ENSP00000452454.1,test,True,8,human,known,NC3
6121,ENST00000553376,ENSP00000452514.1,train,True,8,human,known,NC3
6122,ENST00000556492,ENSP00000452521.1,test,True,8,human,known,NC3
6123,ENST00000553809,ENSP00000452603.1,train,True,8,human,known,NC3
6124,ENST00000558460,ENSP00000452646.1,val,True,8,human,known,NC3
6125,ENST00000558134,ENSP00000452697.1,train,True,8,human,known,NC3
6126,ENST00000557943,ENSP00000452762.1,train,True,8,human,known,NC3
6127,ENST00000558966,ENSP00000452837.1,train,True,8,human,known,NC3
6128,ENST00000560939,ENSP00000452933.1,train,True,8,human,known,NC3
6129,ENST00000281581,ENSP00000452964.1,train,True,8,human,known,NC3
6130,ENST00000560031,ENSP00000453129.1,val,True,8,human,known,NC3
6131,ENST00000558011,ENSP00000453223.1,train,True,8,human,known,NC3
6132,ENST00000560891,ENSP00000453267.2,train,True,8,human,known,NC3
6133,ENST00000559447,ENSP00000453281.3,train,True,8,human,known,NC3
6134,ENST00000559835,ENSP00000453291.1,val,True,8,human,known,NC3
6135,ENST00000561421,ENSP00000453347.2,val,True,8,human,known,NC3
6136,ENST00000560091,ENSP00000453414.1,train,True,8,human,known,NC3
6137,ENST00000559450,ENSP00000453509.1,train,True,8,human,known,NC3
6138,ENST00000559911,ENSP00000453544.1,train,True,8,human,known,NC3
6139,ENST00000559956,ENSP00000453694.2,train,True,8,human,known,NC3
6140,ENST00000558506,ENSP00000453743.1,train,True,8,human,known,NC3
6141,ENST00000557872,nan,val,True,8,human,known,NC3
6142,ENST00000462430,ENSP00000453764.1,train,True,8,human,known,NC3
6143,ENST00000560025,ENSP00000453773.1,train,True,8,human,known,NC3
6144,ENST00000559844,ENSP00000453785.1,train,True,8,human,known,NC3
6145,ENST00000561208,ENSP00000453793.1,train,True,8,human,known,NC3
6146,ENST00000559471,ENSP00000453854.1,train,True,8,human,known,NC3
6147,ENST00000559082,ENSP00000453887.1,train,True,8,human,known,NC3
6148,ENST00000558719,ENSP00000454083.2,test,True,8,human,known,NC3
6149,ENST00000558291,ENSP00000454128.2,test,True,8,human,known,NC3
6150,ENST00000568733,ENSP00000454264.2,train,True,8,human,known,NC3
6151,ENST00000532090,ENSP00000454303.1,train,True,8,human,known,NC3
6152,ENST00000565975,ENSP00000454360.1,train,True,8,human,known,NC3
6153,ENST00000567016,ENSP00000454519.1,train,True,8,human,known,NC3
6154,ENST00000564765,ENSP00000454537.1,train,True,8,human,known,NC3
6155,ENST00000563281,ENSP00000454545.1,train,True,8,human,known,NC3
6156,ENST00000517562,ENSP00000454561.1,test,True,8,human,known,NC3
6157,ENST00000564163,ENSP00000454612.1,val,True,8,human,known,NC3
6158,ENST00000570101,ENSP00000454646.1,test,True,8,human,known,NC3
6159,ENST00000567078,ENSP00000454746.2,train,True,8,human,known,NC3
6160,ENST00000563934,ENSP00000454762.1,train,True,8,human,known,NC3
6161,ENST00000562833,ENSP00000454786.2,train,True,8,human,known,NC3
6162,ENST00000568546,ENSP00000454836.1,val,True,8,human,known,NC3
6163,ENST00000564973,ENSP00000454868.1,train,True,8,human,known,NC3
6164,ENST00000563290,ENSP00000454973.1,train,True,8,human,known,NC3
6165,ENST00000561555,ENSP00000455042.1,train,True,8,human,known,NC3
6166,ENST00000565504,ENSP00000455100.1,train,True,8,human,known,NC3
6167,ENST00000569669,ENSP00000455106.1,train,True,8,human,known,NC3
6168,ENST00000566304,ENSP00000455114.1,train,True,8,human,known,NC3
6169,ENST00000565263,ENSP00000455229.1,train,True,8,human,known,NC3
6170,ENST00000567759,ENSP00000455265.1,test,True,8,human,known,NC3
6171,ENST00000568685,ENSP00000455282.1,train,True,8,human,known,NC3
6172,ENST00000562103,ENSP00000455308.2,train,True,8,human,known,NC3
6173,ENST00000540220,nan,train,True,8,human,known,NC3
6174,ENST00000562319,ENSP00000455529.2,val,True,8,human,known,NC3
6175,ENST00000570045,ENSP00000455552.1,val,True,8,human,known,NC3
6176,ENST00000563206,ENSP00000455813.1,train,True,8,human,known,NC3
6177,ENST00000567887,ENSP00000455823.1,train,True,8,human,known,NC3
6178,ENST00000561678,ENSP00000455837.3,train,True,8,human,known,NC3
6179,ENST00000567554,ENSP00000455855.1,train,True,8,human,known,NC3
6180,ENST00000563232,ENSP00000456218.1,test,True,8,human,known,NC3
6181,ENST00000562188,ENSP00000456242.1,train,True,8,human,known,NC3
6182,ENST00000567812,ENSP00000456330.1,train,True,8,human,known,NC3
6183,ENST00000562958,ENSP00000456436.1,train,True,8,human,known,NC3
6184,ENST00000566228,ENSP00000456480.1,train,True,8,human,known,NC3
6185,ENST00000569453,ENSP00000456501.1,train,True,8,human,known,NC3
6186,ENST00000568985,ENSP00000456734.1,train,True,8,human,known,NC3
6187,ENST00000565290,nan,test,True,8,human,known,NC3
6188,ENST00000564754,ENSP00000456845.2,val,True,8,human,known,NC3
6189,ENST00000565323,ENSP00000456851.1,val,True,8,human,known,NC3
6190,ENST00000567949,ENSP00000456908.1,train,True,8,human,known,NC3
6191,ENST00000568433,nan,train,True,8,human,known,NC3
6192,ENST00000543774,ENSP00000456933.2,train,True,8,human,known,NC3
6193,ENST00000569466,ENSP00000456935.1,val,True,8,human,known,NC3
6194,ENST00000568459,ENSP00000456970.1,train,True,8,human,known,NC3
6195,ENST00000568396,ENSP00000457022.1,val,True,8,human,known,NC3
6196,ENST00000561639,ENSP00000457241.1,test,True,8,human,known,NC3
6197,ENST00000566157,ENSP00000457258.1,train,True,8,human,known,NC3
6198,ENST00000570191,ENSP00000457411.1,test,True,8,human,known,NC3
6199,ENST00000567744,ENSP00000457624.1,train,True,8,human,known,NC3
6200,ENST00000562684,ENSP00000457694.1,train,True,8,human,known,NC3
6201,ENST00000565335,ENSP00000457708.1,train,True,8,human,known,NC3
6202,ENST00000568956,ENSP00000457715.1,train,True,8,human,known,NC3
6203,ENST00000565678,ENSP00000457723.1,train,True,8,human,known,NC3
6204,ENST00000567439,ENSP00000457850.1,val,True,8,human,known,NC3
6205,ENST00000568667,ENSP00000457853.1,val,True,8,human,known,NC3
6206,ENST00000563480,ENSP00000457892.1,train,True,8,human,known,NC3
6207,ENST00000568530,ENSP00000457916.1,train,True,8,human,known,NC3
6208,ENST00000354191,ENSP00000457957.1,train,True,8,human,known,NC3
6209,ENST00000564675,ENSP00000458053.1,test,True,8,human,known,NC3
6210,ENST00000574107,ENSP00000458350.1,train,True,8,human,known,NC3
6211,ENST00000572008,ENSP00000458528.1,train,True,8,human,known,NC3
6212,ENST00000572595,ENSP00000458584.2,train,True,8,human,known,NC3
6213,ENST00000573584,ENSP00000458954.1,train,True,8,human,known,NC3
6214,ENST00000573034,ENSP00000459615.2,train,True,8,human,known,NC3
6215,ENST00000571589,ENSP00000459626.2,train,True,8,human,known,NC3
6216,ENST00000572557,ENSP00000459895.1,val,True,8,human,known,NC3
6217,ENST00000570535,ENSP00000459943.1,val,True,8,human,known,NC3
6218,ENST00000575111,ENSP00000460190.1,train,True,8,human,known,NC3
6219,ENST00000573500,ENSP00000460437.1,train,True,8,human,known,NC3
6220,ENST00000575882,ENSP00000460823.1,train,True,8,human,known,NC3
6221,ENST00000571133,ENSP00000460871.1,train,True,8,human,known,NC3
6222,ENST00000536741,ENSP00000460897.1,train,True,8,human,known,NC3
6223,ENST00000576409,ENSP00000460964.1,train,True,8,human,known,NC3
6224,ENST00000572778,ENSP00000461098.1,train,True,8,human,known,NC3
6225,ENST00000575245,ENSP00000461144.1,val,True,8,human,known,NC3
6226,ENST00000572195,ENSP00000461388.1,train,True,8,human,known,NC3
6227,ENST00000572919,ENSP00000461416.1,train,True,8,human,known,NC3
6228,ENST00000572904,ENSP00000461484.1,test,True,8,human,known,NC3
6229,ENST00000574139,ENSP00000461629.3,train,True,8,human,known,NC3
6230,ENST00000573600,ENSP00000461749.1,val,True,8,human,known,NC3
6231,ENST00000573224,ENSP00000461784.2,train,True,8,human,known,NC3
6232,ENST00000576761,ENSP00000461801.2,train,True,8,human,known,NC3
6233,ENST00000581066,ENSP00000461930.1,val,True,8,human,known,NC3
6234,ENST00000460874,ENSP00000461932.1,train,True,8,human,known,NC3
6235,ENST00000578921,ENSP00000461945.2,test,True,8,human,known,NC3
6236,ENST00000584436,ENSP00000462154.4,train,True,8,human,known,NC3
6237,ENST00000579847,ENSP00000462311.1,train,True,8,human,known,NC3
6238,ENST00000581694,ENSP00000462313.1,train,True,8,human,known,NC3
6239,ENST00000579016,ENSP00000462333.1,train,True,8,human,known,NC3
6240,ENST00000583130,ENSP00000462350.1,train,True,8,human,known,NC3
6241,ENST00000564104,ENSP00000462435.1,val,True,8,human,known,NC3
6242,ENST00000583617,ENSP00000462515.1,val,True,8,human,known,NC3
6243,ENST00000582401,ENSP00000462521.1,train,True,8,human,known,NC3
6244,ENST00000581312,ENSP00000462729.1,train,True,8,human,known,NC3
6245,ENST00000578822,ENSP00000462835.1,test,True,8,human,known,NC3
6246,ENST00000582677,ENSP00000462870.1,train,True,8,human,known,NC3
6247,ENST00000577399,ENSP00000462878.1,train,True,8,human,known,NC3
6248,ENST00000579755,ENSP00000462950.1,train,True,8,human,known,NC3
6249,ENST00000581216,ENSP00000462963.1,train,True,8,human,known,NC3
6250,ENST00000578121,ENSP00000462980.1,test,True,8,human,known,NC3
6251,ENST00000579310,ENSP00000462996.1,train,True,8,human,known,NC3
6252,ENST00000580753,ENSP00000463012.1,train,True,8,human,known,NC3
6253,ENST00000578454,ENSP00000463027.1,test,True,8,human,known,NC3
6254,ENST00000580059,ENSP00000463041.2,val,True,8,human,known,NC3
6255,ENST00000584773,ENSP00000463042.1,train,True,8,human,known,NC3
6256,ENST00000341832,ENSP00000463048.2,train,True,8,human,known,NC3
6257,ENST00000583136,ENSP00000463071.1,val,True,8,human,known,NC3
6258,ENST00000583931,ENSP00000463154.1,train,True,8,human,known,NC3
6259,ENST00000582783,ENSP00000463159.1,train,True,8,human,known,NC3
6260,ENST00000584895,ENSP00000463379.1,train,True,8,human,known,NC3
6261,ENST00000578049,ENSP00000463393.1,val,True,8,human,known,NC3
6262,ENST00000584123,ENSP00000463411.1,test,True,8,human,known,NC3
6263,ENST00000581777,ENSP00000463493.2,test,True,8,human,known,NC3
6264,ENST00000583509,ENSP00000463574.1,train,True,8,human,known,NC3
6265,ENST00000580611,ENSP00000463613.1,train,True,8,human,known,NC3
6266,ENST00000579002,ENSP00000463683.1,train,True,8,human,known,NC3
6267,ENST00000583536,ENSP00000463758.1,train,True,8,human,known,NC3
6268,ENST00000584164,ENSP00000463784.1,test,True,8,human,known,NC3
6269,ENST00000584461,ENSP00000463939.1,train,True,8,human,known,NC3
6270,ENST00000579690,ENSP00000463982.1,train,True,8,human,known,NC3
6271,ENST00000581322,ENSP00000464006.1,train,True,8,human,known,NC3
6272,ENST00000583648,ENSP00000464042.2,train,True,8,human,known,NC3
6273,ENST00000578681,ENSP00000464050.1,val,True,8,human,known,NC3
6274,ENST00000577745,ENSP00000464231.1,test,True,8,human,known,NC3
6275,ENST00000577809,ENSP00000464275.1,train,True,8,human,known,NC3
6276,ENST00000580887,ENSP00000464359.1,val,True,8,human,known,NC3
6277,ENST00000577961,ENSP00000464380.1,train,True,8,human,known,NC3
6278,ENST00000498285,ENSP00000464383.1,train,True,8,human,known,NC3
6279,ENST00000585089,ENSP00000464443.1,test,True,8,human,known,NC3
6280,ENST00000580168,ENSP00000464512.1,train,True,8,human,known,NC3
6281,ENST00000580018,ENSP00000464522.3,val,True,8,human,known,NC3
6282,ENST00000588881,ENSP00000464812.1,train,True,8,human,known,NC3
6283,ENST00000590958,ENSP00000464814.1,train,True,8,human,known,NC3
6284,ENST00000591660,ENSP00000464863.1,train,True,8,human,known,NC3
6285,ENST00000589666,ENSP00000464893.1,train,True,8,human,known,NC3
6286,ENST00000587394,ENSP00000464955.1,val,True,8,human,known,NC3
6287,ENST00000587323,ENSP00000465077.1,train,True,8,human,known,NC3
6288,ENST00000589804,ENSP00000465099.1,train,True,8,human,known,NC3
6289,ENST00000588705,ENSP00000465194.1,train,True,8,human,known,NC3
6290,ENST00000585603,ENSP00000465213.1,train,True,8,human,known,NC3
6291,ENST00000588301,ENSP00000465216.1,train,True,8,human,known,NC3
6292,ENST00000588750,ENSP00000465356.1,train,True,8,human,known,NC3
6293,ENST00000590099,ENSP00000465364.1,val,True,8,human,known,NC3
6294,ENST00000588234,ENSP00000465432.1,train,True,8,human,known,NC3
6295,ENST00000588871,ENSP00000465469.1,train,True,8,human,known,NC3
6296,ENST00000586956,ENSP00000465483.1,train,True,8,human,known,NC3
6297,ENST00000592875,ENSP00000465517.1,train,True,8,human,known,NC3
6298,ENST00000585374,ENSP00000465585.1,train,True,8,human,known,NC3
6299,ENST00000588216,ENSP00000465625.1,train,True,8,human,known,NC3
6300,ENST00000586740,ENSP00000465630.1,train,True,8,human,known,NC3
6301,ENST00000585916,ENSP00000465676.1,train,True,8,human,known,NC3
6302,ENST00000590891,ENSP00000465706.1,train,True,8,human,known,NC3
6303,ENST00000587091,ENSP00000465734.1,train,True,8,human,known,NC3
6304,ENST00000588649,ENSP00000465759.2,train,True,8,human,known,NC3
6305,ENST00000590986,ENSP00000465915.1,train,True,8,human,known,NC3
6306,ENST00000588479,ENSP00000465930.1,train,True,8,human,known,NC3
6307,ENST00000593135,ENSP00000465992.1,train,True,8,human,known,NC3
6308,ENST00000589655,ENSP00000466000.1,train,True,8,human,known,NC3
6309,ENST00000593052,ENSP00000466010.1,train,True,8,human,known,NC3
6310,ENST00000586277,ENSP00000466019.1,val,True,8,human,known,NC3
6311,ENST00000592764,ENSP00000466111.1,train,True,8,human,known,NC3
6312,ENST00000592741,ENSP00000466134.1,val,True,8,human,known,NC3
6313,ENST00000590247,ENSP00000466214.1,train,True,8,human,known,NC3
6314,ENST00000592280,ENSP00000466249.1,train,True,8,human,known,NC3
6315,ENST00000587230,ENSP00000466298.1,train,True,8,human,known,NC3
6316,ENST00000591776,ENSP00000466321.1,train,True,8,human,known,NC3
6317,ENST00000589578,ENSP00000466363.1,train,True,8,human,known,NC3
6318,ENST00000588537,ENSP00000466564.1,train,True,8,human,known,NC3
6319,ENST00000591912,ENSP00000466665.1,val,True,8,human,known,NC3
6320,ENST00000586027,ENSP00000466747.1,train,True,8,human,known,NC3
6321,ENST00000592141,ENSP00000466818.2,test,True,8,human,known,NC3
6322,ENST00000591470,ENSP00000466845.1,train,True,8,human,known,NC3
6323,ENST00000591725,nan,test,True,8,human,known,NC3
6324,ENST00000589042,ENSP00000467141.1,train,True,8,human,known,NC3
6325,ENST00000587747,ENSP00000467414.1,train,True,8,human,known,NC3
6326,ENST00000588852,ENSP00000467423.1,train,True,8,human,known,NC3
6327,ENST00000589606,ENSP00000467526.1,train,True,8,human,known,NC3
6328,ENST00000587303,ENSP00000467537.1,train,True,8,human,known,NC3
6329,ENST00000591680,ENSP00000467556.1,train,True,8,human,known,NC3
6330,ENST00000587922,ENSP00000467574.1,val,True,8,human,known,NC3
6331,ENST00000588282,ENSP00000467600.1,train,True,8,human,known,NC3
6332,ENST00000591382,ENSP00000467805.1,train,True,8,human,known,NC3
6333,ENST00000589359,ENSP00000468002.1,val,True,8,human,known,NC3
6334,ENST00000589334,ENSP00000468025.1,train,True,8,human,known,NC3
6335,ENST00000585482,ENSP00000468032.2,val,True,8,human,known,NC3
6336,ENST00000587718,ENSP00000468041.1,val,True,8,human,known,NC3
6337,ENST00000588025,ENSP00000468051.1,train,True,8,human,known,NC3
6338,ENST00000587152,ENSP00000468312.1,train,True,8,human,known,NC3
6339,ENST00000590474,ENSP00000468348.1,val,True,8,human,known,NC3
6340,ENST00000585595,ENSP00000468430.1,train,True,8,human,known,NC3
6341,ENST00000588462,ENSP00000468592.1,train,True,8,human,known,NC3
6342,ENST00000587834,ENSP00000468633.1,train,True,8,human,known,NC3
6343,ENST00000586895,ENSP00000468656.1,train,True,8,human,known,NC3
6344,ENST00000600932,ENSP00000469035.1,train,True,8,human,known,NC3
6345,ENST00000600651,ENSP00000469037.1,train,True,8,human,known,NC3
6346,ENST00000593515,ENSP00000469139.1,train,True,8,human,known,NC3
6347,ENST00000601063,nan,train,True,8,human,known,NC3
6348,ENST00000598676,ENSP00000469484.1,val,True,8,human,known,NC3
6349,ENST00000594851,ENSP00000469495.1,train,True,8,human,known,NC3
6350,ENST00000601630,ENSP00000469648.1,train,True,8,human,known,NC3
6351,ENST00000600882,ENSP00000469820.1,train,True,8,human,known,NC3
6352,ENST00000599612,ENSP00000469836.2,val,True,8,human,known,NC3
6353,ENST00000595091,ENSP00000470005.1,train,True,8,human,known,NC3
6354,ENST00000596358,ENSP00000470034.1,train,True,8,human,known,NC3
6355,ENST00000599848,ENSP00000470142.1,train,True,8,human,known,NC3
6356,ENST00000601498,ENSP00000470176.1,train,True,8,human,known,NC3
6357,ENST00000594117,nan,train,True,8,human,known,NC3
6358,ENST00000599564,ENSP00000470220.1,train,True,8,human,known,NC3
6359,ENST00000596148,ENSP00000470262.1,train,True,8,human,known,NC3
6360,ENST00000596049,ENSP00000470445.1,train,True,8,human,known,NC3
6361,ENST00000594797,ENSP00000470539.1,train,True,8,human,known,NC3
6362,ENST00000599672,ENSP00000470560.1,train,True,8,human,known,NC3
6363,ENST00000593767,ENSP00000470692.3,val,True,8,human,known,NC3
6364,ENST00000595515,ENSP00000470804.1,train,True,8,human,known,NC3
6365,ENST00000594720,ENSP00000470876.2,train,True,8,human,known,NC3
6366,ENST00000593729,ENSP00000470962.1,train,True,8,human,known,NC3
6367,ENST00000598742,ENSP00000470972.1,train,True,8,human,known,NC3
6368,ENST00000594824,ENSP00000471367.1,train,True,8,human,known,NC3
6369,ENST00000598495,ENSP00000471388.1,val,True,8,human,known,NC3
6370,ENST00000597436,ENSP00000471455.1,train,True,8,human,known,NC3
6371,ENST00000598188,ENSP00000471605.1,train,True,8,human,known,NC3
6372,ENST00000601588,ENSP00000471865.1,train,True,8,human,known,NC3
6373,ENST00000593731,ENSP00000471914.1,train,True,8,human,known,NC3
6374,ENST00000599522,nan,train,True,8,human,known,NC3
6375,ENST00000596582,ENSP00000472171.1,train,True,8,human,known,NC3
6376,ENST00000600980,ENSP00000472182.1,train,True,8,human,known,NC3
6377,ENST00000596459,ENSP00000472197.1,test,True,8,human,known,NC3
6378,ENST00000597595,ENSP00000472249.1,train,True,8,human,known,NC3
6379,ENST00000595444,ENSP00000472266.1,train,True,8,human,known,NC3
6380,ENST00000596014,ENSP00000472300.1,train,True,8,human,known,NC3
6381,ENST00000596558,ENSP00000472302.1,train,True,8,human,known,NC3
6382,ENST00000598585,ENSP00000472420.1,train,True,8,human,known,NC3
6383,ENST00000595904,ENSP00000472445.1,test,True,8,human,known,NC3
6384,ENST00000600659,nan,train,True,8,human,known,NC3
6385,ENST00000600377,ENSP00000472914.1,val,True,8,human,known,NC3
6386,ENST00000598441,ENSP00000472998.1,train,True,8,human,known,NC3
6387,ENST00000595090,ENSP00000473172.1,train,True,8,human,known,NC3
6388,ENST00000602725,ENSP00000473259.1,train,True,8,human,known,NC3
6389,ENST00000370558,ENSP00000473267.1,train,True,8,human,known,NC3
6390,ENST00000602795,ENSP00000473290.1,train,True,8,human,known,NC3
6391,ENST00000602477,ENSP00000473348.1,train,True,8,human,known,NC3
6392,ENST00000602452,nan,train,True,8,human,known,NC3
6393,ENST00000338333,ENSP00000473383.1,train,True,8,human,known,NC3
6394,ENST00000602390,ENSP00000473391.1,train,True,8,human,known,NC3
6395,ENST00000602677,ENSP00000473396.1,train,True,8,human,known,NC3
6396,ENST00000434457,ENSP00000473469.1,train,True,8,human,known,NC3
6397,ENST00000602511,ENSP00000473481.1,test,True,8,human,known,NC3
6398,ENST00000479633,ENSP00000473567.1,train,True,8,human,known,NC3
6399,ENST00000602402,ENSP00000473631.1,val,True,8,human,known,NC3
6400,ENST00000602398,ENSP00000473665.1,train,True,8,human,known,NC3
6401,ENST00000547098,ENSP00000473798.1,train,True,8,human,known,NC3
6402,ENST00000605786,ENSP00000474032.1,train,True,8,human,known,NC3
6403,ENST00000605844,ENSP00000474096.1,train,True,8,human,known,NC3
6404,ENST00000479502,ENSP00000474470.2,train,True,8,human,known,NC3
6405,ENST00000604000,ENSP00000474487.3,train,True,8,human,known,NC3
6406,ENST00000604458,ENSP00000474534.1,train,True,8,human,known,NC3
6407,ENST00000409138,ENSP00000474667.1,train,True,8,human,known,NC3
6408,ENST00000604011,ENSP00000474823.1,train,True,8,human,known,NC3
6409,ENST00000488254,ENSP00000475080.1,train,True,8,human,known,NC3
6410,ENST00000605895,ENSP00000475168.1,train,True,8,human,known,NC3
6411,ENST00000605997,ENSP00000475170.1,train,True,8,human,known,NC3
6412,ENST00000607829,ENSP00000475224.1,train,True,8,human,known,NC3
6413,ENST00000606320,ENSP00000475489.1,train,True,8,human,known,NC3
6414,ENST00000279839,ENSP00000475615.2,train,True,8,human,known,NC3
6415,ENST00000607537,ENSP00000475724.1,train,True,8,human,known,NC3
6416,ENST00000606214,ENSP00000475727.1,train,True,8,human,known,NC3
6417,ENST00000607197,ENSP00000475750.1,test,True,8,human,known,NC3
6418,ENST00000540200,ENSP00000475924.2,train,True,8,human,known,NC3
6419,ENST00000585809,ENSP00000476117.3,train,True,8,human,known,NC3
6420,ENST00000607016,ENSP00000476119.1,train,True,8,human,known,NC3
6421,ENST00000357590,ENSP00000476176.2,train,True,8,human,known,NC3
6422,ENST00000567180,ENSP00000476384.1,train,True,8,human,known,NC3
6423,ENST00000610213,ENSP00000476386.1,train,True,8,human,known,NC3
6424,ENST00000610140,ENSP00000476480.2,train,True,8,human,known,NC3
6425,ENST00000606911,ENSP00000476687.1,train,True,8,human,known,NC3
6426,ENST00000609923,ENSP00000476815.1,train,True,8,human,known,NC3
6427,ENST00000610020,ENSP00000476948.1,train,True,8,human,known,NC3
6428,ENST00000392948,ENSP00000476960.1,train,True,8,human,known,NC3
6429,ENST00000481862,ENSP00000477077.1,train,True,8,human,known,NC3
6430,ENST00000609360,ENSP00000477213.1,train,True,8,human,known,NC3
6431,ENST00000579991,ENSP00000477310.1,train,True,8,human,known,NC3
6432,ENST00000594828,ENSP00000477443.1,train,True,8,human,known,NC3
6433,ENST00000609928,ENSP00000477486.1,train,True,8,human,known,NC3
6434,ENST00000620958,ENSP00000477506.1,train,True,8,human,known,NC3
6435,ENST00000616836,ENSP00000477526.1,train,True,8,human,known,NC3
6436,ENST00000622749,nan,test,True,8,human,known,NC3
6437,ENST00000618555,ENSP00000477551.1,train,True,8,human,known,NC3
6438,ENST00000614243,ENSP00000477565.1,train,True,8,human,known,NC3
6439,ENST00000613539,ENSP00000477572.1,train,True,8,human,known,NC3
6440,ENST00000517490,ENSP00000477590.1,train,True,8,human,known,NC3
6441,ENST00000621943,ENSP00000477602.1,test,True,8,human,known,NC3
6442,ENST00000621687,ENSP00000477626.1,train,True,8,human,known,NC3
6443,ENST00000613852,ENSP00000477639.1,train,True,8,human,known,NC3
6444,ENST00000620518,ENSP00000477669.1,train,True,8,human,known,NC3
6445,ENST00000619544,ENSP00000477681.1,train,True,8,human,known,NC3
6446,ENST00000382252,ENSP00000477706.1,train,True,8,human,known,NC3
6447,ENST00000621650,ENSP00000477716.1,val,True,8,human,known,NC3
6448,ENST00000614147,ENSP00000477734.1,train,True,8,human,known,NC3
6449,ENST00000616577,ENSP00000477781.1,val,True,8,human,known,NC3
6450,ENST00000617190,ENSP00000477792.1,train,True,8,human,known,NC3
6451,ENST00000620915,ENSP00000477798.1,train,True,8,human,known,NC3
6452,ENST00000619387,ENSP00000477848.1,train,True,8,human,known,NC3
6453,ENST00000613569,ENSP00000477868.1,train,True,8,human,known,NC3
6454,ENST00000622429,ENSP00000477878.1,train,True,8,human,known,NC3
6455,ENST00000611400,ENSP00000477946.1,train,True,8,human,known,NC3
6456,ENST00000616714,ENSP00000478059.1,test,True,8,human,known,NC3
6457,ENST00000612661,ENSP00000478061.1,test,True,8,human,known,NC3
6458,ENST00000614790,ENSP00000478070.1,train,True,8,human,known,NC3
6459,ENST00000620676,ENSP00000478104.1,train,True,8,human,known,NC3
6460,ENST00000613102,ENSP00000478220.1,train,True,8,human,known,NC3
6461,ENST00000611279,ENSP00000478253.1,test,True,8,human,known,NC3
6462,ENST00000622132,ENSP00000478255.1,train,True,8,human,known,NC3
6463,ENST00000611875,ENSP00000478273.1,train,True,8,human,known,NC3
6464,ENST00000613503,ENSP00000478298.1,val,True,8,human,known,NC3
6465,ENST00000615234,ENSP00000478303.1,train,True,8,human,known,NC3
6466,ENST00000619898,ENSP00000478310.2,train,True,8,human,known,NC3
6467,ENST00000613904,ENSP00000478396.1,train,True,8,human,known,NC3
6468,ENST00000621413,ENSP00000478490.1,train,True,8,human,known,NC3
6469,ENST00000613466,ENSP00000478501.1,train,True,8,human,known,NC3
6470,ENST00000615280,ENSP00000478518.2,test,True,8,human,known,NC3
6471,ENST00000614428,ENSP00000478547.1,test,True,8,human,known,NC3
6472,ENST00000610935,ENSP00000478557.1,val,True,8,human,known,NC3
6473,ENST00000290510,ENSP00000478600.1,train,True,8,human,known,NC3
6474,ENST00000612684,ENSP00000478702.1,val,True,8,human,known,NC3
6475,ENST00000620157,ENSP00000478754.1,test,True,8,human,known,NC3
6476,ENST00000622179,ENSP00000478763.1,train,True,8,human,known,NC3
6477,ENST00000612501,ENSP00000478767.1,val,True,8,human,known,NC3
6478,ENST00000610365,ENSP00000478779.1,train,True,8,human,known,NC3
6479,ENST00000619168,ENSP00000478874.1,train,True,8,human,known,NC3
6480,ENST00000491935,ENSP00000478877.1,val,True,8,human,known,NC3
6481,ENST00000621592,ENSP00000478887.2,test,True,8,human,known,NC3
6482,ENST00000615612,ENSP00000478892.1,train,True,8,human,known,NC3
6483,ENST00000615667,ENSP00000478927.1,train,True,8,human,known,NC3
6484,ENST00000621607,ENSP00000478999.1,train,True,8,human,known,NC3
6485,ENST00000621281,ENSP00000479064.1,train,True,8,human,known,NC3
6486,ENST00000621748,ENSP00000479083.1,test,True,8,human,known,NC3
6487,ENST00000614302,ENSP00000479130.1,train,True,8,human,known,NC3
6488,ENST00000621096,ENSP00000479153.1,train,True,8,human,known,NC3
6489,ENST00000620786,ENSP00000479322.1,train,True,8,human,known,NC3
6490,ENST00000611250,ENSP00000479377.1,test,True,8,human,known,NC3
6491,ENST00000617697,ENSP00000479421.1,test,True,8,human,known,NC3
6492,ENST00000621533,ENSP00000479438.1,val,True,8,human,known,NC3
6493,ENST00000612242,ENSP00000479490.1,train,True,8,human,known,NC3
6494,ENST00000617633,ENSP00000479504.1,train,True,8,human,known,NC3
6495,ENST00000614623,ENSP00000479518.1,train,True,8,human,known,NC3
6496,ENST00000614987,ENSP00000479667.1,test,True,8,human,known,NC3
6497,ENST00000610401,ENSP00000479674.2,train,True,8,human,known,NC3
6498,ENST00000615244,nan,train,True,8,human,known,NC3
6499,ENST00000612800,ENSP00000479860.1,val,True,8,human,known,NC3
6500,ENST00000616972,ENSP00000479861.1,train,True,8,human,known,NC3
6501,ENST00000613694,ENSP00000479889.3,train,True,8,human,known,NC3
6502,ENST00000619493,ENSP00000479940.1,train,True,8,human,known,NC3
6503,ENST00000621198,ENSP00000480050.1,train,True,8,human,known,NC3
6504,ENST00000619301,ENSP00000480074.1,train,True,8,human,known,NC3
6505,ENST00000611268,ENSP00000480141.1,train,True,8,human,known,NC3
6506,ENST00000617285,ENSP00000480150.1,train,True,8,human,known,NC3
6507,ENST00000613509,ENSP00000480262.1,train,True,8,human,known,NC3
6508,ENST00000610322,ENSP00000480364.1,train,True,8,human,known,NC3
6509,ENST00000611405,ENSP00000480421.1,train,True,8,human,known,NC3
6510,ENST00000616661,ENSP00000480439.1,train,True,8,human,known,NC3
6511,ENST00000619706,ENSP00000480469.1,train,True,8,human,known,NC3
6512,ENST00000622188,ENSP00000480483.1,train,True,8,human,known,NC3
6513,ENST00000612311,ENSP00000480514.1,test,True,8,human,known,NC3
6514,ENST00000510175,nan,train,True,8,human,known,NC3
6515,ENST00000618323,ENSP00000480678.2,val,True,8,human,known,NC3
6516,ENST00000621372,ENSP00000480821.1,test,True,8,human,known,NC3
6517,ENST00000614830,ENSP00000480832.2,train,True,8,human,known,NC3
6518,ENST00000618481,ENSP00000480836.1,test,True,8,human,known,NC3
6519,ENST00000616978,ENSP00000480916.1,train,True,8,human,known,NC3
6520,ENST00000613385,ENSP00000480941.1,test,True,8,human,known,NC3
6521,ENST00000619852,nan,train,True,8,human,known,NC3
6522,ENST00000615916,ENSP00000480986.1,train,True,8,human,known,NC3
6523,ENST00000616552,ENSP00000480987.1,val,True,8,human,known,NC3
6524,ENST00000618908,ENSP00000481000.1,train,True,8,human,known,NC3
6525,ENST00000621999,ENSP00000481022.1,test,True,8,human,known,NC3
6526,ENST00000619920,ENSP00000481029.1,train,True,8,human,known,NC3
6527,ENST00000619304,ENSP00000481110.1,train,True,8,human,known,NC3
6528,ENST00000621632,ENSP00000481495.1,train,True,8,human,known,NC3
6529,ENST00000619791,ENSP00000481531.1,test,True,8,human,known,NC3
6530,ENST00000614766,ENSP00000481559.1,val,True,8,human,known,NC3
6531,ENST00000477305,ENSP00000481593.1,train,True,8,human,known,NC3
6532,ENST00000613060,ENSP00000481625.1,train,True,8,human,known,NC3
6533,ENST00000421553,ENSP00000481707.1,train,True,8,human,known,NC3
6534,ENST00000618521,ENSP00000481709.1,train,True,8,human,known,NC3
6535,ENST00000615911,ENSP00000481733.1,train,True,8,human,known,NC3
6536,ENST00000610546,ENSP00000481859.1,train,True,8,human,known,NC3
6537,ENST00000613358,ENSP00000481886.1,train,True,8,human,known,NC3
6538,ENST00000617533,ENSP00000481917.1,val,True,8,human,known,NC3
6539,ENST00000615788,ENSP00000481920.1,train,True,8,human,known,NC3
6540,ENST00000611683,ENSP00000482026.1,train,True,8,human,known,NC3
6541,ENST00000616743,ENSP00000482066.1,train,True,8,human,known,NC3
6542,ENST00000622698,nan,train,True,8,human,known,NC3
6543,ENST00000615259,ENSP00000482117.1,train,True,8,human,known,NC3
6544,ENST00000621525,ENSP00000482133.1,train,True,8,human,known,NC3
6545,ENST00000610854,ENSP00000482169.2,train,True,8,human,known,NC3
6546,ENST00000528718,ENSP00000482264.1,val,True,8,human,known,NC3
6547,ENST00000617231,ENSP00000482277.1,train,True,8,human,known,NC3
6548,ENST00000619571,ENSP00000482285.1,test,True,8,human,known,NC3
6549,ENST00000617875,ENSP00000482313.2,val,True,8,human,known,NC3
6550,ENST00000617204,ENSP00000482335.1,train,True,8,human,known,NC3
6551,ENST00000622211,ENSP00000482396.1,train,True,8,human,known,NC3
6552,ENST00000612061,ENSP00000482412.1,train,True,8,human,known,NC3
6553,ENST00000564138,ENSP00000482457.1,train,True,8,human,known,NC3
6554,ENST00000619747,ENSP00000482533.1,train,True,8,human,known,NC3
6555,ENST00000612867,ENSP00000482540.1,test,True,8,human,known,NC3
6556,ENST00000619039,ENSP00000482548.1,train,True,8,human,known,NC3
6557,ENST00000617316,ENSP00000482568.2,train,True,8,human,known,NC3
6558,ENST00000611707,ENSP00000482571.1,test,True,8,human,known,NC3
6559,ENST00000621161,ENSP00000482620.1,train,True,8,human,known,NC3
6560,ENST00000618172,ENSP00000482680.1,train,True,8,human,known,NC3
6561,ENST00000618819,ENSP00000482732.1,test,True,8,human,known,NC3
6562,ENST00000474315,ENSP00000482773.1,train,True,8,human,known,NC3
6563,ENST00000620941,ENSP00000482833.1,val,True,8,human,known,NC3
6564,ENST00000618940,ENSP00000482835.1,train,True,8,human,known,NC3
6565,ENST00000613674,ENSP00000482907.1,val,True,8,human,known,NC3
6566,ENST00000617445,ENSP00000482946.1,val,True,8,human,known,NC3
6567,ENST00000613296,ENSP00000482968.1,train,True,8,human,known,NC3
6568,ENST00000617312,ENSP00000483059.1,train,True,8,human,known,NC3
6569,ENST00000622633,ENSP00000483114.1,train,True,8,human,known,NC3
6570,ENST00000618772,ENSP00000483133.1,train,True,8,human,known,NC3
6571,ENST00000610919,ENSP00000483219.1,val,True,8,human,known,NC3
6572,ENST00000616407,ENSP00000483228.1,train,True,8,human,known,NC3
6573,ENST00000618852,ENSP00000483313.1,val,True,8,human,known,NC3
6574,ENST00000616600,ENSP00000483345.1,train,True,8,human,known,NC3
6575,ENST00000617979,ENSP00000483375.1,val,True,8,human,known,NC3
6576,ENST00000620156,ENSP00000483403.1,train,True,8,human,known,NC3
6577,ENST00000612223,ENSP00000483453.1,train,True,8,human,known,NC3
6578,ENST00000610426,ENSP00000483484.1,train,True,8,human,known,NC3
6579,ENST00000611055,ENSP00000483489.1,train,True,8,human,known,NC3
6580,ENST00000612478,ENSP00000483494.1,train,True,8,human,known,NC3
6581,ENST00000614342,ENSP00000483562.1,train,True,8,human,known,NC3
6582,ENST00000611820,ENSP00000483595.2,val,True,8,human,known,NC3
6583,ENST00000622259,ENSP00000483613.1,train,True,8,human,known,NC3
6584,ENST00000619426,ENSP00000483688.1,train,True,8,human,known,NC3
6585,ENST00000500893,ENSP00000484056.1,train,True,8,human,known,NC3
6586,ENST00000612977,ENSP00000484101.1,test,True,8,human,known,NC3
6587,ENST00000614314,ENSP00000484121.1,test,True,8,human,known,NC3
6588,ENST00000614697,ENSP00000484129.1,train,True,8,human,known,NC3
6589,ENST00000622669,ENSP00000484175.1,train,True,8,human,known,NC3
6590,ENST00000622514,ENSP00000484267.1,train,True,8,human,known,NC3
6591,ENST00000616448,ENSP00000484285.1,train,True,8,human,known,NC3
6592,ENST00000612421,ENSP00000484343.1,train,True,8,human,known,NC3
6593,ENST00000619644,ENSP00000484398.1,val,True,8,human,known,NC3
6594,ENST00000613953,ENSP00000484435.1,val,True,8,human,known,NC3
6595,ENST00000618534,ENSP00000484443.1,train,True,8,human,known,NC3
6596,ENST00000615648,ENSP00000484472.1,val,True,8,human,known,NC3
6597,ENST00000613122,ENSP00000484525.2,val,True,8,human,known,NC3
6598,ENST00000611091,ENSP00000484532.1,train,True,8,human,known,NC3
6599,ENST00000614508,ENSP00000484566.1,train,True,8,human,known,NC3
6600,ENST00000615264,ENSP00000484569.1,train,True,8,human,known,NC3
6601,ENST00000618156,ENSP00000484580.1,val,True,8,human,known,NC3
6602,ENST00000616939,ENSP00000484680.1,train,True,8,human,known,NC3
6603,ENST00000620430,ENSP00000484713.1,train,True,8,human,known,NC3
6604,ENST00000610967,ENSP00000484799.1,train,True,8,human,known,NC3
6605,ENST00000611582,ENSP00000484804.1,train,True,8,human,known,NC3
6606,ENST00000618329,ENSP00000484819.1,train,True,8,human,known,NC3
6607,ENST00000621441,ENSP00000484855.1,train,True,8,human,known,NC3
6608,ENST00000531044,ENSP00000484943.1,train,True,8,human,known,NC3
6609,ENST00000612399,ENSP00000484998.1,val,True,8,human,known,NC3
6610,ENST00000623213,ENSP00000485033.1,test,True,8,human,known,NC3
6611,ENST00000530210,nan,train,True,8,human,known,NC3
6612,ENST00000623481,ENSP00000485218.1,train,True,8,human,known,NC3
6613,ENST00000623402,ENSP00000485276.1,val,True,8,human,known,NC3
6614,ENST00000623882,ENSP00000485308.1,train,True,8,human,known,NC3
6615,ENST00000411646,ENSP00000485316.2,train,True,8,human,known,NC3
6616,ENST00000606389,ENSP00000485350.2,test,True,8,human,known,NC3
6617,ENST00000482587,ENSP00000485355.1,test,True,8,human,known,NC3
6618,ENST00000493470,ENSP00000485408.1,train,True,8,human,known,NC3
6619,ENST00000623978,ENSP00000485477.1,train,True,8,human,known,NC3
6620,ENST00000623400,ENSP00000485513.1,train,True,8,human,known,NC3
6621,ENST00000625458,ENSP00000485698.1,train,True,8,human,known,NC3
6622,ENST00000626873,ENSP00000485824.1,train,True,8,human,known,NC3
6623,ENST00000627394,ENSP00000485925.2,train,True,8,human,known,NC3
6624,ENST00000627049,ENSP00000486285.1,train,True,8,human,known,NC3
6625,ENST00000625837,ENSP00000486306.1,train,True,8,human,known,NC3
6626,ENST00000630804,ENSP00000486308.1,test,True,8,human,known,NC3
6627,ENST00000627305,ENSP00000486361.1,train,True,8,human,known,NC3
6628,ENST00000630330,ENSP00000486548.1,train,True,8,human,known,NC3
6629,ENST00000625521,ENSP00000486574.1,val,True,8,human,known,NC3
6630,ENST00000630865,ENSP00000486695.1,train,True,8,human,known,NC3
6631,ENST00000629427,ENSP00000486723.1,train,True,8,human,known,NC3
6632,ENST00000626019,ENSP00000486784.1,train,True,8,human,known,NC3
6633,ENST00000630925,ENSP00000487245.1,train,True,8,human,known,NC3
6634,ENST00000625464,ENSP00000487420.1,train,True,8,human,known,NC3
6635,ENST00000627377,ENSP00000487567.1,train,True,8,human,known,NC3
6636,ENST00000634017,ENSP00000487693.1,train,True,8,human,known,NC3
6637,ENST00000633063,ENSP00000488055.1,train,True,8,human,known,NC3
6638,ENST00000632555,ENSP00000488265.1,train,True,8,human,known,NC3
6639,ENST00000602845,ENSP00000488305.1,train,True,8,human,known,NC3
6640,ENST00000633192,ENSP00000488378.1,train,True,8,human,known,NC3
6641,ENST00000632065,ENSP00000488422.1,test,True,8,human,known,NC3
6642,ENST00000445091,nan,train,True,8,human,known,NC3
6643,ENST00000635293,ENSP00000488924.1,val,True,8,human,known,NC3
6644,ENST00000464962,ENSP00000489011.1,train,True,8,human,known,NC3
6645,ENST00000634670,ENSP00000489024.1,train,True,8,human,known,NC3
6646,ENST00000635101,ENSP00000489123.1,train,True,8,human,known,NC3
6647,ENST00000610038,ENSP00000489180.1,train,True,8,human,known,NC3
6648,ENST00000634734,ENSP00000489189.2,train,True,8,human,known,NC3
6649,ENST00000635620,ENSP00000489304.2,test,True,8,human,known,NC3
6650,ENST00000634650,ENSP00000489442.1,test,True,8,human,known,NC3
6651,ENST00000635511,ENSP00000489519.1,train,True,8,human,known,NC3
6652,ENST00000634607,ENSP00000489535.1,train,True,8,human,known,NC3
6653,ENST00000635641,ENSP00000489536.1,val,True,8,human,known,NC3
6654,ENST00000456790,ENSP00000489588.1,train,True,8,human,known,NC3
6655,ENST00000635051,ENSP00000489607.1,val,True,8,human,known,NC3
6656,ENST00000636182,ENSP00000489689.1,val,True,8,human,known,NC3
6657,ENST00000486777,ENSP00000489752.1,train,True,8,human,known,NC3
6658,ENST00000637617,ENSP00000489840.1,train,True,8,human,known,NC3
6659,ENST00000636027,ENSP00000489961.1,train,True,8,human,known,NC3
6660,ENST00000638119,ENSP00000490026.1,train,True,8,human,known,NC3
6661,ENST00000636580,ENSP00000490083.1,train,True,8,human,known,NC3
6662,ENST00000637125,ENSP00000490100.1,train,True,8,human,known,NC3
6663,ENST00000421806,ENSP00000490116.2,train,True,8,human,known,NC3
6664,ENST00000637096,ENSP00000490217.1,train,True,8,human,known,NC3
6665,ENST00000637848,ENSP00000490312.1,train,True,8,human,known,NC3
6666,ENST00000637138,ENSP00000490321.1,train,True,8,human,known,NC3
6667,ENST00000637944,ENSP00000490393.1,train,True,8,human,known,NC3
6668,ENST00000637353,ENSP00000490441.1,train,True,8,human,known,NC3
6669,ENST00000636154,ENSP00000490450.1,train,True,8,human,known,NC3
6670,ENST00000637759,ENSP00000490468.1,val,True,8,human,known,NC3
6671,ENST00000637252,ENSP00000490492.1,train,True,8,human,known,NC3
6672,ENST00000635956,ENSP00000490524.2,train,True,8,human,known,NC3
6673,ENST00000637812,ENSP00000490564.1,test,True,8,human,known,NC3
6674,ENST00000636669,ENSP00000490664.1,train,True,8,human,known,NC3
6675,ENST00000638075,nan,train,True,8,human,known,NC3
6676,ENST00000638088,ENSP00000490722.1,train,True,8,human,known,NC3
6677,ENST00000637854,ENSP00000490747.1,train,True,8,human,known,NC3
6678,ENST00000636051,ENSP00000490767.1,train,True,8,human,known,NC3
6679,ENST00000636879,ENSP00000490811.1,train,True,8,human,known,NC3
6680,ENST00000636215,ENSP00000490842.1,train,True,8,human,known,NC3
6681,ENST00000639955,ENSP00000491067.1,train,True,8,human,known,NC3
6682,ENST00000639885,ENSP00000491150.1,train,True,8,human,known,NC3
6683,ENST00000640218,ENSP00000491215.1,train,True,8,human,known,NC3
6684,ENST00000639401,ENSP00000491227.1,train,True,8,human,known,NC3
6685,ENST00000639893,ENSP00000491427.1,test,True,8,human,known,NC3
6686,ENST00000639284,ENSP00000491442.1,train,True,8,human,known,NC3
6687,ENST00000640769,ENSP00000491507.1,train,True,8,human,known,NC3
6688,ENST00000640959,ENSP00000491841.1,train,True,8,human,known,NC3
6689,ENST00000638963,ENSP00000491948.1,train,True,8,human,known,NC3
6690,ENST00000640683,ENSP00000492001.1,test,True,8,human,known,NC3
6691,ENST00000640888,ENSP00000492260.1,train,True,8,human,known,NC3
6692,ENST00000640634,ENSP00000492737.1,train,True,8,human,known,NC3
6693,ENST00000639037,ENSP00000492745.1,test,True,8,human,known,NC3
6694,ENST00000641145,ENSP00000492983.1,train,True,8,human,known,NC3
6695,ENST00000641471,ENSP00000493146.1,train,True,8,human,known,NC3
6696,ENST00000641686,ENSP00000493218.2,val,True,8,human,known,NC3
6697,ENST00000642044,ENSP00000493232.1,train,True,8,human,known,NC3
6698,ENST00000642017,ENSP00000493302.2,train,True,8,human,known,NC3
6699,ENST00000641597,ENSP00000493382.1,train,True,8,human,known,NC3
6700,ENST00000642475,ENSP00000493515.1,train,True,8,human,known,NC3
6701,ENST00000646620,ENSP00000493549.1,test,True,8,human,known,NC3
6702,ENST00000644861,ENSP00000493560.2,train,True,8,human,known,NC3
6703,ENST00000642316,ENSP00000493594.1,train,True,8,human,known,NC3
6704,ENST00000645635,ENSP00000493607.1,train,True,8,human,known,NC3
6705,ENST00000644879,ENSP00000493728.1,train,True,8,human,known,NC3
6706,ENST00000646357,ENSP00000493768.1,val,True,8,human,known,NC3
6707,ENST00000642889,ENSP00000493780.1,val,True,8,human,known,NC3
6708,ENST00000643257,ENSP00000493815.1,train,True,8,human,known,NC3
6709,ENST00000645831,ENSP00000493906.1,train,True,8,human,known,NC3
6710,ENST00000642379,ENSP00000494022.1,train,True,8,human,known,NC3
6711,ENST00000644036,ENSP00000494049.2,train,True,8,human,known,NC3
6712,ENST00000646708,ENSP00000494067.1,test,True,8,human,known,NC3
6713,ENST00000644802,ENSP00000494123.2,train,True,8,human,known,NC3
6714,ENST00000643777,ENSP00000494188.2,train,True,8,human,known,NC3
6715,ENST00000642238,ENSP00000494277.1,train,True,8,human,known,NC3
6716,ENST00000645214,ENSP00000494352.1,train,True,8,human,known,NC3
6717,ENST00000643617,ENSP00000494410.1,train,True,8,human,known,NC3
6718,ENST00000464218,ENSP00000494440.1,train,True,8,human,known,NC3
6719,ENST00000645953,ENSP00000494460.1,train,True,8,human,known,NC3
6720,ENST00000646076,ENSP00000494538.1,train,True,8,human,known,NC3
6721,ENST00000645237,ENSP00000494609.1,train,True,8,human,known,NC3
6722,ENST00000645276,ENSP00000494654.1,train,True,8,human,known,NC3
6723,ENST00000646147,ENSP00000494678.1,train,True,8,human,known,NC3
6724,ENST00000645694,ENSP00000494686.1,train,True,8,human,known,NC3
6725,ENST00000647500,ENSP00000494761.1,train,True,8,human,known,NC3
6726,ENST00000643696,ENSP00000494935.1,train,True,8,human,known,NC3
6727,ENST00000645319,ENSP00000494937.2,val,True,8,human,known,NC3
6728,ENST00000642243,ENSP00000494960.1,train,True,8,human,known,NC3
6729,ENST00000646468,ENSP00000494965.1,train,True,8,human,known,NC3
6730,ENST00000647131,ENSP00000494995.1,train,True,8,human,known,NC3
6731,ENST00000642900,ENSP00000495128.1,train,True,8,human,known,NC3
6732,ENST00000644342,ENSP00000495138.1,train,True,8,human,known,NC3
6733,ENST00000643875,ENSP00000495158.1,train,True,8,human,known,NC3
6734,ENST00000642600,ENSP00000495226.1,test,True,8,human,known,NC3
6735,ENST00000646647,ENSP00000495240.1,val,True,8,human,known,NC3
6736,ENST00000643116,ENSP00000495274.2,train,True,8,human,known,NC3
6737,ENST00000642939,ENSP00000495312.1,train,True,8,human,known,NC3
6738,ENST00000643579,ENSP00000495347.1,train,True,8,human,known,NC3
6739,ENST00000646693,ENSP00000495368.1,train,True,8,human,known,NC3
6740,ENST00000643981,ENSP00000495379.1,val,True,8,human,known,NC3
6741,ENST00000645963,ENSP00000495409.2,train,True,8,human,known,NC3
6742,ENST00000642252,ENSP00000495483.1,train,True,8,human,known,NC3
6743,ENST00000644030,ENSP00000495504.1,train,True,8,human,known,NC3
6744,ENST00000646370,ENSP00000495568.1,train,True,8,human,known,NC3
6745,ENST00000642748,ENSP00000495612.1,val,True,8,human,known,NC3
6746,ENST00000647169,ENSP00000495619.1,train,True,8,human,known,NC3
6747,ENST00000646102,ENSP00000495631.1,test,True,8,human,known,NC3
6748,ENST00000643023,ENSP00000495664.1,train,True,8,human,known,NC3
6749,ENST00000642274,ENSP00000495707.1,train,True,8,human,known,NC3
6750,ENST00000642319,ENSP00000495710.1,train,True,8,human,known,NC3
6751,ENST00000644793,ENSP00000495750.1,train,True,8,human,known,NC3
6752,ENST00000645818,ENSP00000495795.2,test,True,8,human,known,NC3
6753,ENST00000494921,ENSP00000495845.1,train,True,8,human,known,NC3
6754,ENST00000646667,ENSP00000495860.1,train,True,8,human,known,NC3
6755,ENST00000643499,ENSP00000495962.1,train,True,8,human,known,NC3
6756,ENST00000645623,ENSP00000495998.1,train,True,8,human,known,NC3
6757,ENST00000645843,ENSP00000496010.1,train,True,8,human,known,NC3
6758,ENST00000642195,ENSP00000496044.1,val,True,8,human,known,NC3
6759,ENST00000645576,ENSP00000496101.1,train,True,8,human,known,NC3
6760,ENST00000643927,ENSP00000496129.1,train,True,8,human,known,NC3
6761,ENST00000642816,ENSP00000496166.1,train,True,8,human,known,NC3
6762,ENST00000645353,ENSP00000496215.1,train,True,8,human,known,NC3
6763,ENST00000643144,ENSP00000496241.1,train,True,8,human,known,NC3
6764,ENST00000643754,ENSP00000496250.1,val,True,8,human,known,NC3
6765,ENST00000644935,ENSP00000496394.1,train,True,8,human,known,NC3
6766,ENST00000645481,ENSP00000496415.1,train,True,8,human,known,NC3
6767,ENST00000646641,ENSP00000496438.1,train,True,8,human,known,NC3
6768,ENST00000645190,ENSP00000496496.1,train,True,8,human,known,NC3
6769,ENST00000645495,ENSP00000496503.2,train,True,8,human,known,NC3
6770,ENST00000645829,ENSP00000496526.2,val,True,8,human,known,NC3
6771,ENST00000642730,ENSP00000496597.1,train,True,8,human,known,NC3
6772,ENST00000647377,ENSP00000496628.1,train,True,8,human,known,NC3
6773,ENST00000645095,ENSP00000496634.1,train,True,8,human,known,NC3
6774,ENST00000644969,ENSP00000496776.1,train,True,8,human,known,NC3
6775,ENST00000646124,ENSP00000496779.1,train,True,8,human,known,NC3
6776,ENST00000650547,ENSP00000496789.1,train,True,8,human,known,NC3
6777,ENST00000649529,ENSP00000496832.1,train,True,8,human,known,NC3
6778,ENST00000648326,ENSP00000496837.1,train,True,8,human,known,NC3
6779,ENST00000649046,ENSP00000496870.1,val,True,8,human,known,NC3
6780,ENST00000650167,ENSP00000496900.1,train,True,8,human,known,NC3
6781,ENST00000650397,ENSP00000496934.1,train,True,8,human,known,NC3
6782,ENST00000647897,ENSP00000496942.1,train,True,8,human,known,NC3
6783,ENST00000648651,ENSP00000496954.1,train,True,8,human,known,NC3
6784,ENST00000649973,ENSP00000496964.1,train,True,8,human,known,NC3
6785,ENST00000650114,ENSP00000496975.2,val,True,8,human,known,NC3
6786,ENST00000650226,ENSP00000496981.1,train,True,8,human,known,NC3
6787,ENST00000650389,ENSP00000497016.1,test,True,8,human,known,NC3
6788,ENST00000648114,ENSP00000497029.1,train,True,8,human,known,NC3
6789,ENST00000649492,ENSP00000497066.1,train,True,8,human,known,NC3
6790,ENST00000650285,ENSP00000497069.1,val,True,8,human,known,NC3
6791,ENST00000648869,ENSP00000497071.1,test,True,8,human,known,NC3
6792,ENST00000648922,ENSP00000497072.1,train,True,8,human,known,NC3
6793,ENST00000649427,ENSP00000497078.1,val,True,8,human,known,NC3
6794,ENST00000649765,ENSP00000497104.1,train,True,8,human,known,NC3
6795,ENST00000649012,ENSP00000497128.1,val,True,8,human,known,NC3
6796,ENST00000649363,ENSP00000497150.1,test,True,8,human,known,NC3
6797,ENST00000650373,ENSP00000497174.1,val,True,8,human,known,NC3
6798,ENST00000463439,nan,val,True,8,human,known,NC3
6799,ENST00000647584,ENSP00000497230.2,val,True,8,human,known,NC3
6800,ENST00000649664,ENSP00000497281.1,train,True,8,human,known,NC3
6801,ENST00000647941,ENSP00000497326.1,train,True,8,human,known,NC3
6802,ENST00000649812,ENSP00000497333.1,train,True,8,human,known,NC3
6803,ENST00000649662,ENSP00000497345.1,train,True,8,human,known,NC3
6804,ENST00000648994,ENSP00000497351.1,val,True,8,human,known,NC3
6805,ENST00000650427,ENSP00000497367.1,train,True,8,human,known,NC3
6806,ENST00000484243,ENSP00000497374.1,train,True,8,human,known,NC3
6807,ENST00000648784,ENSP00000497427.1,train,True,8,human,known,NC3
6808,ENST00000650182,ENSP00000497444.1,train,True,8,human,known,NC3
6809,ENST00000650309,ENSP00000497474.1,val,True,8,human,known,NC3
6810,ENST00000649912,ENSP00000497510.1,test,True,8,human,known,NC3
6811,ENST00000650623,ENSP00000497527.1,train,True,8,human,known,NC3
6812,ENST00000649689,ENSP00000497569.1,train,True,8,human,known,NC3
6813,ENST00000650454,ENSP00000497574.1,train,True,8,human,known,NC3
6814,ENST00000649011,ENSP00000497575.1,test,True,8,human,known,NC3
6815,ENST00000650110,ENSP00000497594.1,train,True,8,human,known,NC3
6816,ENST00000650072,ENSP00000497597.1,train,True,8,human,known,NC3
6817,ENST00000649015,ENSP00000497605.1,train,True,8,human,known,NC3
6818,ENST00000649772,ENSP00000497606.1,train,True,8,human,known,NC3
6819,ENST00000648947,ENSP00000497609.1,test,True,8,human,known,NC3
6820,ENST00000650210,ENSP00000497618.1,train,True,8,human,known,NC3
6821,ENST00000649764,ENSP00000497641.1,train,True,8,human,known,NC3
6822,ENST00000649704,ENSP00000497680.1,train,True,8,human,known,NC3
6823,ENST00000647659,ENSP00000497737.1,val,True,8,human,known,NC3
6824,ENST00000648078,ENSP00000497783.1,train,True,8,human,known,NC3
6825,ENST00000649141,ENSP00000497886.1,train,True,8,human,known,NC3
6826,ENST00000648908,ENSP00000497896.1,train,True,8,human,known,NC3
6827,ENST00000648640,ENSP00000497923.1,test,True,8,human,known,NC3
6828,ENST00000647779,ENSP00000497977.1,train,True,8,human,known,NC3
6829,ENST00000649217,ENSP00000497997.1,train,True,8,human,known,NC3
6830,ENST00000650481,ENSP00000498011.1,test,True,8,human,known,NC3
6831,ENST00000647893,ENSP00000498074.1,train,True,8,human,known,NC3
6832,ENST00000649389,ENSP00000498075.1,train,True,8,human,known,NC3
6833,ENST00000649800,ENSP00000498083.1,train,True,8,human,known,NC3
6834,ENST00000649487,ENSP00000498091.1,train,True,8,human,known,NC3
6835,ENST00000649352,ENSP00000498100.1,train,True,8,human,known,NC3
6836,ENST00000648566,ENSP00000498104.1,train,True,8,human,known,NC3
6837,ENST00000648426,ENSP00000498110.1,train,True,8,human,known,NC3
6838,ENST00000648378,ENSP00000498116.1,train,True,8,human,known,NC3
6839,ENST00000648350,ENSP00000498157.1,val,True,8,human,known,NC3
6840,ENST00000647909,ENSP00000498164.1,train,True,8,human,known,NC3
6841,ENST00000466766,ENSP00000498170.1,train,True,8,human,known,NC3
6842,ENST00000649849,ENSP00000498205.1,train,True,8,human,known,NC3
6843,ENST00000652299,ENSP00000498217.1,train,True,8,human,known,NC3
6844,ENST00000651222,ENSP00000498253.1,val,True,8,human,known,NC3
6845,ENST00000652682,ENSP00000498288.1,test,True,8,human,known,NC3
6846,ENST00000650997,ENSP00000498341.1,train,True,8,human,known,NC3
6847,ENST00000652755,ENSP00000498358.1,test,True,8,human,known,NC3
6848,ENST00000651767,ENSP00000498362.1,train,True,8,human,known,NC3
6849,ENST00000651036,ENSP00000498406.1,val,True,8,human,known,NC3
6850,ENST00000651503,ENSP00000498411.1,train,True,8,human,known,NC3
6851,ENST00000650955,ENSP00000498412.1,train,True,8,human,known,NC3
6852,ENST00000651687,ENSP00000498469.1,train,True,8,human,known,NC3
6853,ENST00000651257,ENSP00000498498.1,train,True,8,human,known,NC3
6854,ENST00000651615,ENSP00000498524.1,test,True,8,human,known,NC3
6855,ENST00000651114,ENSP00000498538.1,train,True,8,human,known,NC3
6856,ENST00000651531,nan,train,True,8,human,known,NC3
6857,ENST00000652202,ENSP00000498597.1,train,True,8,human,known,NC3
6858,ENST00000651950,ENSP00000498604.1,test,True,8,human,known,NC3
6859,ENST00000651545,ENSP00000498621.1,train,True,8,human,known,NC3
6860,ENST00000650739,ENSP00000498623.1,train,True,8,human,known,NC3
6861,ENST00000651372,ENSP00000498627.1,test,True,8,human,known,NC3
6862,ENST00000651885,ENSP00000498678.1,train,True,8,human,known,NC3
6863,ENST00000651024,ENSP00000498679.1,train,True,8,human,known,NC3
6864,ENST00000650932,ENSP00000498698.1,val,True,8,human,known,NC3
6865,ENST00000651435,ENSP00000498740.1,train,True,8,human,known,NC3
6866,ENST00000650990,ENSP00000498741.1,train,True,8,human,known,NC3
6867,ENST00000651354,ENSP00000498746.1,train,True,8,human,known,NC3
6868,ENST00000652680,ENSP00000498747.1,train,True,8,human,known,NC3
6869,ENST00000652268,ENSP00000498778.1,train,True,8,human,known,NC3
6870,ENST00000652720,ENSP00000498784.1,val,True,8,human,known,NC3
6871,ENST00000652429,ENSP00000498786.1,train,True,8,human,known,NC3
6872,ENST00000652042,ENSP00000498803.1,train,True,8,human,known,NC3
6873,ENST00000568479,ENSP00000498864.1,train,True,8,human,known,NC3
6874,ENST00000652385,ENSP00000498872.1,train,True,8,human,known,NC3
6875,ENST00000651436,ENSP00000498874.1,test,True,8,human,known,NC3
6876,ENST00000652225,ENSP00000498881.2,train,True,8,human,known,NC3
6877,ENST00000650848,ENSP00000498903.1,test,True,8,human,known,NC3
6878,ENST00000652209,ENSP00000498944.1,val,True,8,human,known,NC3
6879,ENST00000652626,ENSP00000498984.1,train,True,8,human,known,NC3
6880,ENST00000652148,ENSP00000499020.1,train,True,8,human,known,NC3
6881,ENST00000651669,ENSP00000499044.1,test,True,8,human,known,NC3
6882,ENST00000651168,ENSP00000499074.1,train,True,8,human,known,NC3
6883,ENST00000652536,ENSP00000499089.1,train,True,8,human,known,NC3
6884,ENST00000652489,ENSP00000499090.1,train,True,8,human,known,NC3
6885,ENST00000652232,ENSP00000499092.1,val,True,8,human,known,NC3
6886,ENST00000650807,ENSP00000499094.1,train,True,8,human,known,NC3
6887,ENST00000652332,ENSP00000499129.1,train,True,8,human,known,NC3
6888,ENST00000651386,ENSP00000499133.1,train,True,8,human,known,NC3
6889,ENST00000652094,ENSP00000499135.1,train,True,8,human,known,NC3
6890,ENST00000652515,ENSP00000499136.1,train,True,8,human,known,NC3
6891,ENST00000652027,ENSP00000499171.2,train,True,8,human,known,NC3
6892,ENST00000651534,ENSP00000499199.1,train,True,8,human,known,NC3
6893,ENST00000650760,nan,val,True,8,human,known,NC3
6894,ENST00000668273,ENSP00000499238.1,val,True,8,human,known,NC3
6895,ENST00000656666,ENSP00000499249.1,train,True,8,human,known,NC3
6896,ENST00000657706,ENSP00000499284.1,train,True,8,human,known,NC3
6897,ENST00000661543,ENSP00000499294.1,train,True,8,human,known,NC3
6898,ENST00000653405,ENSP00000499339.1,train,True,8,human,known,NC3
6899,ENST00000670935,ENSP00000499437.1,test,True,8,human,known,NC3
6900,ENST00000664196,ENSP00000499466.1,train,True,8,human,known,NC3
6901,ENST00000662933,ENSP00000499577.1,train,True,8,human,known,NC3
6902,ENST00000671528,ENSP00000499652.1,train,True,8,human,known,NC3
6903,ENST00000668164,ENSP00000499655.2,train,True,8,human,known,NC3
6904,ENST00000666923,ENSP00000499674.1,train,True,8,human,known,NC3
6905,ENST00000657241,ENSP00000499734.1,val,True,8,human,known,NC3
6906,ENST00000665346,ENSP00000499786.1,train,True,8,human,known,NC3
6907,ENST00000671730,ENSP00000499830.1,test,True,8,human,known,NC3
6908,ENST00000673498,ENSP00000499883.1,train,True,8,human,known,NC3
6909,ENST00000672922,ENSP00000499892.2,train,True,8,human,known,NC3
6910,ENST00000671871,ENSP00000499908.1,train,True,8,human,known,NC3
6911,ENST00000672715,ENSP00000499935.1,train,True,8,human,known,NC3
6912,ENST00000672515,ENSP00000499951.2,val,True,8,human,known,NC3
6913,ENST00000673477,ENSP00000500094.1,train,True,8,human,known,NC3
6914,ENST00000672280,ENSP00000500157.1,train,True,8,human,known,NC3
6915,ENST00000672911,ENSP00000500170.1,train,True,8,human,known,NC3
6916,ENST00000672937,ENSP00000500249.2,train,True,8,human,known,NC3
6917,ENST00000672673,ENSP00000500383.1,train,True,8,human,known,NC3
6918,ENST00000672722,ENSP00000500409.1,val,True,8,human,known,NC3
6919,ENST00000672724,ENSP00000500453.1,train,True,8,human,known,NC3
6920,ENST00000673047,ENSP00000500484.2,train,True,8,human,known,NC3
6921,ENST00000672354,ENSP00000500490.1,train,True,8,human,known,NC3
6922,ENST00000671878,ENSP00000500516.1,test,True,8,human,known,NC3
6923,ENST00000672517,ENSP00000500532.1,train,True,8,human,known,NC3
6924,ENST00000672858,ENSP00000500542.2,train,True,8,human,known,NC3
6925,ENST00000672636,ENSP00000500571.2,train,True,8,human,known,NC3
6926,ENST00000673466,ENSP00000500582.1,train,True,8,human,known,NC3
6927,ENST00000671733,ENSP00000500633.1,train,True,8,human,known,NC3
6928,ENST00000672107,ENSP00000500708.1,train,True,8,human,known,NC3
6929,ENST00000672093,ENSP00000500710.1,train,True,8,human,known,NC3
6930,ENST00000671775,ENSP00000500775.2,train,True,8,human,known,NC3
6931,ENST00000673475,ENSP00000500802.1,train,True,8,human,known,NC3
6932,ENST00000673233,ENSP00000500914.2,train,True,8,human,known,NC3
6933,ENST00000672186,ENSP00000500931.1,train,True,8,human,known,NC3
6934,ENST00000672924,ENSP00000500952.1,train,True,8,human,known,NC3
6935,ENST00000673822,ENSP00000500986.2,train,True,8,human,known,NC3
6936,ENST00000673675,ENSP00000500993.1,train,True,8,human,known,NC3
6937,ENST00000673757,ENSP00000501026.1,test,True,8,human,known,NC3
6938,ENST00000673991,ENSP00000501033.1,val,True,8,human,known,NC3
6939,ENST00000674134,ENSP00000501068.1,train,True,8,human,known,NC3
6940,ENST00000673952,ENSP00000501115.1,train,True,8,human,known,NC3
6941,ENST00000674084,ENSP00000501177.1,train,True,8,human,known,NC3
6942,ENST00000673920,ENSP00000501211.1,train,True,8,human,known,NC3
6943,ENST00000673934,ENSP00000501218.1,train,True,8,human,known,NC3
6944,ENST00000673650,ENSP00000501233.1,test,True,8,human,known,NC3
6945,ENST00000674129,ENSP00000501269.1,train,True,8,human,known,NC3
6946,ENST00000673968,ENSP00000501277.1,train,True,8,human,known,NC3
6947,ENST00000673704,ENSP00000501290.1,train,True,8,human,known,NC3
6948,ENST00000673732,ENSP00000501294.1,train,True,8,human,known,NC3
6949,ENST00000674370,ENSP00000501347.1,train,True,8,human,known,NC3
6950,ENST00000674250,ENSP00000501354.1,train,True,8,human,known,NC3
6951,ENST00000674200,ENSP00000501368.1,train,True,8,human,known,NC3
6952,ENST00000674426,ENSP00000501372.1,test,True,8,human,known,NC3
6953,ENST00000674422,ENSP00000501390.1,train,True,8,human,known,NC3
6954,ENST00000674225,ENSP00000501441.1,test,True,8,human,known,NC3
6955,ENST00000675656,ENSP00000501595.1,val,True,8,human,known,NC3
6956,ENST00000675138,ENSP00000501597.1,train,True,8,human,known,NC3
6957,ENST00000676214,ENSP00000501618.1,test,True,8,human,known,NC3
6958,ENST00000675073,ENSP00000501707.1,train,True,8,human,known,NC3
6959,ENST00000676183,ENSP00000501708.1,train,True,8,human,known,NC3
6960,ENST00000675366,ENSP00000501747.1,train,True,8,human,known,NC3
6961,ENST00000473257,ENSP00000501773.1,test,True,8,human,known,NC3
6962,ENST00000675667,ENSP00000501803.1,train,True,8,human,known,NC3
6963,ENST00000675298,ENSP00000501839.1,test,True,8,human,known,NC3
6964,ENST00000676213,ENSP00000501897.1,train,True,8,human,known,NC3
6965,ENST00000674624,ENSP00000501898.1,train,True,8,human,known,NC3
6966,ENST00000674608,ENSP00000501976.1,train,True,8,human,known,NC3
6967,ENST00000675087,ENSP00000502020.1,train,True,8,human,known,NC3
6968,ENST00000675692,ENSP00000502034.1,train,True,8,human,known,NC3
6969,ENST00000674895,ENSP00000502087.2,train,True,8,human,known,NC3
6970,ENST00000675476,ENSP00000502161.1,train,True,8,human,known,NC3
6971,ENST00000676170,ENSP00000502177.1,train,True,8,human,known,NC3
6972,ENST00000676320,ENSP00000502222.1,train,True,8,human,known,NC3
6973,ENST00000674619,ENSP00000502270.1,train,True,8,human,known,NC3
6974,ENST00000675453,ENSP00000502271.1,test,True,8,human,known,NC3
6975,ENST00000675463,ENSP00000502327.1,train,True,8,human,known,NC3
6976,ENST00000674702,ENSP00000502345.1,train,True,8,human,known,NC3
6977,ENST00000675853,ENSP00000502367.1,val,True,8,human,known,NC3
6978,ENST00000675612,ENSP00000502453.1,test,True,8,human,known,NC3
6979,ENST00000674831,ENSP00000502474.1,train,True,8,human,known,NC3
6980,ENST00000674632,ENSP00000502498.1,train,True,8,human,known,NC3
6981,ENST00000675651,ENSP00000502513.1,train,True,8,human,known,NC3
6982,ENST00000675777,ENSP00000502549.1,train,True,8,human,known,NC3
6983,ENST00000676441,ENSP00000502554.1,test,True,8,human,known,NC3
6984,ENST00000675642,ENSP00000502604.1,val,True,8,human,known,NC3
6985,ENST00000675207,ENSP00000502644.1,train,True,8,human,known,NC3
6986,ENST00000675079,ENSP00000502677.1,val,True,8,human,known,NC3
6987,ENST00000674860,ENSP00000502816.1,train,True,8,human,known,NC3
6988,ENST00000674681,ENSP00000502821.1,train,True,8,human,known,NC3
6989,ENST00000674551,ENSP00000502839.1,train,True,8,human,known,NC3
6990,ENST00000678163,ENSP00000502845.1,val,True,8,human,known,NC3
6991,ENST00000678770,ENSP00000502859.1,val,True,8,human,known,NC3
6992,ENST00000677323,ENSP00000502880.1,train,True,8,human,known,NC3
6993,ENST00000679107,ENSP00000502997.1,test,True,8,human,known,NC3
6994,ENST00000677891,ENSP00000503013.1,val,True,8,human,known,NC3
6995,ENST00000679300,ENSP00000503050.1,train,True,8,human,known,NC3
6996,ENST00000677230,ENSP00000503068.1,val,True,8,human,known,NC3
6997,ENST00000678408,ENSP00000503152.1,train,True,8,human,known,NC3
6998,ENST00000676779,ENSP00000503278.1,val,True,8,human,known,NC3
6999,ENST00000679208,ENSP00000503282.1,train,True,8,human,known,NC3
7000,ENST00000678502,ENSP00000503309.1,train,True,8,human,known,NC3
7001,ENST00000678049,ENSP00000503354.1,train,True,8,human,known,NC3
7002,ENST00000678333,ENSP00000503384.1,train,True,8,human,known,NC3
7003,ENST00000484310,ENSP00000503400.1,train,True,8,human,known,NC3
7004,ENST00000678828,ENSP00000503432.1,val,True,8,human,known,NC3
7005,ENST00000677674,ENSP00000503434.1,train,True,8,human,known,NC3
7006,ENST00000678860,ENSP00000503453.1,train,True,8,human,known,NC3
7007,ENST00000676679,ENSP00000503533.1,train,True,8,human,known,NC3
7008,ENST00000677889,ENSP00000503586.1,train,True,8,human,known,NC3
7009,ENST00000678573,ENSP00000503598.1,train,True,8,human,known,NC3
7010,ENST00000677421,ENSP00000503599.1,train,True,8,human,known,NC3
7011,ENST00000676605,ENSP00000503605.1,train,True,8,human,known,NC3
7012,ENST00000678386,ENSP00000503677.1,train,True,8,human,known,NC3
7013,ENST00000677120,ENSP00000503682.1,train,True,8,human,known,NC3
7014,ENST00000678179,ENSP00000503689.1,test,True,8,human,known,NC3
7015,ENST00000676464,ENSP00000503713.1,val,True,8,human,known,NC3
7016,ENST00000677587,ENSP00000503791.1,train,True,8,human,known,NC3
7017,ENST00000678804,ENSP00000503853.1,train,True,8,human,known,NC3
7018,ENST00000678299,ENSP00000503923.1,train,True,8,human,known,NC3
7019,ENST00000676600,ENSP00000503989.1,train,True,8,human,known,NC3
7020,ENST00000679008,ENSP00000503994.1,val,True,8,human,known,NC3
7021,ENST00000676571,ENSP00000504005.1,train,True,8,human,known,NC3
7022,ENST00000677562,ENSP00000504146.1,train,True,8,human,known,NC3
7023,ENST00000677044,ENSP00000504151.1,train,True,8,human,known,NC3
7024,ENST00000676828,ENSP00000504192.1,train,True,8,human,known,NC3
7025,ENST00000679255,ENSP00000504211.1,train,True,8,human,known,NC3
7026,ENST00000677021,ENSP00000504235.1,train,True,8,human,known,NC3
7027,ENST00000678830,ENSP00000504263.1,train,True,8,human,known,NC3
7028,ENST00000677901,ENSP00000504374.1,train,True,8,human,known,NC3
7029,ENST00000677142,ENSP00000504455.1,train,True,8,human,known,NC3
7030,ENST00000679341,ENSP00000504608.1,val,True,8,human,known,NC3
7031,ENST00000678037,ENSP00000504620.1,train,True,8,human,known,NC3
7032,ENST00000679020,ENSP00000504623.1,train,True,8,human,known,NC3
7033,ENST00000677357,ENSP00000504740.1,test,True,8,human,known,NC3
7034,ENST00000677556,ENSP00000504749.1,train,True,8,human,known,NC3
7035,ENST00000679126,ENSP00000504770.1,test,True,8,human,known,NC3
7036,ENST00000679114,ENSP00000504829.1,train,True,8,human,known,NC3
7037,ENST00000680014,ENSP00000504903.1,train,True,8,human,known,NC3
7038,ENST00000680387,ENSP00000504908.1,train,True,8,human,known,NC3
7039,ENST00000680999,ENSP00000504984.1,val,True,8,human,known,NC3
7040,ENST00000680361,ENSP00000505098.1,train,True,8,human,known,NC3
7041,ENST00000681534,ENSP00000505127.1,test,True,8,human,known,NC3
7042,ENST00000681463,ENSP00000505138.1,train,True,8,human,known,NC3
7043,ENST00000679895,ENSP00000505197.1,train,True,8,human,known,NC3
7044,ENST00000679501,ENSP00000505217.1,train,True,8,human,known,NC3
7045,ENST00000680978,ENSP00000505244.1,train,True,8,human,known,NC3
7046,ENST00000680852,ENSP00000505346.1,train,True,8,human,known,NC3
7047,ENST00000680265,ENSP00000505384.1,train,True,8,human,known,NC3
7048,ENST00000680251,ENSP00000505400.1,train,True,8,human,known,NC3
7049,ENST00000681380,ENSP00000505402.1,train,True,8,human,known,NC3
7050,ENST00000680275,ENSP00000505417.1,train,True,8,human,known,NC3
7051,ENST00000679559,ENSP00000505433.1,train,True,8,human,known,NC3
7052,ENST00000681206,ENSP00000505480.1,train,True,8,human,known,NC3
7053,ENST00000680850,ENSP00000505517.1,train,True,8,human,known,NC3
7054,ENST00000681617,ENSP00000505544.1,train,True,8,human,known,NC3
7055,ENST00000564206,ENSP00000505547.1,train,True,8,human,known,NC3
7056,ENST00000680940,ENSP00000505561.1,train,True,8,human,known,NC3
7057,ENST00000679496,ENSP00000505596.1,train,True,8,human,known,NC3
7058,ENST00000680913,ENSP00000505640.1,train,True,8,human,known,NC3
7059,ENST00000681413,ENSP00000505664.1,val,True,8,human,known,NC3
7060,ENST00000681737,ENSP00000505681.1,test,True,8,human,known,NC3
7061,ENST00000680679,ENSP00000505716.1,val,True,8,human,known,NC3
7062,ENST00000681038,ENSP00000505728.1,train,True,8,human,known,NC3
7063,ENST00000680578,ENSP00000505762.1,val,True,8,human,known,NC3
7064,ENST00000680992,ENSP00000505843.1,train,True,8,human,known,NC3
7065,ENST00000679519,ENSP00000505952.1,train,True,8,human,known,NC3
7066,ENST00000679864,ENSP00000505958.1,train,True,8,human,known,NC3
7067,ENST00000681020,ENSP00000506014.1,train,True,8,human,known,NC3
7068,ENST00000680065,ENSP00000506020.1,train,True,8,human,known,NC3
7069,ENST00000681492,ENSP00000506139.1,val,True,8,human,known,NC3
7070,ENST00000680984,ENSP00000506168.1,val,True,8,human,known,NC3
7071,ENST00000680232,ENSP00000506207.1,train,True,8,human,known,NC3
7072,ENST00000680004,ENSP00000506275.1,train,True,8,human,known,NC3
7073,ENST00000680888,ENSP00000506276.1,train,True,8,human,known,NC3
7074,ENST00000680220,ENSP00000506280.1,train,True,8,human,known,NC3
7075,ENST00000681615,ENSP00000506295.1,train,True,8,human,known,NC3
7076,ENST00000681583,ENSP00000506340.1,train,True,8,human,known,NC3
7077,ENST00000679869,ENSP00000506350.1,train,True,8,human,known,NC3
7078,ENST00000680094,ENSP00000506368.1,train,True,8,human,known,NC3
7079,ENST00000680286,ENSP00000506388.1,train,True,8,human,known,NC3
7080,ENST00000679887,nan,train,True,8,human,known,NC3
7081,ENST00000682641,ENSP00000506793.1,val,True,8,human,known,NC3
7082,ENST00000682708,ENSP00000506866.1,train,True,8,human,known,NC3
7083,ENST00000683766,ENSP00000506877.1,train,True,8,human,known,NC3
7084,ENST00000683871,ENSP00000506980.1,train,True,8,human,known,NC3
7085,ENST00000683782,ENSP00000506996.1,train,True,8,human,known,NC3
7086,ENST00000684001,ENSP00000507010.1,train,True,8,human,known,NC3
7087,ENST00000682414,ENSP00000507019.1,train,True,8,human,known,NC3
7088,ENST00000682017,ENSP00000507034.1,test,True,8,human,known,NC3
7089,ENST00000684529,ENSP00000507038.1,train,True,8,human,known,NC3
7090,ENST00000683765,ENSP00000507039.1,train,True,8,human,known,NC3
7091,ENST00000682025,ENSP00000507086.1,train,True,8,human,known,NC3
7092,ENST00000682944,ENSP00000507173.1,train,True,8,human,known,NC3
7093,ENST00000684373,ENSP00000507222.1,train,True,8,human,known,NC3
7094,ENST00000682663,ENSP00000507267.1,train,True,8,human,known,NC3
7095,ENST00000476133,ENSP00000507299.1,train,True,8,human,known,NC3
7096,ENST00000683779,ENSP00000507366.1,train,True,8,human,known,NC3
7097,ENST00000683413,ENSP00000507394.1,train,True,8,human,known,NC3
7098,ENST00000683741,ENSP00000507396.1,test,True,8,human,known,NC3
7099,ENST00000684655,ENSP00000507420.1,train,True,8,human,known,NC3
7100,ENST00000683983,ENSP00000507474.1,train,True,8,human,known,NC3
7101,ENST00000682230,ENSP00000507498.1,val,True,8,human,known,NC3
7102,ENST00000683899,ENSP00000507514.1,test,True,8,human,known,NC3
7103,ENST00000683627,ENSP00000507533.1,val,True,8,human,known,NC3
7104,ENST00000682306,ENSP00000507664.1,train,True,8,human,known,NC3
7105,ENST00000682272,ENSP00000507687.1,train,True,8,human,known,NC3
7106,ENST00000684760,ENSP00000507696.1,train,True,8,human,known,NC3
7107,ENST00000683296,ENSP00000507725.1,train,True,8,human,known,NC3
7108,ENST00000682996,ENSP00000507792.1,train,True,8,human,known,NC3
7109,ENST00000683050,ENSP00000507809.1,train,True,8,human,known,NC3
7110,ENST00000683472,ENSP00000507832.1,train,True,8,human,known,NC3
7111,ENST00000681986,ENSP00000507884.1,train,True,8,human,known,NC3
7112,ENST00000682617,ENSP00000507912.1,train,True,8,human,known,NC3
7113,ENST00000682872,ENSP00000507916.1,train,True,8,human,known,NC3
7114,ENST00000682095,ENSP00000507927.1,val,True,8,human,known,NC3
7115,ENST00000683125,ENSP00000507939.1,test,True,8,human,known,NC3
7116,ENST00000682536,ENSP00000507956.1,train,True,8,human,known,NC3
7117,ENST00000683635,ENSP00000508046.1,train,True,8,human,known,NC3
7118,ENST00000683519,ENSP00000508048.1,train,True,8,human,known,NC3
7119,ENST00000683139,ENSP00000508086.1,train,True,8,human,known,NC3
7120,ENST00000683835,ENSP00000508148.1,test,True,8,human,known,NC3
7121,ENST00000683697,ENSP00000508153.1,train,True,8,human,known,NC3
7122,ENST00000684182,ENSP00000508177.1,train,True,8,human,known,NC3
7123,ENST00000684420,ENSP00000508208.1,train,True,8,human,known,NC3
7124,ENST00000683822,ENSP00000508241.1,train,True,8,human,known,NC3
7125,ENST00000683357,ENSP00000508246.1,train,True,8,human,known,NC3
7126,ENST00000682037,ENSP00000508289.1,train,True,8,human,known,NC3
7127,ENST00000683039,ENSP00000508303.1,train,True,8,human,known,NC3
7128,ENST00000683756,ENSP00000508322.1,train,True,8,human,known,NC3
7129,ENST00000647510,ENSP00000508362.1,train,True,8,human,known,NC3
7130,ENST00000684158,ENSP00000508372.1,train,True,8,human,known,NC3
7131,ENST00000683918,ENSP00000508398.1,train,True,8,human,known,NC3
