node_index,transcript_id,protein_id,split,is_labeled,seed,workflow,target_column
0,ENST00000000233,ENSP00000000233.5,train,True,0,self_learning,NC3
1,ENST00000000412,ENSP00000000412.3,test,True,0,self_learning,NC3
2,ENST00000001008,ENSP00000001008.4,train,True,0,self_learning,NC3
3,ENST00000002125,ENSP00000002125.4,train,True,0,self_learning,NC3
4,ENST00000002165,ENSP00000002165.5,test,True,0,self_learning,NC3
5,ENST00000002501,0,unlabeled,False,0,self_learning,NC3
6,ENST00000002829,ENSP00000002829.3,unlabeled,False,0,self_learning,NC3
7,ENST00000003100,ENSP00000003100.8,unlabeled,False,0,self_learning,NC3
8,ENST00000003302,ENSP00000003302.4,unlabeled,False,0,self_learning,NC3
9,ENST00000003583,0,unlabeled,False,0,self_learning,NC3
10,ENST00000005178,ENSP00000005178.5,test,True,0,self_learning,NC3
11,ENST00000005257,ENSP00000005257.2,train,True,0,self_learning,NC3
12,ENST00000005260,ENSP00000005260.8,train,True,0,self_learning,NC3
13,ENST00000005286,ENSP00000005286.4,train,True,0,self_learning,NC3
14,ENST00000005340,ENSP00000005340.4,train,True,0,self_learning,NC3
15,ENST00000005386,ENSP00000005386.3,test,True,0,self_learning,NC3
16,ENST00000006015,ENSP00000006015.3,train,True,0,self_learning,NC3
17,ENST00000006658,ENSP00000006658.6,unlabeled,False,0,self_learning,NC3
18,ENST00000006777,ENSP00000006777.6,train,True,0,self_learning,NC3
19,ENST00000007390,ENSP00000007390.2,train,True,0,self_learning,NC3
20,ENST00000007414,ENSP00000007414.3,unlabeled,False,0,self_learning,NC3
21,ENST00000008527,ENSP00000008527.5,unlabeled,False,0,self_learning,NC3
22,ENST00000011473,ENSP00000011473.2,unlabeled,False,0,self_learning,NC3
23,ENST00000011619,ENSP00000011619.3,test,True,0,self_learning,NC3
24,ENST00000011898,ENSP00000011898.5,unlabeled,False,0,self_learning,NC3
25,ENST00000012049,ENSP00000012049.4,test,True,0,self_learning,NC3
26,ENST00000012443,ENSP00000012443.4,train,True,0,self_learning,NC3
27,ENST00000014914,ENSP00000014914.6,unlabeled,False,0,self_learning,NC3
28,ENST00000014930,ENSP00000014930.4,train,True,0,self_learning,NC3
29,ENST00000016171,ENSP00000016171.6,train,True,0,self_learning,NC3
30,ENST00000017003,ENSP00000017003.2,train,True,0,self_learning,NC3
31,ENST00000020945,ENSP00000020945.1,unlabeled,False,0,self_learning,NC3
32,ENST00000022615,ENSP00000022615.4,train,True,0,self_learning,NC3
33,ENST00000024061,ENSP00000024061.3,unlabeled,False,0,self_learning,NC3
34,ENST00000025008,ENSP00000025008.5,train,True,0,self_learning,NC3
35,ENST00000025301,ENSP00000025301.2,val,True,0,self_learning,NC3
36,ENST00000026218,ENSP00000026218.5,unlabeled,False,0,self_learning,NC3
37,ENST00000029410,ENSP00000029410.5,unlabeled,False,0,self_learning,NC3
38,ENST00000033079,ENSP00000033079.3,unlabeled,False,0,self_learning,NC3
39,ENST00000037243,ENSP00000037243.2,val,True,0,self_learning,NC3
40,ENST00000037869,0,unlabeled,False,0,self_learning,NC3
41,ENST00000038176,ENSP00000038176.3,unlabeled,False,0,self_learning,NC3
42,ENST00000039989,ENSP00000039989.4,unlabeled,False,0,self_learning,NC3
43,ENST00000040584,ENSP00000040584.4,unlabeled,False,0,self_learning,NC3
44,ENST00000040663,ENSP00000040663.5,train,True,0,self_learning,NC3
45,ENST00000040738,ENSP00000040738.5,unlabeled,False,0,self_learning,NC3
46,ENST00000040877,ENSP00000040877.1,train,True,0,self_learning,NC3
47,ENST00000042381,ENSP00000042381.4,unlabeled,False,0,self_learning,NC3
48,ENST00000043402,ENSP00000043402.7,unlabeled,False,0,self_learning,NC3
49,ENST00000044462,ENSP00000044462.7,unlabeled,False,0,self_learning,NC3
50,ENST00000046640,ENSP00000046640.4,unlabeled,False,0,self_learning,NC3
51,ENST00000052754,ENSP00000052754.5,unlabeled,False,0,self_learning,NC3
52,ENST00000053468,ENSP00000053468.3,train,True,0,self_learning,NC3
53,ENST00000053867,ENSP00000053867.2,train,True,0,self_learning,NC3
54,ENST00000054666,ENSP00000054666.6,train,True,0,self_learning,NC3
55,ENST00000054950,ENSP00000054950.4,train,True,0,self_learning,NC3
56,ENST00000055077,ENSP00000055077.3,val,True,0,self_learning,NC3
57,ENST00000055335,ENSP00000055335.6,unlabeled,False,0,self_learning,NC3
58,ENST00000055682,ENSP00000055682.5,unlabeled,False,0,self_learning,NC3
59,ENST00000056233,ENSP00000056233.3,unlabeled,False,0,self_learning,NC3
60,ENST00000060969,ENSP00000060969.6,val,True,0,self_learning,NC3
61,ENST00000061240,ENSP00000061240.2,unlabeled,False,0,self_learning,NC3
62,ENST00000064724,ENSP00000064724.4,unlabeled,False,0,self_learning,NC3
63,ENST00000064780,ENSP00000064780.2,unlabeled,False,0,self_learning,NC3
64,ENST00000066544,ENSP00000066544.3,unlabeled,False,0,self_learning,NC3
65,ENST00000072644,ENSP00000072644.1,train,True,0,self_learning,NC3
66,ENST00000072869,ENSP00000072869.4,unlabeled,False,0,self_learning,NC3
67,ENST00000075120,ENSP00000075120.7,unlabeled,False,0,self_learning,NC3
68,ENST00000075503,ENSP00000075503.3,unlabeled,False,0,self_learning,NC3
69,ENST00000078429,ENSP00000078429.3,val,True,0,self_learning,NC3
70,ENST00000080059,ENSP00000080059.7,unlabeled,False,0,self_learning,NC3
71,ENST00000081029,ENSP00000081029.3,test,True,0,self_learning,NC3
72,ENST00000083182,ENSP00000083182.3,unlabeled,False,0,self_learning,NC3
73,ENST00000084798,ENSP00000084798.3,unlabeled,False,0,self_learning,NC3
74,ENST00000155674,ENSP00000155674.5,unlabeled,False,0,self_learning,NC3
75,ENST00000155840,ENSP00000155840.2,unlabeled,False,0,self_learning,NC3
76,ENST00000156109,ENSP00000156109.5,train,True,0,self_learning,NC3
77,ENST00000156471,ENSP00000156471.5,test,True,0,self_learning,NC3
78,ENST00000157600,ENSP00000157600.3,train,True,0,self_learning,NC3
79,ENST00000158771,ENSP00000158771.4,train,True,0,self_learning,NC3
80,ENST00000159087,ENSP00000159087.4,unlabeled,False,0,self_learning,NC3
81,ENST00000159111,0,unlabeled,False,0,self_learning,NC3
82,ENST00000160262,ENSP00000160262.3,unlabeled,False,0,self_learning,NC3
83,ENST00000160373,ENSP00000160373.3,unlabeled,False,0,self_learning,NC3
84,ENST00000160827,ENSP00000160827.5,test,True,0,self_learning,NC3
85,ENST00000161559,ENSP00000161559.6,unlabeled,False,0,self_learning,NC3
86,ENST00000161863,ENSP00000161863.4,train,True,0,self_learning,NC3
87,ENST00000162044,ENSP00000162044.7,train,True,0,self_learning,NC3
88,ENST00000162330,ENSP00000162330.5,unlabeled,False,0,self_learning,NC3
89,ENST00000162391,ENSP00000162391.3,unlabeled,False,0,self_learning,NC3
90,ENST00000162749,ENSP00000162749.2,unlabeled,False,0,self_learning,NC3
91,ENST00000163416,ENSP00000163416.2,val,True,0,self_learning,NC3
92,ENST00000164024,ENSP00000164024.4,unlabeled,False,0,self_learning,NC3
93,ENST00000164133,ENSP00000164133.2,train,True,0,self_learning,NC3
94,ENST00000164139,ENSP00000164139.3,train,True,0,self_learning,NC3
95,ENST00000164227,ENSP00000164227.5,unlabeled,False,0,self_learning,NC3
96,ENST00000164305,ENSP00000164305.5,unlabeled,False,0,self_learning,NC3
97,ENST00000164640,ENSP00000164640.4,unlabeled,False,0,self_learning,NC3
98,ENST00000165698,ENSP00000165698.5,unlabeled,False,0,self_learning,NC3
99,ENST00000166139,ENSP00000166139.3,unlabeled,False,0,self_learning,NC3
100,ENST00000166244,ENSP00000166244.3,unlabeled,False,0,self_learning,NC3
101,ENST00000166345,ENSP00000166345.3,val,True,0,self_learning,NC3
102,ENST00000167106,ENSP00000167106.4,unlabeled,False,0,self_learning,NC3
103,ENST00000167462,ENSP00000167462.5,unlabeled,False,0,self_learning,NC3
104,ENST00000168216,ENSP00000168216.6,train,True,0,self_learning,NC3
105,ENST00000169298,ENSP00000169298.3,unlabeled,False,0,self_learning,NC3
106,ENST00000169551,ENSP00000169551.6,train,True,0,self_learning,NC3
107,ENST00000170168,ENSP00000170168.3,train,True,0,self_learning,NC3
108,ENST00000170447,ENSP00000170447.7,unlabeled,False,0,self_learning,NC3
109,ENST00000170564,ENSP00000170564.1,test,True,0,self_learning,NC3
110,ENST00000172229,ENSP00000172229.3,test,True,0,self_learning,NC3
111,ENST00000173229,ENSP00000173229.2,unlabeled,False,0,self_learning,NC3
112,ENST00000173527,ENSP00000173527.5,train,True,0,self_learning,NC3
113,ENST00000173898,ENSP00000173898.7,train,True,0,self_learning,NC3
114,ENST00000174618,ENSP00000174618.4,train,True,0,self_learning,NC3
115,ENST00000175091,ENSP00000175091.4,train,True,0,self_learning,NC3
116,ENST00000175756,ENSP00000175756.5,unlabeled,False,0,self_learning,NC3
117,ENST00000176643,ENSP00000176643.6,unlabeled,False,0,self_learning,NC3
118,ENST00000176763,ENSP00000176763.5,train,True,0,self_learning,NC3
119,ENST00000177694,ENSP00000177694.1,unlabeled,False,0,self_learning,NC3
120,ENST00000178638,ENSP00000178638.3,unlabeled,False,0,self_learning,NC3
121,ENST00000178640,ENSP00000178640.5,train,True,0,self_learning,NC3
122,ENST00000179259,ENSP00000179259.4,val,True,0,self_learning,NC3
123,ENST00000180173,ENSP00000180173.4,unlabeled,False,0,self_learning,NC3
124,ENST00000181839,ENSP00000181839.4,unlabeled,False,0,self_learning,NC3
125,ENST00000182527,ENSP00000182527.3,unlabeled,False,0,self_learning,NC3
126,ENST00000184266,ENSP00000184266.2,train,True,0,self_learning,NC3
127,ENST00000184956,ENSP00000184956.5,train,True,0,self_learning,NC3
128,ENST00000185150,ENSP00000185150.4,train,True,0,self_learning,NC3
129,ENST00000186436,ENSP00000186436.5,unlabeled,False,0,self_learning,NC3
130,ENST00000187762,ENSP00000187762.1,unlabeled,False,0,self_learning,NC3
131,ENST00000187879,0,unlabeled,False,0,self_learning,NC3
132,ENST00000190165,ENSP00000190165.2,unlabeled,False,0,self_learning,NC3
133,ENST00000190611,ENSP00000190611.4,unlabeled,False,0,self_learning,NC3
134,ENST00000192788,ENSP00000192788.5,test,True,0,self_learning,NC3
135,ENST00000193322,ENSP00000193322.3,unlabeled,False,0,self_learning,NC3
136,ENST00000193391,ENSP00000193391.6,unlabeled,False,0,self_learning,NC3
137,ENST00000193403,ENSP00000193403.6,unlabeled,False,0,self_learning,NC3
138,ENST00000194152,ENSP00000194152.1,unlabeled,False,0,self_learning,NC3
139,ENST00000194530,ENSP00000194530.3,unlabeled,False,0,self_learning,NC3
140,ENST00000196061,ENSP00000196061.4,train,True,0,self_learning,NC3
141,ENST00000196371,ENSP00000196371.5,train,True,0,self_learning,NC3
142,ENST00000196489,ENSP00000196489.2,unlabeled,False,0,self_learning,NC3
143,ENST00000197268,0,unlabeled,False,0,self_learning,NC3
144,ENST00000199320,ENSP00000199320.4,unlabeled,False,0,self_learning,NC3
145,ENST00000199389,ENSP00000199389.6,test,True,0,self_learning,NC3
146,ENST00000199448,ENSP00000199448.4,train,True,0,self_learning,NC3
147,ENST00000199708,ENSP00000199708.2,unlabeled,False,0,self_learning,NC3
148,ENST00000199814,ENSP00000199814.4,test,True,0,self_learning,NC3
149,ENST00000200135,ENSP00000200135.3,train,True,0,self_learning,NC3
150,ENST00000200181,ENSP00000200181.3,unlabeled,False,0,self_learning,NC3
151,ENST00000200453,ENSP00000200453.4,unlabeled,False,0,self_learning,NC3
152,ENST00000200457,ENSP00000200457.4,train,True,0,self_learning,NC3
153,ENST00000200557,ENSP00000200557.6,unlabeled,False,0,self_learning,NC3
154,ENST00000200652,ENSP00000200652.3,unlabeled,False,0,self_learning,NC3
155,ENST00000201031,ENSP00000201031.2,unlabeled,False,0,self_learning,NC3
156,ENST00000201586,ENSP00000201586.2,unlabeled,False,0,self_learning,NC3
157,ENST00000201647,ENSP00000201647.5,unlabeled,False,0,self_learning,NC3
158,ENST00000202017,ENSP00000202017.4,train,True,0,self_learning,NC3
159,ENST00000202556,ENSP00000202556.9,test,True,0,self_learning,NC3
160,ENST00000202677,ENSP00000202677.6,val,True,0,self_learning,NC3
161,ENST00000202816,ENSP00000202816.1,train,True,0,self_learning,NC3
162,ENST00000202967,ENSP00000202967.4,unlabeled,False,0,self_learning,NC3
163,ENST00000203001,ENSP00000203001.2,train,True,0,self_learning,NC3
164,ENST00000203166,ENSP00000439056.1,train,True,0,self_learning,NC3
165,ENST00000203407,ENSP00000203407.5,train,True,0,self_learning,NC3
166,ENST00000203556,ENSP00000203556.3,train,True,0,self_learning,NC3
167,ENST00000203629,ENSP00000203629.2,unlabeled,False,0,self_learning,NC3
168,ENST00000204517,ENSP00000204517.6,train,True,0,self_learning,NC3
169,ENST00000204549,ENSP00000204549.4,unlabeled,False,0,self_learning,NC3
170,ENST00000204566,ENSP00000204566.2,unlabeled,False,0,self_learning,NC3
171,ENST00000204679,ENSP00000204679.4,unlabeled,False,0,self_learning,NC3
172,ENST00000204961,ENSP00000204961.4,train,True,0,self_learning,NC3
173,ENST00000205061,ENSP00000205061.5,train,True,0,self_learning,NC3
174,ENST00000205194,ENSP00000205194.3,train,True,0,self_learning,NC3
175,ENST00000205214,ENSP00000205214.6,train,True,0,self_learning,NC3
176,ENST00000205402,ENSP00000205402.3,unlabeled,False,0,self_learning,NC3
177,ENST00000205636,ENSP00000205636.3,unlabeled,False,0,self_learning,NC3
178,ENST00000206020,ENSP00000206020.3,train,True,0,self_learning,NC3
179,ENST00000206262,ENSP00000206262.1,unlabeled,False,0,self_learning,NC3
180,ENST00000206474,ENSP00000206474.7,train,True,0,self_learning,NC3
181,ENST00000206542,ENSP00000206542.4,train,True,0,self_learning,NC3
182,ENST00000206595,ENSP00000206595.6,unlabeled,False,0,self_learning,NC3
183,ENST00000207457,ENSP00000207457.3,unlabeled,False,0,self_learning,NC3
184,ENST00000207870,ENSP00000207870.3,val,True,0,self_learning,NC3
185,ENST00000209728,ENSP00000209728.4,unlabeled,False,0,self_learning,NC3
186,ENST00000209873,ENSP00000209873.4,unlabeled,False,0,self_learning,NC3
187,ENST00000209875,ENSP00000209875.4,unlabeled,False,0,self_learning,NC3
188,ENST00000209884,ENSP00000209884.4,train,True,0,self_learning,NC3
189,ENST00000210060,ENSP00000210060.6,test,True,0,self_learning,NC3
190,ENST00000210187,ENSP00000210187.6,unlabeled,False,0,self_learning,NC3
191,ENST00000210444,ENSP00000210444.5,val,True,0,self_learning,NC3
192,ENST00000211122,ENSP00000211122.3,unlabeled,False,0,self_learning,NC3
193,ENST00000211287,ENSP00000211287.4,unlabeled,False,0,self_learning,NC3
194,ENST00000211314,ENSP00000211314.4,unlabeled,False,0,self_learning,NC3
195,ENST00000211936,ENSP00000211936.6,unlabeled,False,0,self_learning,NC3
196,ENST00000211998,ENSP00000211998.5,train,True,0,self_learning,NC3
197,ENST00000212015,ENSP00000212015.6,train,True,0,self_learning,NC3
198,ENST00000212355,ENSP00000212355.4,unlabeled,False,0,self_learning,NC3
199,ENST00000214869,0,unlabeled,False,0,self_learning,NC3
200,ENST00000215057,ENSP00000215057.1,unlabeled,False,0,self_learning,NC3
201,ENST00000215061,0,unlabeled,False,0,self_learning,NC3
202,ENST00000215095,ENSP00000215095.5,unlabeled,False,0,self_learning,NC3
203,ENST00000215368,ENSP00000215368.1,unlabeled,False,0,self_learning,NC3
204,ENST00000215375,ENSP00000215375.1,unlabeled,False,0,self_learning,NC3
205,ENST00000215531,ENSP00000215531.4,unlabeled,False,0,self_learning,NC3
206,ENST00000215565,ENSP00000215565.1,train,True,0,self_learning,NC3
207,ENST00000215567,ENSP00000215567.4,val,True,0,self_learning,NC3
208,ENST00000215570,ENSP00000215570.2,train,True,0,self_learning,NC3
209,ENST00000215574,ENSP00000215574.2,train,True,0,self_learning,NC3
210,ENST00000215582,ENSP00000215582.4,unlabeled,False,0,self_learning,NC3
211,ENST00000215631,ENSP00000215631.3,unlabeled,False,0,self_learning,NC3
212,ENST00000215659,ENSP00000215659.8,train,True,0,self_learning,NC3
213,ENST00000215730,ENSP00000215730.6,train,True,0,self_learning,NC3
214,ENST00000215742,ENSP00000215742.4,unlabeled,False,0,self_learning,NC3
215,ENST00000215790,ENSP00000215790.8,unlabeled,False,0,self_learning,NC3
216,ENST00000215793,ENSP00000215793.7,train,True,0,self_learning,NC3
217,ENST00000215794,ENSP00000215794.7,unlabeled,False,0,self_learning,NC3
218,ENST00000215829,ENSP00000215829.3,train,True,0,self_learning,NC3
219,ENST00000215832,ENSP00000215832.7,train,True,0,self_learning,NC3
220,ENST00000215838,ENSP00000215838.3,unlabeled,False,0,self_learning,NC3
221,ENST00000215855,ENSP00000215855.2,unlabeled,False,0,self_learning,NC3
222,ENST00000215882,ENSP00000215882.5,train,True,0,self_learning,NC3
223,ENST00000215904,ENSP00000215904.6,train,True,0,self_learning,NC3
224,ENST00000215906,ENSP00000215906.5,unlabeled,False,0,self_learning,NC3
225,ENST00000215909,ENSP00000215909.5,train,True,0,self_learning,NC3
226,ENST00000215912,ENSP00000215912.4,unlabeled,False,0,self_learning,NC3
227,ENST00000215917,ENSP00000215917.6,unlabeled,False,0,self_learning,NC3
228,ENST00000215941,ENSP00000215941.4,train,True,0,self_learning,NC3
229,ENST00000215957,ENSP00000215957.6,unlabeled,False,0,self_learning,NC3
230,ENST00000215980,ENSP00000215980.5,test,True,0,self_learning,NC3
231,ENST00000216014,ENSP00000216014.4,unlabeled,False,0,self_learning,NC3
232,ENST00000216024,ENSP00000216024.2,unlabeled,False,0,self_learning,NC3
233,ENST00000216027,ENSP00000216027.3,train,True,0,self_learning,NC3
234,ENST00000216034,ENSP00000216034.4,train,True,0,self_learning,NC3
235,ENST00000216036,ENSP00000216036.4,unlabeled,False,0,self_learning,NC3
236,ENST00000216038,ENSP00000216038.5,train,True,0,self_learning,NC3
237,ENST00000216039,ENSP00000216039.5,unlabeled,False,0,self_learning,NC3
238,ENST00000216044,ENSP00000216044.5,train,True,0,self_learning,NC3
239,ENST00000216068,ENSP00000216068.4,train,True,0,self_learning,NC3
240,ENST00000216085,ENSP00000216085.7,unlabeled,False,0,self_learning,NC3
241,ENST00000216099,ENSP00000216099.7,unlabeled,False,0,self_learning,NC3
242,ENST00000216101,ENSP00000216101.6,unlabeled,False,0,self_learning,NC3
243,ENST00000216106,ENSP00000216106.5,train,True,0,self_learning,NC3
244,ENST00000216117,ENSP00000216117.8,train,True,0,self_learning,NC3
245,ENST00000216121,ENSP00000216121.7,train,True,0,self_learning,NC3
246,ENST00000216122,ENSP00000216122.3,train,True,0,self_learning,NC3
247,ENST00000216124,0,unlabeled,False,0,self_learning,NC3
248,ENST00000216129,ENSP00000216129.6,train,True,0,self_learning,NC3
249,ENST00000216133,ENSP00000216133.5,unlabeled,False,0,self_learning,NC3
250,ENST00000216146,ENSP00000346001.3,train,True,0,self_learning,NC3
251,ENST00000216160,ENSP00000216160.6,train,True,0,self_learning,NC3
252,ENST00000216180,ENSP00000216180.3,unlabeled,False,0,self_learning,NC3
253,ENST00000216181,ENSP00000216181.6,unlabeled,False,0,self_learning,NC3
254,ENST00000216185,ENSP00000216185.2,test,True,0,self_learning,NC3
255,ENST00000216190,ENSP00000216190.8,unlabeled,False,0,self_learning,NC3
256,ENST00000216214,ENSP00000216214.3,unlabeled,False,0,self_learning,NC3
257,ENST00000216218,ENSP00000216218.3,test,True,0,self_learning,NC3
258,ENST00000216225,ENSP00000216225.8,train,True,0,self_learning,NC3
259,ENST00000216237,ENSP00000216237.5,train,True,0,self_learning,NC3
260,ENST00000216252,ENSP00000216252.3,train,True,0,self_learning,NC3
261,ENST00000216254,ENSP00000216254.4,unlabeled,False,0,self_learning,NC3
262,ENST00000216259,ENSP00000216259.7,train,True,0,self_learning,NC3
263,ENST00000216264,ENSP00000216264.8,unlabeled,False,0,self_learning,NC3
264,ENST00000216267,ENSP00000216267.8,unlabeled,False,0,self_learning,NC3
265,ENST00000216268,ENSP00000216268.4,train,True,0,self_learning,NC3
266,ENST00000216271,ENSP00000216271.5,unlabeled,False,0,self_learning,NC3
267,ENST00000216281,ENSP00000216281.8,unlabeled,False,0,self_learning,NC3
268,ENST00000216286,ENSP00000216286.4,unlabeled,False,0,self_learning,NC3
269,ENST00000216294,ENSP00000216294.4,test,True,0,self_learning,NC3
270,ENST00000216297,ENSP00000216297.2,train,True,0,self_learning,NC3
271,ENST00000216330,ENSP00000216330.3,train,True,0,self_learning,NC3
272,ENST00000216367,ENSP00000216367.5,train,True,0,self_learning,NC3
273,ENST00000216373,ENSP00000216373.5,train,True,0,self_learning,NC3
274,ENST00000216392,ENSP00000216392.7,train,True,0,self_learning,NC3
275,ENST00000216410,ENSP00000216410.3,unlabeled,False,0,self_learning,NC3
276,ENST00000216416,ENSP00000216416.4,unlabeled,False,0,self_learning,NC3
277,ENST00000216420,ENSP00000216420.7,unlabeled,False,0,self_learning,NC3
278,ENST00000216442,ENSP00000216442.7,unlabeled,False,0,self_learning,NC3
279,ENST00000216452,ENSP00000216452.4,train,True,0,self_learning,NC3
280,ENST00000216455,ENSP00000216455.4,train,True,0,self_learning,NC3
281,ENST00000216465,0,unlabeled,False,0,self_learning,NC3
282,ENST00000216468,ENSP00000216468.7,train,True,0,self_learning,NC3
283,ENST00000216479,ENSP00000216479.3,train,True,0,self_learning,NC3
284,ENST00000216487,ENSP00000216487.7,unlabeled,False,0,self_learning,NC3
285,ENST00000216489,ENSP00000216489.3,test,True,0,self_learning,NC3
286,ENST00000216500,ENSP00000216500.5,unlabeled,False,0,self_learning,NC3
287,ENST00000216513,ENSP00000216513.4,train,True,0,self_learning,NC3
288,ENST00000216554,ENSP00000216554.3,unlabeled,False,0,self_learning,NC3
289,ENST00000216639,ENSP00000216639.3,unlabeled,False,0,self_learning,NC3
290,ENST00000216714,ENSP00000216714.3,unlabeled,False,0,self_learning,NC3
291,ENST00000216756,ENSP00000216756.6,unlabeled,False,0,self_learning,NC3
292,ENST00000216797,ENSP00000216797.6,unlabeled,False,0,self_learning,NC3
293,ENST00000216807,ENSP00000216807.6,train,True,0,self_learning,NC3
294,ENST00000216832,ENSP00000216832.4,train,True,0,self_learning,NC3
295,ENST00000216962,ENSP00000216962.3,test,True,0,self_learning,NC3
296,ENST00000216968,ENSP00000216968.3,train,True,0,self_learning,NC3
297,ENST00000217026,ENSP00000217026.4,train,True,0,self_learning,NC3
298,ENST00000217086,ENSP00000217086.4,unlabeled,False,0,self_learning,NC3
299,ENST00000217109,ENSP00000217109.4,train,True,0,self_learning,NC3
300,ENST00000217131,ENSP00000217131.5,unlabeled,False,0,self_learning,NC3
301,ENST00000217159,ENSP00000217159.1,unlabeled,False,0,self_learning,NC3
302,ENST00000217173,ENSP00000217173.2,val,True,0,self_learning,NC3
303,ENST00000217182,ENSP00000217182.3,unlabeled,False,0,self_learning,NC3
304,ENST00000217244,ENSP00000217244.3,unlabeled,False,0,self_learning,NC3
305,ENST00000217246,ENSP00000217246.4,unlabeled,False,0,self_learning,NC3
306,ENST00000217381,ENSP00000217381.2,train,True,0,self_learning,NC3
307,ENST00000217402,ENSP00000217402.2,train,True,0,self_learning,NC3
308,ENST00000217426,ENSP00000217426.2,train,True,0,self_learning,NC3
309,ENST00000217455,ENSP00000217455.4,train,True,0,self_learning,NC3
310,ENST00000217456,ENSP00000217456.2,train,True,0,self_learning,NC3
311,ENST00000217515,ENSP00000217515.5,val,True,0,self_learning,NC3
312,ENST00000217740,ENSP00000217740.3,unlabeled,False,0,self_learning,NC3
313,ENST00000217901,ENSP00000217901.5,train,True,0,self_learning,NC3
314,ENST00000217909,ENSP00000217909.7,unlabeled,False,0,self_learning,NC3
315,ENST00000217958,ENSP00000217958.3,train,True,0,self_learning,NC3
316,ENST00000217971,ENSP00000217971.7,train,True,0,self_learning,NC3
317,ENST00000217999,ENSP00000217999.1,unlabeled,False,0,self_learning,NC3
318,ENST00000218104,ENSP00000218104.3,train,True,0,self_learning,NC3
319,ENST00000218176,ENSP00000218176.3,unlabeled,False,0,self_learning,NC3
320,ENST00000218197,ENSP00000218197.5,train,True,0,self_learning,NC3
321,ENST00000218230,0,unlabeled,False,0,self_learning,NC3
322,ENST00000218249,ENSP00000218249.5,unlabeled,False,0,self_learning,NC3
323,ENST00000218316,ENSP00000218316.3,unlabeled,False,0,self_learning,NC3
324,ENST00000218340,ENSP00000218340.3,test,True,0,self_learning,NC3
325,ENST00000218348,ENSP00000218348.3,train,True,0,self_learning,NC3
326,ENST00000218388,ENSP00000218388.4,unlabeled,False,0,self_learning,NC3
327,ENST00000218436,ENSP00000218436.6,unlabeled,False,0,self_learning,NC3
328,ENST00000218516,ENSP00000218516.4,val,True,0,self_learning,NC3
329,ENST00000218721,ENSP00000218721.1,unlabeled,False,0,self_learning,NC3
330,ENST00000219066,ENSP00000219066.1,train,True,0,self_learning,NC3
331,ENST00000219069,ENSP00000219069.5,unlabeled,False,0,self_learning,NC3
332,ENST00000219070,ENSP00000219070.4,unlabeled,False,0,self_learning,NC3
333,ENST00000219097,ENSP00000219097.2,train,True,0,self_learning,NC3
334,ENST00000219139,ENSP00000219139.3,test,True,0,self_learning,NC3
335,ENST00000219150,ENSP00000219150.6,unlabeled,False,0,self_learning,NC3
336,ENST00000219169,ENSP00000219169.4,unlabeled,False,0,self_learning,NC3
337,ENST00000219197,ENSP00000219197.5,unlabeled,False,0,self_learning,NC3
338,ENST00000219204,ENSP00000219204.3,train,True,0,self_learning,NC3
339,ENST00000219207,ENSP00000219207.5,unlabeled,False,0,self_learning,NC3
340,ENST00000219240,ENSP00000219240.4,train,True,0,self_learning,NC3
341,ENST00000219252,ENSP00000219252.4,train,True,0,self_learning,NC3
342,ENST00000219255,ENSP00000219255.3,unlabeled,False,0,self_learning,NC3
343,ENST00000219271,ENSP00000219271.3,unlabeled,False,0,self_learning,NC3
344,ENST00000219281,ENSP00000219281.3,unlabeled,False,0,self_learning,NC3
345,ENST00000219299,0,unlabeled,False,0,self_learning,NC3
346,ENST00000219313,ENSP00000219313.4,train,True,0,self_learning,NC3
347,ENST00000219334,ENSP00000219334.5,unlabeled,False,0,self_learning,NC3
348,ENST00000219345,ENSP00000219345.5,train,True,0,self_learning,NC3
349,ENST00000219400,ENSP00000219400.3,unlabeled,False,0,self_learning,NC3
350,ENST00000219406,ENSP00000219406.7,unlabeled,False,0,self_learning,NC3
351,ENST00000219409,ENSP00000219409.3,unlabeled,False,0,self_learning,NC3
352,ENST00000219431,ENSP00000219431.4,train,True,0,self_learning,NC3
353,ENST00000219439,ENSP00000219439.4,train,True,0,self_learning,NC3
354,ENST00000219476,ENSP00000219476.3,train,True,0,self_learning,NC3
355,ENST00000219478,ENSP00000219478.5,unlabeled,False,0,self_learning,NC3
356,ENST00000219479,ENSP00000219479.2,unlabeled,False,0,self_learning,NC3
357,ENST00000219548,ENSP00000219548.4,train,True,0,self_learning,NC3
358,ENST00000219611,ENSP00000219611.2,val,True,0,self_learning,NC3
359,ENST00000219789,ENSP00000219789.6,unlabeled,False,0,self_learning,NC3
360,ENST00000219821,ENSP00000219821.5,unlabeled,False,0,self_learning,NC3
361,ENST00000219837,ENSP00000219837.7,val,True,0,self_learning,NC3
362,ENST00000220058,ENSP00000220058.4,unlabeled,False,0,self_learning,NC3
363,ENST00000220166,ENSP00000220166.6,unlabeled,False,0,self_learning,NC3
364,ENST00000220325,ENSP00000220325.4,train,True,0,self_learning,NC3
365,ENST00000220478,ENSP00000220478.3,unlabeled,False,0,self_learning,NC3
366,ENST00000220496,ENSP00000220496.4,train,True,0,self_learning,NC3
367,ENST00000220507,ENSP00000220507.4,unlabeled,False,0,self_learning,NC3
368,ENST00000220509,ENSP00000220509.5,test,True,0,self_learning,NC3
369,ENST00000220514,ENSP00000220514.3,train,True,0,self_learning,NC3
370,ENST00000220531,ENSP00000220531.4,unlabeled,False,0,self_learning,NC3
371,ENST00000220562,ENSP00000220562.4,unlabeled,False,0,self_learning,NC3
372,ENST00000220592,ENSP00000220592.5,train,True,0,self_learning,NC3
373,ENST00000220597,ENSP00000220597.3,train,True,0,self_learning,NC3
374,ENST00000220659,ENSP00000220659.6,unlabeled,False,0,self_learning,NC3
375,ENST00000220669,ENSP00000220669.5,test,True,0,self_learning,NC3
376,ENST00000220751,ENSP00000220751.4,train,True,0,self_learning,NC3
377,ENST00000220763,ENSP00000220763.5,unlabeled,False,0,self_learning,NC3
378,ENST00000220764,ENSP00000220764.2,train,True,0,self_learning,NC3
379,ENST00000220772,ENSP00000220772.3,unlabeled,False,0,self_learning,NC3
380,ENST00000220809,ENSP00000220809.4,unlabeled,False,0,self_learning,NC3
381,ENST00000220822,ENSP00000220822.7,unlabeled,False,0,self_learning,NC3
382,ENST00000220849,ENSP00000220849.5,unlabeled,False,0,self_learning,NC3
383,ENST00000220853,ENSP00000220853.3,train,True,0,self_learning,NC3
384,ENST00000220913,ENSP00000220913.5,train,True,0,self_learning,NC3
385,ENST00000221114,ENSP00000221114.3,test,True,0,self_learning,NC3
386,ENST00000221130,ENSP00000221130.5,train,True,0,self_learning,NC3
387,ENST00000221138,ENSP00000221138.4,train,True,0,self_learning,NC3
388,ENST00000221166,ENSP00000221166.5,test,True,0,self_learning,NC3
389,ENST00000221200,ENSP00000221200.4,unlabeled,False,0,self_learning,NC3
390,ENST00000221233,ENSP00000221233.3,train,True,0,self_learning,NC3
391,ENST00000221249,ENSP00000221249.5,unlabeled,False,0,self_learning,NC3
392,ENST00000221265,ENSP00000221265.2,train,True,0,self_learning,NC3
393,ENST00000221283,ENSP00000221283.4,unlabeled,False,0,self_learning,NC3
394,ENST00000221315,0,unlabeled,False,0,self_learning,NC3
395,ENST00000221327,0,unlabeled,False,0,self_learning,NC3
396,ENST00000221399,ENSP00000221399.3,unlabeled,False,0,self_learning,NC3
397,ENST00000221403,ENSP00000221403.2,unlabeled,False,0,self_learning,NC3
398,ENST00000221452,ENSP00000221452.7,unlabeled,False,0,self_learning,NC3
399,ENST00000221455,0,unlabeled,False,0,self_learning,NC3
400,ENST00000221459,ENSP00000221459.2,unlabeled,False,0,self_learning,NC3
401,ENST00000221462,0,unlabeled,False,0,self_learning,NC3
402,ENST00000221476,ENSP00000221476.2,test,True,0,self_learning,NC3
403,ENST00000221480,ENSP00000221480.1,unlabeled,False,0,self_learning,NC3
404,ENST00000221485,ENSP00000221485.2,unlabeled,False,0,self_learning,NC3
405,ENST00000221486,ENSP00000221486.4,test,True,0,self_learning,NC3
406,ENST00000221494,ENSP00000221494.3,train,True,0,self_learning,NC3
407,ENST00000221496,ENSP00000221496.2,unlabeled,False,0,self_learning,NC3
408,ENST00000221538,ENSP00000221538.2,unlabeled,False,0,self_learning,NC3
409,ENST00000221543,0,unlabeled,False,0,self_learning,NC3
410,ENST00000221566,ENSP00000221566.1,unlabeled,False,0,self_learning,NC3
411,ENST00000221573,ENSP00000221573.5,unlabeled,False,0,self_learning,NC3
412,ENST00000221665,ENSP00000221665.2,unlabeled,False,0,self_learning,NC3
413,ENST00000221671,0,unlabeled,False,0,self_learning,NC3
414,ENST00000221730,ENSP00000221730.2,unlabeled,False,0,self_learning,NC3
415,ENST00000221855,ENSP00000221855.3,unlabeled,False,0,self_learning,NC3
416,ENST00000221856,ENSP00000221856.5,val,True,0,self_learning,NC3
417,ENST00000221859,ENSP00000221859.3,test,True,0,self_learning,NC3
418,ENST00000221891,ENSP00000221891.4,unlabeled,False,0,self_learning,NC3
419,ENST00000221922,0,unlabeled,False,0,self_learning,NC3
420,ENST00000221930,ENSP00000221930.4,unlabeled,False,0,self_learning,NC3
421,ENST00000221957,ENSP00000221957.3,train,True,0,self_learning,NC3
422,ENST00000221980,ENSP00000221980.3,unlabeled,False,0,self_learning,NC3
423,ENST00000222002,ENSP00000222002.2,unlabeled,False,0,self_learning,NC3
424,ENST00000222005,ENSP00000222005.1,train,True,0,self_learning,NC3
425,ENST00000222008,ENSP00000222008.5,test,True,0,self_learning,NC3
426,ENST00000222032,ENSP00000222032.4,unlabeled,False,0,self_learning,NC3
427,ENST00000222120,ENSP00000222120.2,unlabeled,False,0,self_learning,NC3
428,ENST00000222122,ENSP00000222122.4,unlabeled,False,0,self_learning,NC3
429,ENST00000222139,ENSP00000222139.5,unlabeled,False,0,self_learning,NC3
430,ENST00000222145,ENSP00000222145.3,unlabeled,False,0,self_learning,NC3
431,ENST00000222219,ENSP00000222219.2,val,True,0,self_learning,NC3
432,ENST00000222247,ENSP00000222247.4,train,True,0,self_learning,NC3
433,ENST00000222248,ENSP00000222248.2,unlabeled,False,0,self_learning,NC3
434,ENST00000222249,ENSP00000476519.1,unlabeled,False,0,self_learning,NC3
435,ENST00000222250,ENSP00000222250.3,unlabeled,False,0,self_learning,NC3
436,ENST00000222254,ENSP00000222254.6,unlabeled,False,0,self_learning,NC3
437,ENST00000222256,ENSP00000222256.3,train,True,0,self_learning,NC3
438,ENST00000222271,ENSP00000222271.2,unlabeled,False,0,self_learning,NC3
439,ENST00000222284,ENSP00000222284.4,train,True,0,self_learning,NC3
440,ENST00000222305,ENSP00000222305.2,train,True,0,self_learning,NC3
441,ENST00000222329,ENSP00000222329.3,train,True,0,self_learning,NC3
442,ENST00000222330,ENSP00000222330.3,unlabeled,False,0,self_learning,NC3
443,ENST00000222345,ENSP00000222345.4,unlabeled,False,0,self_learning,NC3
444,ENST00000222374,ENSP00000222374.1,unlabeled,False,0,self_learning,NC3
445,ENST00000222388,0,unlabeled,False,0,self_learning,NC3
446,ENST00000222399,ENSP00000222399.6,test,True,0,self_learning,NC3
447,ENST00000222402,ENSP00000222402.2,unlabeled,False,0,self_learning,NC3
448,ENST00000222511,ENSP00000222511.7,train,True,0,self_learning,NC3
449,ENST00000222543,ENSP00000222543.5,unlabeled,False,0,self_learning,NC3
450,ENST00000222547,ENSP00000222547.3,unlabeled,False,0,self_learning,NC3
451,ENST00000222553,ENSP00000222553.3,unlabeled,False,0,self_learning,NC3
452,ENST00000222567,ENSP00000222567.5,train,True,0,self_learning,NC3
453,ENST00000222573,ENSP00000222573.3,unlabeled,False,0,self_learning,NC3
454,ENST00000222584,ENSP00000222584.3,unlabeled,False,0,self_learning,NC3
455,ENST00000222673,ENSP00000222673.5,train,True,0,self_learning,NC3
456,ENST00000222693,ENSP00000222693.4,unlabeled,False,0,self_learning,NC3
457,ENST00000222718,ENSP00000222718.5,unlabeled,False,0,self_learning,NC3
458,ENST00000222725,ENSP00000222725.5,unlabeled,False,0,self_learning,NC3
459,ENST00000222726,ENSP00000222726.3,train,True,0,self_learning,NC3
460,ENST00000222728,ENSP00000222728.3,unlabeled,False,0,self_learning,NC3
461,ENST00000222747,ENSP00000222747.3,unlabeled,False,0,self_learning,NC3
462,ENST00000222792,ENSP00000222792.7,unlabeled,False,0,self_learning,NC3
463,ENST00000222803,ENSP00000222803.5,train,True,0,self_learning,NC3
464,ENST00000222812,ENSP00000222812.3,unlabeled,False,0,self_learning,NC3
465,ENST00000222823,ENSP00000222823.4,unlabeled,False,0,self_learning,NC3
466,ENST00000222990,ENSP00000222990.3,train,True,0,self_learning,NC3
467,ENST00000223023,ENSP00000223023.4,train,True,0,self_learning,NC3
468,ENST00000223029,ENSP00000223029.3,train,True,0,self_learning,NC3
469,ENST00000223061,ENSP00000223061.5,unlabeled,False,0,self_learning,NC3
470,ENST00000223073,ENSP00000223073.1,test,True,0,self_learning,NC3
471,ENST00000223127,ENSP00000223127.3,train,True,0,self_learning,NC3
472,ENST00000223129,ENSP00000223129.4,unlabeled,False,0,self_learning,NC3
473,ENST00000223136,ENSP00000223136.4,train,True,0,self_learning,NC3
474,ENST00000223145,ENSP00000223145.5,test,True,0,self_learning,NC3
475,ENST00000223208,ENSP00000223208.4,unlabeled,False,0,self_learning,NC3
476,ENST00000223210,ENSP00000223210.4,unlabeled,False,0,self_learning,NC3
477,ENST00000223273,ENSP00000223273.2,train,True,0,self_learning,NC3
478,ENST00000223321,ENSP00000223321.4,unlabeled,False,0,self_learning,NC3
479,ENST00000223324,ENSP00000223324.2,train,True,0,self_learning,NC3
480,ENST00000223357,ENSP00000223357.3,unlabeled,False,0,self_learning,NC3
481,ENST00000223368,0,unlabeled,False,0,self_learning,NC3
482,ENST00000223369,ENSP00000223369.2,unlabeled,False,0,self_learning,NC3
483,ENST00000223398,ENSP00000223398.6,unlabeled,False,0,self_learning,NC3
484,ENST00000223500,ENSP00000223500.7,val,True,0,self_learning,NC3
485,ENST00000223528,ENSP00000223528.2,unlabeled,False,0,self_learning,NC3
486,ENST00000223641,ENSP00000223641.4,test,True,0,self_learning,NC3
487,ENST00000223642,ENSP00000223642.1,unlabeled,False,0,self_learning,NC3
488,ENST00000223862,0,unlabeled,False,0,self_learning,NC3
489,ENST00000223864,ENSP00000223864.2,test,True,0,self_learning,NC3
490,ENST00000224073,ENSP00000224073.1,train,True,0,self_learning,NC3
491,ENST00000224140,ENSP00000224140.5,train,True,0,self_learning,NC3
492,ENST00000224337,ENSP00000224337.6,unlabeled,False,0,self_learning,NC3
493,ENST00000224356,ENSP00000224356.4,unlabeled,False,0,self_learning,NC3
494,ENST00000224721,ENSP00000224721.9,unlabeled,False,0,self_learning,NC3
495,ENST00000224756,ENSP00000224756.8,unlabeled,False,0,self_learning,NC3
496,ENST00000224784,ENSP00000224784.6,unlabeled,False,0,self_learning,NC3
497,ENST00000224950,ENSP00000224950.3,unlabeled,False,0,self_learning,NC3
498,ENST00000225171,ENSP00000225171.2,train,True,0,self_learning,NC3
499,ENST00000225174,ENSP00000225174.3,train,True,0,self_learning,NC3
500,ENST00000225235,ENSP00000225235.4,test,True,0,self_learning,NC3
501,ENST00000225296,ENSP00000225296.3,train,True,0,self_learning,NC3
502,ENST00000225298,ENSP00000225298.7,test,True,0,self_learning,NC3
503,ENST00000225308,ENSP00000225308.8,unlabeled,False,0,self_learning,NC3
504,ENST00000225328,ENSP00000225328.5,unlabeled,False,0,self_learning,NC3
505,ENST00000225388,ENSP00000225388.3,test,True,0,self_learning,NC3
506,ENST00000225430,ENSP00000225430.4,unlabeled,False,0,self_learning,NC3
507,ENST00000225504,ENSP00000225504.3,train,True,0,self_learning,NC3
508,ENST00000225519,ENSP00000225519.3,unlabeled,False,0,self_learning,NC3
509,ENST00000225525,ENSP00000225525.3,val,True,0,self_learning,NC3
510,ENST00000225538,ENSP00000225538.3,unlabeled,False,0,self_learning,NC3
511,ENST00000225577,ENSP00000225577.4,train,True,0,self_learning,NC3
512,ENST00000225609,ENSP00000225609.5,train,True,0,self_learning,NC3
513,ENST00000225614,ENSP00000225614.1,unlabeled,False,0,self_learning,NC3
514,ENST00000225655,ENSP00000225655.5,train,True,0,self_learning,NC3
515,ENST00000225665,ENSP00000225665.7,train,True,0,self_learning,NC3
516,ENST00000225688,ENSP00000225688.3,unlabeled,False,0,self_learning,NC3
517,ENST00000225698,ENSP00000225698.4,val,True,0,self_learning,NC3
518,ENST00000225719,ENSP00000225719.4,train,True,0,self_learning,NC3
519,ENST00000225724,ENSP00000225724.5,unlabeled,False,0,self_learning,NC3
520,ENST00000225726,ENSP00000225726.5,train,True,0,self_learning,NC3
521,ENST00000225728,ENSP00000225728.3,train,True,0,self_learning,NC3
522,ENST00000225729,ENSP00000225729.3,train,True,0,self_learning,NC3
523,ENST00000225737,ENSP00000225737.6,train,True,0,self_learning,NC3
524,ENST00000225792,ENSP00000225792.5,unlabeled,False,0,self_learning,NC3
525,ENST00000225916,ENSP00000225916.5,train,True,0,self_learning,NC3
526,ENST00000225927,ENSP00000225927.1,train,True,0,self_learning,NC3
527,ENST00000225941,ENSP00000225941.1,unlabeled,False,0,self_learning,NC3
528,ENST00000225964,ENSP00000225964.6,unlabeled,False,0,self_learning,NC3
529,ENST00000225969,ENSP00000225969.4,val,True,0,self_learning,NC3
530,ENST00000225972,ENSP00000225972.7,train,True,0,self_learning,NC3
531,ENST00000225983,ENSP00000225983.5,unlabeled,False,0,self_learning,NC3
532,ENST00000226004,ENSP00000226004.2,train,True,0,self_learning,NC3
533,ENST00000226067,ENSP00000226067.5,unlabeled,False,0,self_learning,NC3
534,ENST00000226091,ENSP00000226091.2,unlabeled,False,0,self_learning,NC3
535,ENST00000226105,ENSP00000226105.6,test,True,0,self_learning,NC3
536,ENST00000226207,ENSP00000226207.5,unlabeled,False,0,self_learning,NC3
537,ENST00000226218,ENSP00000226218.4,train,True,0,self_learning,NC3
538,ENST00000226225,ENSP00000226225.2,unlabeled,False,0,self_learning,NC3
539,ENST00000226230,ENSP00000226230.6,train,True,0,self_learning,NC3
540,ENST00000226319,ENSP00000226319.6,unlabeled,False,0,self_learning,NC3
541,ENST00000226382,ENSP00000226382.2,unlabeled,False,0,self_learning,NC3
542,ENST00000226574,ENSP00000226574.4,unlabeled,False,0,self_learning,NC3
543,ENST00000226725,ENSP00000226725.6,unlabeled,False,0,self_learning,NC3
544,ENST00000226760,ENSP00000226760.1,unlabeled,False,0,self_learning,NC3
545,ENST00000226796,ENSP00000226796.6,unlabeled,False,0,self_learning,NC3
546,ENST00000227065,ENSP00000227065.4,unlabeled,False,0,self_learning,NC3
547,ENST00000227155,ENSP00000227155.4,val,True,0,self_learning,NC3
548,ENST00000227266,ENSP00000227266.4,val,True,0,self_learning,NC3
549,ENST00000227322,ENSP00000227322.3,train,True,0,self_learning,NC3
550,ENST00000227349,0,unlabeled,False,0,self_learning,NC3
551,ENST00000227451,ENSP00000227451.3,unlabeled,False,0,self_learning,NC3
552,ENST00000227471,ENSP00000227471.3,unlabeled,False,0,self_learning,NC3
553,ENST00000227474,ENSP00000227474.3,unlabeled,False,0,self_learning,NC3
554,ENST00000227495,ENSP00000227495.6,unlabeled,False,0,self_learning,NC3
555,ENST00000227507,ENSP00000227507.2,train,True,0,self_learning,NC3
556,ENST00000227520,ENSP00000227520.5,test,True,0,self_learning,NC3
557,ENST00000227524,ENSP00000227524.4,val,True,0,self_learning,NC3
558,ENST00000227525,ENSP00000227525.3,train,True,0,self_learning,NC3
559,ENST00000227638,ENSP00000227638.3,unlabeled,False,0,self_learning,NC3
560,ENST00000227756,ENSP00000227756.4,unlabeled,False,0,self_learning,NC3
561,ENST00000227868,ENSP00000227868.4,train,True,0,self_learning,NC3
562,ENST00000228027,ENSP00000228027.6,unlabeled,False,0,self_learning,NC3
563,ENST00000228136,ENSP00000228136.4,train,True,0,self_learning,NC3
564,ENST00000228251,ENSP00000228251.4,train,True,0,self_learning,NC3
565,ENST00000228307,ENSP00000228307.7,unlabeled,False,0,self_learning,NC3
566,ENST00000228347,ENSP00000228347.4,train,True,0,self_learning,NC3
567,ENST00000228425,ENSP00000228425.6,unlabeled,False,0,self_learning,NC3
568,ENST00000228437,ENSP00000228437.5,unlabeled,False,0,self_learning,NC3
569,ENST00000228495,ENSP00000228495.6,train,True,0,self_learning,NC3
570,ENST00000228506,ENSP00000228506.3,train,True,0,self_learning,NC3
571,ENST00000228510,ENSP00000228510.3,unlabeled,False,0,self_learning,NC3
572,ENST00000228515,ENSP00000228515.1,unlabeled,False,0,self_learning,NC3
573,ENST00000228534,ENSP00000228534.4,unlabeled,False,0,self_learning,NC3
574,ENST00000228606,ENSP00000228606.4,unlabeled,False,0,self_learning,NC3
575,ENST00000228705,ENSP00000228705.5,train,True,0,self_learning,NC3
576,ENST00000228740,ENSP00000228740.2,train,True,0,self_learning,NC3
577,ENST00000228741,ENSP00000228741.3,unlabeled,False,0,self_learning,NC3
578,ENST00000228799,ENSP00000228799.2,unlabeled,False,0,self_learning,NC3
579,ENST00000228820,ENSP00000228820.4,unlabeled,False,0,self_learning,NC3
580,ENST00000228825,ENSP00000228825.7,test,True,0,self_learning,NC3
581,ENST00000228827,ENSP00000228827.3,unlabeled,False,0,self_learning,NC3
582,ENST00000228850,ENSP00000228850.1,unlabeled,False,0,self_learning,NC3
583,ENST00000228865,ENSP00000228865.2,unlabeled,False,0,self_learning,NC3
584,ENST00000228872,ENSP00000228872.4,unlabeled,False,0,self_learning,NC3
585,ENST00000228928,ENSP00000228928.7,unlabeled,False,0,self_learning,NC3
586,ENST00000229179,ENSP00000229179.4,train,True,0,self_learning,NC3
587,ENST00000229214,ENSP00000229214.4,train,True,0,self_learning,NC3
588,ENST00000229238,ENSP00000229238.3,train,True,0,self_learning,NC3
589,ENST00000229266,ENSP00000229266.3,train,True,0,self_learning,NC3
590,ENST00000229281,ENSP00000229281.5,unlabeled,False,0,self_learning,NC3
591,ENST00000229314,ENSP00000229314.4,train,True,0,self_learning,NC3
592,ENST00000229329,ENSP00000229329.2,train,True,0,self_learning,NC3
593,ENST00000229330,ENSP00000229330.4,unlabeled,False,0,self_learning,NC3
594,ENST00000229340,ENSP00000229340.5,train,True,0,self_learning,NC3
595,ENST00000229379,ENSP00000229379.2,unlabeled,False,0,self_learning,NC3
596,ENST00000229390,ENSP00000229390.3,train,True,0,self_learning,NC3
597,ENST00000229395,ENSP00000229395.3,train,True,0,self_learning,NC3
598,ENST00000229554,ENSP00000229554.5,unlabeled,False,0,self_learning,NC3
599,ENST00000229595,ENSP00000229595.5,train,True,0,self_learning,NC3
600,ENST00000229633,ENSP00000229633.5,train,True,0,self_learning,NC3
601,ENST00000229708,ENSP00000229708.2,unlabeled,False,0,self_learning,NC3
602,ENST00000229758,ENSP00000229758.3,train,True,0,self_learning,NC3
603,ENST00000229769,ENSP00000229769.2,test,True,0,self_learning,NC3
604,ENST00000229812,ENSP00000229812.7,train,True,0,self_learning,NC3
605,ENST00000229903,ENSP00000229903.4,unlabeled,False,0,self_learning,NC3
606,ENST00000229922,ENSP00000229922.2,train,True,0,self_learning,NC3
607,ENST00000229955,ENSP00000229955.2,unlabeled,False,0,self_learning,NC3
608,ENST00000230036,ENSP00000230036.1,unlabeled,False,0,self_learning,NC3
609,ENST00000230048,ENSP00000230048.3,train,True,0,self_learning,NC3
610,ENST00000230050,ENSP00000230050.3,train,True,0,self_learning,NC3
611,ENST00000230053,ENSP00000230053.6,unlabeled,False,0,self_learning,NC3
612,ENST00000230056,ENSP00000230056.3,unlabeled,False,0,self_learning,NC3
613,ENST00000230085,ENSP00000230085.8,train,True,0,self_learning,NC3
614,ENST00000230122,ENSP00000230122.4,unlabeled,False,0,self_learning,NC3
615,ENST00000230124,ENSP00000230124.4,unlabeled,False,0,self_learning,NC3
616,ENST00000230301,0,unlabeled,False,0,self_learning,NC3
617,ENST00000230323,ENSP00000230323.4,unlabeled,False,0,self_learning,NC3
618,ENST00000230340,ENSP00000230340.4,train,True,0,self_learning,NC3
619,ENST00000230354,ENSP00000230354.5,unlabeled,False,0,self_learning,NC3
620,ENST00000230361,ENSP00000230361.3,unlabeled,False,0,self_learning,NC3
621,ENST00000230419,ENSP00000230419.4,train,True,0,self_learning,NC3
622,ENST00000230431,ENSP00000230431.7,unlabeled,False,0,self_learning,NC3
623,ENST00000230449,ENSP00000230449.4,train,True,0,self_learning,NC3
624,ENST00000230461,ENSP00000230461.6,train,True,0,self_learning,NC3
625,ENST00000230582,ENSP00000230582.3,unlabeled,False,0,self_learning,NC3
626,ENST00000230640,ENSP00000230640.5,train,True,0,self_learning,NC3
627,ENST00000230658,ENSP00000230658.7,train,True,0,self_learning,NC3
628,ENST00000230771,ENSP00000230771.3,unlabeled,False,0,self_learning,NC3
629,ENST00000230792,ENSP00000230792.2,train,True,0,self_learning,NC3
630,ENST00000230882,ENSP00000230882.4,unlabeled,False,0,self_learning,NC3
631,ENST00000230895,ENSP00000230895.7,test,True,0,self_learning,NC3
632,ENST00000230990,ENSP00000230990.6,unlabeled,False,0,self_learning,NC3
633,ENST00000231004,ENSP00000231004.4,unlabeled,False,0,self_learning,NC3
634,ENST00000231061,ENSP00000231061.4,val,True,0,self_learning,NC3
635,ENST00000231121,ENSP00000231121.2,unlabeled,False,0,self_learning,NC3
636,ENST00000231137,ENSP00000231137.3,unlabeled,False,0,self_learning,NC3
637,ENST00000231173,ENSP00000231173.3,unlabeled,False,0,self_learning,NC3
638,ENST00000231198,ENSP00000231198.7,train,True,0,self_learning,NC3
639,ENST00000231238,ENSP00000231238.4,train,True,0,self_learning,NC3
640,ENST00000231368,ENSP00000231368.5,train,True,0,self_learning,NC3
641,ENST00000231461,ENSP00000231461.4,unlabeled,False,0,self_learning,NC3
642,ENST00000231498,ENSP00000231498.3,train,True,0,self_learning,NC3
643,ENST00000231512,ENSP00000231512.3,test,True,0,self_learning,NC3
644,ENST00000231524,ENSP00000231524.9,unlabeled,False,0,self_learning,NC3
645,ENST00000231572,ENSP00000231572.3,val,True,0,self_learning,NC3
646,ENST00000231721,ENSP00000231721.2,unlabeled,False,0,self_learning,NC3
647,ENST00000231749,ENSP00000231749.3,unlabeled,False,0,self_learning,NC3
648,ENST00000231887,ENSP00000231887.3,train,True,0,self_learning,NC3
649,ENST00000232375,ENSP00000232375.3,test,True,0,self_learning,NC3
650,ENST00000232424,ENSP00000232424.3,val,True,0,self_learning,NC3
651,ENST00000232496,ENSP00000232496.4,unlabeled,False,0,self_learning,NC3
652,ENST00000232501,ENSP00000232501.3,unlabeled,False,0,self_learning,NC3
653,ENST00000232564,ENSP00000232564.3,train,True,0,self_learning,NC3
654,ENST00000232607,ENSP00000232607.2,train,True,0,self_learning,NC3
655,ENST00000232744,ENSP00000232744.8,unlabeled,False,0,self_learning,NC3
656,ENST00000232766,ENSP00000232766.5,test,True,0,self_learning,NC3
657,ENST00000232888,ENSP00000232888.6,train,True,0,self_learning,NC3
658,ENST00000232905,ENSP00000232905.3,unlabeled,False,0,self_learning,NC3
659,ENST00000232974,ENSP00000232974.6,unlabeled,False,0,self_learning,NC3
660,ENST00000232975,ENSP00000232975.3,unlabeled,False,0,self_learning,NC3
661,ENST00000232978,ENSP00000232978.8,test,True,0,self_learning,NC3
662,ENST00000233027,ENSP00000233027.5,test,True,0,self_learning,NC3
663,ENST00000233055,ENSP00000233055.4,test,True,0,self_learning,NC3
664,ENST00000233057,ENSP00000233057.4,unlabeled,False,0,self_learning,NC3
665,ENST00000233078,ENSP00000233078.4,train,True,0,self_learning,NC3
666,ENST00000233099,ENSP00000233099.5,test,True,0,self_learning,NC3
667,ENST00000233121,ENSP00000233121.2,train,True,0,self_learning,NC3
668,ENST00000233143,ENSP00000233143.4,train,True,0,self_learning,NC3
669,ENST00000233146,ENSP00000233146.2,test,True,0,self_learning,NC3
670,ENST00000233154,ENSP00000233154.4,train,True,0,self_learning,NC3
671,ENST00000233156,ENSP00000233156.3,unlabeled,False,0,self_learning,NC3
672,ENST00000233331,0,unlabeled,False,0,self_learning,NC3
673,ENST00000233336,ENSP00000233336.5,train,True,0,self_learning,NC3
674,ENST00000233379,ENSP00000233379.4,unlabeled,False,0,self_learning,NC3
675,ENST00000233468,ENSP00000233468.4,train,True,0,self_learning,NC3
676,ENST00000233535,ENSP00000233535.4,train,True,0,self_learning,NC3
677,ENST00000233557,0,unlabeled,False,0,self_learning,NC3
678,ENST00000233575,ENSP00000233575.2,test,True,0,self_learning,NC3
679,ENST00000233596,0,unlabeled,False,0,self_learning,NC3
680,ENST00000233615,ENSP00000233615.2,unlabeled,False,0,self_learning,NC3
681,ENST00000233623,ENSP00000233623.6,unlabeled,False,0,self_learning,NC3
682,ENST00000233627,ENSP00000233627.9,unlabeled,False,0,self_learning,NC3
683,ENST00000233630,ENSP00000233630.6,val,True,0,self_learning,NC3
684,ENST00000233638,ENSP00000233638.6,unlabeled,False,0,self_learning,NC3
685,ENST00000233710,ENSP00000233710.3,train,True,0,self_learning,NC3
686,ENST00000233741,ENSP00000233741.5,unlabeled,False,0,self_learning,NC3
687,ENST00000233809,ENSP00000233809.4,train,True,0,self_learning,NC3
688,ENST00000233813,ENSP00000233813.4,unlabeled,False,0,self_learning,NC3
689,ENST00000233838,ENSP00000233838.3,train,True,0,self_learning,NC3
690,ENST00000233893,ENSP00000233893.5,train,True,0,self_learning,NC3
691,ENST00000233948,ENSP00000233948.3,unlabeled,False,0,self_learning,NC3
692,ENST00000233969,ENSP00000233969.2,unlabeled,False,0,self_learning,NC3
693,ENST00000234038,ENSP00000234038.6,val,True,0,self_learning,NC3
694,ENST00000234091,ENSP00000234091.4,unlabeled,False,0,self_learning,NC3
695,ENST00000234111,ENSP00000234111.4,unlabeled,False,0,self_learning,NC3
696,ENST00000234115,0,unlabeled,False,0,self_learning,NC3
697,ENST00000234160,ENSP00000234160.4,train,True,0,self_learning,NC3
698,ENST00000234170,ENSP00000234170.5,train,True,0,self_learning,NC3
699,ENST00000234198,ENSP00000234198.4,unlabeled,False,0,self_learning,NC3
700,ENST00000234256,ENSP00000234256.3,train,True,0,self_learning,NC3
701,ENST00000234296,ENSP00000234296.2,test,True,0,self_learning,NC3
702,ENST00000234310,ENSP00000234310.3,unlabeled,False,0,self_learning,NC3
703,ENST00000234371,ENSP00000234371.3,unlabeled,False,0,self_learning,NC3
704,ENST00000234389,ENSP00000234389.3,unlabeled,False,0,self_learning,NC3
705,ENST00000234392,ENSP00000234392.2,unlabeled,False,0,self_learning,NC3
706,ENST00000234396,ENSP00000234396.4,unlabeled,False,0,self_learning,NC3
707,ENST00000234420,ENSP00000234420.5,unlabeled,False,0,self_learning,NC3
708,ENST00000234453,ENSP00000234453.4,train,True,0,self_learning,NC3
709,ENST00000234454,ENSP00000234454.5,train,True,0,self_learning,NC3
710,ENST00000234590,ENSP00000234590.4,train,True,0,self_learning,NC3
711,ENST00000234677,ENSP00000234677.2,unlabeled,False,0,self_learning,NC3
712,ENST00000234739,ENSP00000234739.3,val,True,0,self_learning,NC3
713,ENST00000234827,ENSP00000234827.1,unlabeled,False,0,self_learning,NC3
714,ENST00000234831,ENSP00000234831.5,train,True,0,self_learning,NC3
715,ENST00000234875,ENSP00000346088.3,train,True,0,self_learning,NC3
716,ENST00000234961,ENSP00000234961.2,unlabeled,False,0,self_learning,NC3
717,ENST00000235090,ENSP00000235090.5,val,True,0,self_learning,NC3
718,ENST00000235307,0,unlabeled,False,0,self_learning,NC3
719,ENST00000235310,ENSP00000235310.2,unlabeled,False,0,self_learning,NC3
720,ENST00000235332,ENSP00000235332.4,unlabeled,False,0,self_learning,NC3
721,ENST00000235345,ENSP00000235345.5,unlabeled,False,0,self_learning,NC3
722,ENST00000235372,ENSP00000235372.6,train,True,0,self_learning,NC3
723,ENST00000235382,ENSP00000235382.5,unlabeled,False,0,self_learning,NC3
724,ENST00000235532,ENSP00000235532.5,unlabeled,False,0,self_learning,NC3
725,ENST00000236137,ENSP00000236137.5,train,True,0,self_learning,NC3
726,ENST00000236192,ENSP00000236192.7,unlabeled,False,0,self_learning,NC3
727,ENST00000236273,ENSP00000236273.4,train,True,0,self_learning,NC3
728,ENST00000236671,ENSP00000236671.2,unlabeled,False,0,self_learning,NC3
729,ENST00000236877,ENSP00000236877.5,unlabeled,False,0,self_learning,NC3
730,ENST00000236959,ENSP00000236959.9,train,True,0,self_learning,NC3
731,ENST00000237264,ENSP00000237264.3,val,True,0,self_learning,NC3
732,ENST00000237281,0,unlabeled,False,0,self_learning,NC3
733,ENST00000237283,ENSP00000237283.8,train,True,0,self_learning,NC3
734,ENST00000237305,ENSP00000237305.7,unlabeled,False,0,self_learning,NC3
735,ENST00000237353,ENSP00000237353.10,unlabeled,False,0,self_learning,NC3
736,ENST00000237380,ENSP00000237380.6,unlabeled,False,0,self_learning,NC3
737,ENST00000237455,ENSP00000237455.4,unlabeled,False,0,self_learning,NC3
738,ENST00000237530,ENSP00000237530.6,unlabeled,False,0,self_learning,NC3
739,ENST00000237596,ENSP00000237596.2,unlabeled,False,0,self_learning,NC3
740,ENST00000237623,ENSP00000237623.7,unlabeled,False,0,self_learning,NC3
741,ENST00000237654,ENSP00000237654.4,unlabeled,False,0,self_learning,NC3
742,ENST00000237822,ENSP00000237822.3,unlabeled,False,0,self_learning,NC3
743,ENST00000237853,ENSP00000237853.4,unlabeled,False,0,self_learning,NC3
744,ENST00000238112,ENSP00000238112.3,train,True,0,self_learning,NC3
745,ENST00000238146,ENSP00000238146.3,train,True,0,self_learning,NC3
746,ENST00000238379,ENSP00000238379.5,unlabeled,False,0,self_learning,NC3
747,ENST00000238497,ENSP00000238497.4,train,True,0,self_learning,NC3
748,ENST00000238561,ENSP00000238561.5,unlabeled,False,0,self_learning,NC3
749,ENST00000238616,ENSP00000238616.5,unlabeled,False,0,self_learning,NC3
750,ENST00000238618,ENSP00000238618.3,unlabeled,False,0,self_learning,NC3
751,ENST00000238647,ENSP00000238647.3,train,True,0,self_learning,NC3
752,ENST00000238667,ENSP00000238667.4,unlabeled,False,0,self_learning,NC3
753,ENST00000238714,ENSP00000238714.3,train,True,0,self_learning,NC3
754,ENST00000238721,ENSP00000238721.4,train,True,0,self_learning,NC3
755,ENST00000238738,ENSP00000238738.4,unlabeled,False,0,self_learning,NC3
756,ENST00000238788,ENSP00000238788.9,unlabeled,False,0,self_learning,NC3
757,ENST00000238789,ENSP00000238789.5,test,True,0,self_learning,NC3
758,ENST00000238823,ENSP00000238823.8,test,True,0,self_learning,NC3
759,ENST00000238831,ENSP00000238831.3,train,True,0,self_learning,NC3
760,ENST00000238856,0,unlabeled,False,0,self_learning,NC3
761,ENST00000238875,ENSP00000238875.4,train,True,0,self_learning,NC3
762,ENST00000238892,ENSP00000238892.3,train,True,0,self_learning,NC3
763,ENST00000238936,ENSP00000238936.3,unlabeled,False,0,self_learning,NC3
764,ENST00000238961,ENSP00000238961.3,unlabeled,False,0,self_learning,NC3
765,ENST00000239007,ENSP00000239007.7,unlabeled,False,0,self_learning,NC3
766,ENST00000239144,ENSP00000239144.4,val,True,0,self_learning,NC3
767,ENST00000239165,ENSP00000239165.7,unlabeled,False,0,self_learning,NC3
768,ENST00000239223,ENSP00000239223.3,unlabeled,False,0,self_learning,NC3
769,ENST00000239231,ENSP00000239231.6,test,True,0,self_learning,NC3
770,ENST00000239243,ENSP00000239243.5,train,True,0,self_learning,NC3
771,ENST00000239367,ENSP00000239367.2,train,True,0,self_learning,NC3
772,ENST00000239440,ENSP00000239440.4,unlabeled,False,0,self_learning,NC3
773,ENST00000239444,ENSP00000239444.2,unlabeled,False,0,self_learning,NC3
774,ENST00000239450,0,unlabeled,False,0,self_learning,NC3
775,ENST00000239451,ENSP00000239451.4,unlabeled,False,0,self_learning,NC3
776,ENST00000239461,ENSP00000239461.6,unlabeled,False,0,self_learning,NC3
777,ENST00000239690,ENSP00000239690.4,train,True,0,self_learning,NC3
778,ENST00000239830,ENSP00000239830.4,train,True,0,self_learning,NC3
779,ENST00000239878,ENSP00000239878.4,train,True,0,self_learning,NC3
780,ENST00000239882,ENSP00000239882.3,unlabeled,False,0,self_learning,NC3
781,ENST00000239891,ENSP00000239891.3,train,True,0,self_learning,NC3
782,ENST00000239906,0,unlabeled,False,0,self_learning,NC3
783,ENST00000239938,ENSP00000239938.4,unlabeled,False,0,self_learning,NC3
784,ENST00000240055,ENSP00000240055.3,unlabeled,False,0,self_learning,NC3
785,ENST00000240079,ENSP00000240079.6,train,True,0,self_learning,NC3
786,ENST00000240093,ENSP00000240093.3,unlabeled,False,0,self_learning,NC3
787,ENST00000240100,ENSP00000240100.2,unlabeled,False,0,self_learning,NC3
788,ENST00000240185,ENSP00000240185.4,train,True,0,self_learning,NC3
789,ENST00000240285,ENSP00000240285.5,val,True,0,self_learning,NC3
790,ENST00000240316,ENSP00000240316.4,train,True,0,self_learning,NC3
791,ENST00000240328,ENSP00000240328.3,unlabeled,False,0,self_learning,NC3
792,ENST00000240335,ENSP00000240335.1,unlabeled,False,0,self_learning,NC3
793,ENST00000240364,0,unlabeled,False,0,self_learning,NC3
794,ENST00000240423,ENSP00000240423.4,train,True,0,self_learning,NC3
795,ENST00000240488,ENSP00000240488.3,unlabeled,False,0,self_learning,NC3
796,ENST00000240587,ENSP00000240587.4,unlabeled,False,0,self_learning,NC3
797,ENST00000240651,ENSP00000240651.9,train,True,0,self_learning,NC3
798,ENST00000240719,0,unlabeled,False,0,self_learning,NC3
799,ENST00000240727,ENSP00000240727.5,unlabeled,False,0,self_learning,NC3
800,ENST00000240731,0,unlabeled,False,0,self_learning,NC3
801,ENST00000240851,ENSP00000240851.4,unlabeled,False,0,self_learning,NC3
802,ENST00000240922,ENSP00000240922.2,train,True,0,self_learning,NC3
803,ENST00000241014,ENSP00000241014.2,unlabeled,False,0,self_learning,NC3
804,ENST00000241051,0,unlabeled,False,0,self_learning,NC3
805,ENST00000241052,ENSP00000241052.4,train,True,0,self_learning,NC3
806,ENST00000241125,ENSP00000241125.3,unlabeled,False,0,self_learning,NC3
807,ENST00000241337,ENSP00000241337.4,unlabeled,False,0,self_learning,NC3
808,ENST00000241416,ENSP00000241416.7,unlabeled,False,0,self_learning,NC3
809,ENST00000241436,0,unlabeled,False,0,self_learning,NC3
810,ENST00000241453,ENSP00000241453.7,unlabeled,False,0,self_learning,NC3
811,ENST00000241463,ENSP00000241463.5,unlabeled,False,0,self_learning,NC3
812,ENST00000241502,ENSP00000241502.3,train,True,0,self_learning,NC3
813,ENST00000241704,ENSP00000241704.7,train,True,0,self_learning,NC3
814,ENST00000242057,ENSP00000242057.4,unlabeled,False,0,self_learning,NC3
815,ENST00000242108,ENSP00000242108.4,val,True,0,self_learning,NC3
816,ENST00000242159,ENSP00000242159.3,unlabeled,False,0,self_learning,NC3
817,ENST00000242208,ENSP00000242208.4,unlabeled,False,0,self_learning,NC3
818,ENST00000242209,ENSP00000242209.4,train,True,0,self_learning,NC3
819,ENST00000242248,ENSP00000242248.5,unlabeled,False,0,self_learning,NC3
820,ENST00000242257,ENSP00000242257.8,unlabeled,False,0,self_learning,NC3
821,ENST00000242261,ENSP00000242261.5,unlabeled,False,0,self_learning,NC3
822,ENST00000242317,ENSP00000242317.4,unlabeled,False,0,self_learning,NC3
823,ENST00000242351,ENSP00000242351.5,train,True,0,self_learning,NC3
824,ENST00000242480,ENSP00000242480.3,unlabeled,False,0,self_learning,NC3
825,ENST00000242505,0,unlabeled,False,0,self_learning,NC3
826,ENST00000242576,ENSP00000242576.3,train,True,0,self_learning,NC3
827,ENST00000242591,ENSP00000242591.5,train,True,0,self_learning,NC3
828,ENST00000242592,ENSP00000242592.4,train,True,0,self_learning,NC3
829,ENST00000242719,ENSP00000242719.3,train,True,0,self_learning,NC3
830,ENST00000242728,ENSP00000242728.4,unlabeled,False,0,self_learning,NC3
831,ENST00000242776,ENSP00000242776.3,test,True,0,self_learning,NC3
832,ENST00000242784,ENSP00000242784.3,train,True,0,self_learning,NC3
833,ENST00000242786,ENSP00000242786.4,val,True,0,self_learning,NC3
834,ENST00000242804,0,unlabeled,False,0,self_learning,NC3
835,ENST00000242827,ENSP00000242827.6,unlabeled,False,0,self_learning,NC3
836,ENST00000242839,ENSP00000242839.5,train,True,0,self_learning,NC3
837,ENST00000243045,ENSP00000243045.5,unlabeled,False,0,self_learning,NC3
838,ENST00000243050,ENSP00000243050.1,unlabeled,False,0,self_learning,NC3
839,ENST00000243052,ENSP00000243052.3,unlabeled,False,0,self_learning,NC3
840,ENST00000243056,ENSP00000243056.3,unlabeled,False,0,self_learning,NC3
841,ENST00000243077,ENSP00000243077.3,val,True,0,self_learning,NC3
842,ENST00000243103,ENSP00000243103.3,unlabeled,False,0,self_learning,NC3
843,ENST00000243108,ENSP00000243108.4,unlabeled,False,0,self_learning,NC3
844,ENST00000243167,ENSP00000243167.8,unlabeled,False,0,self_learning,NC3
845,ENST00000243189,ENSP00000243189.7,unlabeled,False,0,self_learning,NC3
846,ENST00000243253,ENSP00000243253.3,unlabeled,False,0,self_learning,NC3
847,ENST00000243298,ENSP00000243298.2,unlabeled,False,0,self_learning,NC3
848,ENST00000243326,ENSP00000243326.4,val,True,0,self_learning,NC3
849,ENST00000243344,ENSP00000243344.7,unlabeled,False,0,self_learning,NC3
850,ENST00000243346,ENSP00000243346.5,unlabeled,False,0,self_learning,NC3
851,ENST00000243349,ENSP00000243349.7,unlabeled,False,0,self_learning,NC3
852,ENST00000243389,ENSP00000243389.3,unlabeled,False,0,self_learning,NC3
853,ENST00000243440,ENSP00000243440.1,unlabeled,False,0,self_learning,NC3
854,ENST00000243498,ENSP00000243498.5,unlabeled,False,0,self_learning,NC3
855,ENST00000243501,ENSP00000243501.5,unlabeled,False,0,self_learning,NC3
856,ENST00000243563,ENSP00000243563.2,train,True,0,self_learning,NC3
857,ENST00000243578,ENSP00000243578.2,unlabeled,False,0,self_learning,NC3
858,ENST00000243644,ENSP00000243644.3,unlabeled,False,0,self_learning,NC3
859,ENST00000243662,ENSP00000243662.5,unlabeled,False,0,self_learning,NC3
860,ENST00000243706,ENSP00000243706.4,val,True,0,self_learning,NC3
861,ENST00000243776,ENSP00000243776.6,unlabeled,False,0,self_learning,NC3
862,ENST00000243786,ENSP00000243786.2,unlabeled,False,0,self_learning,NC3
863,ENST00000243878,0,unlabeled,False,0,self_learning,NC3
864,ENST00000243903,ENSP00000243903.4,train,True,0,self_learning,NC3
865,ENST00000243918,ENSP00000243918.5,unlabeled,False,0,self_learning,NC3
866,ENST00000243964,ENSP00000243964.4,unlabeled,False,0,self_learning,NC3
867,ENST00000243997,ENSP00000243997.3,unlabeled,False,0,self_learning,NC3
868,ENST00000244007,ENSP00000244007.3,train,True,0,self_learning,NC3
869,ENST00000244020,ENSP00000244020.3,unlabeled,False,0,self_learning,NC3
870,ENST00000244040,ENSP00000244040.3,test,True,0,self_learning,NC3
871,ENST00000244050,ENSP00000244050.2,unlabeled,False,0,self_learning,NC3
872,ENST00000244051,ENSP00000244051.1,train,True,0,self_learning,NC3
873,ENST00000244061,ENSP00000244061.2,train,True,0,self_learning,NC3
874,ENST00000244137,ENSP00000244137.5,unlabeled,False,0,self_learning,NC3
875,ENST00000244204,ENSP00000244204.5,unlabeled,False,0,self_learning,NC3
876,ENST00000244217,ENSP00000244217.5,train,True,0,self_learning,NC3
877,ENST00000244221,ENSP00000244221.8,train,True,0,self_learning,NC3
878,ENST00000244227,ENSP00000244227.3,unlabeled,False,0,self_learning,NC3
879,ENST00000244230,ENSP00000244230.2,train,True,0,self_learning,NC3
880,ENST00000244289,ENSP00000244289.3,unlabeled,False,0,self_learning,NC3
881,ENST00000244333,ENSP00000244333.2,unlabeled,False,0,self_learning,NC3
882,ENST00000244496,ENSP00000244496.5,train,True,0,self_learning,NC3
883,ENST00000244519,ENSP00000244519.2,unlabeled,False,0,self_learning,NC3
884,ENST00000244520,ENSP00000244520.5,unlabeled,False,0,self_learning,NC3
885,ENST00000244533,ENSP00000244533.3,unlabeled,False,0,self_learning,NC3
886,ENST00000244534,ENSP00000244534.6,train,True,0,self_learning,NC3
887,ENST00000244565,ENSP00000244565.3,unlabeled,False,0,self_learning,NC3
888,ENST00000244571,ENSP00000244571.4,train,True,0,self_learning,NC3
889,ENST00000244623,0,unlabeled,False,0,self_learning,NC3
890,ENST00000244728,ENSP00000244728.5,unlabeled,False,0,self_learning,NC3
891,ENST00000244745,ENSP00000244745.1,unlabeled,False,0,self_learning,NC3
892,ENST00000244763,ENSP00000244763.4,unlabeled,False,0,self_learning,NC3
893,ENST00000244766,ENSP00000244766.2,unlabeled,False,0,self_learning,NC3
894,ENST00000244769,ENSP00000244769.3,unlabeled,False,0,self_learning,NC3
895,ENST00000244815,ENSP00000244815.5,unlabeled,False,0,self_learning,NC3
896,ENST00000245185,ENSP00000245185.5,unlabeled,False,0,self_learning,NC3
897,ENST00000245206,ENSP00000245206.5,train,True,0,self_learning,NC3
898,ENST00000245304,ENSP00000245304.3,train,True,0,self_learning,NC3
899,ENST00000245407,ENSP00000245407.3,unlabeled,False,0,self_learning,NC3
900,ENST00000245414,ENSP00000245414.4,unlabeled,False,0,self_learning,NC3
901,ENST00000245451,ENSP00000245451.4,unlabeled,False,0,self_learning,NC3
902,ENST00000245479,ENSP00000245479.2,train,True,0,self_learning,NC3
903,ENST00000245539,ENSP00000245539.6,unlabeled,False,0,self_learning,NC3
904,ENST00000245543,ENSP00000245543.1,unlabeled,False,0,self_learning,NC3
905,ENST00000245544,ENSP00000245544.4,val,True,0,self_learning,NC3
906,ENST00000245552,ENSP00000245552.2,val,True,0,self_learning,NC3
907,ENST00000245564,ENSP00000245564.3,train,True,0,self_learning,NC3
908,ENST00000245680,ENSP00000245680.2,unlabeled,False,0,self_learning,NC3
909,ENST00000245787,ENSP00000245787.4,train,True,0,self_learning,NC3
910,ENST00000245796,ENSP00000245796.6,unlabeled,False,0,self_learning,NC3
911,ENST00000245812,ENSP00000245812.2,test,True,0,self_learning,NC3
912,ENST00000245816,ENSP00000245816.3,train,True,0,self_learning,NC3
913,ENST00000245817,ENSP00000245817.2,unlabeled,False,0,self_learning,NC3
914,ENST00000245838,ENSP00000245838.8,unlabeled,False,0,self_learning,NC3
915,ENST00000245903,ENSP00000245903.2,unlabeled,False,0,self_learning,NC3
916,ENST00000245907,ENSP00000245907.4,train,True,0,self_learning,NC3
917,ENST00000245908,ENSP00000245908.5,unlabeled,False,0,self_learning,NC3
918,ENST00000245925,ENSP00000245925.3,unlabeled,False,0,self_learning,NC3
919,ENST00000245932,ENSP00000245932.5,val,True,0,self_learning,NC3
920,ENST00000245934,ENSP00000245934.7,train,True,0,self_learning,NC3
921,ENST00000245957,0,unlabeled,False,0,self_learning,NC3
922,ENST00000246006,ENSP00000246006.4,unlabeled,False,0,self_learning,NC3
923,ENST00000246024,ENSP00000246024.2,train,True,0,self_learning,NC3
924,ENST00000246069,ENSP00000246069.6,val,True,0,self_learning,NC3
925,ENST00000246071,ENSP00000246071.6,train,True,0,self_learning,NC3
926,ENST00000246117,ENSP00000246117.3,val,True,0,self_learning,NC3
927,ENST00000246139,ENSP00000246139.5,unlabeled,False,0,self_learning,NC3
928,ENST00000246151,ENSP00000246151.4,train,True,0,self_learning,NC3
929,ENST00000246166,ENSP00000246166.2,unlabeled,False,0,self_learning,NC3
930,ENST00000246194,ENSP00000246194.3,train,True,0,self_learning,NC3
931,ENST00000246229,ENSP00000246229.4,unlabeled,False,0,self_learning,NC3
932,ENST00000246337,ENSP00000246337.4,train,True,0,self_learning,NC3
933,ENST00000246529,ENSP00000246529.3,unlabeled,False,0,self_learning,NC3
934,ENST00000246532,ENSP00000246532.1,unlabeled,False,0,self_learning,NC3
935,ENST00000246535,ENSP00000246535.1,train,True,0,self_learning,NC3
936,ENST00000246548,ENSP00000246548.3,train,True,0,self_learning,NC3
937,ENST00000246635,ENSP00000246635.3,unlabeled,False,0,self_learning,NC3
938,ENST00000246672,ENSP00000246672.3,unlabeled,False,0,self_learning,NC3
939,ENST00000246747,ENSP00000246747.4,train,True,0,self_learning,NC3
940,ENST00000246792,ENSP00000246792.2,unlabeled,False,0,self_learning,NC3
941,ENST00000246794,ENSP00000246794.4,unlabeled,False,0,self_learning,NC3
942,ENST00000246801,ENSP00000246801.2,unlabeled,False,0,self_learning,NC3
943,ENST00000246802,ENSP00000246802.4,train,True,0,self_learning,NC3
944,ENST00000246841,0,unlabeled,False,0,self_learning,NC3
945,ENST00000246868,ENSP00000246868.2,test,True,0,self_learning,NC3
946,ENST00000246912,ENSP00000246912.3,train,True,0,self_learning,NC3
947,ENST00000246914,ENSP00000246914.4,unlabeled,False,0,self_learning,NC3
948,ENST00000246957,ENSP00000246957.5,train,True,0,self_learning,NC3
949,ENST00000247001,ENSP00000247001.3,train,True,0,self_learning,NC3
950,ENST00000247003,ENSP00000247003.3,val,True,0,self_learning,NC3
951,ENST00000247005,ENSP00000247005.5,unlabeled,False,0,self_learning,NC3
952,ENST00000247020,ENSP00000247020.3,train,True,0,self_learning,NC3
953,ENST00000247026,ENSP00000247026.5,train,True,0,self_learning,NC3
954,ENST00000247138,ENSP00000247138.5,unlabeled,False,0,self_learning,NC3
955,ENST00000247153,ENSP00000247153.3,unlabeled,False,0,self_learning,NC3
956,ENST00000247178,ENSP00000247178.5,unlabeled,False,0,self_learning,NC3
957,ENST00000247191,ENSP00000247191.2,train,True,0,self_learning,NC3
958,ENST00000247194,ENSP00000247194.4,train,True,0,self_learning,NC3
959,ENST00000247226,ENSP00000247226.8,unlabeled,False,0,self_learning,NC3
960,ENST00000247291,0,unlabeled,False,0,self_learning,NC3
961,ENST00000247461,ENSP00000247461.4,unlabeled,False,0,self_learning,NC3
962,ENST00000247665,ENSP00000247665.10,train,True,0,self_learning,NC3
963,ENST00000247668,ENSP00000247668.2,train,True,0,self_learning,NC3
964,ENST00000247706,ENSP00000247706.2,unlabeled,False,0,self_learning,NC3
965,ENST00000247815,ENSP00000247815.5,unlabeled,False,0,self_learning,NC3
966,ENST00000247843,ENSP00000247843.2,train,True,0,self_learning,NC3
967,ENST00000247879,ENSP00000247879.2,unlabeled,False,0,self_learning,NC3
968,ENST00000247881,0,unlabeled,False,0,self_learning,NC3
969,ENST00000247883,0,unlabeled,False,0,self_learning,NC3
970,ENST00000247930,ENSP00000247930.4,unlabeled,False,0,self_learning,NC3
971,ENST00000247933,ENSP00000247933.4,unlabeled,False,0,self_learning,NC3
972,ENST00000247956,0,unlabeled,False,0,self_learning,NC3
973,ENST00000247970,ENSP00000247970.5,train,True,0,self_learning,NC3
974,ENST00000247977,ENSP00000247977.3,train,True,0,self_learning,NC3
975,ENST00000247986,ENSP00000247986.2,unlabeled,False,0,self_learning,NC3
976,ENST00000248071,ENSP00000248071.5,unlabeled,False,0,self_learning,NC3
977,ENST00000248098,ENSP00000248098.3,unlabeled,False,0,self_learning,NC3
978,ENST00000248114,ENSP00000248114.6,train,True,0,self_learning,NC3
979,ENST00000248121,ENSP00000248121.2,unlabeled,False,0,self_learning,NC3
980,ENST00000248139,ENSP00000248139.3,unlabeled,False,0,self_learning,NC3
981,ENST00000248211,ENSP00000248211.6,unlabeled,False,0,self_learning,NC3
982,ENST00000248248,ENSP00000248248.3,train,True,0,self_learning,NC3
983,ENST00000248306,0,unlabeled,False,0,self_learning,NC3
984,ENST00000248437,ENSP00000248437.4,train,True,0,self_learning,NC3
985,ENST00000248553,ENSP00000248553.6,train,True,0,self_learning,NC3
986,ENST00000248564,ENSP00000248564.4,unlabeled,False,0,self_learning,NC3
987,ENST00000248572,ENSP00000248572.5,unlabeled,False,0,self_learning,NC3
988,ENST00000248594,ENSP00000248594.6,val,True,0,self_learning,NC3
989,ENST00000248600,ENSP00000248600.1,unlabeled,False,0,self_learning,NC3
990,ENST00000248633,ENSP00000248633.4,train,True,0,self_learning,NC3
991,ENST00000248701,0,unlabeled,False,0,self_learning,NC3
992,ENST00000248706,ENSP00000248706.3,unlabeled,False,0,self_learning,NC3
993,ENST00000248846,ENSP00000248846.5,train,True,0,self_learning,NC3
994,ENST00000248879,ENSP00000248879.2,unlabeled,False,0,self_learning,NC3
995,ENST00000248929,ENSP00000248929.8,unlabeled,False,0,self_learning,NC3
996,ENST00000248958,ENSP00000248958.4,train,True,0,self_learning,NC3
997,ENST00000248975,ENSP00000248975.5,train,True,0,self_learning,NC3
998,ENST00000249014,ENSP00000249014.4,train,True,0,self_learning,NC3
999,ENST00000249041,ENSP00000249041.2,unlabeled,False,0,self_learning,NC3
1000,ENST00000249064,ENSP00000249064.4,train,True,0,self_learning,NC3
1001,ENST00000249066,ENSP00000249066.6,unlabeled,False,0,self_learning,NC3
1002,ENST00000249269,ENSP00000249269.4,val,True,0,self_learning,NC3
1003,ENST00000249289,0,unlabeled,False,0,self_learning,NC3
1004,ENST00000249299,ENSP00000249299.2,val,True,0,self_learning,NC3
1005,ENST00000249330,ENSP00000249330.2,unlabeled,False,0,self_learning,NC3
1006,ENST00000249344,ENSP00000249344.2,unlabeled,False,0,self_learning,NC3
1007,ENST00000249356,ENSP00000249356.3,train,True,0,self_learning,NC3
1008,ENST00000249363,ENSP00000249363.3,unlabeled,False,0,self_learning,NC3
1009,ENST00000249373,ENSP00000249373.3,unlabeled,False,0,self_learning,NC3
1010,ENST00000249442,ENSP00000249442.6,unlabeled,False,0,self_learning,NC3
1011,ENST00000249499,ENSP00000249499.6,unlabeled,False,0,self_learning,NC3
1012,ENST00000249501,ENSP00000249501.4,unlabeled,False,0,self_learning,NC3
1013,ENST00000249504,ENSP00000249504.5,train,True,0,self_learning,NC3
1014,ENST00000249647,ENSP00000249647.3,train,True,0,self_learning,NC3
1015,ENST00000249700,ENSP00000249700.4,train,True,0,self_learning,NC3
1016,ENST00000249749,ENSP00000249749.5,unlabeled,False,0,self_learning,NC3
1017,ENST00000249750,ENSP00000249750.4,train,True,0,self_learning,NC3
1018,ENST00000249806,ENSP00000249806.5,unlabeled,False,0,self_learning,NC3
1019,ENST00000249837,ENSP00000249837.3,unlabeled,False,0,self_learning,NC3
1020,ENST00000249861,ENSP00000249861.4,unlabeled,False,0,self_learning,NC3
1021,ENST00000249910,ENSP00000249910.1,train,True,0,self_learning,NC3
1022,ENST00000249923,ENSP00000249923.3,unlabeled,False,0,self_learning,NC3
1023,ENST00000250003,ENSP00000250003.3,unlabeled,False,0,self_learning,NC3
1024,ENST00000250018,ENSP00000250018.2,unlabeled,False,0,self_learning,NC3
1025,ENST00000250024,ENSP00000250024.4,unlabeled,False,0,self_learning,NC3
1026,ENST00000250092,ENSP00000250092.6,unlabeled,False,0,self_learning,NC3
1027,ENST00000250101,ENSP00000250101.5,train,True,0,self_learning,NC3
1028,ENST00000250111,ENSP00000250111.4,unlabeled,False,0,self_learning,NC3
1029,ENST00000250113,ENSP00000250113.7,unlabeled,False,0,self_learning,NC3
1030,ENST00000250124,ENSP00000250124.6,unlabeled,False,0,self_learning,NC3
1031,ENST00000250237,ENSP00000250237.4,val,True,0,self_learning,NC3
1032,ENST00000250263,ENSP00000250263.7,unlabeled,False,0,self_learning,NC3
1033,ENST00000250340,ENSP00000250340.3,unlabeled,False,0,self_learning,NC3
1034,ENST00000250383,ENSP00000250383.7,unlabeled,False,0,self_learning,NC3
1035,ENST00000250405,ENSP00000250405.6,unlabeled,False,0,self_learning,NC3
1036,ENST00000250416,ENSP00000250416.5,test,True,0,self_learning,NC3
1037,ENST00000250448,ENSP00000250448.3,unlabeled,False,0,self_learning,NC3
1038,ENST00000250454,ENSP00000250454.3,train,True,0,self_learning,NC3
1039,ENST00000250457,ENSP00000250457.4,unlabeled,False,0,self_learning,NC3
1040,ENST00000250498,ENSP00000250498.4,train,True,0,self_learning,NC3
1041,ENST00000250535,ENSP00000250535.4,unlabeled,False,0,self_learning,NC3
1042,ENST00000250559,ENSP00000250559.9,unlabeled,False,0,self_learning,NC3
1043,ENST00000250617,ENSP00000250617.6,train,True,0,self_learning,NC3
1044,ENST00000250693,ENSP00000250693.1,unlabeled,False,0,self_learning,NC3
1045,ENST00000250699,ENSP00000250699.2,unlabeled,False,0,self_learning,NC3
1046,ENST00000250784,0,unlabeled,False,0,self_learning,NC3
1047,ENST00000250894,ENSP00000250894.4,unlabeled,False,0,self_learning,NC3
1048,ENST00000250916,ENSP00000250916.3,val,True,0,self_learning,NC3
1049,ENST00000251020,ENSP00000251020.4,unlabeled,False,0,self_learning,NC3
1050,ENST00000251038,ENSP00000251038.5,test,True,0,self_learning,NC3
1051,ENST00000251047,ENSP00000251047.4,train,True,0,self_learning,NC3
1052,ENST00000251076,ENSP00000251076.5,unlabeled,False,0,self_learning,NC3
1053,ENST00000251089,ENSP00000251089.3,train,True,0,self_learning,NC3
1054,ENST00000251108,ENSP00000251108.6,unlabeled,False,0,self_learning,NC3
1055,ENST00000251127,ENSP00000251127.6,unlabeled,False,0,self_learning,NC3
1056,ENST00000251143,0,unlabeled,False,0,self_learning,NC3
1057,ENST00000251170,ENSP00000251170.6,unlabeled,False,0,self_learning,NC3
1058,ENST00000251203,ENSP00000251203.5,unlabeled,False,0,self_learning,NC3
1059,ENST00000251241,ENSP00000251241.4,test,True,0,self_learning,NC3
1060,ENST00000251250,0,unlabeled,False,0,self_learning,NC3
1061,ENST00000251269,0,unlabeled,False,0,self_learning,NC3
1062,ENST00000251287,ENSP00000251287.1,unlabeled,False,0,self_learning,NC3
1063,ENST00000251296,ENSP00000251296.1,unlabeled,False,0,self_learning,NC3
1064,ENST00000251363,ENSP00000251363.5,unlabeled,False,0,self_learning,NC3
1065,ENST00000251412,ENSP00000251412.6,unlabeled,False,0,self_learning,NC3
1066,ENST00000251413,ENSP00000251413.2,unlabeled,False,0,self_learning,NC3
1067,ENST00000251453,ENSP00000251453.2,train,True,0,self_learning,NC3
1068,ENST00000251472,ENSP00000251472.3,unlabeled,False,0,self_learning,NC3
1069,ENST00000251473,ENSP00000251473.4,unlabeled,False,0,self_learning,NC3
1070,ENST00000251481,ENSP00000251481.6,unlabeled,False,0,self_learning,NC3
1071,ENST00000251496,ENSP00000251496.2,val,True,0,self_learning,NC3
1072,ENST00000251507,ENSP00000251507.4,unlabeled,False,0,self_learning,NC3
1073,ENST00000251535,ENSP00000251535.6,unlabeled,False,0,self_learning,NC3
1074,ENST00000251582,ENSP00000251582.7,unlabeled,False,0,self_learning,NC3
1075,ENST00000251588,ENSP00000251588.2,train,True,0,self_learning,NC3
1076,ENST00000251607,ENSP00000251607.6,unlabeled,False,0,self_learning,NC3
1077,ENST00000251636,ENSP00000251636.5,test,True,0,self_learning,NC3
1078,ENST00000251642,ENSP00000251642.3,unlabeled,False,0,self_learning,NC3
1079,ENST00000251654,ENSP00000251654.4,unlabeled,False,0,self_learning,NC3
1080,ENST00000251691,ENSP00000251691.4,unlabeled,False,0,self_learning,NC3
1081,ENST00000251775,ENSP00000251775.4,train,True,0,self_learning,NC3
1082,ENST00000251809,ENSP00000251809.3,val,True,0,self_learning,NC3
1083,ENST00000251810,ENSP00000251810.3,unlabeled,False,0,self_learning,NC3
1084,ENST00000251822,ENSP00000251822.7,unlabeled,False,0,self_learning,NC3
1085,ENST00000251871,ENSP00000251871.3,train,True,0,self_learning,NC3
1086,ENST00000251900,ENSP00000251900.4,train,True,0,self_learning,NC3
1087,ENST00000251968,ENSP00000251968.3,train,True,0,self_learning,NC3
1088,ENST00000252011,ENSP00000252011.3,train,True,0,self_learning,NC3
1089,ENST00000252015,ENSP00000252015.2,unlabeled,False,0,self_learning,NC3
1090,ENST00000252050,ENSP00000252050.4,unlabeled,False,0,self_learning,NC3
1091,ENST00000252085,0,unlabeled,False,0,self_learning,NC3
1092,ENST00000252087,ENSP00000252087.2,unlabeled,False,0,self_learning,NC3
1093,ENST00000252102,ENSP00000252102.5,test,True,0,self_learning,NC3
1094,ENST00000252108,ENSP00000252108.4,unlabeled,False,0,self_learning,NC3
1095,ENST00000252115,ENSP00000252115.5,unlabeled,False,0,self_learning,NC3
1096,ENST00000252137,ENSP00000252137.6,test,True,0,self_learning,NC3
1097,ENST00000252244,ENSP00000252244.3,train,True,0,self_learning,NC3
1098,ENST00000252288,ENSP00000252288.1,train,True,0,self_learning,NC3
1099,ENST00000252318,ENSP00000252318.2,unlabeled,False,0,self_learning,NC3
1100,ENST00000252338,ENSP00000252338.5,unlabeled,False,0,self_learning,NC3
1101,ENST00000252485,ENSP00000252485.3,train,True,0,self_learning,NC3
1102,ENST00000252486,ENSP00000252486.3,train,True,0,self_learning,NC3
1103,ENST00000252506,ENSP00000252506.6,train,True,0,self_learning,NC3
1104,ENST00000252512,ENSP00000252512.9,train,True,0,self_learning,NC3
1105,ENST00000252542,ENSP00000252542.3,val,True,0,self_learning,NC3
1106,ENST00000252575,ENSP00000252575.4,unlabeled,False,0,self_learning,NC3
1107,ENST00000252595,ENSP00000252595.6,unlabeled,False,0,self_learning,NC3
1108,ENST00000252599,ENSP00000252599.3,val,True,0,self_learning,NC3
1109,ENST00000252603,ENSP00000252603.1,val,True,0,self_learning,NC3
1110,ENST00000252622,ENSP00000252622.8,val,True,0,self_learning,NC3
1111,ENST00000252674,ENSP00000252674.6,train,True,0,self_learning,NC3
1112,ENST00000252711,ENSP00000252711.2,unlabeled,False,0,self_learning,NC3
1113,ENST00000252744,ENSP00000252744.5,unlabeled,False,0,self_learning,NC3
1114,ENST00000252797,ENSP00000252797.2,unlabeled,False,0,self_learning,NC3
1115,ENST00000252804,ENSP00000252804.4,test,True,0,self_learning,NC3
1116,ENST00000252818,ENSP00000252818.3,train,True,0,self_learning,NC3
1117,ENST00000252826,ENSP00000252826.4,unlabeled,False,0,self_learning,NC3
1118,ENST00000252840,0,unlabeled,False,0,self_learning,NC3
1119,ENST00000252891,ENSP00000252891.3,train,True,0,self_learning,NC3
1120,ENST00000252934,ENSP00000252934.4,train,True,0,self_learning,NC3
1121,ENST00000252939,ENSP00000252939.4,unlabeled,False,0,self_learning,NC3
1122,ENST00000252971,ENSP00000252971.5,val,True,0,self_learning,NC3
1123,ENST00000252979,0,unlabeled,False,0,self_learning,NC3
1124,ENST00000252992,ENSP00000252992.4,train,True,0,self_learning,NC3
1125,ENST00000252997,ENSP00000252997.2,unlabeled,False,0,self_learning,NC3
1126,ENST00000252999,ENSP00000252999.3,val,True,0,self_learning,NC3
1127,ENST00000253008,ENSP00000253008.2,unlabeled,False,0,self_learning,NC3
1128,ENST00000253023,ENSP00000253023.2,train,True,0,self_learning,NC3
1129,ENST00000253024,ENSP00000253024.4,train,True,0,self_learning,NC3
1130,ENST00000253031,ENSP00000253031.1,unlabeled,False,0,self_learning,NC3
1131,ENST00000253039,ENSP00000253039.4,train,True,0,self_learning,NC3
1132,ENST00000253047,ENSP00000253047.5,train,True,0,self_learning,NC3
1133,ENST00000253048,ENSP00000253048.4,test,True,0,self_learning,NC3
1134,ENST00000253055,ENSP00000253055.2,unlabeled,False,0,self_learning,NC3
1135,ENST00000253083,ENSP00000253083.4,train,True,0,self_learning,NC3
1136,ENST00000253107,ENSP00000253107.7,train,True,0,self_learning,NC3
1137,ENST00000253108,ENSP00000253108.3,test,True,0,self_learning,NC3
1138,ENST00000253115,ENSP00000253115.1,unlabeled,False,0,self_learning,NC3
1139,ENST00000253122,ENSP00000253122.5,unlabeled,False,0,self_learning,NC3
1140,ENST00000253144,ENSP00000253144.9,unlabeled,False,0,self_learning,NC3
1141,ENST00000253159,ENSP00000253159.8,unlabeled,False,0,self_learning,NC3
1142,ENST00000253193,ENSP00000253193.6,unlabeled,False,0,self_learning,NC3
1143,ENST00000253237,ENSP00000253237.4,test,True,0,self_learning,NC3
1144,ENST00000253247,ENSP00000253247.4,test,True,0,self_learning,NC3
1145,ENST00000253251,ENSP00000253251.8,unlabeled,False,0,self_learning,NC3
1146,ENST00000253255,0,unlabeled,False,0,self_learning,NC3
1147,ENST00000253270,ENSP00000253270.7,unlabeled,False,0,self_learning,NC3
1148,ENST00000253329,ENSP00000253329.2,test,True,0,self_learning,NC3
1149,ENST00000253363,ENSP00000253363.6,train,True,0,self_learning,NC3
1150,ENST00000253401,ENSP00000253401.6,unlabeled,False,0,self_learning,NC3
1151,ENST00000253407,ENSP00000253407.2,unlabeled,False,0,self_learning,NC3
1152,ENST00000253413,ENSP00000253413.5,train,True,0,self_learning,NC3
1153,ENST00000253457,ENSP00000253457.3,train,True,0,self_learning,NC3
1154,ENST00000253458,ENSP00000253458.6,train,True,0,self_learning,NC3
1155,ENST00000253462,ENSP00000253462.3,train,True,0,self_learning,NC3
1156,ENST00000253506,ENSP00000253506.5,unlabeled,False,0,self_learning,NC3
1157,ENST00000253577,ENSP00000253577.3,unlabeled,False,0,self_learning,NC3
1158,ENST00000253669,ENSP00000253669.4,train,True,0,self_learning,NC3
1159,ENST00000253686,ENSP00000253686.2,unlabeled,False,0,self_learning,NC3
1160,ENST00000253692,ENSP00000253692.6,unlabeled,False,0,self_learning,NC3
1161,ENST00000253693,ENSP00000253693.2,train,True,0,self_learning,NC3
1162,ENST00000253697,ENSP00000253697.3,unlabeled,False,0,self_learning,NC3
1163,ENST00000253699,ENSP00000253699.3,unlabeled,False,0,self_learning,NC3
1164,ENST00000253719,ENSP00000253719.1,unlabeled,False,0,self_learning,NC3
1165,ENST00000253754,ENSP00000253754.3,train,True,0,self_learning,NC3
1166,ENST00000253778,ENSP00000253778.8,train,True,0,self_learning,NC3
1167,ENST00000253794,ENSP00000253794.1,train,True,0,self_learning,NC3
1168,ENST00000253796,ENSP00000253796.3,unlabeled,False,0,self_learning,NC3
1169,ENST00000253799,ENSP00000253799.2,unlabeled,False,0,self_learning,NC3
1170,ENST00000253812,0,unlabeled,False,0,self_learning,NC3
1171,ENST00000253814,ENSP00000253814.3,train,True,0,self_learning,NC3
1172,ENST00000253861,ENSP00000253861.4,test,True,0,self_learning,NC3
1173,ENST00000253968,ENSP00000253968.5,unlabeled,False,0,self_learning,NC3
1174,ENST00000254029,ENSP00000254029.3,train,True,0,self_learning,NC3
1175,ENST00000254037,ENSP00000254037.2,unlabeled,False,0,self_learning,NC3
1176,ENST00000254066,ENSP00000254066.5,unlabeled,False,0,self_learning,NC3
1177,ENST00000254090,ENSP00000254090.4,unlabeled,False,0,self_learning,NC3
1178,ENST00000254101,ENSP00000254101.3,train,True,0,self_learning,NC3
1179,ENST00000254108,ENSP00000254108.8,unlabeled,False,0,self_learning,NC3
1180,ENST00000254190,ENSP00000254190.3,unlabeled,False,0,self_learning,NC3
1181,ENST00000254193,ENSP00000254193.6,test,True,0,self_learning,NC3
1182,ENST00000254250,ENSP00000254250.3,unlabeled,False,0,self_learning,NC3
1183,ENST00000254260,ENSP00000254260.2,unlabeled,False,0,self_learning,NC3
1184,ENST00000254286,ENSP00000254286.4,train,True,0,self_learning,NC3
1185,ENST00000254301,ENSP00000254301.9,test,True,0,self_learning,NC3
1186,ENST00000254321,0,unlabeled,False,0,self_learning,NC3
1187,ENST00000254322,ENSP00000254322.1,test,True,0,self_learning,NC3
1188,ENST00000254436,ENSP00000254436.7,val,True,0,self_learning,NC3
1189,ENST00000254480,ENSP00000254480.5,train,True,0,self_learning,NC3
1190,ENST00000254488,ENSP00000254488.2,unlabeled,False,0,self_learning,NC3
1191,ENST00000254508,ENSP00000254508.5,train,True,0,self_learning,NC3
1192,ENST00000254528,ENSP00000254528.3,unlabeled,False,0,self_learning,NC3
1193,ENST00000254579,ENSP00000254579.6,unlabeled,False,0,self_learning,NC3
1194,ENST00000254584,ENSP00000254584.2,unlabeled,False,0,self_learning,NC3
1195,ENST00000254605,ENSP00000254605.6,train,True,0,self_learning,NC3
1196,ENST00000254616,ENSP00000254616.6,unlabeled,False,0,self_learning,NC3
1197,ENST00000254624,ENSP00000254624.5,unlabeled,False,0,self_learning,NC3
1198,ENST00000254630,ENSP00000254630.7,train,True,0,self_learning,NC3
1199,ENST00000254654,ENSP00000254654.3,val,True,0,self_learning,NC3
1200,ENST00000254657,ENSP00000254657.3,unlabeled,False,0,self_learning,NC3
1201,ENST00000254661,ENSP00000254661.4,unlabeled,False,0,self_learning,NC3
1202,ENST00000254691,ENSP00000254691.5,unlabeled,False,0,self_learning,NC3
1203,ENST00000254719,ENSP00000254719.4,test,True,0,self_learning,NC3
1204,ENST00000254722,ENSP00000254722.4,test,True,0,self_learning,NC3
1205,ENST00000254759,ENSP00000254759.3,train,True,0,self_learning,NC3
1206,ENST00000254765,ENSP00000254765.3,unlabeled,False,0,self_learning,NC3
1207,ENST00000254799,ENSP00000254799.6,val,True,0,self_learning,NC3
1208,ENST00000254803,ENSP00000254803.2,test,True,0,self_learning,NC3
1209,ENST00000254810,ENSP00000254810.3,unlabeled,False,0,self_learning,NC3
1210,ENST00000254816,ENSP00000254816.1,train,True,0,self_learning,NC3
1211,ENST00000254846,ENSP00000254846.5,unlabeled,False,0,self_learning,NC3
1212,ENST00000254854,ENSP00000254854.4,unlabeled,False,0,self_learning,NC3
1213,ENST00000254878,ENSP00000254878.3,val,True,0,self_learning,NC3
1214,ENST00000254898,ENSP00000254898.6,unlabeled,False,0,self_learning,NC3
1215,ENST00000254901,ENSP00000254901.5,unlabeled,False,0,self_learning,NC3
1216,ENST00000254928,ENSP00000254928.5,test,True,0,self_learning,NC3
1217,ENST00000254940,ENSP00000254940.5,train,True,0,self_learning,NC3
1218,ENST00000254942,ENSP00000254942.3,test,True,0,self_learning,NC3
1219,ENST00000254950,ENSP00000254950.11,train,True,0,self_learning,NC3
1220,ENST00000254958,ENSP00000254958.4,unlabeled,False,0,self_learning,NC3
1221,ENST00000254976,ENSP00000254976.3,unlabeled,False,0,self_learning,NC3
1222,ENST00000254998,ENSP00000254998.2,test,True,0,self_learning,NC3
1223,ENST00000255039,ENSP00000255039.1,unlabeled,False,0,self_learning,NC3
1224,ENST00000255078,ENSP00000255078.4,train,True,0,self_learning,NC3
1225,ENST00000255087,ENSP00000255087.5,unlabeled,False,0,self_learning,NC3
1226,ENST00000255108,ENSP00000255108.3,train,True,0,self_learning,NC3
1227,ENST00000255136,ENSP00000255136.3,unlabeled,False,0,self_learning,NC3
1228,ENST00000255152,ENSP00000255152.2,unlabeled,False,0,self_learning,NC3
1229,ENST00000255174,ENSP00000255174.2,unlabeled,False,0,self_learning,NC3
1230,ENST00000255194,ENSP00000255194.7,val,True,0,self_learning,NC3
1231,ENST00000255198,ENSP00000255198.2,unlabeled,False,0,self_learning,NC3
1232,ENST00000255304,ENSP00000255304.4,unlabeled,False,0,self_learning,NC3
1233,ENST00000255390,ENSP00000255390.5,train,True,0,self_learning,NC3
1234,ENST00000255448,ENSP00000255448.4,unlabeled,False,0,self_learning,NC3
1235,ENST00000255476,ENSP00000255476.3,unlabeled,False,0,self_learning,NC3
1236,ENST00000255499,ENSP00000255499.2,unlabeled,False,0,self_learning,NC3
1237,ENST00000255531,ENSP00000255531.7,unlabeled,False,0,self_learning,NC3
1238,ENST00000255608,ENSP00000255608.3,val,True,0,self_learning,NC3
1239,ENST00000255613,ENSP00000255613.3,train,True,0,self_learning,NC3
1240,ENST00000255631,ENSP00000255631.4,unlabeled,False,0,self_learning,NC3
1241,ENST00000255641,ENSP00000255641.7,unlabeled,False,0,self_learning,NC3
1242,ENST00000255681,ENSP00000255681.6,unlabeled,False,0,self_learning,NC3
1243,ENST00000255764,ENSP00000255764.3,val,True,0,self_learning,NC3
1244,ENST00000255882,ENSP00000255882.6,val,True,0,self_learning,NC3
1245,ENST00000255977,ENSP00000255977.2,train,True,0,self_learning,NC3
1246,ENST00000256001,ENSP00000256001.8,unlabeled,False,0,self_learning,NC3
1247,ENST00000256015,0,unlabeled,False,0,self_learning,NC3
1248,ENST00000256078,ENSP00000256078.5,unlabeled,False,0,self_learning,NC3
1249,ENST00000256079,ENSP00000256079.4,val,True,0,self_learning,NC3
1250,ENST00000256084,ENSP00000256084.7,unlabeled,False,0,self_learning,NC3
1251,ENST00000256108,ENSP00000256108.5,unlabeled,False,0,self_learning,NC3
1252,ENST00000256151,ENSP00000256151.7,train,True,0,self_learning,NC3
1253,ENST00000256196,ENSP00000256196.4,train,True,0,self_learning,NC3
1254,ENST00000256255,ENSP00000256255.6,unlabeled,False,0,self_learning,NC3
1255,ENST00000256257,ENSP00000256257.1,unlabeled,False,0,self_learning,NC3
1256,ENST00000256319,ENSP00000256319.6,train,True,0,self_learning,NC3
1257,ENST00000256366,ENSP00000256366.4,unlabeled,False,0,self_learning,NC3
1258,ENST00000256367,0,unlabeled,False,0,self_learning,NC3
1259,ENST00000256398,ENSP00000256398.8,train,True,0,self_learning,NC3
1260,ENST00000256429,ENSP00000256429.3,val,True,0,self_learning,NC3
1261,ENST00000256433,ENSP00000256433.3,unlabeled,False,0,self_learning,NC3
1262,ENST00000256441,ENSP00000256441.4,train,True,0,self_learning,NC3
1263,ENST00000256442,ENSP00000256442.5,train,True,0,self_learning,NC3
1264,ENST00000256458,ENSP00000256458.4,unlabeled,False,0,self_learning,NC3
1265,ENST00000256460,ENSP00000256460.3,train,True,0,self_learning,NC3
1266,ENST00000256474,ENSP00000256474.3,unlabeled,False,0,self_learning,NC3
1267,ENST00000256495,ENSP00000256495.3,unlabeled,False,0,self_learning,NC3
1268,ENST00000256497,ENSP00000256497.4,unlabeled,False,0,self_learning,NC3
1269,ENST00000256538,ENSP00000256538.4,train,True,0,self_learning,NC3
1270,ENST00000256544,ENSP00000256544.3,unlabeled,False,0,self_learning,NC3
1271,ENST00000256545,ENSP00000256545.4,test,True,0,self_learning,NC3
1272,ENST00000256593,ENSP00000256593.3,unlabeled,False,0,self_learning,NC3
1273,ENST00000256637,ENSP00000256637.6,val,True,0,self_learning,NC3
1274,ENST00000256644,0,unlabeled,False,0,self_learning,NC3
1275,ENST00000256646,ENSP00000256646.2,train,True,0,self_learning,NC3
1276,ENST00000256649,ENSP00000256649.4,unlabeled,False,0,self_learning,NC3
1277,ENST00000256682,ENSP00000256682.4,unlabeled,False,0,self_learning,NC3
1278,ENST00000256689,ENSP00000256689.5,train,True,0,self_learning,NC3
1279,ENST00000256707,ENSP00000256707.4,test,True,0,self_learning,NC3
1280,ENST00000256720,ENSP00000256720.2,unlabeled,False,0,self_learning,NC3
1281,ENST00000256759,ENSP00000256759.3,unlabeled,False,0,self_learning,NC3
1282,ENST00000256854,ENSP00000256854.4,train,True,0,self_learning,NC3
1283,ENST00000256897,ENSP00000256897.4,unlabeled,False,0,self_learning,NC3
1284,ENST00000256951,ENSP00000256951.5,unlabeled,False,0,self_learning,NC3
1285,ENST00000256953,ENSP00000256953.2,unlabeled,False,0,self_learning,NC3
1286,ENST00000256969,ENSP00000256969.2,unlabeled,False,0,self_learning,NC3
1287,ENST00000256996,ENSP00000256996.4,unlabeled,False,0,self_learning,NC3
1288,ENST00000256997,ENSP00000256997.3,unlabeled,False,0,self_learning,NC3
1289,ENST00000256999,ENSP00000256999.2,unlabeled,False,0,self_learning,NC3
1290,ENST00000257013,0,unlabeled,False,0,self_learning,NC3
1291,ENST00000257075,ENSP00000257075.5,train,True,0,self_learning,NC3
1292,ENST00000257118,ENSP00000257118.5,unlabeled,False,0,self_learning,NC3
1293,ENST00000257177,0,unlabeled,False,0,self_learning,NC3
1294,ENST00000257181,ENSP00000257181.8,test,True,0,self_learning,NC3
1295,ENST00000257209,ENSP00000257209.3,unlabeled,False,0,self_learning,NC3
1296,ENST00000257215,ENSP00000257215.5,unlabeled,False,0,self_learning,NC3
1297,ENST00000257245,ENSP00000257245.4,val,True,0,self_learning,NC3
1298,ENST00000257247,ENSP00000257247.7,unlabeled,False,0,self_learning,NC3
1299,ENST00000257287,ENSP00000257287.3,test,True,0,self_learning,NC3
1300,ENST00000257290,ENSP00000257290.5,unlabeled,False,0,self_learning,NC3
1301,ENST00000257336,0,unlabeled,False,0,self_learning,NC3
1302,ENST00000257347,ENSP00000257347.4,train,True,0,self_learning,NC3
1303,ENST00000257359,ENSP00000257359.6,unlabeled,False,0,self_learning,NC3
1304,ENST00000257430,ENSP00000257430.4,unlabeled,False,0,self_learning,NC3
1305,ENST00000257527,ENSP00000257527.5,unlabeled,False,0,self_learning,NC3
1306,ENST00000257548,ENSP00000257548.5,val,True,0,self_learning,NC3
1307,ENST00000257552,ENSP00000257552.2,test,True,0,self_learning,NC3
1308,ENST00000257572,ENSP00000257572.4,unlabeled,False,0,self_learning,NC3
1309,ENST00000257604,ENSP00000257604.5,train,True,0,self_learning,NC3
1310,ENST00000257663,ENSP00000257663.3,unlabeled,False,0,self_learning,NC3
1311,ENST00000257694,ENSP00000257694.8,unlabeled,False,0,self_learning,NC3
1312,ENST00000257696,ENSP00000257696.4,test,True,0,self_learning,NC3
1313,ENST00000257700,ENSP00000257700.2,train,True,0,self_learning,NC3
1314,ENST00000257749,ENSP00000257749.4,unlabeled,False,0,self_learning,NC3
1315,ENST00000257776,ENSP00000257776.4,unlabeled,False,0,self_learning,NC3
1316,ENST00000257787,ENSP00000257787.5,train,True,0,self_learning,NC3
1317,ENST00000257789,ENSP00000257789.4,val,True,0,self_learning,NC3
1318,ENST00000257829,ENSP00000257829.3,val,True,0,self_learning,NC3
1319,ENST00000257836,ENSP00000257836.3,unlabeled,False,0,self_learning,NC3
1320,ENST00000257860,0,unlabeled,False,0,self_learning,NC3
1321,ENST00000257863,ENSP00000257863.3,unlabeled,False,0,self_learning,NC3
1322,ENST00000257868,ENSP00000257868.5,unlabeled,False,0,self_learning,NC3
1323,ENST00000257879,ENSP00000257879.7,unlabeled,False,0,self_learning,NC3
1324,ENST00000257894,0,unlabeled,False,0,self_learning,NC3
1325,ENST00000257895,ENSP00000257895.6,unlabeled,False,0,self_learning,NC3
1326,ENST00000257897,ENSP00000257897.3,unlabeled,False,0,self_learning,NC3
1327,ENST00000257904,ENSP00000257904.5,train,True,0,self_learning,NC3
1328,ENST00000257905,ENSP00000257905.8,test,True,0,self_learning,NC3
1329,ENST00000257909,ENSP00000257909.3,unlabeled,False,0,self_learning,NC3
1330,ENST00000257910,ENSP00000257910.3,unlabeled,False,0,self_learning,NC3
1331,ENST00000257915,ENSP00000257915.5,train,True,0,self_learning,NC3
1332,ENST00000257934,ENSP00000257934.4,train,True,0,self_learning,NC3
1333,ENST00000257940,ENSP00000257940.2,val,True,0,self_learning,NC3
1334,ENST00000257963,ENSP00000257963.4,unlabeled,False,0,self_learning,NC3
1335,ENST00000257981,ENSP00000257981.5,unlabeled,False,0,self_learning,NC3
1336,ENST00000258052,ENSP00000258052.3,unlabeled,False,0,self_learning,NC3
1337,ENST00000258062,ENSP00000258062.5,unlabeled,False,0,self_learning,NC3
1338,ENST00000258083,ENSP00000258083.2,unlabeled,False,0,self_learning,NC3
1339,ENST00000258091,ENSP00000258091.5,val,True,0,self_learning,NC3
1340,ENST00000258098,ENSP00000258098.6,unlabeled,False,0,self_learning,NC3
1341,ENST00000258105,ENSP00000258105.7,train,True,0,self_learning,NC3
1342,ENST00000258106,ENSP00000258106.6,unlabeled,False,0,self_learning,NC3
1343,ENST00000258111,ENSP00000258111.4,unlabeled,False,0,self_learning,NC3
1344,ENST00000258145,ENSP00000258145.3,unlabeled,False,0,self_learning,NC3
1345,ENST00000258169,ENSP00000258169.4,train,True,0,self_learning,NC3
1346,ENST00000258173,ENSP00000258173.5,unlabeled,False,0,self_learning,NC3
1347,ENST00000258198,ENSP00000258198.2,train,True,0,self_learning,NC3
1348,ENST00000258200,0,unlabeled,False,0,self_learning,NC3
1349,ENST00000258201,ENSP00000258201.4,train,True,0,self_learning,NC3
1350,ENST00000258214,ENSP00000258214.2,unlabeled,False,0,self_learning,NC3
1351,ENST00000258229,ENSP00000258229.8,unlabeled,False,0,self_learning,NC3
1352,ENST00000258243,ENSP00000258243.2,test,True,0,self_learning,NC3
1353,ENST00000258301,ENSP00000258301.5,train,True,0,self_learning,NC3
1354,ENST00000258317,ENSP00000258317.2,unlabeled,False,0,self_learning,NC3
1355,ENST00000258341,ENSP00000258341.3,train,True,0,self_learning,NC3
1356,ENST00000258383,ENSP00000258383.3,train,True,0,self_learning,NC3
1357,ENST00000258399,ENSP00000258399.3,unlabeled,False,0,self_learning,NC3
1358,ENST00000258405,ENSP00000258405.4,unlabeled,False,0,self_learning,NC3
1359,ENST00000258415,ENSP00000258415.4,unlabeled,False,0,self_learning,NC3
1360,ENST00000258416,ENSP00000258416.3,train,True,0,self_learning,NC3
1361,ENST00000258418,ENSP00000258418.5,train,True,0,self_learning,NC3
1362,ENST00000258424,ENSP00000258424.2,train,True,0,self_learning,NC3
1363,ENST00000258428,ENSP00000258428.3,unlabeled,False,0,self_learning,NC3
1364,ENST00000258436,0,unlabeled,False,0,self_learning,NC3
1365,ENST00000258439,ENSP00000258439.3,unlabeled,False,0,self_learning,NC3
1366,ENST00000258455,ENSP00000258455.3,train,True,0,self_learning,NC3
1367,ENST00000258457,0,unlabeled,False,0,self_learning,NC3
1368,ENST00000258484,ENSP00000258484.6,train,True,0,self_learning,NC3
1369,ENST00000258494,ENSP00000258494.9,unlabeled,False,0,self_learning,NC3
1370,ENST00000258499,ENSP00000258499.3,unlabeled,False,0,self_learning,NC3
1371,ENST00000258526,ENSP00000258526.4,unlabeled,False,0,self_learning,NC3
1372,ENST00000258530,ENSP00000258530.3,unlabeled,False,0,self_learning,NC3
1373,ENST00000258534,ENSP00000258534.8,unlabeled,False,0,self_learning,NC3
1374,ENST00000258607,ENSP00000258607.5,unlabeled,False,0,self_learning,NC3
1375,ENST00000258613,ENSP00000258613.4,unlabeled,False,0,self_learning,NC3
1376,ENST00000258648,ENSP00000258648.2,test,True,0,self_learning,NC3
1377,ENST00000258662,ENSP00000258662.1,train,True,0,self_learning,NC3
1378,ENST00000258729,ENSP00000258729.3,val,True,0,self_learning,NC3
1379,ENST00000258739,ENSP00000258739.4,unlabeled,False,0,self_learning,NC3
1380,ENST00000258742,ENSP00000258742.5,unlabeled,False,0,self_learning,NC3
1381,ENST00000258770,ENSP00000258770.3,unlabeled,False,0,self_learning,NC3
1382,ENST00000258774,ENSP00000258774.5,unlabeled,False,0,self_learning,NC3
1383,ENST00000258781,ENSP00000258781.7,unlabeled,False,0,self_learning,NC3
1384,ENST00000258796,ENSP00000258796.7,unlabeled,False,0,self_learning,NC3
1385,ENST00000258821,ENSP00000258821.3,unlabeled,False,0,self_learning,NC3
1386,ENST00000258829,ENSP00000258829.4,unlabeled,False,0,self_learning,NC3
1387,ENST00000258874,ENSP00000258874.4,val,True,0,self_learning,NC3
1388,ENST00000258884,ENSP00000258884.4,unlabeled,False,0,self_learning,NC3
1389,ENST00000258886,ENSP00000258886.8,train,True,0,self_learning,NC3
1390,ENST00000258930,ENSP00000258930.3,unlabeled,False,0,self_learning,NC3
1391,ENST00000258955,ENSP00000258955.2,train,True,0,self_learning,NC3
1392,ENST00000258962,ENSP00000258962.4,unlabeled,False,0,self_learning,NC3
1393,ENST00000258975,ENSP00000258975.6,train,True,0,self_learning,NC3
1394,ENST00000258991,ENSP00000258991.3,train,True,0,self_learning,NC3
1395,ENST00000259006,ENSP00000259006.3,unlabeled,False,0,self_learning,NC3
1396,ENST00000259008,ENSP00000259008.2,unlabeled,False,0,self_learning,NC3
1397,ENST00000259021,ENSP00000259021.4,unlabeled,False,0,self_learning,NC3
1398,ENST00000259037,ENSP00000259037.3,unlabeled,False,0,self_learning,NC3
1399,ENST00000259053,ENSP00000259053.4,unlabeled,False,0,self_learning,NC3
1400,ENST00000259056,ENSP00000259056.4,unlabeled,False,0,self_learning,NC3
1401,ENST00000259075,ENSP00000259075.2,unlabeled,False,0,self_learning,NC3
1402,ENST00000259154,ENSP00000259154.2,train,True,0,self_learning,NC3
1403,ENST00000259199,ENSP00000259199.4,train,True,0,self_learning,NC3
1404,ENST00000259211,ENSP00000259211.6,unlabeled,False,0,self_learning,NC3
1405,ENST00000259229,ENSP00000259229.2,unlabeled,False,0,self_learning,NC3
1406,ENST00000259234,0,unlabeled,False,0,self_learning,NC3
1407,ENST00000259239,ENSP00000259239.3,train,True,0,self_learning,NC3
1408,ENST00000259241,ENSP00000259241.6,unlabeled,False,0,self_learning,NC3
1409,ENST00000259253,ENSP00000259253.6,train,True,0,self_learning,NC3
1410,ENST00000259254,ENSP00000259254.4,unlabeled,False,0,self_learning,NC3
1411,ENST00000259324,ENSP00000259324.5,unlabeled,False,0,self_learning,NC3
1412,ENST00000259339,ENSP00000259339.2,train,True,0,self_learning,NC3
1413,ENST00000259351,ENSP00000259351.5,unlabeled,False,0,self_learning,NC3
1414,ENST00000259365,ENSP00000259365.3,train,True,0,self_learning,NC3
1415,ENST00000259392,ENSP00000259392.3,unlabeled,False,0,self_learning,NC3
1416,ENST00000259400,ENSP00000259400.6,train,True,0,self_learning,NC3
1417,ENST00000259455,ENSP00000259455.2,unlabeled,False,0,self_learning,NC3
1418,ENST00000259457,ENSP00000259457.3,train,True,0,self_learning,NC3
1419,ENST00000259467,ENSP00000259467.4,train,True,0,self_learning,NC3
1420,ENST00000259470,ENSP00000259470.5,unlabeled,False,0,self_learning,NC3
1421,ENST00000259486,ENSP00000259486.6,unlabeled,False,0,self_learning,NC3
1422,ENST00000259512,ENSP00000259512.3,train,True,0,self_learning,NC3
1423,ENST00000259526,ENSP00000259526.3,unlabeled,False,0,self_learning,NC3
1424,ENST00000259569,ENSP00000259569.5,train,True,0,self_learning,NC3
1425,ENST00000259605,ENSP00000259605.6,unlabeled,False,0,self_learning,NC3
1426,ENST00000259632,ENSP00000259632.7,val,True,0,self_learning,NC3
1427,ENST00000259667,ENSP00000259667.5,test,True,0,self_learning,NC3
1428,ENST00000259711,ENSP00000259711.6,train,True,0,self_learning,NC3
1429,ENST00000259727,ENSP00000259727.4,train,True,0,self_learning,NC3
1430,ENST00000259746,ENSP00000259746.9,unlabeled,False,0,self_learning,NC3
1431,ENST00000259750,ENSP00000259750.4,unlabeled,False,0,self_learning,NC3
1432,ENST00000259803,ENSP00000259803.7,unlabeled,False,0,self_learning,NC3
1433,ENST00000259808,ENSP00000259808.3,train,True,0,self_learning,NC3
1434,ENST00000259818,ENSP00000259818.6,train,True,0,self_learning,NC3
1435,ENST00000259883,ENSP00000259883.3,unlabeled,False,0,self_learning,NC3
1436,ENST00000259939,ENSP00000259939.4,unlabeled,False,0,self_learning,NC3
1437,ENST00000259963,ENSP00000259963.3,test,True,0,self_learning,NC3
1438,ENST00000260045,ENSP00000260045.3,train,True,0,self_learning,NC3
1439,ENST00000260102,ENSP00000260102.4,train,True,0,self_learning,NC3
1440,ENST00000260113,ENSP00000260113.2,unlabeled,False,0,self_learning,NC3
1441,ENST00000260116,ENSP00000260116.4,unlabeled,False,0,self_learning,NC3
1442,ENST00000260118,ENSP00000260118.6,train,True,0,self_learning,NC3
1443,ENST00000260126,ENSP00000260126.3,unlabeled,False,0,self_learning,NC3
1444,ENST00000260128,ENSP00000260128.4,unlabeled,False,0,self_learning,NC3
1445,ENST00000260129,ENSP00000260129.5,train,True,0,self_learning,NC3
1446,ENST00000260187,ENSP00000260187.2,unlabeled,False,0,self_learning,NC3
1447,ENST00000260197,ENSP00000260197.6,train,True,0,self_learning,NC3
1448,ENST00000260210,ENSP00000260210.3,train,True,0,self_learning,NC3
1449,ENST00000260247,ENSP00000260247.5,test,True,0,self_learning,NC3
1450,ENST00000260257,ENSP00000260257.4,unlabeled,False,0,self_learning,NC3
1451,ENST00000260270,ENSP00000260270.2,train,True,0,self_learning,NC3
1452,ENST00000260276,0,unlabeled,False,0,self_learning,NC3
1453,ENST00000260283,ENSP00000260283.4,unlabeled,False,0,self_learning,NC3
1454,ENST00000260327,ENSP00000260327.4,unlabeled,False,0,self_learning,NC3
1455,ENST00000260361,ENSP00000260361.4,unlabeled,False,0,self_learning,NC3
1456,ENST00000260363,ENSP00000260363.4,unlabeled,False,0,self_learning,NC3
1457,ENST00000260372,ENSP00000260372.3,train,True,0,self_learning,NC3
1458,ENST00000260379,ENSP00000346037.5,train,True,0,self_learning,NC3
1459,ENST00000260385,ENSP00000260385.6,train,True,0,self_learning,NC3
1460,ENST00000260386,ENSP00000260386.5,train,True,0,self_learning,NC3
1461,ENST00000260402,ENSP00000260402.3,unlabeled,False,0,self_learning,NC3
1462,ENST00000260403,ENSP00000260403.2,val,True,0,self_learning,NC3
1463,ENST00000260408,ENSP00000260408.3,val,True,0,self_learning,NC3
1464,ENST00000260443,ENSP00000260443.4,train,True,0,self_learning,NC3
1465,ENST00000260447,ENSP00000260447.4,train,True,0,self_learning,NC3
1466,ENST00000260453,ENSP00000260453.3,unlabeled,False,0,self_learning,NC3
1467,ENST00000260502,ENSP00000260502.6,unlabeled,False,0,self_learning,NC3
1468,ENST00000260505,ENSP00000260505.8,unlabeled,False,0,self_learning,NC3
1469,ENST00000260508,ENSP00000260508.4,test,True,0,self_learning,NC3
1470,ENST00000260526,ENSP00000260526.6,unlabeled,False,0,self_learning,NC3
1471,ENST00000260570,ENSP00000260570.3,train,True,0,self_learning,NC3
1472,ENST00000260585,ENSP00000260585.7,unlabeled,False,0,self_learning,NC3
1473,ENST00000260598,ENSP00000260598.5,unlabeled,False,0,self_learning,NC3
1474,ENST00000260600,ENSP00000260600.5,unlabeled,False,0,self_learning,NC3
1475,ENST00000260605,ENSP00000260605.8,unlabeled,False,0,self_learning,NC3
1476,ENST00000260643,ENSP00000260643.2,train,True,0,self_learning,NC3
1477,ENST00000260649,ENSP00000260649.6,unlabeled,False,0,self_learning,NC3
1478,ENST00000260665,ENSP00000260665.7,unlabeled,False,0,self_learning,NC3
1479,ENST00000260702,ENSP00000260702.3,unlabeled,False,0,self_learning,NC3
1480,ENST00000260723,ENSP00000260723.4,unlabeled,False,0,self_learning,NC3
1481,ENST00000260731,ENSP00000260731.3,val,True,0,self_learning,NC3
1482,ENST00000260746,ENSP00000260746.4,train,True,0,self_learning,NC3
1483,ENST00000260753,ENSP00000260753.4,unlabeled,False,0,self_learning,NC3
1484,ENST00000260762,ENSP00000260762.6,test,True,0,self_learning,NC3
1485,ENST00000260803,ENSP00000260803.4,train,True,0,self_learning,NC3
1486,ENST00000260810,ENSP00000260810.5,train,True,0,self_learning,NC3
1487,ENST00000260818,ENSP00000260818.6,train,True,0,self_learning,NC3
1488,ENST00000260947,ENSP00000260947.4,train,True,0,self_learning,NC3
1489,ENST00000260950,ENSP00000260950.3,unlabeled,False,0,self_learning,NC3
1490,ENST00000260952,ENSP00000260952.4,val,True,0,self_learning,NC3
1491,ENST00000260953,ENSP00000260953.5,unlabeled,False,0,self_learning,NC3
1492,ENST00000260970,ENSP00000260970.3,unlabeled,False,0,self_learning,NC3
1493,ENST00000260983,ENSP00000260983.2,unlabeled,False,0,self_learning,NC3
1494,ENST00000261015,ENSP00000261015.4,unlabeled,False,0,self_learning,NC3
1495,ENST00000261023,ENSP00000261023.3,train,True,0,self_learning,NC3
1496,ENST00000261024,ENSP00000261024.3,train,True,0,self_learning,NC3
1497,ENST00000261038,ENSP00000261038.5,val,True,0,self_learning,NC3
1498,ENST00000261167,ENSP00000261167.2,train,True,0,self_learning,NC3
1499,ENST00000261169,0,unlabeled,False,0,self_learning,NC3
1500,ENST00000261183,ENSP00000261183.3,train,True,0,self_learning,NC3
1501,ENST00000261191,ENSP00000261191.7,val,True,0,self_learning,NC3
1502,ENST00000261192,ENSP00000261192.7,unlabeled,False,0,self_learning,NC3
1503,ENST00000261195,ENSP00000261195.2,train,True,0,self_learning,NC3
1504,ENST00000261205,ENSP00000261205.4,unlabeled,False,0,self_learning,NC3
1505,ENST00000261208,ENSP00000261208.3,unlabeled,False,0,self_learning,NC3
1506,ENST00000261211,ENSP00000261211.3,train,True,0,self_learning,NC3
1507,ENST00000261226,ENSP00000261226.4,unlabeled,False,0,self_learning,NC3
1508,ENST00000261234,ENSP00000261234.6,unlabeled,False,0,self_learning,NC3
1509,ENST00000261245,ENSP00000261245.4,train,True,0,self_learning,NC3
1510,ENST00000261249,ENSP00000261249.6,train,True,0,self_learning,NC3
1511,ENST00000261250,ENSP00000261250.3,unlabeled,False,0,self_learning,NC3
1512,ENST00000261254,ENSP00000261254.3,unlabeled,False,0,self_learning,NC3
1513,ENST00000261263,ENSP00000261263.3,train,True,0,self_learning,NC3
1514,ENST00000261267,ENSP00000261267.2,unlabeled,False,0,self_learning,NC3
1515,ENST00000261296,ENSP00000261296.5,unlabeled,False,0,self_learning,NC3
1516,ENST00000261304,ENSP00000261304.2,unlabeled,False,0,self_learning,NC3
1517,ENST00000261308,ENSP00000261308.4,train,True,0,self_learning,NC3
1518,ENST00000261313,ENSP00000261313.2,test,True,0,self_learning,NC3
1519,ENST00000261318,ENSP00000261318.3,unlabeled,False,0,self_learning,NC3
1520,ENST00000261326,ENSP00000261326.4,train,True,0,self_learning,NC3
1521,ENST00000261366,ENSP00000261366.5,val,True,0,self_learning,NC3
1522,ENST00000261368,ENSP00000261368.8,unlabeled,False,0,self_learning,NC3
1523,ENST00000261369,ENSP00000261369.4,unlabeled,False,0,self_learning,NC3
1524,ENST00000261396,ENSP00000261396.3,train,True,0,self_learning,NC3
1525,ENST00000261407,ENSP00000261407.4,train,True,0,self_learning,NC3
1526,ENST00000261416,ENSP00000261416.7,val,True,0,self_learning,NC3
1527,ENST00000261425,ENSP00000261425.3,unlabeled,False,0,self_learning,NC3
1528,ENST00000261427,ENSP00000261427.5,train,True,0,self_learning,NC3
1529,ENST00000261435,ENSP00000261435.6,unlabeled,False,0,self_learning,NC3
1530,ENST00000261438,ENSP00000261438.5,unlabeled,False,0,self_learning,NC3
1531,ENST00000261439,ENSP00000261439.4,unlabeled,False,0,self_learning,NC3
1532,ENST00000261441,0,unlabeled,False,0,self_learning,NC3
1533,ENST00000261461,ENSP00000261461.2,test,True,0,self_learning,NC3
1534,ENST00000261464,ENSP00000261464.5,unlabeled,False,0,self_learning,NC3
1535,ENST00000261479,ENSP00000261479.4,unlabeled,False,0,self_learning,NC3
1536,ENST00000261488,ENSP00000261488.6,unlabeled,False,0,self_learning,NC3
1537,ENST00000261489,ENSP00000261489.2,unlabeled,False,0,self_learning,NC3
1538,ENST00000261497,ENSP00000261497.4,train,True,0,self_learning,NC3
1539,ENST00000261503,ENSP00000261503.5,unlabeled,False,0,self_learning,NC3
1540,ENST00000261507,ENSP00000261507.6,train,True,0,self_learning,NC3
1541,ENST00000261509,ENSP00000261509.6,train,True,0,self_learning,NC3
1542,ENST00000261520,ENSP00000261520.4,train,True,0,self_learning,NC3
1543,ENST00000261530,0,unlabeled,False,0,self_learning,NC3
1544,ENST00000261531,ENSP00000261531.8,train,True,0,self_learning,NC3
1545,ENST00000261556,0,unlabeled,False,0,self_learning,NC3
1546,ENST00000261558,ENSP00000261558.3,unlabeled,False,0,self_learning,NC3
1547,ENST00000261560,ENSP00000261560.4,unlabeled,False,0,self_learning,NC3
1548,ENST00000261584,ENSP00000261584.4,unlabeled,False,0,self_learning,NC3
1549,ENST00000261590,ENSP00000261590.8,train,True,0,self_learning,NC3
1550,ENST00000261593,ENSP00000261593.3,test,True,0,self_learning,NC3
1551,ENST00000261597,ENSP00000261597.4,train,True,0,self_learning,NC3
1552,ENST00000261600,ENSP00000261600.6,test,True,0,self_learning,NC3
1553,ENST00000261601,ENSP00000261601.6,test,True,0,self_learning,NC3
1554,ENST00000261609,ENSP00000261609.8,train,True,0,self_learning,NC3
1555,ENST00000261622,ENSP00000261622.4,train,True,0,self_learning,NC3
1556,ENST00000261623,ENSP00000261623.3,unlabeled,False,0,self_learning,NC3
1557,ENST00000261636,ENSP00000261636.8,unlabeled,False,0,self_learning,NC3
1558,ENST00000261637,ENSP00000261637.4,train,True,0,self_learning,NC3
1559,ENST00000261643,ENSP00000261643.3,val,True,0,self_learning,NC3
1560,ENST00000261647,ENSP00000261647.5,val,True,0,self_learning,NC3
1561,ENST00000261654,ENSP00000261654.5,unlabeled,False,0,self_learning,NC3
1562,ENST00000261667,ENSP00000261667.3,train,True,0,self_learning,NC3
1563,ENST00000261681,ENSP00000261681.4,unlabeled,False,0,self_learning,NC3
1564,ENST00000261692,ENSP00000261692.2,unlabeled,False,0,self_learning,NC3
1565,ENST00000261693,ENSP00000261693.6,val,True,0,self_learning,NC3
1566,ENST00000261700,ENSP00000261700.3,val,True,0,self_learning,NC3
1567,ENST00000261708,ENSP00000261708.4,train,True,0,self_learning,NC3
1568,ENST00000261712,ENSP00000261712.3,unlabeled,False,0,self_learning,NC3
1569,ENST00000261714,ENSP00000261714.6,val,True,0,self_learning,NC3
1570,ENST00000261721,ENSP00000261721.4,train,True,0,self_learning,NC3
1571,ENST00000261726,ENSP00000261726.6,unlabeled,False,0,self_learning,NC3
1572,ENST00000261729,ENSP00000261729.5,unlabeled,False,0,self_learning,NC3
1573,ENST00000261733,ENSP00000261733.2,val,True,0,self_learning,NC3
1574,ENST00000261735,ENSP00000261735.3,train,True,0,self_learning,NC3
1575,ENST00000261739,ENSP00000261739.4,val,True,0,self_learning,NC3
1576,ENST00000261745,ENSP00000261745.4,train,True,0,self_learning,NC3
1577,ENST00000261758,ENSP00000261758.4,train,True,0,self_learning,NC3
1578,ENST00000261769,ENSP00000261769.4,unlabeled,False,0,self_learning,NC3
1579,ENST00000261772,ENSP00000261772.8,unlabeled,False,0,self_learning,NC3
1580,ENST00000261776,ENSP00000261776.5,train,True,0,self_learning,NC3
1581,ENST00000261778,ENSP00000261778.1,train,True,0,self_learning,NC3
1582,ENST00000261783,ENSP00000261783.3,train,True,0,self_learning,NC3
1583,ENST00000261797,ENSP00000261797.6,unlabeled,False,0,self_learning,NC3
1584,ENST00000261798,ENSP00000261798.6,unlabeled,False,0,self_learning,NC3
1585,ENST00000261799,ENSP00000261799.4,unlabeled,False,0,self_learning,NC3
1586,ENST00000261811,ENSP00000261811.4,unlabeled,False,0,self_learning,NC3
1587,ENST00000261813,ENSP00000261813.4,train,True,0,self_learning,NC3
1588,ENST00000261819,ENSP00000261819.3,train,True,0,self_learning,NC3
1589,ENST00000261822,ENSP00000261822.5,train,True,0,self_learning,NC3
1590,ENST00000261835,ENSP00000261835.3,unlabeled,False,0,self_learning,NC3
1591,ENST00000261839,ENSP00000261839.7,unlabeled,False,0,self_learning,NC3
1592,ENST00000261842,ENSP00000261842.5,train,True,0,self_learning,NC3
1593,ENST00000261844,ENSP00000261844.7,unlabeled,False,0,self_learning,NC3
1594,ENST00000261845,ENSP00000261845.5,unlabeled,False,0,self_learning,NC3
1595,ENST00000261847,0,unlabeled,False,0,self_learning,NC3
1596,ENST00000261854,ENSP00000261854.5,train,True,0,self_learning,NC3
1597,ENST00000261858,ENSP00000261858.2,train,True,0,self_learning,NC3
1598,ENST00000261861,ENSP00000261861.6,unlabeled,False,0,self_learning,NC3
1599,ENST00000261866,ENSP00000261866.7,val,True,0,self_learning,NC3
1600,ENST00000261867,ENSP00000261867.3,unlabeled,False,0,self_learning,NC3
1601,ENST00000261868,ENSP00000261868.5,train,True,0,self_learning,NC3
1602,ENST00000261875,ENSP00000261875.5,test,True,0,self_learning,NC3
1603,ENST00000261879,ENSP00000261879.5,unlabeled,False,0,self_learning,NC3
1604,ENST00000261880,ENSP00000261880.5,train,True,0,self_learning,NC3
1605,ENST00000261881,ENSP00000261881.4,train,True,0,self_learning,NC3
1606,ENST00000261884,ENSP00000261884.3,train,True,0,self_learning,NC3
1607,ENST00000261888,ENSP00000261888.6,train,True,0,self_learning,NC3
1608,ENST00000261890,ENSP00000261890.2,unlabeled,False,0,self_learning,NC3
1609,ENST00000261891,ENSP00000261891.3,unlabeled,False,0,self_learning,NC3
1610,ENST00000261892,ENSP00000261892.6,unlabeled,False,0,self_learning,NC3
1611,ENST00000261893,ENSP00000261893.4,train,True,0,self_learning,NC3
1612,ENST00000261900,ENSP00000261900.3,test,True,0,self_learning,NC3
1613,ENST00000261917,ENSP00000261917.3,unlabeled,False,0,self_learning,NC3
1614,ENST00000261921,ENSP00000261921.7,unlabeled,False,0,self_learning,NC3
1615,ENST00000261937,ENSP00000261937.6,unlabeled,False,0,self_learning,NC3
1616,ENST00000261942,ENSP00000261942.6,val,True,0,self_learning,NC3
1617,ENST00000261965,ENSP00000261965.3,train,True,0,self_learning,NC3
1618,ENST00000261973,ENSP00000261973.7,unlabeled,False,0,self_learning,NC3
1619,ENST00000261978,ENSP00000261978.4,unlabeled,False,0,self_learning,NC3
1620,ENST00000262027,ENSP00000262027.5,train,True,0,self_learning,NC3
1621,ENST00000262030,ENSP00000262030.3,val,True,0,self_learning,NC3
1622,ENST00000262031,ENSP00000262031.5,train,True,0,self_learning,NC3
1623,ENST00000262033,ENSP00000262033.6,train,True,0,self_learning,NC3
1624,ENST00000262039,ENSP00000262039.3,test,True,0,self_learning,NC3
1625,ENST00000262043,ENSP00000262043.4,val,True,0,self_learning,NC3
1626,ENST00000262052,ENSP00000262052.5,unlabeled,False,0,self_learning,NC3
1627,ENST00000262053,ENSP00000262053.3,unlabeled,False,0,self_learning,NC3
1628,ENST00000262061,ENSP00000262061.2,unlabeled,False,0,self_learning,NC3
1629,ENST00000262065,ENSP00000262065.3,unlabeled,False,0,self_learning,NC3
1630,ENST00000262067,ENSP00000262067.4,train,True,0,self_learning,NC3
1631,ENST00000262077,ENSP00000262077.3,train,True,0,self_learning,NC3
1632,ENST00000262093,ENSP00000262093.6,unlabeled,False,0,self_learning,NC3
1633,ENST00000262096,ENSP00000262096.8,train,True,0,self_learning,NC3
1634,ENST00000262105,ENSP00000262105.2,unlabeled,False,0,self_learning,NC3
1635,ENST00000262109,ENSP00000262109.7,train,True,0,self_learning,NC3
1636,ENST00000262120,ENSP00000262120.5,val,True,0,self_learning,NC3
1637,ENST00000262126,ENSP00000262126.3,unlabeled,False,0,self_learning,NC3
1638,ENST00000262127,ENSP00000262127.2,unlabeled,False,0,self_learning,NC3
1639,ENST00000262133,ENSP00000262133.6,unlabeled,False,0,self_learning,NC3
1640,ENST00000262134,ENSP00000262134.5,train,True,0,self_learning,NC3
1641,ENST00000262135,ENSP00000262135.4,unlabeled,False,0,self_learning,NC3
1642,ENST00000262139,ENSP00000262139.4,unlabeled,False,0,self_learning,NC3
1643,ENST00000262144,ENSP00000262144.6,val,True,0,self_learning,NC3
1644,ENST00000262146,ENSP00000262146.4,train,True,0,self_learning,NC3
1645,ENST00000262160,ENSP00000262160.6,train,True,0,self_learning,NC3
1646,ENST00000262178,ENSP00000262178.2,unlabeled,False,0,self_learning,NC3
1647,ENST00000262186,ENSP00000262186.5,unlabeled,False,0,self_learning,NC3
1648,ENST00000262187,ENSP00000262187.5,train,True,0,self_learning,NC3
1649,ENST00000262189,ENSP00000262189.6,unlabeled,False,0,self_learning,NC3
1650,ENST00000262193,ENSP00000262193.6,train,True,0,self_learning,NC3
1651,ENST00000262198,ENSP00000262198.3,train,True,0,self_learning,NC3
1652,ENST00000262207,ENSP00000262207.4,unlabeled,False,0,self_learning,NC3
1653,ENST00000262209,ENSP00000262209.4,unlabeled,False,0,self_learning,NC3
1654,ENST00000262213,ENSP00000262213.2,train,True,0,self_learning,NC3
1655,ENST00000262215,ENSP00000262215.3,train,True,0,self_learning,NC3
1656,ENST00000262225,ENSP00000262225.3,val,True,0,self_learning,NC3
1657,ENST00000262238,ENSP00000262238.4,train,True,0,self_learning,NC3
1658,ENST00000262241,ENSP00000262241.5,train,True,0,self_learning,NC3
1659,ENST00000262244,ENSP00000262244.5,train,True,0,self_learning,NC3
1660,ENST00000262259,ENSP00000262259.2,unlabeled,False,0,self_learning,NC3
1661,ENST00000262265,ENSP00000262265.4,unlabeled,False,0,self_learning,NC3
1662,ENST00000262288,ENSP00000262288.3,train,True,0,self_learning,NC3
1663,ENST00000262291,ENSP00000262291.3,unlabeled,False,0,self_learning,NC3
1664,ENST00000262293,ENSP00000262293.5,unlabeled,False,0,self_learning,NC3
1665,ENST00000262294,ENSP00000262294.7,unlabeled,False,0,self_learning,NC3
1666,ENST00000262300,ENSP00000262300.8,unlabeled,False,0,self_learning,NC3
1667,ENST00000262301,ENSP00000262301.12,unlabeled,False,0,self_learning,NC3
1668,ENST00000262302,ENSP00000262302.9,train,True,0,self_learning,NC3
1669,ENST00000262304,ENSP00000262304.4,unlabeled,False,0,self_learning,NC3
1670,ENST00000262315,ENSP00000262315.9,unlabeled,False,0,self_learning,NC3
1671,ENST00000262316,ENSP00000262316.5,unlabeled,False,0,self_learning,NC3
1672,ENST00000262319,ENSP00000262319.6,train,True,0,self_learning,NC3
1673,ENST00000262320,ENSP00000262320.3,train,True,0,self_learning,NC3
1674,ENST00000262345,ENSP00000262345.1,unlabeled,False,0,self_learning,NC3
1675,ENST00000262348,ENSP00000262348.4,unlabeled,False,0,self_learning,NC3
1676,ENST00000262352,ENSP00000262352.3,unlabeled,False,0,self_learning,NC3
1677,ENST00000262367,ENSP00000262367.5,train,True,0,self_learning,NC3
1678,ENST00000262370,ENSP00000262370.6,unlabeled,False,0,self_learning,NC3
1679,ENST00000262374,ENSP00000262374.5,test,True,0,self_learning,NC3
1680,ENST00000262376,ENSP00000262376.5,train,True,0,self_learning,NC3
1681,ENST00000262384,ENSP00000262384.3,train,True,0,self_learning,NC3
1682,ENST00000262394,ENSP00000262394.2,unlabeled,False,0,self_learning,NC3
1683,ENST00000262395,ENSP00000262395.5,train,True,0,self_learning,NC3
1684,ENST00000262406,ENSP00000262406.9,val,True,0,self_learning,NC3
1685,ENST00000262407,ENSP00000262407.5,unlabeled,False,0,self_learning,NC3
1686,ENST00000262415,ENSP00000262415.2,train,True,0,self_learning,NC3
1687,ENST00000262426,ENSP00000262426.4,unlabeled,False,0,self_learning,NC3
1688,ENST00000262428,ENSP00000262428.4,train,True,0,self_learning,NC3
1689,ENST00000262430,ENSP00000262430.4,test,True,0,self_learning,NC3
1690,ENST00000262432,ENSP00000262432.9,train,True,0,self_learning,NC3
1691,ENST00000262435,ENSP00000262435.9,train,True,0,self_learning,NC3
1692,ENST00000262442,ENSP00000262442.3,train,True,0,self_learning,NC3
1693,ENST00000262450,ENSP00000262450.3,train,True,0,self_learning,NC3
1694,ENST00000262455,ENSP00000262455.6,train,True,0,self_learning,NC3
1695,ENST00000262457,ENSP00000262457.2,unlabeled,False,0,self_learning,NC3
1696,ENST00000262460,ENSP00000262460.4,train,True,0,self_learning,NC3
1697,ENST00000262461,ENSP00000262461.2,test,True,0,self_learning,NC3
1698,ENST00000262462,ENSP00000262462.4,unlabeled,False,0,self_learning,NC3
1699,ENST00000262482,ENSP00000262482.6,unlabeled,False,0,self_learning,NC3
1700,ENST00000262483,ENSP00000262483.8,unlabeled,False,0,self_learning,NC3
1701,ENST00000262487,ENSP00000262487.3,unlabeled,False,0,self_learning,NC3
1702,ENST00000262498,ENSP00000262498.3,train,True,0,self_learning,NC3
1703,ENST00000262506,ENSP00000262506.3,train,True,0,self_learning,NC3
1704,ENST00000262507,ENSP00000262507.5,train,True,0,self_learning,NC3
1705,ENST00000262510,ENSP00000262510.6,unlabeled,False,0,self_learning,NC3
1706,ENST00000262518,ENSP00000262518.4,train,True,0,self_learning,NC3
1707,ENST00000262519,ENSP00000262519.8,train,True,0,self_learning,NC3
1708,ENST00000262525,ENSP00000262525.4,train,True,0,self_learning,NC3
1709,ENST00000262547,0,unlabeled,False,0,self_learning,NC3
1710,ENST00000262554,ENSP00000262554.2,unlabeled,False,0,self_learning,NC3
1711,ENST00000262570,ENSP00000262570.5,unlabeled,False,0,self_learning,NC3
1712,ENST00000262577,ENSP00000262577.5,unlabeled,False,0,self_learning,NC3
1713,ENST00000262584,ENSP00000262584.3,unlabeled,False,0,self_learning,NC3
1714,ENST00000262593,ENSP00000262593.5,unlabeled,False,0,self_learning,NC3
1715,ENST00000262613,ENSP00000262613.5,train,True,0,self_learning,NC3
1716,ENST00000262622,ENSP00000262622.3,unlabeled,False,0,self_learning,NC3
1717,ENST00000262623,ENSP00000262623.2,train,True,0,self_learning,NC3
1718,ENST00000262631,ENSP00000262631.3,unlabeled,False,0,self_learning,NC3
1719,ENST00000262633,ENSP00000262633.3,train,True,0,self_learning,NC3
1720,ENST00000262643,ENSP00000262643.3,test,True,0,self_learning,NC3
1721,ENST00000262644,ENSP00000262644.4,train,True,0,self_learning,NC3
1722,ENST00000262646,ENSP00000262646.7,train,True,0,self_learning,NC3
1723,ENST00000262662,ENSP00000262662.1,train,True,0,self_learning,NC3
1724,ENST00000262710,ENSP00000262710.1,train,True,0,self_learning,NC3
1725,ENST00000262713,ENSP00000262713.2,unlabeled,False,0,self_learning,NC3
1726,ENST00000262715,ENSP00000262715.5,unlabeled,False,0,self_learning,NC3
1727,ENST00000262719,ENSP00000262719.4,test,True,0,self_learning,NC3
1728,ENST00000262726,ENSP00000262726.7,unlabeled,False,0,self_learning,NC3
1729,ENST00000262741,ENSP00000262741.5,unlabeled,False,0,self_learning,NC3
1730,ENST00000262746,ENSP00000262746.1,unlabeled,False,0,self_learning,NC3
1731,ENST00000262752,ENSP00000262752.2,unlabeled,False,0,self_learning,NC3
1732,ENST00000262764,ENSP00000262764.5,unlabeled,False,0,self_learning,NC3
1733,ENST00000262765,0,unlabeled,False,0,self_learning,NC3
1734,ENST00000262768,ENSP00000262768.6,unlabeled,False,0,self_learning,NC3
1735,ENST00000262776,ENSP00000262776.2,train,True,0,self_learning,NC3
1736,ENST00000262803,ENSP00000262803.5,unlabeled,False,0,self_learning,NC3
1737,ENST00000262809,ENSP00000262809.3,val,True,0,self_learning,NC3
1738,ENST00000262811,ENSP00000262811.4,unlabeled,False,0,self_learning,NC3
1739,ENST00000262812,ENSP00000262812.3,unlabeled,False,0,self_learning,NC3
1740,ENST00000262815,ENSP00000262815.9,test,True,0,self_learning,NC3
1741,ENST00000262820,ENSP00000262820.3,unlabeled,False,0,self_learning,NC3
1742,ENST00000262844,ENSP00000262844.5,train,True,0,self_learning,NC3
1743,ENST00000262848,ENSP00000262848.5,train,True,0,self_learning,NC3
1744,ENST00000262850,ENSP00000262850.7,unlabeled,False,0,self_learning,NC3
1745,ENST00000262879,ENSP00000262879.6,unlabeled,False,0,self_learning,NC3
1746,ENST00000262887,ENSP00000262887.5,val,True,0,self_learning,NC3
1747,ENST00000262894,0,unlabeled,False,0,self_learning,NC3
1748,ENST00000262895,ENSP00000262895.2,unlabeled,False,0,self_learning,NC3
1749,ENST00000262903,ENSP00000262903.4,unlabeled,False,0,self_learning,NC3
1750,ENST00000262919,ENSP00000262919.5,train,True,0,self_learning,NC3
1751,ENST00000262932,ENSP00000262932.3,train,True,0,self_learning,NC3
1752,ENST00000262942,ENSP00000262942.5,train,True,0,self_learning,NC3
1753,ENST00000262947,ENSP00000262947.2,train,True,0,self_learning,NC3
1754,ENST00000262948,ENSP00000262948.4,train,True,0,self_learning,NC3
1755,ENST00000262953,ENSP00000262953.5,unlabeled,False,0,self_learning,NC3
1756,ENST00000262958,ENSP00000262958.2,unlabeled,False,0,self_learning,NC3
1757,ENST00000262961,ENSP00000262961.3,unlabeled,False,0,self_learning,NC3
1758,ENST00000262962,ENSP00000262962.6,train,True,0,self_learning,NC3
1759,ENST00000262965,ENSP00000262965.5,unlabeled,False,0,self_learning,NC3
1760,ENST00000262966,ENSP00000262966.7,unlabeled,False,0,self_learning,NC3
1761,ENST00000262971,ENSP00000262971.1,train,True,0,self_learning,NC3
1762,ENST00000262982,ENSP00000262982.2,train,True,0,self_learning,NC3
1763,ENST00000262990,ENSP00000262990.4,val,True,0,self_learning,NC3
1764,ENST00000262995,0,unlabeled,False,0,self_learning,NC3
1765,ENST00000263025,ENSP00000263025.4,train,True,0,self_learning,NC3
1766,ENST00000263035,ENSP00000263035.4,train,True,0,self_learning,NC3
1767,ENST00000263038,ENSP00000263038.4,train,True,0,self_learning,NC3
1768,ENST00000263056,ENSP00000263056.1,unlabeled,False,0,self_learning,NC3
1769,ENST00000263073,ENSP00000263073.5,train,True,0,self_learning,NC3
1770,ENST00000263087,ENSP00000263087.4,val,True,0,self_learning,NC3
1771,ENST00000263088,ENSP00000263088.5,val,True,0,self_learning,NC3
1772,ENST00000263092,ENSP00000263092.5,train,True,0,self_learning,NC3
1773,ENST00000263093,ENSP00000263093.2,unlabeled,False,0,self_learning,NC3
1774,ENST00000263094,ENSP00000263094.6,unlabeled,False,0,self_learning,NC3
1775,ENST00000263095,0,unlabeled,False,0,self_learning,NC3
1776,ENST00000263097,ENSP00000263097.2,unlabeled,False,0,self_learning,NC3
1777,ENST00000263100,ENSP00000263100.2,unlabeled,False,0,self_learning,NC3
1778,ENST00000263102,ENSP00000263102.6,val,True,0,self_learning,NC3
1779,ENST00000263125,ENSP00000263125.5,train,True,0,self_learning,NC3
1780,ENST00000263150,ENSP00000263150.4,unlabeled,False,0,self_learning,NC3
1781,ENST00000263168,ENSP00000263168.3,train,True,0,self_learning,NC3
1782,ENST00000263174,ENSP00000263174.4,unlabeled,False,0,self_learning,NC3
1783,ENST00000263177,ENSP00000263177.4,unlabeled,False,0,self_learning,NC3
1784,ENST00000263181,ENSP00000263181.6,unlabeled,False,0,self_learning,NC3
1785,ENST00000263187,ENSP00000263187.3,unlabeled,False,0,self_learning,NC3
1786,ENST00000263196,ENSP00000263196.7,unlabeled,False,0,self_learning,NC3
1787,ENST00000263201,ENSP00000263201.2,unlabeled,False,0,self_learning,NC3
1788,ENST00000263202,ENSP00000263202.9,val,True,0,self_learning,NC3
1789,ENST00000263207,ENSP00000263207.3,unlabeled,False,0,self_learning,NC3
1790,ENST00000263208,ENSP00000263208.5,train,True,0,self_learning,NC3
1791,ENST00000263212,ENSP00000263212.5,train,True,0,self_learning,NC3
1792,ENST00000263228,ENSP00000263228.3,train,True,0,self_learning,NC3
1793,ENST00000263238,ENSP00000263238.2,train,True,0,self_learning,NC3
1794,ENST00000263239,ENSP00000263239.2,train,True,0,self_learning,NC3
1795,ENST00000263245,ENSP00000263245.5,train,True,0,self_learning,NC3
1796,ENST00000263246,ENSP00000263246.3,train,True,0,self_learning,NC3
1797,ENST00000263253,ENSP00000263253.7,train,True,0,self_learning,NC3
1798,ENST00000263256,ENSP00000263256.6,train,True,0,self_learning,NC3
1799,ENST00000263257,ENSP00000263257.4,unlabeled,False,0,self_learning,NC3
1800,ENST00000263265,ENSP00000263265.5,unlabeled,False,0,self_learning,NC3
1801,ENST00000263268,ENSP00000263268.6,unlabeled,False,0,self_learning,NC3
1802,ENST00000263270,ENSP00000263270.6,unlabeled,False,0,self_learning,NC3
1803,ENST00000263274,ENSP00000263274.6,train,True,0,self_learning,NC3
1804,ENST00000263275,0,unlabeled,False,0,self_learning,NC3
1805,ENST00000263277,ENSP00000263277.2,train,True,0,self_learning,NC3
1806,ENST00000263278,ENSP00000263278.3,unlabeled,False,0,self_learning,NC3
1807,ENST00000263280,ENSP00000263280.4,unlabeled,False,0,self_learning,NC3
1808,ENST00000263331,ENSP00000263331.5,unlabeled,False,0,self_learning,NC3
1809,ENST00000263346,ENSP00000263346.8,train,True,0,self_learning,NC3
1810,ENST00000263354,ENSP00000263354.2,train,True,0,self_learning,NC3
1811,ENST00000263360,ENSP00000263360.6,unlabeled,False,0,self_learning,NC3
1812,ENST00000263368,ENSP00000263368.3,train,True,0,self_learning,NC3
1813,ENST00000263370,ENSP00000263370.1,unlabeled,False,0,self_learning,NC3
1814,ENST00000263372,ENSP00000263372.2,unlabeled,False,0,self_learning,NC3
1815,ENST00000263377,ENSP00000263377.1,unlabeled,False,0,self_learning,NC3
1816,ENST00000263383,ENSP00000263383.3,train,True,0,self_learning,NC3
1817,ENST00000263384,ENSP00000263384.6,train,True,0,self_learning,NC3
1818,ENST00000263388,ENSP00000263388.1,train,True,0,self_learning,NC3
1819,ENST00000263390,ENSP00000263390.3,val,True,0,self_learning,NC3
1820,ENST00000263401,ENSP00000263401.5,train,True,0,self_learning,NC3
1821,ENST00000263431,ENSP00000263431.3,unlabeled,False,0,self_learning,NC3
1822,ENST00000263433,ENSP00000263433.1,unlabeled,False,0,self_learning,NC3
1823,ENST00000263440,ENSP00000263440.5,train,True,0,self_learning,NC3
1824,ENST00000263461,ENSP00000263461.5,train,True,0,self_learning,NC3
1825,ENST00000263468,ENSP00000263468.8,unlabeled,False,0,self_learning,NC3
1826,ENST00000263512,ENSP00000263512.4,unlabeled,False,0,self_learning,NC3
1827,ENST00000263556,ENSP00000263556.3,unlabeled,False,0,self_learning,NC3
1828,ENST00000263559,ENSP00000263559.6,train,True,0,self_learning,NC3
1829,ENST00000263563,ENSP00000263563.5,unlabeled,False,0,self_learning,NC3
1830,ENST00000263576,ENSP00000263576.6,unlabeled,False,0,self_learning,NC3
1831,ENST00000263577,ENSP00000263577.7,unlabeled,False,0,self_learning,NC3
1832,ENST00000263578,ENSP00000263578.5,train,True,0,self_learning,NC3
1833,ENST00000263579,ENSP00000263579.4,train,True,0,self_learning,NC3
1834,ENST00000263593,ENSP00000263593.3,train,True,0,self_learning,NC3
1835,ENST00000263620,ENSP00000263620.2,val,True,0,self_learning,NC3
1836,ENST00000263629,ENSP00000263629.4,unlabeled,False,0,self_learning,NC3
1837,ENST00000263630,ENSP00000263630.8,unlabeled,False,0,self_learning,NC3
1838,ENST00000263634,ENSP00000263634.2,unlabeled,False,0,self_learning,NC3
1839,ENST00000263635,ENSP00000263635.6,train,True,0,self_learning,NC3
1840,ENST00000263645,ENSP00000263645.5,unlabeled,False,0,self_learning,NC3
1841,ENST00000263650,ENSP00000263650.7,unlabeled,False,0,self_learning,NC3
1842,ENST00000263655,0,unlabeled,False,0,self_learning,NC3
1843,ENST00000263657,ENSP00000263657.2,train,True,0,self_learning,NC3
1844,ENST00000263663,ENSP00000263663.4,unlabeled,False,0,self_learning,NC3
1845,ENST00000263666,ENSP00000263666.4,train,True,0,self_learning,NC3
1846,ENST00000263672,ENSP00000263672.6,unlabeled,False,0,self_learning,NC3
1847,ENST00000263674,ENSP00000263674.3,unlabeled,False,0,self_learning,NC3
1848,ENST00000263681,ENSP00000263681.2,train,True,0,self_learning,NC3
1849,ENST00000263688,ENSP00000263688.3,train,True,0,self_learning,NC3
1850,ENST00000263694,ENSP00000263694.4,train,True,0,self_learning,NC3
1851,ENST00000263697,ENSP00000263697.4,train,True,0,self_learning,NC3
1852,ENST00000263707,ENSP00000263707.5,unlabeled,False,0,self_learning,NC3
1853,ENST00000263708,ENSP00000263708.2,unlabeled,False,0,self_learning,NC3
1854,ENST00000263710,ENSP00000263710.4,unlabeled,False,0,self_learning,NC3
1855,ENST00000263726,ENSP00000263726.2,unlabeled,False,0,self_learning,NC3
1856,ENST00000263733,ENSP00000263733.4,train,True,0,self_learning,NC3
1857,ENST00000263734,ENSP00000263734.3,unlabeled,False,0,self_learning,NC3
1858,ENST00000263735,ENSP00000263735.4,unlabeled,False,0,self_learning,NC3
1859,ENST00000263736,ENSP00000263736.4,train,True,0,self_learning,NC3
1860,ENST00000263754,ENSP00000263754.4,unlabeled,False,0,self_learning,NC3
1861,ENST00000263774,ENSP00000263774.4,train,True,0,self_learning,NC3
1862,ENST00000263776,ENSP00000263776.8,unlabeled,False,0,self_learning,NC3
1863,ENST00000263780,ENSP00000263780.4,test,True,0,self_learning,NC3
1864,ENST00000263791,ENSP00000263791.5,train,True,0,self_learning,NC3
1865,ENST00000263795,ENSP00000263795.6,train,True,0,self_learning,NC3
1866,ENST00000263798,ENSP00000263798.3,unlabeled,False,0,self_learning,NC3
1867,ENST00000263800,ENSP00000263800.6,unlabeled,False,0,self_learning,NC3
1868,ENST00000263801,ENSP00000263801.3,unlabeled,False,0,self_learning,NC3
1869,ENST00000263846,ENSP00000263846.4,unlabeled,False,0,self_learning,NC3
1870,ENST00000263847,ENSP00000263847.1,train,True,0,self_learning,NC3
1871,ENST00000263849,0,unlabeled,False,0,self_learning,NC3
1872,ENST00000263856,ENSP00000263856.4,unlabeled,False,0,self_learning,NC3
1873,ENST00000263857,ENSP00000263857.6,val,True,0,self_learning,NC3
1874,ENST00000263864,ENSP00000263864.5,val,True,0,self_learning,NC3
1875,ENST00000263867,ENSP00000263867.4,unlabeled,False,0,self_learning,NC3
1876,ENST00000263881,ENSP00000263881.3,test,True,0,self_learning,NC3
1877,ENST00000263897,0,unlabeled,False,0,self_learning,NC3
1878,ENST00000263904,ENSP00000263904.4,train,True,0,self_learning,NC3
1879,ENST00000263915,ENSP00000263915.3,unlabeled,False,0,self_learning,NC3
1880,ENST00000263918,ENSP00000263918.4,train,True,0,self_learning,NC3
1881,ENST00000263921,ENSP00000263921.3,unlabeled,False,0,self_learning,NC3
1882,ENST00000263955,ENSP00000263955.4,unlabeled,False,0,self_learning,NC3
1883,ENST00000263956,ENSP00000263956.3,train,True,0,self_learning,NC3
1884,ENST00000263966,ENSP00000263966.3,train,True,0,self_learning,NC3
1885,ENST00000263967,ENSP00000263967.3,unlabeled,False,0,self_learning,NC3
1886,ENST00000263974,ENSP00000263974.4,unlabeled,False,0,self_learning,NC3
1887,ENST00000263980,ENSP00000263980.3,train,True,0,self_learning,NC3
1888,ENST00000263985,ENSP00000263985.6,train,True,0,self_learning,NC3
1889,ENST00000263991,ENSP00000263991.5,train,True,0,self_learning,NC3
1890,ENST00000263997,ENSP00000263997.5,train,True,0,self_learning,NC3
1891,ENST00000264001,0,unlabeled,False,0,self_learning,NC3
1892,ENST00000264005,ENSP00000264005.5,unlabeled,False,0,self_learning,NC3
1893,ENST00000264012,ENSP00000264012.4,unlabeled,False,0,self_learning,NC3
1894,ENST00000264020,0,unlabeled,False,0,self_learning,NC3
1895,ENST00000264025,ENSP00000264025.3,train,True,0,self_learning,NC3
1896,ENST00000264027,ENSP00000264027.4,unlabeled,False,0,self_learning,NC3
1897,ENST00000264028,ENSP00000264028.4,unlabeled,False,0,self_learning,NC3
1898,ENST00000264033,ENSP00000264033.3,train,True,0,self_learning,NC3
1899,ENST00000264036,ENSP00000264036.4,train,True,0,self_learning,NC3
1900,ENST00000264039,ENSP00000264039.2,train,True,0,self_learning,NC3
1901,ENST00000264042,ENSP00000264042.3,train,True,0,self_learning,NC3
1902,ENST00000264059,ENSP00000264059.3,train,True,0,self_learning,NC3
1903,ENST00000264065,ENSP00000264065.6,train,True,0,self_learning,NC3
1904,ENST00000264071,ENSP00000264071.1,train,True,0,self_learning,NC3
1905,ENST00000264079,ENSP00000264079.5,unlabeled,False,0,self_learning,NC3
1906,ENST00000264093,ENSP00000264093.4,train,True,0,self_learning,NC3
1907,ENST00000264094,ENSP00000264094.3,unlabeled,False,0,self_learning,NC3
1908,ENST00000264108,ENSP00000264108.4,unlabeled,False,0,self_learning,NC3
1909,ENST00000264110,ENSP00000264110.2,train,True,0,self_learning,NC3
1910,ENST00000264144,ENSP00000264144.4,unlabeled,False,0,self_learning,NC3
1911,ENST00000264151,ENSP00000264151.5,unlabeled,False,0,self_learning,NC3
1912,ENST00000264156,ENSP00000264156.2,test,True,0,self_learning,NC3
1913,ENST00000264157,ENSP00000264157.5,train,True,0,self_learning,NC3
1914,ENST00000264158,ENSP00000264158.8,unlabeled,False,0,self_learning,NC3
1915,ENST00000264159,ENSP00000264159.6,unlabeled,False,0,self_learning,NC3
1916,ENST00000264160,ENSP00000264160.4,unlabeled,False,0,self_learning,NC3
1917,ENST00000264161,ENSP00000264161.4,train,True,0,self_learning,NC3
1918,ENST00000264183,ENSP00000264183.3,train,True,0,self_learning,NC3
1919,ENST00000264187,ENSP00000264187.6,train,True,0,self_learning,NC3
1920,ENST00000264198,ENSP00000264198.3,test,True,0,self_learning,NC3
1921,ENST00000264202,ENSP00000264202.7,unlabeled,False,0,self_learning,NC3
1922,ENST00000264218,ENSP00000264218.3,unlabeled,False,0,self_learning,NC3
1923,ENST00000264220,ENSP00000264220.2,val,True,0,self_learning,NC3
1924,ENST00000264228,ENSP00000264228.4,unlabeled,False,0,self_learning,NC3
1925,ENST00000264229,ENSP00000264229.6,unlabeled,False,0,self_learning,NC3
1926,ENST00000264230,ENSP00000264230.4,test,True,0,self_learning,NC3
1927,ENST00000264231,ENSP00000264231.3,unlabeled,False,0,self_learning,NC3
1928,ENST00000264233,ENSP00000264233.5,train,True,0,self_learning,NC3
1929,ENST00000264245,ENSP00000264245.4,unlabeled,False,0,self_learning,NC3
1930,ENST00000264249,ENSP00000264249.3,unlabeled,False,0,self_learning,NC3
1931,ENST00000264254,ENSP00000264254.6,train,True,0,self_learning,NC3
1932,ENST00000264255,ENSP00000264255.3,test,True,0,self_learning,NC3
1933,ENST00000264258,ENSP00000264258.3,train,True,0,self_learning,NC3
1934,ENST00000264265,ENSP00000264265.3,train,True,0,self_learning,NC3
1935,ENST00000264276,ENSP00000264276.6,unlabeled,False,0,self_learning,NC3
1936,ENST00000264279,ENSP00000264279.5,train,True,0,self_learning,NC3
1937,ENST00000264313,ENSP00000264313.5,train,True,0,self_learning,NC3
1938,ENST00000264316,ENSP00000264316.4,unlabeled,False,0,self_learning,NC3
1939,ENST00000264344,ENSP00000264344.5,train,True,0,self_learning,NC3
1940,ENST00000264346,ENSP00000264346.8,unlabeled,False,0,self_learning,NC3
1941,ENST00000264350,ENSP00000264350.3,train,True,0,self_learning,NC3
1942,ENST00000264360,ENSP00000264360.4,unlabeled,False,0,self_learning,NC3
1943,ENST00000264377,ENSP00000264377.3,unlabeled,False,0,self_learning,NC3
1944,ENST00000264380,ENSP00000264380.4,train,True,0,self_learning,NC3
1945,ENST00000264381,ENSP00000264381.3,test,True,0,self_learning,NC3
1946,ENST00000264389,ENSP00000264389.2,train,True,0,self_learning,NC3
1947,ENST00000264409,ENSP00000264409.4,unlabeled,False,0,self_learning,NC3
1948,ENST00000264414,ENSP00000264414.4,train,True,0,self_learning,NC3
1949,ENST00000264428,ENSP00000264428.4,unlabeled,False,0,self_learning,NC3
1950,ENST00000264431,ENSP00000264431.4,unlabeled,False,0,self_learning,NC3
1951,ENST00000264433,ENSP00000264433.6,unlabeled,False,0,self_learning,NC3
1952,ENST00000264436,ENSP00000264436.3,unlabeled,False,0,self_learning,NC3
1953,ENST00000264444,ENSP00000264444.2,unlabeled,False,0,self_learning,NC3
1954,ENST00000264451,ENSP00000264451.6,val,True,0,self_learning,NC3
1955,ENST00000264454,ENSP00000264454.3,unlabeled,False,0,self_learning,NC3
1956,ENST00000264485,ENSP00000264485.5,unlabeled,False,0,self_learning,NC3
1957,ENST00000264499,ENSP00000264499.4,val,True,0,self_learning,NC3
1958,ENST00000264501,ENSP00000264501.4,unlabeled,False,0,self_learning,NC3
1959,ENST00000264515,ENSP00000264515.6,train,True,0,self_learning,NC3
1960,ENST00000264538,ENSP00000264538.3,train,True,0,self_learning,NC3
1961,ENST00000264552,ENSP00000264552.8,train,True,0,self_learning,NC3
1962,ENST00000264563,ENSP00000264563.1,unlabeled,False,0,self_learning,NC3
1963,ENST00000264595,ENSP00000264595.2,train,True,0,self_learning,NC3
1964,ENST00000264596,ENSP00000264596.3,train,True,0,self_learning,NC3
1965,ENST00000264607,ENSP00000264607.4,unlabeled,False,0,self_learning,NC3
1966,ENST00000264638,ENSP00000264638.3,unlabeled,False,0,self_learning,NC3
1967,ENST00000264639,ENSP00000264639.4,train,True,0,self_learning,NC3
1968,ENST00000264645,ENSP00000264645.6,test,True,0,self_learning,NC3
1969,ENST00000264658,ENSP00000264658.6,unlabeled,False,0,self_learning,NC3
1970,ENST00000264661,ENSP00000264661.2,unlabeled,False,0,self_learning,NC3
1971,ENST00000264663,ENSP00000264663.5,unlabeled,False,0,self_learning,NC3
1972,ENST00000264669,ENSP00000264669.5,val,True,0,self_learning,NC3
1973,ENST00000264670,ENSP00000264670.6,train,True,0,self_learning,NC3
1974,ENST00000264689,ENSP00000264689.6,train,True,0,self_learning,NC3
1975,ENST00000264703,ENSP00000264703.3,unlabeled,False,0,self_learning,NC3
1976,ENST00000264705,ENSP00000264705.3,train,True,0,self_learning,NC3
1977,ENST00000264709,ENSP00000264709.3,unlabeled,False,0,self_learning,NC3
1978,ENST00000264710,ENSP00000264710.4,val,True,0,self_learning,NC3
1979,ENST00000264711,ENSP00000264711.2,unlabeled,False,0,self_learning,NC3
1980,ENST00000264712,ENSP00000264712.3,unlabeled,False,0,self_learning,NC3
1981,ENST00000264716,ENSP00000264716.4,unlabeled,False,0,self_learning,NC3
1982,ENST00000264735,ENSP00000264735.4,unlabeled,False,0,self_learning,NC3
1983,ENST00000264741,ENSP00000264741.5,unlabeled,False,0,self_learning,NC3
1984,ENST00000264758,ENSP00000264758.6,val,True,0,self_learning,NC3
1985,ENST00000264771,ENSP00000264771.4,unlabeled,False,0,self_learning,NC3
1986,ENST00000264773,0,unlabeled,False,0,self_learning,NC3
1987,ENST00000264775,0,unlabeled,False,0,self_learning,NC3
1988,ENST00000264805,ENSP00000264805.5,unlabeled,False,0,self_learning,NC3
1989,ENST00000264811,ENSP00000264811.5,unlabeled,False,0,self_learning,NC3
1990,ENST00000264834,ENSP00000264834.3,unlabeled,False,0,self_learning,NC3
1991,ENST00000264864,ENSP00000264864.6,unlabeled,False,0,self_learning,NC3
1992,ENST00000264866,ENSP00000264866.4,unlabeled,False,0,self_learning,NC3
1993,ENST00000264867,ENSP00000264867.2,unlabeled,False,0,self_learning,NC3
1994,ENST00000264883,ENSP00000264883.3,unlabeled,False,0,self_learning,NC3
1995,ENST00000264896,ENSP00000264896.2,unlabeled,False,0,self_learning,NC3
1996,ENST00000264908,ENSP00000264908.6,train,True,0,self_learning,NC3
1997,ENST00000264914,ENSP00000264914.4,test,True,0,self_learning,NC3
1998,ENST00000264917,ENSP00000264917.6,unlabeled,False,0,self_learning,NC3
1999,ENST00000264926,ENSP00000264926.2,val,True,0,self_learning,NC3
2000,ENST00000264930,ENSP00000264930.5,val,True,0,self_learning,NC3
2001,ENST00000264932,ENSP00000264932.6,train,True,0,self_learning,NC3
2002,ENST00000264933,ENSP00000264933.4,train,True,0,self_learning,NC3
2003,ENST00000264935,ENSP00000264935.5,unlabeled,False,0,self_learning,NC3
2004,ENST00000264951,ENSP00000264951.4,train,True,0,self_learning,NC3
2005,ENST00000264954,ENSP00000264954.4,train,True,0,self_learning,NC3
2006,ENST00000264956,ENSP00000264956.6,unlabeled,False,0,self_learning,NC3
2007,ENST00000264968,ENSP00000264968.2,unlabeled,False,0,self_learning,NC3
2008,ENST00000264982,ENSP00000264982.3,unlabeled,False,0,self_learning,NC3
2009,ENST00000264990,ENSP00000264990.6,val,True,0,self_learning,NC3
2010,ENST00000264995,ENSP00000264995.2,unlabeled,False,0,self_learning,NC3
2011,ENST00000265000,ENSP00000265000.4,train,True,0,self_learning,NC3
2012,ENST00000265026,ENSP00000265026.3,unlabeled,False,0,self_learning,NC3
2013,ENST00000265036,ENSP00000265036.5,train,True,0,self_learning,NC3
2014,ENST00000265056,ENSP00000265056.7,train,True,0,self_learning,NC3
2015,ENST00000265062,ENSP00000265062.3,unlabeled,False,0,self_learning,NC3
2016,ENST00000265069,ENSP00000265069.8,train,True,0,self_learning,NC3
2017,ENST00000265070,ENSP00000265070.6,val,True,0,self_learning,NC3
2018,ENST00000265073,ENSP00000265073.4,unlabeled,False,0,self_learning,NC3
2019,ENST00000265077,ENSP00000265077.3,unlabeled,False,0,self_learning,NC3
2020,ENST00000265080,ENSP00000265080.4,unlabeled,False,0,self_learning,NC3
2021,ENST00000265081,ENSP00000265081.6,train,True,0,self_learning,NC3
2022,ENST00000265085,ENSP00000265085.5,unlabeled,False,0,self_learning,NC3
2023,ENST00000265094,ENSP00000265094.5,unlabeled,False,0,self_learning,NC3
2024,ENST00000265097,ENSP00000265097.5,train,True,0,self_learning,NC3
2025,ENST00000265107,ENSP00000265107.4,train,True,0,self_learning,NC3
2026,ENST00000265113,ENSP00000265113.4,unlabeled,False,0,self_learning,NC3
2027,ENST00000265136,ENSP00000265136.7,unlabeled,False,0,self_learning,NC3
2028,ENST00000265138,ENSP00000265138.3,unlabeled,False,0,self_learning,NC3
2029,ENST00000265140,ENSP00000265140.5,test,True,0,self_learning,NC3
2030,ENST00000265148,ENSP00000265148.3,train,True,0,self_learning,NC3
2031,ENST00000265162,ENSP00000265162.5,unlabeled,False,0,self_learning,NC3
2032,ENST00000265164,ENSP00000265164.2,train,True,0,self_learning,NC3
2033,ENST00000265165,ENSP00000265165.1,val,True,0,self_learning,NC3
2034,ENST00000265174,ENSP00000265174.4,val,True,0,self_learning,NC3
2035,ENST00000265191,ENSP00000265191.2,unlabeled,False,0,self_learning,NC3
2036,ENST00000265195,ENSP00000265195.5,unlabeled,False,0,self_learning,NC3
2037,ENST00000265198,ENSP00000265198.4,unlabeled,False,0,self_learning,NC3
2038,ENST00000265224,ENSP00000265224.4,unlabeled,False,0,self_learning,NC3
2039,ENST00000265239,ENSP00000265239.6,unlabeled,False,0,self_learning,NC3
2040,ENST00000265245,ENSP00000265245.5,train,True,0,self_learning,NC3
2041,ENST00000265260,ENSP00000265260.3,train,True,0,self_learning,NC3
2042,ENST00000265271,ENSP00000265271.5,train,True,0,self_learning,NC3
2043,ENST00000265295,ENSP00000265295.4,train,True,0,self_learning,NC3
2044,ENST00000265299,ENSP00000265299.6,unlabeled,False,0,self_learning,NC3
2045,ENST00000265316,ENSP00000265316.3,train,True,0,self_learning,NC3
2046,ENST00000265322,ENSP00000265322.7,val,True,0,self_learning,NC3
2047,ENST00000265334,ENSP00000265334.4,unlabeled,False,0,self_learning,NC3
2048,ENST00000265339,ENSP00000265339.2,unlabeled,False,0,self_learning,NC3
2049,ENST00000265340,ENSP00000265340.6,unlabeled,False,0,self_learning,NC3
2050,ENST00000265343,ENSP00000265343.5,train,True,0,self_learning,NC3
2051,ENST00000265348,ENSP00000265348.4,unlabeled,False,0,self_learning,NC3
2052,ENST00000265350,ENSP00000265350.4,train,True,0,self_learning,NC3
2053,ENST00000265351,ENSP00000265351.7,val,True,0,self_learning,NC3
2054,ENST00000265354,ENSP00000265354.4,train,True,0,self_learning,NC3
2055,ENST00000265361,ENSP00000265361.3,unlabeled,False,0,self_learning,NC3
2056,ENST00000265362,ENSP00000265362.3,unlabeled,False,0,self_learning,NC3
2057,ENST00000265371,ENSP00000265371.3,unlabeled,False,0,self_learning,NC3
2058,ENST00000265381,ENSP00000265381.3,unlabeled,False,0,self_learning,NC3
2059,ENST00000265382,ENSP00000265382.2,unlabeled,False,0,self_learning,NC3
2060,ENST00000265395,ENSP00000265395.2,train,True,0,self_learning,NC3
2061,ENST00000265421,ENSP00000265421.4,train,True,0,self_learning,NC3
2062,ENST00000265433,ENSP00000265433.4,unlabeled,False,0,self_learning,NC3
2063,ENST00000265459,ENSP00000265459.5,unlabeled,False,0,self_learning,NC3
2064,ENST00000265460,ENSP00000265460.5,unlabeled,False,0,self_learning,NC3
2065,ENST00000265462,ENSP00000265462.4,train,True,0,self_learning,NC3
2066,ENST00000265465,ENSP00000265465.3,train,True,0,self_learning,NC3
2067,ENST00000265471,ENSP00000265471.5,train,True,0,self_learning,NC3
2068,ENST00000265560,ENSP00000265560.4,train,True,0,self_learning,NC3
2069,ENST00000265562,ENSP00000265562.4,val,True,0,self_learning,NC3
2070,ENST00000265563,ENSP00000265563.8,unlabeled,False,0,self_learning,NC3
2071,ENST00000265564,ENSP00000265564.7,val,True,0,self_learning,NC3
2072,ENST00000265565,ENSP00000265565.5,train,True,0,self_learning,NC3
2073,ENST00000265593,ENSP00000265593.4,unlabeled,False,0,self_learning,NC3
2074,ENST00000265594,ENSP00000265594.4,test,True,0,self_learning,NC3
2075,ENST00000265598,ENSP00000265598.3,unlabeled,False,0,self_learning,NC3
2076,ENST00000265602,ENSP00000265602.6,unlabeled,False,0,self_learning,NC3
2077,ENST00000265605,ENSP00000265605.2,test,True,0,self_learning,NC3
2078,ENST00000265616,0,unlabeled,False,0,self_learning,NC3
2079,ENST00000265631,ENSP00000265631.6,unlabeled,False,0,self_learning,NC3
2080,ENST00000265634,ENSP00000265634.3,unlabeled,False,0,self_learning,NC3
2081,ENST00000265641,ENSP00000265641.4,test,True,0,self_learning,NC3
2082,ENST00000265643,ENSP00000265643.3,unlabeled,False,0,self_learning,NC3
2083,ENST00000265651,ENSP00000265651.3,train,True,0,self_learning,NC3
2084,ENST00000265663,ENSP00000265663.7,unlabeled,False,0,self_learning,NC3
2085,ENST00000265678,ENSP00000265678.4,unlabeled,False,0,self_learning,NC3
2086,ENST00000265686,ENSP00000265686.3,unlabeled,False,0,self_learning,NC3
2087,ENST00000265689,ENSP00000265689.4,train,True,0,self_learning,NC3
2088,ENST00000265713,ENSP00000265713.2,unlabeled,False,0,self_learning,NC3
2089,ENST00000265717,ENSP00000265717.4,train,True,0,self_learning,NC3
2090,ENST00000265723,ENSP00000265723.4,unlabeled,False,0,self_learning,NC3
2091,ENST00000265728,ENSP00000265728.1,val,True,0,self_learning,NC3
2092,ENST00000265729,ENSP00000265729.3,train,True,0,self_learning,NC3
2093,ENST00000265732,ENSP00000265732.5,unlabeled,False,0,self_learning,NC3
2094,ENST00000265742,0,unlabeled,False,0,self_learning,NC3
2095,ENST00000265748,ENSP00000265748.2,train,True,0,self_learning,NC3
2096,ENST00000265755,ENSP00000265755.3,unlabeled,False,0,self_learning,NC3
2097,ENST00000265758,ENSP00000265758.3,train,True,0,self_learning,NC3
2098,ENST00000265807,ENSP00000265807.3,unlabeled,False,0,self_learning,NC3
2099,ENST00000265827,ENSP00000265827.3,unlabeled,False,0,self_learning,NC3
2100,ENST00000265838,ENSP00000265838.4,unlabeled,False,0,self_learning,NC3
2101,ENST00000265840,ENSP00000265840.7,unlabeled,False,0,self_learning,NC3
2102,ENST00000265843,ENSP00000265843.4,unlabeled,False,0,self_learning,NC3
2103,ENST00000265846,ENSP00000265846.5,unlabeled,False,0,self_learning,NC3
2104,ENST00000265849,ENSP00000265849.7,unlabeled,False,0,self_learning,NC3
2105,ENST00000265857,ENSP00000265857.3,train,True,0,self_learning,NC3
2106,ENST00000265872,ENSP00000265872.6,train,True,0,self_learning,NC3
2107,ENST00000265896,ENSP00000265896.5,train,True,0,self_learning,NC3
2108,ENST00000265965,ENSP00000265965.5,unlabeled,False,0,self_learning,NC3
2109,ENST00000265969,ENSP00000265969.7,unlabeled,False,0,self_learning,NC3
2110,ENST00000265970,ENSP00000265970.6,unlabeled,False,0,self_learning,NC3
2111,ENST00000265978,0,unlabeled,False,0,self_learning,NC3
2112,ENST00000265981,ENSP00000265981.2,val,True,0,self_learning,NC3
2113,ENST00000265986,ENSP00000265986.6,train,True,0,self_learning,NC3
2114,ENST00000265997,ENSP00000265997.4,test,True,0,self_learning,NC3
2115,ENST00000266022,ENSP00000266022.4,train,True,0,self_learning,NC3
2116,ENST00000266025,ENSP00000266025.3,val,True,0,self_learning,NC3
2117,ENST00000266037,ENSP00000266037.8,unlabeled,False,0,self_learning,NC3
2118,ENST00000266041,ENSP00000266041.4,unlabeled,False,0,self_learning,NC3
2119,ENST00000266058,ENSP00000266058.4,train,True,0,self_learning,NC3
2120,ENST00000266068,ENSP00000266068.1,unlabeled,False,0,self_learning,NC3
2121,ENST00000266069,ENSP00000266069.3,train,True,0,self_learning,NC3
2122,ENST00000266077,ENSP00000266077.2,unlabeled,False,0,self_learning,NC3
2123,ENST00000266079,ENSP00000266079.4,val,True,0,self_learning,NC3
2124,ENST00000266087,ENSP00000266087.7,train,True,0,self_learning,NC3
2125,ENST00000266126,ENSP00000266126.5,train,True,0,self_learning,NC3
2126,ENST00000266254,ENSP00000266254.7,unlabeled,False,0,self_learning,NC3
2127,ENST00000266263,ENSP00000266263.5,test,True,0,self_learning,NC3
2128,ENST00000266269,ENSP00000266269.5,test,True,0,self_learning,NC3
2129,ENST00000266304,ENSP00000266304.4,unlabeled,False,0,self_learning,NC3
2130,ENST00000266383,ENSP00000266383.5,unlabeled,False,0,self_learning,NC3
2131,ENST00000266458,ENSP00000266458.5,unlabeled,False,0,self_learning,NC3
2132,ENST00000266483,ENSP00000266483.2,train,True,0,self_learning,NC3
2133,ENST00000266517,0,unlabeled,False,0,self_learning,NC3
2134,ENST00000266529,ENSP00000266529.3,unlabeled,False,0,self_learning,NC3
2135,ENST00000266534,0,unlabeled,False,0,self_learning,NC3
2136,ENST00000266544,ENSP00000266544.5,train,True,0,self_learning,NC3
2137,ENST00000266556,ENSP00000266556.7,unlabeled,False,0,self_learning,NC3
2138,ENST00000266579,ENSP00000266579.4,unlabeled,False,0,self_learning,NC3
2139,ENST00000266581,ENSP00000266581.4,unlabeled,False,0,self_learning,NC3
2140,ENST00000266594,ENSP00000266594.2,unlabeled,False,0,self_learning,NC3
2141,ENST00000266604,ENSP00000266604.2,val,True,0,self_learning,NC3
2142,ENST00000266643,ENSP00000266643.5,unlabeled,False,0,self_learning,NC3
2143,ENST00000266646,ENSP00000266646.2,unlabeled,False,0,self_learning,NC3
2144,ENST00000266673,ENSP00000266673.5,unlabeled,False,0,self_learning,NC3
2145,ENST00000266674,ENSP00000266674.4,unlabeled,False,0,self_learning,NC3
2146,ENST00000266682,ENSP00000266682.5,train,True,0,self_learning,NC3
2147,ENST00000266712,ENSP00000266712.6,train,True,0,self_learning,NC3
2148,ENST00000266718,ENSP00000266718.4,unlabeled,False,0,self_learning,NC3
2149,ENST00000266732,ENSP00000266732.4,train,True,0,self_learning,NC3
2150,ENST00000266736,ENSP00000266736.2,unlabeled,False,0,self_learning,NC3
2151,ENST00000266742,ENSP00000266742.5,unlabeled,False,0,self_learning,NC3
2152,ENST00000266771,ENSP00000266771.5,train,True,0,self_learning,NC3
2153,ENST00000266943,ENSP00000266943.7,unlabeled,False,0,self_learning,NC3
2154,ENST00000266970,ENSP00000266970.4,unlabeled,False,0,self_learning,NC3
2155,ENST00000266987,ENSP00000266987.2,unlabeled,False,0,self_learning,NC3
2156,ENST00000267064,ENSP00000267064.4,unlabeled,False,0,self_learning,NC3
2157,ENST00000267079,ENSP00000267079.2,unlabeled,False,0,self_learning,NC3
2158,ENST00000267101,ENSP00000267101.4,unlabeled,False,0,self_learning,NC3
2159,ENST00000267103,ENSP00000267103.5,train,True,0,self_learning,NC3
2160,ENST00000267115,ENSP00000267115.5,unlabeled,False,0,self_learning,NC3
2161,ENST00000267116,ENSP00000267116.7,test,True,0,self_learning,NC3
2162,ENST00000267176,ENSP00000267176.4,unlabeled,False,0,self_learning,NC3
2163,ENST00000267199,ENSP00000267199.3,unlabeled,False,0,self_learning,NC3
2164,ENST00000267202,ENSP00000267202.2,train,True,0,self_learning,NC3
2165,ENST00000267205,ENSP00000267205.2,unlabeled,False,0,self_learning,NC3
2166,ENST00000267229,0,unlabeled,False,0,self_learning,NC3
2167,ENST00000267328,ENSP00000267328.3,unlabeled,False,0,self_learning,NC3
2168,ENST00000267339,ENSP00000267339.2,unlabeled,False,0,self_learning,NC3
2169,ENST00000267396,ENSP00000267396.4,unlabeled,False,0,self_learning,NC3
2170,ENST00000267430,ENSP00000267430.5,unlabeled,False,0,self_learning,NC3
2171,ENST00000267436,ENSP00000267436.4,unlabeled,False,0,self_learning,NC3
2172,ENST00000267460,ENSP00000267460.4,unlabeled,False,0,self_learning,NC3
2173,ENST00000267485,0,unlabeled,False,0,self_learning,NC3
2174,ENST00000267584,ENSP00000267584.4,unlabeled,False,0,self_learning,NC3
2175,ENST00000267622,ENSP00000267622.4,train,True,0,self_learning,NC3
2176,ENST00000267750,ENSP00000267750.4,train,True,0,self_learning,NC3
2177,ENST00000267803,ENSP00000267803.4,unlabeled,False,0,self_learning,NC3
2178,ENST00000267812,ENSP00000267812.3,train,True,0,self_learning,NC3
2179,ENST00000267814,ENSP00000267814.9,train,True,0,self_learning,NC3
2180,ENST00000267838,ENSP00000267838.3,unlabeled,False,0,self_learning,NC3
2181,ENST00000267842,ENSP00000267842.5,test,True,0,self_learning,NC3
2182,ENST00000267868,0,unlabeled,False,0,self_learning,NC3
2183,ENST00000267884,ENSP00000267884.6,train,True,0,self_learning,NC3
2184,ENST00000267889,ENSP00000267889.3,unlabeled,False,0,self_learning,NC3
2185,ENST00000267890,ENSP00000267890.6,unlabeled,False,0,self_learning,NC3
2186,ENST00000267935,ENSP00000267935.8,test,True,0,self_learning,NC3
2187,ENST00000267938,ENSP00000267938.4,unlabeled,False,0,self_learning,NC3
2188,ENST00000267970,ENSP00000267970.4,train,True,0,self_learning,NC3
2189,ENST00000267978,ENSP00000267978.4,unlabeled,False,0,self_learning,NC3
2190,ENST00000267984,ENSP00000267984.2,unlabeled,False,0,self_learning,NC3
2191,ENST00000268042,ENSP00000268042.6,unlabeled,False,0,self_learning,NC3
2192,ENST00000268057,ENSP00000268057.4,train,True,0,self_learning,NC3
2193,ENST00000268058,ENSP00000268058.3,test,True,0,self_learning,NC3
2194,ENST00000268070,ENSP00000268070.4,unlabeled,False,0,self_learning,NC3
2195,ENST00000268097,ENSP00000268097.6,unlabeled,False,0,self_learning,NC3
2196,ENST00000268099,ENSP00000268099.9,val,True,0,self_learning,NC3
2197,ENST00000268122,ENSP00000268122.4,unlabeled,False,0,self_learning,NC3
2198,ENST00000268130,ENSP00000268130.7,unlabeled,False,0,self_learning,NC3
2199,ENST00000268138,ENSP00000268138.7,unlabeled,False,0,self_learning,NC3
2200,ENST00000268150,ENSP00000268150.8,train,True,0,self_learning,NC3
2201,ENST00000268154,ENSP00000268154.3,unlabeled,False,0,self_learning,NC3
2202,ENST00000268182,ENSP00000268182.5,train,True,0,self_learning,NC3
2203,ENST00000268184,ENSP00000268184.6,unlabeled,False,0,self_learning,NC3
2204,ENST00000268206,ENSP00000268206.7,unlabeled,False,0,self_learning,NC3
2205,ENST00000268220,ENSP00000268220.7,unlabeled,False,0,self_learning,NC3
2206,ENST00000268261,ENSP00000268261.4,train,True,0,self_learning,NC3
2207,ENST00000268281,ENSP00000268281.4,unlabeled,False,0,self_learning,NC3
2208,ENST00000268379,ENSP00000268379.4,train,True,0,self_learning,NC3
2209,ENST00000268383,ENSP00000268383.2,train,True,0,self_learning,NC3
2210,ENST00000268459,ENSP00000268459.3,unlabeled,False,0,self_learning,NC3
2211,ENST00000268482,ENSP00000268482.3,val,True,0,self_learning,NC3
2212,ENST00000268483,ENSP00000268483.3,unlabeled,False,0,self_learning,NC3
2213,ENST00000268533,ENSP00000268533.5,unlabeled,False,0,self_learning,NC3
2214,ENST00000268605,0,unlabeled,False,0,self_learning,NC3
2215,ENST00000268616,ENSP00000268616.4,unlabeled,False,0,self_learning,NC3
2216,ENST00000268638,ENSP00000268638.4,unlabeled,False,0,self_learning,NC3
2217,ENST00000268655,0,unlabeled,False,0,self_learning,NC3
2218,ENST00000268661,ENSP00000268661.7,unlabeled,False,0,self_learning,NC3
2219,ENST00000268668,ENSP00000268668.6,unlabeled,False,0,self_learning,NC3
2220,ENST00000268679,ENSP00000268679.4,unlabeled,False,0,self_learning,NC3
2221,ENST00000268695,ENSP00000268695.5,train,True,0,self_learning,NC3
2222,ENST00000268699,ENSP00000268699.4,unlabeled,False,0,self_learning,NC3
2223,ENST00000268711,ENSP00000268711.3,unlabeled,False,0,self_learning,NC3
2224,ENST00000268712,ENSP00000268712.2,unlabeled,False,0,self_learning,NC3
2225,ENST00000268717,ENSP00000268717.5,test,True,0,self_learning,NC3
2226,ENST00000268719,ENSP00000268719.4,train,True,0,self_learning,NC3
2227,ENST00000268720,ENSP00000268720.5,unlabeled,False,0,self_learning,NC3
2228,ENST00000268766,ENSP00000268766.6,unlabeled,False,0,self_learning,NC3
2229,ENST00000268797,ENSP00000268797.7,unlabeled,False,0,self_learning,NC3
2230,ENST00000268802,ENSP00000268802.5,train,True,0,self_learning,NC3
2231,ENST00000268835,ENSP00000268835.2,train,True,0,self_learning,NC3
2232,ENST00000268896,ENSP00000268896.4,unlabeled,False,0,self_learning,NC3
2233,ENST00000268989,ENSP00000268989.3,unlabeled,False,0,self_learning,NC3
2234,ENST00000269025,ENSP00000269025.4,unlabeled,False,0,self_learning,NC3
2235,ENST00000269033,ENSP00000269033.3,unlabeled,False,0,self_learning,NC3
2236,ENST00000269051,ENSP00000269051.4,unlabeled,False,0,self_learning,NC3
2237,ENST00000269081,ENSP00000269081.4,unlabeled,False,0,self_learning,NC3
2238,ENST00000269122,ENSP00000269122.3,unlabeled,False,0,self_learning,NC3
2239,ENST00000269141,ENSP00000269141.3,train,True,0,self_learning,NC3
2240,ENST00000269142,ENSP00000269142.6,unlabeled,False,0,self_learning,NC3
2241,ENST00000269143,ENSP00000269143.2,train,True,0,self_learning,NC3
2242,ENST00000269159,ENSP00000269159.3,unlabeled,False,0,self_learning,NC3
2243,ENST00000269187,ENSP00000269187.4,unlabeled,False,0,self_learning,NC3
2244,ENST00000269197,ENSP00000269197.4,unlabeled,False,0,self_learning,NC3
2245,ENST00000269202,ENSP00000269202.6,unlabeled,False,0,self_learning,NC3
2246,ENST00000269214,ENSP00000269214.4,unlabeled,False,0,self_learning,NC3
2247,ENST00000269221,ENSP00000269221.2,train,True,0,self_learning,NC3
2248,ENST00000269228,ENSP00000269228.4,val,True,0,self_learning,NC3
2249,ENST00000269243,ENSP00000269243.4,train,True,0,self_learning,NC3
2250,ENST00000269260,ENSP00000269260.2,unlabeled,False,0,self_learning,NC3
2251,ENST00000269298,ENSP00000269298.5,unlabeled,False,0,self_learning,NC3
2252,ENST00000269299,ENSP00000269299.3,unlabeled,False,0,self_learning,NC3
2253,ENST00000269321,ENSP00000269321.7,unlabeled,False,0,self_learning,NC3
2254,ENST00000269346,ENSP00000269346.4,unlabeled,False,0,self_learning,NC3
2255,ENST00000269373,ENSP00000269373.6,train,True,0,self_learning,NC3
2256,ENST00000269383,ENSP00000269383.3,train,True,0,self_learning,NC3
2257,ENST00000269385,ENSP00000269385.4,test,True,0,self_learning,NC3
2258,ENST00000269389,ENSP00000269389.3,unlabeled,False,0,self_learning,NC3
2259,ENST00000269391,ENSP00000269391.4,unlabeled,False,0,self_learning,NC3
2260,ENST00000269397,ENSP00000269397.4,train,True,0,self_learning,NC3
2261,ENST00000269439,ENSP00000269439.6,unlabeled,False,0,self_learning,NC3
2262,ENST00000269445,0,unlabeled,False,0,self_learning,NC3
2263,ENST00000269466,ENSP00000269466.3,unlabeled,False,0,self_learning,NC3
2264,ENST00000269499,ENSP00000269499.4,unlabeled,False,0,self_learning,NC3
2265,ENST00000269576,ENSP00000269576.5,unlabeled,False,0,self_learning,NC3
2266,ENST00000269593,ENSP00000269593.4,unlabeled,False,0,self_learning,NC3
2267,ENST00000269601,ENSP00000269601.4,train,True,0,self_learning,NC3
2268,ENST00000269701,ENSP00000269701.1,test,True,0,self_learning,NC3
2269,ENST00000269703,ENSP00000269703.1,unlabeled,False,0,self_learning,NC3
2270,ENST00000269740,ENSP00000269740.3,unlabeled,False,0,self_learning,NC3
2271,ENST00000269856,ENSP00000269856.3,unlabeled,False,0,self_learning,NC3
2272,ENST00000269886,ENSP00000269886.2,train,True,0,self_learning,NC3
2273,ENST00000269919,ENSP00000269919.3,unlabeled,False,0,self_learning,NC3
2274,ENST00000269932,ENSP00000269932.6,unlabeled,False,0,self_learning,NC3
2275,ENST00000269967,ENSP00000269967.2,train,True,0,self_learning,NC3
2276,ENST00000269973,0,unlabeled,False,0,self_learning,NC3
2277,ENST00000269980,ENSP00000269980.2,train,True,0,self_learning,NC3
2278,ENST00000270001,0,unlabeled,False,0,self_learning,NC3
2279,ENST00000270061,0,unlabeled,False,0,self_learning,NC3
2280,ENST00000270066,ENSP00000270066.6,val,True,0,self_learning,NC3
2281,ENST00000270112,ENSP00000270112.2,unlabeled,False,0,self_learning,NC3
2282,ENST00000270139,ENSP00000270139.3,unlabeled,False,0,self_learning,NC3
2283,ENST00000270142,ENSP00000270142.7,train,True,0,self_learning,NC3
2284,ENST00000270176,ENSP00000270176.5,train,True,0,self_learning,NC3
2285,ENST00000270223,ENSP00000270223.5,unlabeled,False,0,self_learning,NC3
2286,ENST00000270225,ENSP00000270225.6,test,True,0,self_learning,NC3
2287,ENST00000270233,ENSP00000270233.5,train,True,0,self_learning,NC3
2288,ENST00000270257,ENSP00000270257.3,unlabeled,False,0,self_learning,NC3
2289,ENST00000270357,ENSP00000270357.4,unlabeled,False,0,self_learning,NC3
2290,ENST00000270460,ENSP00000270460.6,unlabeled,False,0,self_learning,NC3
2291,ENST00000270502,ENSP00000270502.5,train,True,0,self_learning,NC3
2292,ENST00000270509,ENSP00000270509.2,unlabeled,False,0,self_learning,NC3
2293,ENST00000270517,ENSP00000270517.6,unlabeled,False,0,self_learning,NC3
2294,ENST00000270530,ENSP00000270530.3,unlabeled,False,0,self_learning,NC3
2295,ENST00000270538,ENSP00000270538.2,val,True,0,self_learning,NC3
2296,ENST00000270570,ENSP00000270570.4,unlabeled,False,0,self_learning,NC3
2297,ENST00000270583,ENSP00000270583.4,train,True,0,self_learning,NC3
2298,ENST00000270586,ENSP00000270586.3,train,True,0,self_learning,NC3
2299,ENST00000270625,ENSP00000270625.1,val,True,0,self_learning,NC3
2300,ENST00000270645,ENSP00000270645.2,unlabeled,False,0,self_learning,NC3
2301,ENST00000270649,ENSP00000270649.5,unlabeled,False,0,self_learning,NC3
2302,ENST00000270708,ENSP00000270708.7,train,True,0,self_learning,NC3
2303,ENST00000270722,ENSP00000270722.5,unlabeled,False,0,self_learning,NC3
2304,ENST00000270747,ENSP00000270747.3,unlabeled,False,0,self_learning,NC3
2305,ENST00000270776,ENSP00000270776.8,train,True,0,self_learning,NC3
2306,ENST00000270792,ENSP00000270792.5,test,True,0,self_learning,NC3
2307,ENST00000270815,0,unlabeled,False,0,self_learning,NC3
2308,ENST00000270824,ENSP00000270824.1,unlabeled,False,0,self_learning,NC3
2309,ENST00000270861,ENSP00000270861.5,unlabeled,False,0,self_learning,NC3
2310,ENST00000271064,ENSP00000271064.7,unlabeled,False,0,self_learning,NC3
2311,ENST00000271277,ENSP00000271277.6,train,True,0,self_learning,NC3
2312,ENST00000271308,ENSP00000271308.4,train,True,0,self_learning,NC3
2313,ENST00000271332,ENSP00000271332.3,unlabeled,False,0,self_learning,NC3
2314,ENST00000271373,ENSP00000271373.4,train,True,0,self_learning,NC3
2315,ENST00000271375,0,unlabeled,False,0,self_learning,NC3
2316,ENST00000271417,0,unlabeled,False,0,self_learning,NC3
2317,ENST00000271452,ENSP00000271452.3,train,True,0,self_learning,NC3
2318,ENST00000271526,ENSP00000271526.4,train,True,0,self_learning,NC3
2319,ENST00000271588,ENSP00000271588.4,unlabeled,False,0,self_learning,NC3
2320,ENST00000271620,ENSP00000271620.3,train,True,0,self_learning,NC3
2321,ENST00000271628,ENSP00000271628.8,train,True,0,self_learning,NC3
2322,ENST00000271636,ENSP00000271636.7,train,True,0,self_learning,NC3
2323,ENST00000271638,ENSP00000271638.2,train,True,0,self_learning,NC3
2324,ENST00000271651,ENSP00000271651.3,unlabeled,False,0,self_learning,NC3
2325,ENST00000271688,ENSP00000271688.6,unlabeled,False,0,self_learning,NC3
2326,ENST00000271715,ENSP00000271715.2,unlabeled,False,0,self_learning,NC3
2327,ENST00000271732,ENSP00000271732.3,train,True,0,self_learning,NC3
2328,ENST00000271764,ENSP00000271764.2,test,True,0,self_learning,NC3
2329,ENST00000271835,ENSP00000271835.3,unlabeled,False,0,self_learning,NC3
2330,ENST00000271843,ENSP00000271843.4,train,True,0,self_learning,NC3
2331,ENST00000271889,ENSP00000271889.4,unlabeled,False,0,self_learning,NC3
2332,ENST00000271971,ENSP00000271971.2,unlabeled,False,0,self_learning,NC3
2333,ENST00000272065,0,unlabeled,False,0,self_learning,NC3
2334,ENST00000272091,ENSP00000272091.7,train,True,0,self_learning,NC3
2335,ENST00000272139,0,unlabeled,False,0,self_learning,NC3
2336,ENST00000272164,ENSP00000272164.5,unlabeled,False,0,self_learning,NC3
2337,ENST00000272203,ENSP00000272203.2,unlabeled,False,0,self_learning,NC3
2338,ENST00000272217,ENSP00000272217.2,train,True,0,self_learning,NC3
2339,ENST00000272223,ENSP00000272223.2,unlabeled,False,0,self_learning,NC3
2340,ENST00000272224,ENSP00000272224.3,unlabeled,False,0,self_learning,NC3
2341,ENST00000272227,ENSP00000272227.4,unlabeled,False,0,self_learning,NC3
2342,ENST00000272233,ENSP00000272233.4,train,True,0,self_learning,NC3
2343,ENST00000272252,ENSP00000272252.5,val,True,0,self_learning,NC3
2344,ENST00000272321,ENSP00000272321.7,unlabeled,False,0,self_learning,NC3
2345,ENST00000272322,ENSP00000272322.4,unlabeled,False,0,self_learning,NC3
2346,ENST00000272342,ENSP00000272342.5,unlabeled,False,0,self_learning,NC3
2347,ENST00000272348,ENSP00000272348.2,train,True,0,self_learning,NC3
2348,ENST00000272369,ENSP00000272369.8,unlabeled,False,0,self_learning,NC3
2349,ENST00000272418,ENSP00000272418.2,train,True,0,self_learning,NC3
2350,ENST00000272424,ENSP00000272424.5,unlabeled,False,0,self_learning,NC3
2351,ENST00000272427,ENSP00000272427.7,unlabeled,False,0,self_learning,NC3
2352,ENST00000272433,ENSP00000272433.2,unlabeled,False,0,self_learning,NC3
2353,ENST00000272438,ENSP00000272438.4,unlabeled,False,0,self_learning,NC3
2354,ENST00000272452,ENSP00000272452.2,unlabeled,False,0,self_learning,NC3
2355,ENST00000272519,ENSP00000272519.4,unlabeled,False,0,self_learning,NC3
2356,ENST00000272520,ENSP00000272520.3,unlabeled,False,0,self_learning,NC3
2357,ENST00000272542,ENSP00000272542.3,unlabeled,False,0,self_learning,NC3
2358,ENST00000272638,ENSP00000272638.9,train,True,0,self_learning,NC3
2359,ENST00000272645,ENSP00000272645.3,train,True,0,self_learning,NC3
2360,ENST00000272647,ENSP00000272647.6,unlabeled,False,0,self_learning,NC3
2361,ENST00000272732,ENSP00000272732.6,train,True,0,self_learning,NC3
2362,ENST00000272748,ENSP00000272748.4,unlabeled,False,0,self_learning,NC3
2363,ENST00000272771,ENSP00000272771.5,unlabeled,False,0,self_learning,NC3
2364,ENST00000272845,ENSP00000272845.5,unlabeled,False,0,self_learning,NC3
2365,ENST00000272902,ENSP00000272902.5,val,True,0,self_learning,NC3
2366,ENST00000272937,ENSP00000272937.5,unlabeled,False,0,self_learning,NC3
2367,ENST00000272972,0,unlabeled,False,0,self_learning,NC3
2368,ENST00000273038,0,unlabeled,False,0,self_learning,NC3
2369,ENST00000273047,ENSP00000273047.4,train,True,0,self_learning,NC3
2370,ENST00000273063,ENSP00000273063.6,unlabeled,False,0,self_learning,NC3
2371,ENST00000273077,ENSP00000273077.4,unlabeled,False,0,self_learning,NC3
2372,ENST00000273130,ENSP00000273130.4,train,True,0,self_learning,NC3
2373,ENST00000273153,ENSP00000273153.5,unlabeled,False,0,self_learning,NC3
2374,ENST00000273173,ENSP00000273173.4,unlabeled,False,0,self_learning,NC3
2375,ENST00000273179,ENSP00000273179.5,unlabeled,False,0,self_learning,NC3
2376,ENST00000273221,ENSP00000273221.4,unlabeled,False,0,self_learning,NC3
2377,ENST00000273258,ENSP00000273258.3,train,True,0,self_learning,NC3
2378,ENST00000273308,ENSP00000273308.4,train,True,0,self_learning,NC3
2379,ENST00000273317,ENSP00000273317.4,train,True,0,self_learning,NC3
2380,ENST00000273347,ENSP00000273347.5,unlabeled,False,0,self_learning,NC3
2381,ENST00000273359,ENSP00000273359.3,train,True,0,self_learning,NC3
2382,ENST00000273375,ENSP00000273375.4,train,True,0,self_learning,NC3
2383,ENST00000273398,ENSP00000273398.3,unlabeled,False,0,self_learning,NC3
2384,ENST00000273480,ENSP00000273480.3,test,True,0,self_learning,NC3
2385,ENST00000273482,ENSP00000273482.6,unlabeled,False,0,self_learning,NC3
2386,ENST00000273550,ENSP00000273550.7,train,True,0,self_learning,NC3
2387,ENST00000273588,ENSP00000273588.3,unlabeled,False,0,self_learning,NC3
2388,ENST00000273596,ENSP00000273596.3,unlabeled,False,0,self_learning,NC3
2389,ENST00000273598,ENSP00000273598.4,unlabeled,False,0,self_learning,NC3
2390,ENST00000273666,ENSP00000273666.6,unlabeled,False,0,self_learning,NC3
2391,ENST00000273668,ENSP00000273668.2,unlabeled,False,0,self_learning,NC3
2392,ENST00000273814,ENSP00000273814.3,unlabeled,False,0,self_learning,NC3
2393,ENST00000273853,ENSP00000273853.6,train,True,0,self_learning,NC3
2394,ENST00000273854,ENSP00000273854.3,unlabeled,False,0,self_learning,NC3
2395,ENST00000273857,ENSP00000273857.4,unlabeled,False,0,self_learning,NC3
2396,ENST00000273859,ENSP00000273859.3,unlabeled,False,0,self_learning,NC3
2397,ENST00000273861,ENSP00000273861.4,unlabeled,False,0,self_learning,NC3
2398,ENST00000273920,ENSP00000273920.3,train,True,0,self_learning,NC3
2399,ENST00000273962,ENSP00000273962.3,unlabeled,False,0,self_learning,NC3
2400,ENST00000273963,ENSP00000273963.5,unlabeled,False,0,self_learning,NC3
2401,ENST00000273968,0,unlabeled,False,0,self_learning,NC3
2402,ENST00000273986,ENSP00000273986.4,train,True,0,self_learning,NC3
2403,ENST00000273990,ENSP00000354830.2,unlabeled,False,0,self_learning,NC3
2404,ENST00000274000,0,unlabeled,False,0,self_learning,NC3
2405,ENST00000274008,ENSP00000274008.3,unlabeled,False,0,self_learning,NC3
2406,ENST00000274054,ENSP00000274054.2,train,True,0,self_learning,NC3
2407,ENST00000274063,ENSP00000274063.4,unlabeled,False,0,self_learning,NC3
2408,ENST00000274137,ENSP00000274137.6,train,True,0,self_learning,NC3
2409,ENST00000274140,ENSP00000274140.4,train,True,0,self_learning,NC3
2410,ENST00000274192,ENSP00000274192.5,unlabeled,False,0,self_learning,NC3
2411,ENST00000274217,0,unlabeled,False,0,self_learning,NC3
2412,ENST00000274242,ENSP00000274242.5,test,True,0,self_learning,NC3
2413,ENST00000274255,ENSP00000274255.6,unlabeled,False,0,self_learning,NC3
2414,ENST00000274276,ENSP00000274276.3,unlabeled,False,0,self_learning,NC3
2415,ENST00000274289,ENSP00000274289.3,unlabeled,False,0,self_learning,NC3
2416,ENST00000274311,ENSP00000274311.2,train,True,0,self_learning,NC3
2417,ENST00000274361,ENSP00000274361.3,unlabeled,False,0,self_learning,NC3
2418,ENST00000274364,ENSP00000274364.6,train,True,0,self_learning,NC3
2419,ENST00000274376,ENSP00000274376.6,train,True,0,self_learning,NC3
2420,ENST00000274457,ENSP00000274457.3,unlabeled,False,0,self_learning,NC3
2421,ENST00000274458,ENSP00000274458.4,train,True,0,self_learning,NC3
2422,ENST00000274487,0,unlabeled,False,0,self_learning,NC3
2423,ENST00000274496,ENSP00000274496.5,train,True,0,self_learning,NC3
2424,ENST00000274498,ENSP00000274498.4,unlabeled,False,0,self_learning,NC3
2425,ENST00000274542,ENSP00000274542.2,unlabeled,False,0,self_learning,NC3
2426,ENST00000274569,ENSP00000274569.4,test,True,0,self_learning,NC3
2427,ENST00000274605,0,unlabeled,False,0,self_learning,NC3
2428,ENST00000274606,ENSP00000274606.4,train,True,0,self_learning,NC3
2429,ENST00000274695,ENSP00000274695.4,train,True,0,self_learning,NC3
2430,ENST00000274712,ENSP00000274712.2,val,True,0,self_learning,NC3
2431,ENST00000274721,ENSP00000274721.3,unlabeled,False,0,self_learning,NC3
2432,ENST00000274773,ENSP00000274773.7,unlabeled,False,0,self_learning,NC3
2433,ENST00000274787,ENSP00000274787.2,unlabeled,False,0,self_learning,NC3
2434,ENST00000274793,ENSP00000274793.7,unlabeled,False,0,self_learning,NC3
2435,ENST00000274811,0,unlabeled,False,0,self_learning,NC3
2436,ENST00000274813,ENSP00000274813.3,test,True,0,self_learning,NC3
2437,ENST00000274849,ENSP00000274849.1,val,True,0,self_learning,NC3
2438,ENST00000274938,ENSP00000274938.7,unlabeled,False,0,self_learning,NC3
2439,ENST00000275015,ENSP00000275015.3,train,True,0,self_learning,NC3
2440,ENST00000275016,ENSP00000275016.2,unlabeled,False,0,self_learning,NC3
2441,ENST00000275034,ENSP00000275034.3,unlabeled,False,0,self_learning,NC3
2442,ENST00000275053,ENSP00000275053.4,unlabeled,False,0,self_learning,NC3
2443,ENST00000275072,ENSP00000275072.4,train,True,0,self_learning,NC3
2444,ENST00000275159,ENSP00000275159.6,unlabeled,False,0,self_learning,NC3
2445,ENST00000275162,ENSP00000275162.4,unlabeled,False,0,self_learning,NC3
2446,ENST00000275227,ENSP00000275227.4,test,True,0,self_learning,NC3
2447,ENST00000275230,ENSP00000275230.5,train,True,0,self_learning,NC3
2448,ENST00000275233,ENSP00000275233.7,unlabeled,False,0,self_learning,NC3
2449,ENST00000275358,ENSP00000275358.3,unlabeled,False,0,self_learning,NC3
2450,ENST00000275364,ENSP00000275364.3,unlabeled,False,0,self_learning,NC3
2451,ENST00000275428,ENSP00000275428.4,train,True,0,self_learning,NC3
2452,ENST00000275493,ENSP00000275493.2,train,True,0,self_learning,NC3
2453,ENST00000275517,ENSP00000275517.3,unlabeled,False,0,self_learning,NC3
2454,ENST00000275560,0,unlabeled,False,0,self_learning,NC3
2455,ENST00000275603,ENSP00000275603.4,val,True,0,self_learning,NC3
2456,ENST00000275732,ENSP00000275732.4,unlabeled,False,0,self_learning,NC3
2457,ENST00000275766,0,unlabeled,False,0,self_learning,NC3
2458,ENST00000275820,ENSP00000275820.3,test,True,0,self_learning,NC3
2459,ENST00000275954,ENSP00000275954.3,train,True,0,self_learning,NC3
2460,ENST00000276055,ENSP00000276055.3,unlabeled,False,0,self_learning,NC3
2461,ENST00000276079,ENSP00000276079.8,unlabeled,False,0,self_learning,NC3
2462,ENST00000276201,ENSP00000276201.3,train,True,0,self_learning,NC3
2463,ENST00000276297,ENSP00000276297.4,unlabeled,False,0,self_learning,NC3
2464,ENST00000276390,ENSP00000276390.2,train,True,0,self_learning,NC3
2465,ENST00000276416,ENSP00000276416.6,val,True,0,self_learning,NC3
2466,ENST00000276420,ENSP00000276420.4,unlabeled,False,0,self_learning,NC3
2467,ENST00000276431,ENSP00000276431.4,train,True,0,self_learning,NC3
2468,ENST00000276440,ENSP00000276440.7,unlabeled,False,0,self_learning,NC3
2469,ENST00000276520,ENSP00000276520.8,unlabeled,False,0,self_learning,NC3
2470,ENST00000276533,ENSP00000276533.3,test,True,0,self_learning,NC3
2471,ENST00000276569,ENSP00000276569.3,train,True,0,self_learning,NC3
2472,ENST00000276585,ENSP00000276585.4,train,True,0,self_learning,NC3
2473,ENST00000276590,ENSP00000276590.4,unlabeled,False,0,self_learning,NC3
2474,ENST00000276603,ENSP00000276603.5,unlabeled,False,0,self_learning,NC3
2475,ENST00000276689,ENSP00000276689.3,unlabeled,False,0,self_learning,NC3
2476,ENST00000276692,ENSP00000276692.6,unlabeled,False,0,self_learning,NC3
2477,ENST00000276704,ENSP00000276704.4,unlabeled,False,0,self_learning,NC3
2478,ENST00000276816,ENSP00000276816.4,unlabeled,False,0,self_learning,NC3
2479,ENST00000276826,ENSP00000276826.5,unlabeled,False,0,self_learning,NC3
2480,ENST00000276893,ENSP00000276893.5,val,True,0,self_learning,NC3
2481,ENST00000276914,ENSP00000276914.2,train,True,0,self_learning,NC3
2482,ENST00000276925,ENSP00000276925.6,unlabeled,False,0,self_learning,NC3
2483,ENST00000277010,ENSP00000277010.4,train,True,0,self_learning,NC3
2484,ENST00000277165,ENSP00000277165.5,train,True,0,self_learning,NC3
2485,ENST00000277225,ENSP00000277225.5,unlabeled,False,0,self_learning,NC3
2486,ENST00000277309,0,unlabeled,False,0,self_learning,NC3
2487,ENST00000277458,ENSP00000277458.4,train,True,0,self_learning,NC3
2488,ENST00000277531,ENSP00000277531.4,unlabeled,False,0,self_learning,NC3
2489,ENST00000277540,ENSP00000277540.2,train,True,0,self_learning,NC3
2490,ENST00000277554,ENSP00000277554.2,test,True,0,self_learning,NC3
2491,ENST00000277570,ENSP00000277570.5,train,True,0,self_learning,NC3
2492,ENST00000277575,ENSP00000277575.5,unlabeled,False,0,self_learning,NC3
2493,ENST00000277632,ENSP00000277632.3,test,True,0,self_learning,NC3
2494,ENST00000277746,ENSP00000277746.6,train,True,0,self_learning,NC3
2495,ENST00000277865,ENSP00000277865.4,train,True,0,self_learning,NC3
2496,ENST00000278025,ENSP00000278025.5,unlabeled,False,0,self_learning,NC3
2497,ENST00000278060,ENSP00000278060.5,unlabeled,False,0,self_learning,NC3
2498,ENST00000278070,ENSP00000278070.2,unlabeled,False,0,self_learning,NC3
2499,ENST00000278071,ENSP00000278071.2,unlabeled,False,0,self_learning,NC3
2500,ENST00000278193,ENSP00000278193.2,val,True,0,self_learning,NC3
2501,ENST00000278200,ENSP00000278200.1,unlabeled,False,0,self_learning,NC3
2502,ENST00000278243,ENSP00000278243.4,unlabeled,False,0,self_learning,NC3
2503,ENST00000278314,ENSP00000278314.4,unlabeled,False,0,self_learning,NC3
2504,ENST00000278319,ENSP00000278319.5,unlabeled,False,0,self_learning,NC3
2505,ENST00000278353,ENSP00000278353.4,train,True,0,self_learning,NC3
2506,ENST00000278412,ENSP00000278412.2,train,True,0,self_learning,NC3
2507,ENST00000278422,ENSP00000278422.4,test,True,0,self_learning,NC3
2508,ENST00000278426,ENSP00000278426.3,unlabeled,False,0,self_learning,NC3
2509,ENST00000278460,ENSP00000278460.8,unlabeled,False,0,self_learning,NC3
2510,ENST00000278483,ENSP00000278483.3,train,True,0,self_learning,NC3
2511,ENST00000278505,ENSP00000278505.4,train,True,0,self_learning,NC3
2512,ENST00000278550,ENSP00000278550.7,unlabeled,False,0,self_learning,NC3
2513,ENST00000278601,0,unlabeled,False,0,self_learning,NC3
2514,ENST00000278612,ENSP00000278612.8,train,True,0,self_learning,NC3
2515,ENST00000278618,ENSP00000278618.4,train,True,0,self_learning,NC3
2516,ENST00000278671,ENSP00000278671.5,train,True,0,self_learning,NC3
2517,ENST00000278742,ENSP00000278742.5,unlabeled,False,0,self_learning,NC3
2518,ENST00000278772,ENSP00000278772.4,unlabeled,False,0,self_learning,NC3
2519,ENST00000278823,ENSP00000278823.2,train,True,0,self_learning,NC3
2520,ENST00000278826,ENSP00000278826.5,train,True,0,self_learning,NC3
2521,ENST00000278829,ENSP00000278829.2,unlabeled,False,0,self_learning,NC3
2522,ENST00000278840,ENSP00000278840.4,unlabeled,False,0,self_learning,NC3
2523,ENST00000278849,ENSP00000278849.4,unlabeled,False,0,self_learning,NC3
2524,ENST00000278903,ENSP00000278903.7,val,True,0,self_learning,NC3
2525,ENST00000278927,ENSP00000278927.5,unlabeled,False,0,self_learning,NC3
2526,ENST00000278935,ENSP00000278935.3,unlabeled,False,0,self_learning,NC3
2527,ENST00000278947,ENSP00000278947.5,unlabeled,False,0,self_learning,NC3
2528,ENST00000278949,ENSP00000278949.4,unlabeled,False,0,self_learning,NC3
2529,ENST00000279024,ENSP00000279024.4,unlabeled,False,0,self_learning,NC3
2530,ENST00000279027,ENSP00000279027.4,unlabeled,False,0,self_learning,NC3
2531,ENST00000279034,0,unlabeled,False,0,self_learning,NC3
2532,ENST00000279036,ENSP00000279036.6,unlabeled,False,0,self_learning,NC3
2533,ENST00000279068,ENSP00000279068.5,train,True,0,self_learning,NC3
2534,ENST00000279146,ENSP00000279146.3,train,True,0,self_learning,NC3
2535,ENST00000279147,ENSP00000279147.5,train,True,0,self_learning,NC3
2536,ENST00000279206,ENSP00000279206.3,unlabeled,False,0,self_learning,NC3
2537,ENST00000279242,ENSP00000279242.2,train,True,0,self_learning,NC3
2538,ENST00000279249,ENSP00000279249.2,unlabeled,False,0,self_learning,NC3
2539,ENST00000279281,ENSP00000279281.3,test,True,0,self_learning,NC3
2540,ENST00000279387,ENSP00000279387.7,test,True,0,self_learning,NC3
2541,ENST00000279392,ENSP00000279392.3,val,True,0,self_learning,NC3
2542,ENST00000279394,ENSP00000279394.3,train,True,0,self_learning,NC3
2543,ENST00000279488,ENSP00000279488.6,unlabeled,False,0,self_learning,NC3
2544,ENST00000279839,ENSP00000475615.2,test,True,0,self_learning,NC3
2545,ENST00000279873,ENSP00000279873.7,unlabeled,False,0,self_learning,NC3
2546,ENST00000279907,0,unlabeled,False,0,self_learning,NC3
2547,ENST00000280020,ENSP00000280020.5,unlabeled,False,0,self_learning,NC3
2548,ENST00000280057,ENSP00000280057.6,unlabeled,False,0,self_learning,NC3
2549,ENST00000280098,ENSP00000280098.4,unlabeled,False,0,self_learning,NC3
2550,ENST00000280154,ENSP00000280154.7,val,True,0,self_learning,NC3
2551,ENST00000280187,ENSP00000280187.7,unlabeled,False,0,self_learning,NC3
2552,ENST00000280190,ENSP00000280190.4,unlabeled,False,0,self_learning,NC3
2553,ENST00000280258,ENSP00000280258.4,unlabeled,False,0,self_learning,NC3
2554,ENST00000280326,ENSP00000280326.4,test,True,0,self_learning,NC3
2555,ENST00000280333,ENSP00000280333.6,unlabeled,False,0,self_learning,NC3
2556,ENST00000280346,ENSP00000280346.7,train,True,0,self_learning,NC3
2557,ENST00000280362,ENSP00000280362.3,train,True,0,self_learning,NC3
2558,ENST00000280481,ENSP00000280481.7,unlabeled,False,0,self_learning,NC3
2559,ENST00000280527,ENSP00000280527.2,unlabeled,False,0,self_learning,NC3
2560,ENST00000280551,ENSP00000280551.6,train,True,0,self_learning,NC3
2561,ENST00000280557,ENSP00000280557.6,train,True,0,self_learning,NC3
2562,ENST00000280612,ENSP00000280612.5,unlabeled,False,0,self_learning,NC3
2563,ENST00000280614,ENSP00000280614.2,train,True,0,self_learning,NC3
2564,ENST00000280696,ENSP00000280696.5,unlabeled,False,0,self_learning,NC3
2565,ENST00000280700,ENSP00000280700.5,train,True,0,self_learning,NC3
2566,ENST00000280701,ENSP00000280701.3,test,True,0,self_learning,NC3
2567,ENST00000280734,ENSP00000280734.2,unlabeled,False,0,self_learning,NC3
2568,ENST00000280758,0,unlabeled,False,0,self_learning,NC3
2569,ENST00000280772,ENSP00000280772.1,test,True,0,self_learning,NC3
2570,ENST00000280800,ENSP00000280800.3,val,True,0,self_learning,NC3
2571,ENST00000280871,ENSP00000280871.4,unlabeled,False,0,self_learning,NC3
2572,ENST00000280886,ENSP00000280886.6,unlabeled,False,0,self_learning,NC3
2573,ENST00000280904,ENSP00000280904.6,train,True,0,self_learning,NC3
2574,ENST00000280979,ENSP00000280979.4,train,True,0,self_learning,NC3
2575,ENST00000281017,ENSP00000281017.3,unlabeled,False,0,self_learning,NC3
2576,ENST00000281031,ENSP00000281031.4,train,True,0,self_learning,NC3
2577,ENST00000281038,ENSP00000281038.5,unlabeled,False,0,self_learning,NC3
2578,ENST00000281043,ENSP00000281043.3,unlabeled,False,0,self_learning,NC3
2579,ENST00000281081,ENSP00000281081.7,train,True,0,self_learning,NC3
2580,ENST00000281092,ENSP00000281092.4,train,True,0,self_learning,NC3
2581,ENST00000281141,ENSP00000281141.4,train,True,0,self_learning,NC3
2582,ENST00000281142,ENSP00000281142.5,train,True,0,self_learning,NC3
2583,ENST00000281146,0,unlabeled,False,0,self_learning,NC3
2584,ENST00000281182,ENSP00000281182.5,train,True,0,self_learning,NC3
2585,ENST00000281187,ENSP00000281187.5,unlabeled,False,0,self_learning,NC3
2586,ENST00000281243,ENSP00000281243.5,train,True,0,self_learning,NC3
2587,ENST00000281273,ENSP00000281273.4,unlabeled,False,0,self_learning,NC3
2588,ENST00000281321,ENSP00000281321.3,unlabeled,False,0,self_learning,NC3
2589,ENST00000281382,0,unlabeled,False,0,self_learning,NC3
2590,ENST00000281405,ENSP00000281405.5,unlabeled,False,0,self_learning,NC3
2591,ENST00000281419,ENSP00000281419.3,unlabeled,False,0,self_learning,NC3
2592,ENST00000281437,ENSP00000281437.4,unlabeled,False,0,self_learning,NC3
2593,ENST00000281453,ENSP00000281453.5,train,True,0,self_learning,NC3
2594,ENST00000281456,ENSP00000281456.5,val,True,0,self_learning,NC3
2595,ENST00000281471,ENSP00000281471.6,train,True,0,self_learning,NC3
2596,ENST00000281496,ENSP00000281496.6,unlabeled,False,0,self_learning,NC3
2597,ENST00000281513,ENSP00000281513.5,train,True,0,self_learning,NC3
2598,ENST00000281543,ENSP00000281543.5,train,True,0,self_learning,NC3
2599,ENST00000281623,ENSP00000281623.3,unlabeled,False,0,self_learning,NC3
2600,ENST00000281631,ENSP00000281631.4,unlabeled,False,0,self_learning,NC3
2601,ENST00000281701,ENSP00000281701.6,train,True,0,self_learning,NC3
2602,ENST00000281741,ENSP00000281741.4,train,True,0,self_learning,NC3
2603,ENST00000281772,ENSP00000281772.8,unlabeled,False,0,self_learning,NC3
2604,ENST00000281821,ENSP00000281821.2,train,True,0,self_learning,NC3
2605,ENST00000281828,ENSP00000281828.6,train,True,0,self_learning,NC3
2606,ENST00000281871,ENSP00000281871.7,unlabeled,False,0,self_learning,NC3
2607,ENST00000281923,ENSP00000281923.2,unlabeled,False,0,self_learning,NC3
2608,ENST00000281924,ENSP00000281924.6,unlabeled,False,0,self_learning,NC3
2609,ENST00000281938,ENSP00000281938.3,unlabeled,False,0,self_learning,NC3
2610,ENST00000281950,ENSP00000281950.2,test,True,0,self_learning,NC3
2611,ENST00000282003,ENSP00000282003.6,train,True,0,self_learning,NC3
2612,ENST00000282007,ENSP00000282007.3,unlabeled,False,0,self_learning,NC3
2613,ENST00000282020,ENSP00000282020.4,test,True,0,self_learning,NC3
2614,ENST00000282032,0,unlabeled,False,0,self_learning,NC3
2615,ENST00000282041,ENSP00000282041.4,train,True,0,self_learning,NC3
2616,ENST00000282058,ENSP00000282058.5,train,True,0,self_learning,NC3
2617,ENST00000282077,ENSP00000282077.3,unlabeled,False,0,self_learning,NC3
2618,ENST00000282096,ENSP00000282096.4,unlabeled,False,0,self_learning,NC3
2619,ENST00000282111,ENSP00000282111.3,unlabeled,False,0,self_learning,NC3
2620,ENST00000282146,ENSP00000282146.4,unlabeled,False,0,self_learning,NC3
2621,ENST00000282185,ENSP00000282185.3,unlabeled,False,0,self_learning,NC3
2622,ENST00000282226,ENSP00000282226.4,unlabeled,False,0,self_learning,NC3
2623,ENST00000282272,ENSP00000282272.9,unlabeled,False,0,self_learning,NC3
2624,ENST00000282276,ENSP00000282276.6,train,True,0,self_learning,NC3
2625,ENST00000282282,ENSP00000282282.3,unlabeled,False,0,self_learning,NC3
2626,ENST00000282292,ENSP00000282292.3,unlabeled,False,0,self_learning,NC3
2627,ENST00000282296,0,unlabeled,False,0,self_learning,NC3
2628,ENST00000282308,ENSP00000282308.2,unlabeled,False,0,self_learning,NC3
2629,ENST00000282343,ENSP00000282343.8,train,True,0,self_learning,NC3
2630,ENST00000282344,ENSP00000282344.6,train,True,0,self_learning,NC3
2631,ENST00000282356,ENSP00000282356.4,unlabeled,False,0,self_learning,NC3
2632,ENST00000282369,ENSP00000282369.3,unlabeled,False,0,self_learning,NC3
2633,ENST00000282382,0,unlabeled,False,0,self_learning,NC3
2634,ENST00000282388,ENSP00000282388.3,train,True,0,self_learning,NC3
2635,ENST00000282397,ENSP00000282397.4,unlabeled,False,0,self_learning,NC3
2636,ENST00000282406,ENSP00000282406.4,unlabeled,False,0,self_learning,NC3
2637,ENST00000282412,ENSP00000282412.4,val,True,0,self_learning,NC3
2638,ENST00000282441,ENSP00000282441.5,unlabeled,False,0,self_learning,NC3
2639,ENST00000282486,ENSP00000282486.6,unlabeled,False,0,self_learning,NC3
2640,ENST00000282507,ENSP00000282507.3,unlabeled,False,0,self_learning,NC3
2641,ENST00000282516,ENSP00000282516.8,train,True,0,self_learning,NC3
2642,ENST00000282541,ENSP00000282541.6,train,True,0,self_learning,NC3
2643,ENST00000282561,ENSP00000282561.3,unlabeled,False,0,self_learning,NC3
2644,ENST00000282570,ENSP00000282570.3,train,True,0,self_learning,NC3
2645,ENST00000282572,ENSP00000282572.4,unlabeled,False,0,self_learning,NC3
2646,ENST00000282587,ENSP00000282587.5,unlabeled,False,0,self_learning,NC3
2647,ENST00000282588,ENSP00000282588.5,val,True,0,self_learning,NC3
2648,ENST00000282611,ENSP00000282611.6,unlabeled,False,0,self_learning,NC3
2649,ENST00000282633,ENSP00000282633.5,train,True,0,self_learning,NC3
2650,ENST00000282728,ENSP00000282728.5,unlabeled,False,0,self_learning,NC3
2651,ENST00000282841,ENSP00000282841.5,train,True,0,self_learning,NC3
2652,ENST00000282869,ENSP00000282869.5,unlabeled,False,0,self_learning,NC3
2653,ENST00000282878,ENSP00000282878.4,unlabeled,False,0,self_learning,NC3
2654,ENST00000282892,ENSP00000282892.3,train,True,0,self_learning,NC3
2655,ENST00000282903,ENSP00000282903.5,unlabeled,False,0,self_learning,NC3
2656,ENST00000282924,ENSP00000282924.5,unlabeled,False,0,self_learning,NC3
2657,ENST00000282928,ENSP00000282928.4,unlabeled,False,0,self_learning,NC3
2658,ENST00000283006,ENSP00000283006.2,train,True,0,self_learning,NC3
2659,ENST00000283027,ENSP00000283027.5,train,True,0,self_learning,NC3
2660,ENST00000283109,ENSP00000283109.3,train,True,0,self_learning,NC3
2661,ENST00000283131,ENSP00000283131.3,train,True,0,self_learning,NC3
2662,ENST00000283141,0,unlabeled,False,0,self_learning,NC3
2663,ENST00000283147,ENSP00000283147.6,unlabeled,False,0,self_learning,NC3
2664,ENST00000283195,ENSP00000283195.6,train,True,0,self_learning,NC3
2665,ENST00000283206,ENSP00000283206.4,test,True,0,self_learning,NC3
2666,ENST00000283233,ENSP00000283233.5,unlabeled,False,0,self_learning,NC3
2667,ENST00000283268,ENSP00000283268.3,unlabeled,False,0,self_learning,NC3
2668,ENST00000283290,ENSP00000283290.5,train,True,0,self_learning,NC3
2669,ENST00000283415,ENSP00000283415.3,train,True,0,self_learning,NC3
2670,ENST00000283474,ENSP00000283474.6,unlabeled,False,0,self_learning,NC3
2671,ENST00000283629,ENSP00000283629.3,train,True,0,self_learning,NC3
2672,ENST00000283632,ENSP00000283632.4,val,True,0,self_learning,NC3
2673,ENST00000283646,ENSP00000283646.3,train,True,0,self_learning,NC3
2674,ENST00000283713,ENSP00000283713.6,unlabeled,False,0,self_learning,NC3
2675,ENST00000283752,ENSP00000283752.5,train,True,0,self_learning,NC3
2676,ENST00000283875,ENSP00000283875.5,train,True,0,self_learning,NC3
2677,ENST00000283882,ENSP00000283882.3,train,True,0,self_learning,NC3
2678,ENST00000283905,0,unlabeled,False,0,self_learning,NC3
2679,ENST00000283916,ENSP00000283916.6,unlabeled,False,0,self_learning,NC3
2680,ENST00000283921,ENSP00000283921.4,train,True,0,self_learning,NC3
2681,ENST00000283928,ENSP00000283928.5,unlabeled,False,0,self_learning,NC3
2682,ENST00000283946,ENSP00000283946.3,unlabeled,False,0,self_learning,NC3
2683,ENST00000284027,ENSP00000284027.5,unlabeled,False,0,self_learning,NC3
2684,ENST00000284031,ENSP00000284031.8,test,True,0,self_learning,NC3
2685,ENST00000284061,ENSP00000284061.3,train,True,0,self_learning,NC3
2686,ENST00000284073,ENSP00000284073.2,unlabeled,False,0,self_learning,NC3
2687,ENST00000284110,ENSP00000284110.1,unlabeled,False,0,self_learning,NC3
2688,ENST00000284116,ENSP00000284116.4,train,True,0,self_learning,NC3
2689,ENST00000284202,ENSP00000284202.4,unlabeled,False,0,self_learning,NC3
2690,ENST00000284245,ENSP00000284245.3,unlabeled,False,0,self_learning,NC3
2691,ENST00000284262,ENSP00000284262.2,unlabeled,False,0,self_learning,NC3
2692,ENST00000284268,ENSP00000284268.6,unlabeled,False,0,self_learning,NC3
2693,ENST00000284273,ENSP00000284273.5,unlabeled,False,0,self_learning,NC3
2694,ENST00000284274,ENSP00000284274.4,train,True,0,self_learning,NC3
2695,ENST00000284292,ENSP00000284292.5,train,True,0,self_learning,NC3
2696,ENST00000284320,ENSP00000284320.5,test,True,0,self_learning,NC3
2697,ENST00000284425,ENSP00000284425.1,unlabeled,False,0,self_learning,NC3
2698,ENST00000284440,ENSP00000284440.4,train,True,0,self_learning,NC3
2699,ENST00000284476,ENSP00000284476.6,unlabeled,False,0,self_learning,NC3
2700,ENST00000284503,ENSP00000284503.6,unlabeled,False,0,self_learning,NC3
2701,ENST00000284523,ENSP00000284523.1,unlabeled,False,0,self_learning,NC3
2702,ENST00000284551,ENSP00000284551.6,train,True,0,self_learning,NC3
2703,ENST00000284617,0,unlabeled,False,0,self_learning,NC3
2704,ENST00000284637,ENSP00000284637.9,unlabeled,False,0,self_learning,NC3
2705,ENST00000284669,ENSP00000284669.1,train,True,0,self_learning,NC3
2706,ENST00000284690,ENSP00000284690.3,train,True,0,self_learning,NC3
2707,ENST00000284719,ENSP00000284719.3,unlabeled,False,0,self_learning,NC3
2708,ENST00000284767,ENSP00000284767.8,unlabeled,False,0,self_learning,NC3
2709,ENST00000284878,ENSP00000284878.7,train,True,0,self_learning,NC3
2710,ENST00000284881,ENSP00000284881.4,unlabeled,False,0,self_learning,NC3
2711,ENST00000284957,0,unlabeled,False,0,self_learning,NC3
2712,ENST00000284984,ENSP00000284984.2,test,True,0,self_learning,NC3
2713,ENST00000284987,ENSP00000284987.5,unlabeled,False,0,self_learning,NC3
2714,ENST00000284995,0,unlabeled,False,0,self_learning,NC3
2715,ENST00000285021,ENSP00000285021.8,train,True,0,self_learning,NC3
2716,ENST00000285039,ENSP00000285039.6,unlabeled,False,0,self_learning,NC3
2717,ENST00000285046,ENSP00000285046.5,unlabeled,False,0,self_learning,NC3
2718,ENST00000285071,ENSP00000285071.4,train,True,0,self_learning,NC3
2719,ENST00000285083,ENSP00000285083.5,unlabeled,False,0,self_learning,NC3
2720,ENST00000285093,ENSP00000285093.8,train,True,0,self_learning,NC3
2721,ENST00000285199,ENSP00000285199.6,unlabeled,False,0,self_learning,NC3
2722,ENST00000285208,ENSP00000285208.4,train,True,0,self_learning,NC3
2723,ENST00000285238,ENSP00000285238.8,unlabeled,False,0,self_learning,NC3
2724,ENST00000285243,ENSP00000285243.6,train,True,0,self_learning,NC3
2725,ENST00000285298,ENSP00000285298.4,unlabeled,False,0,self_learning,NC3
2726,ENST00000285379,ENSP00000285379.4,train,True,0,self_learning,NC3
2727,ENST00000285381,ENSP00000285381.2,unlabeled,False,0,self_learning,NC3
2728,ENST00000285398,ENSP00000285398.2,unlabeled,False,0,self_learning,NC3
2729,ENST00000285407,ENSP00000285407.6,unlabeled,False,0,self_learning,NC3
2730,ENST00000285419,ENSP00000285419.3,unlabeled,False,0,self_learning,NC3
2731,ENST00000285420,0,unlabeled,False,0,self_learning,NC3
2732,ENST00000285599,ENSP00000285599.3,train,True,0,self_learning,NC3
2733,ENST00000285605,ENSP00000441365.1,unlabeled,False,0,self_learning,NC3
2734,ENST00000285667,ENSP00000285667.3,train,True,0,self_learning,NC3
2735,ENST00000285679,ENSP00000285679.6,unlabeled,False,0,self_learning,NC3
2736,ENST00000285697,ENSP00000285697.4,train,True,0,self_learning,NC3
2737,ENST00000285735,ENSP00000285735.2,unlabeled,False,0,self_learning,NC3
2738,ENST00000285737,ENSP00000285737.4,train,True,0,self_learning,NC3
2739,ENST00000285814,ENSP00000285814.4,train,True,0,self_learning,NC3
2740,ENST00000285848,0,unlabeled,False,0,self_learning,NC3
2741,ENST00000285871,0,unlabeled,False,0,self_learning,NC3
2742,ENST00000285873,ENSP00000285873.6,test,True,0,self_learning,NC3
2743,ENST00000285930,ENSP00000285930.3,train,True,0,self_learning,NC3
2744,ENST00000285947,ENSP00000285947.2,unlabeled,False,0,self_learning,NC3
2745,ENST00000285968,ENSP00000285968.6,train,True,0,self_learning,NC3
2746,ENST00000286031,ENSP00000286031.6,unlabeled,False,0,self_learning,NC3
2747,ENST00000286063,ENSP00000286063.5,unlabeled,False,0,self_learning,NC3
2748,ENST00000286070,ENSP00000286070.5,train,True,0,self_learning,NC3
2749,ENST00000286096,ENSP00000286096.5,unlabeled,False,0,self_learning,NC3
2750,ENST00000286186,ENSP00000286186.6,unlabeled,False,0,self_learning,NC3
2751,ENST00000286234,ENSP00000286234.5,train,True,0,self_learning,NC3
2752,ENST00000286298,ENSP00000286298.4,train,True,0,self_learning,NC3
2753,ENST00000286307,ENSP00000286307.5,train,True,0,self_learning,NC3
2754,ENST00000286317,ENSP00000286317.5,unlabeled,False,0,self_learning,NC3
2755,ENST00000286353,ENSP00000286353.4,unlabeled,False,0,self_learning,NC3
2756,ENST00000286364,ENSP00000286364.3,train,True,0,self_learning,NC3
2757,ENST00000286371,ENSP00000286371.3,train,True,0,self_learning,NC3
2758,ENST00000286398,ENSP00000286398.7,train,True,0,self_learning,NC3
2759,ENST00000286428,ENSP00000286428.5,train,True,0,self_learning,NC3
2760,ENST00000286485,ENSP00000286485.8,unlabeled,False,0,self_learning,NC3
2761,ENST00000286494,ENSP00000286494.4,unlabeled,False,0,self_learning,NC3
2762,ENST00000286548,ENSP00000286548.4,train,True,0,self_learning,NC3
2763,ENST00000286614,ENSP00000286614.6,unlabeled,False,0,self_learning,NC3
2764,ENST00000286627,ENSP00000286627.5,unlabeled,False,0,self_learning,NC3
2765,ENST00000286648,ENSP00000286648.5,unlabeled,False,0,self_learning,NC3
2766,ENST00000286657,ENSP00000286657.4,unlabeled,False,0,self_learning,NC3
2767,ENST00000286688,ENSP00000286688.5,unlabeled,False,0,self_learning,NC3
2768,ENST00000286692,ENSP00000286692.4,unlabeled,False,0,self_learning,NC3
2769,ENST00000286713,ENSP00000286713.2,train,True,0,self_learning,NC3
2770,ENST00000286733,ENSP00000286733.4,unlabeled,False,0,self_learning,NC3
2771,ENST00000286744,0,unlabeled,False,0,self_learning,NC3
2772,ENST00000286760,ENSP00000286760.4,unlabeled,False,0,self_learning,NC3
2773,ENST00000286788,ENSP00000286788.4,unlabeled,False,0,self_learning,NC3
2774,ENST00000286827,ENSP00000286827.3,unlabeled,False,0,self_learning,NC3
2775,ENST00000286835,ENSP00000286835.7,train,True,0,self_learning,NC3
2776,ENST00000286918,ENSP00000286918.4,unlabeled,False,0,self_learning,NC3
2777,ENST00000287020,ENSP00000287020.4,unlabeled,False,0,self_learning,NC3
2778,ENST00000287022,ENSP00000287022.5,train,True,0,self_learning,NC3
2779,ENST00000287025,ENSP00000287025.3,train,True,0,self_learning,NC3
2780,ENST00000287078,ENSP00000287078.6,train,True,0,self_learning,NC3
2781,ENST00000287097,ENSP00000287097.4,unlabeled,False,0,self_learning,NC3
2782,ENST00000287152,ENSP00000287152.7,unlabeled,False,0,self_learning,NC3
2783,ENST00000287156,ENSP00000287156.4,unlabeled,False,0,self_learning,NC3
2784,ENST00000287169,ENSP00000287169.3,val,True,0,self_learning,NC3
2785,ENST00000287202,ENSP00000287202.5,unlabeled,False,0,self_learning,NC3
2786,ENST00000287218,ENSP00000287218.4,train,True,0,self_learning,NC3
2787,ENST00000287295,ENSP00000287295.3,train,True,0,self_learning,NC3
2788,ENST00000287322,ENSP00000287322.4,val,True,0,self_learning,NC3
2789,ENST00000287380,ENSP00000287380.1,train,True,0,self_learning,NC3
2790,ENST00000287387,ENSP00000287387.2,unlabeled,False,0,self_learning,NC3
2791,ENST00000287394,ENSP00000287394.5,val,True,0,self_learning,NC3
2792,ENST00000287437,ENSP00000287437.3,train,True,0,self_learning,NC3
2793,ENST00000287461,ENSP00000287461.3,unlabeled,False,0,self_learning,NC3
2794,ENST00000287482,ENSP00000287482.5,train,True,0,self_learning,NC3
2795,ENST00000287538,ENSP00000287538.5,unlabeled,False,0,self_learning,NC3
2796,ENST00000287598,ENSP00000287598.7,unlabeled,False,0,self_learning,NC3
2797,ENST00000287600,ENSP00000287600.4,train,True,0,self_learning,NC3
2798,ENST00000287647,ENSP00000287647.3,train,True,0,self_learning,NC3
2799,ENST00000287652,ENSP00000287652.4,train,True,0,self_learning,NC3
2800,ENST00000287675,ENSP00000287675.5,train,True,0,self_learning,NC3
2801,ENST00000287713,ENSP00000287713.6,unlabeled,False,0,self_learning,NC3
2802,ENST00000287820,ENSP00000287820.6,unlabeled,False,0,self_learning,NC3
2803,ENST00000287844,ENSP00000287844.2,unlabeled,False,0,self_learning,NC3
2804,ENST00000287859,ENSP00000287859.6,test,True,0,self_learning,NC3
2805,ENST00000287878,ENSP00000287878.3,train,True,0,self_learning,NC3
2806,ENST00000287916,ENSP00000287916.4,unlabeled,False,0,self_learning,NC3
2807,ENST00000287934,ENSP00000287934.2,unlabeled,False,0,self_learning,NC3
2808,ENST00000287936,ENSP00000287936.4,unlabeled,False,0,self_learning,NC3
2809,ENST00000287957,ENSP00000287957.3,train,True,0,self_learning,NC3
2810,ENST00000287996,ENSP00000287996.3,train,True,0,self_learning,NC3
2811,ENST00000288014,ENSP00000288014.6,train,True,0,self_learning,NC3
2812,ENST00000288022,ENSP00000288022.1,train,True,0,self_learning,NC3
2813,ENST00000288050,ENSP00000288050.5,unlabeled,False,0,self_learning,NC3
2814,ENST00000288071,ENSP00000288071.7,unlabeled,False,0,self_learning,NC3
2815,ENST00000288078,ENSP00000288078.6,unlabeled,False,0,self_learning,NC3
2816,ENST00000288135,ENSP00000288135.6,unlabeled,False,0,self_learning,NC3
2817,ENST00000288139,ENSP00000288139.3,unlabeled,False,0,self_learning,NC3
2818,ENST00000288167,ENSP00000288167.3,unlabeled,False,0,self_learning,NC3
2819,ENST00000288177,ENSP00000288177.5,unlabeled,False,0,self_learning,NC3
2820,ENST00000288207,ENSP00000288207.2,train,True,0,self_learning,NC3
2821,ENST00000288221,ENSP00000288221.6,unlabeled,False,0,self_learning,NC3
2822,ENST00000288235,ENSP00000288235.4,train,True,0,self_learning,NC3
2823,ENST00000288266,ENSP00000288266.3,val,True,0,self_learning,NC3
2824,ENST00000288368,ENSP00000288368.4,unlabeled,False,0,self_learning,NC3
2825,ENST00000288439,ENSP00000288439.5,unlabeled,False,0,self_learning,NC3
2826,ENST00000288490,ENSP00000288490.4,unlabeled,False,0,self_learning,NC3
2827,ENST00000288502,0,unlabeled,False,0,self_learning,NC3
2828,ENST00000288532,ENSP00000288532.6,train,True,0,self_learning,NC3
2829,ENST00000288607,ENSP00000288607.2,val,True,0,self_learning,NC3
2830,ENST00000288616,ENSP00000288616.3,unlabeled,False,0,self_learning,NC3
2831,ENST00000288670,ENSP00000288670.9,unlabeled,False,0,self_learning,NC3
2832,ENST00000288699,ENSP00000288699.6,train,True,0,self_learning,NC3
2833,ENST00000288710,0,unlabeled,False,0,self_learning,NC3
2834,ENST00000288757,0,unlabeled,False,0,self_learning,NC3
2835,ENST00000288840,ENSP00000288840.5,unlabeled,False,0,self_learning,NC3
2836,ENST00000288912,ENSP00000288912.4,unlabeled,False,0,self_learning,NC3
2837,ENST00000288937,ENSP00000288937.6,train,True,0,self_learning,NC3
2838,ENST00000288943,ENSP00000288943.4,unlabeled,False,0,self_learning,NC3
2839,ENST00000288976,ENSP00000288976.3,unlabeled,False,0,self_learning,NC3
2840,ENST00000289013,ENSP00000289013.6,unlabeled,False,0,self_learning,NC3
2841,ENST00000289081,ENSP00000289081.3,unlabeled,False,0,self_learning,NC3
2842,ENST00000289104,ENSP00000289104.4,unlabeled,False,0,self_learning,NC3
2843,ENST00000289119,ENSP00000289119.2,unlabeled,False,0,self_learning,NC3
2844,ENST00000289166,ENSP00000289166.5,unlabeled,False,0,self_learning,NC3
2845,ENST00000289228,ENSP00000289228.5,train,True,0,self_learning,NC3
2846,ENST00000289272,0,unlabeled,False,0,self_learning,NC3
2847,ENST00000289316,ENSP00000289316.2,unlabeled,False,0,self_learning,NC3
2848,ENST00000289359,ENSP00000289359.2,val,True,0,self_learning,NC3
2849,ENST00000289361,ENSP00000289361.6,unlabeled,False,0,self_learning,NC3
2850,ENST00000289371,ENSP00000289371.5,train,True,0,self_learning,NC3
2851,ENST00000289373,ENSP00000289373.4,unlabeled,False,0,self_learning,NC3
2852,ENST00000289382,ENSP00000289382.3,val,True,0,self_learning,NC3
2853,ENST00000289416,ENSP00000289416.5,unlabeled,False,0,self_learning,NC3
2854,ENST00000289528,ENSP00000289528.5,unlabeled,False,0,self_learning,NC3
2855,ENST00000289547,ENSP00000289547.4,unlabeled,False,0,self_learning,NC3
2856,ENST00000289805,0,unlabeled,False,0,self_learning,NC3
2857,ENST00000289816,ENSP00000289816.5,unlabeled,False,0,self_learning,NC3
2858,ENST00000289921,0,unlabeled,False,0,self_learning,NC3
2859,ENST00000289989,0,unlabeled,False,0,self_learning,NC3
2860,ENST00000290079,0,unlabeled,False,0,self_learning,NC3
2861,ENST00000290130,ENSP00000290130.3,train,True,0,self_learning,NC3
2862,ENST00000290155,ENSP00000290155.3,train,True,0,self_learning,NC3
2863,ENST00000290158,ENSP00000290158.3,unlabeled,False,0,self_learning,NC3
2864,ENST00000290167,ENSP00000290167.5,unlabeled,False,0,self_learning,NC3
2865,ENST00000290200,ENSP00000290200.2,unlabeled,False,0,self_learning,NC3
2866,ENST00000290209,ENSP00000290209.5,unlabeled,False,0,self_learning,NC3
2867,ENST00000290216,ENSP00000290216.9,unlabeled,False,0,self_learning,NC3
2868,ENST00000290231,ENSP00000290231.6,train,True,0,self_learning,NC3
2869,ENST00000290246,ENSP00000290246.6,unlabeled,False,0,self_learning,NC3
2870,ENST00000290291,ENSP00000290291.6,train,True,0,self_learning,NC3
2871,ENST00000290295,ENSP00000290295.8,train,True,0,self_learning,NC3
2872,ENST00000290299,ENSP00000290299.2,test,True,0,self_learning,NC3
2873,ENST00000290341,ENSP00000290341.3,train,True,0,self_learning,NC3
2874,ENST00000290349,ENSP00000290349.6,train,True,0,self_learning,NC3
2875,ENST00000290354,ENSP00000290354.5,train,True,0,self_learning,NC3
2876,ENST00000290363,ENSP00000290363.5,unlabeled,False,0,self_learning,NC3
2877,ENST00000290390,0,unlabeled,False,0,self_learning,NC3
2878,ENST00000290399,ENSP00000290399.6,unlabeled,False,0,self_learning,NC3
2879,ENST00000290418,0,unlabeled,False,0,self_learning,NC3
2880,ENST00000290429,ENSP00000290429.5,train,True,0,self_learning,NC3
2881,ENST00000290472,ENSP00000290472.3,unlabeled,False,0,self_learning,NC3
2882,ENST00000290510,ENSP00000478600.1,test,True,0,self_learning,NC3
2883,ENST00000290524,ENSP00000290524.4,train,True,0,self_learning,NC3
2884,ENST00000290541,ENSP00000290541.6,train,True,0,self_learning,NC3
2885,ENST00000290551,ENSP00000290551.4,unlabeled,False,0,self_learning,NC3
2886,ENST00000290552,ENSP00000290552.8,unlabeled,False,0,self_learning,NC3
2887,ENST00000290573,ENSP00000290573.2,test,True,0,self_learning,NC3
2888,ENST00000290607,ENSP00000290607.7,unlabeled,False,0,self_learning,NC3
2889,ENST00000290649,ENSP00000290649.5,train,True,0,self_learning,NC3
2890,ENST00000290650,ENSP00000290650.4,train,True,0,self_learning,NC3
2891,ENST00000290759,ENSP00000290759.4,train,True,0,self_learning,NC3
2892,ENST00000290776,0,unlabeled,False,0,self_learning,NC3
2893,ENST00000290810,ENSP00000290810.3,unlabeled,False,0,self_learning,NC3
2894,ENST00000290855,ENSP00000290855.6,unlabeled,False,0,self_learning,NC3
2895,ENST00000290858,ENSP00000290858.6,test,True,0,self_learning,NC3
2896,ENST00000290866,ENSP00000290866.4,unlabeled,False,0,self_learning,NC3
2897,ENST00000290881,0,unlabeled,False,0,self_learning,NC3
2898,ENST00000290894,ENSP00000290894.8,unlabeled,False,0,self_learning,NC3
2899,ENST00000290913,ENSP00000290913.3,unlabeled,False,0,self_learning,NC3
2900,ENST00000290921,ENSP00000290921.6,test,True,0,self_learning,NC3
2901,ENST00000290943,ENSP00000290943.6,unlabeled,False,0,self_learning,NC3
2902,ENST00000290949,ENSP00000290949.3,unlabeled,False,0,self_learning,NC3
2903,ENST00000290974,ENSP00000290974.3,unlabeled,False,0,self_learning,NC3
2904,ENST00000291041,ENSP00000291041.4,unlabeled,False,0,self_learning,NC3
2905,ENST00000291182,0,unlabeled,False,0,self_learning,NC3
2906,ENST00000291270,ENSP00000291270.4,unlabeled,False,0,self_learning,NC3
2907,ENST00000291295,0,unlabeled,False,0,self_learning,NC3
2908,ENST00000291386,ENSP00000291386.3,train,True,0,self_learning,NC3
2909,ENST00000291416,ENSP00000291416.5,unlabeled,False,0,self_learning,NC3
2910,ENST00000291458,ENSP00000291458.5,val,True,0,self_learning,NC3
2911,ENST00000291481,ENSP00000291481.5,unlabeled,False,0,self_learning,NC3
2912,ENST00000291495,ENSP00000291495.3,unlabeled,False,0,self_learning,NC3
2913,ENST00000291539,ENSP00000291539.6,unlabeled,False,0,self_learning,NC3
2914,ENST00000291547,ENSP00000291547.4,train,True,0,self_learning,NC3
2915,ENST00000291560,ENSP00000291560.2,unlabeled,False,0,self_learning,NC3
2916,ENST00000291565,ENSP00000291565.4,test,True,0,self_learning,NC3
2917,ENST00000291568,ENSP00000291568.6,train,True,0,self_learning,NC3
2918,ENST00000291572,ENSP00000291572.8,unlabeled,False,0,self_learning,NC3
2919,ENST00000291574,ENSP00000291574.4,train,True,0,self_learning,NC3
2920,ENST00000291576,ENSP00000291576.6,train,True,0,self_learning,NC3
2921,ENST00000291577,0,unlabeled,False,0,self_learning,NC3
2922,ENST00000291592,ENSP00000291592.4,unlabeled,False,0,self_learning,NC3
2923,ENST00000291688,ENSP00000291688.1,train,True,0,self_learning,NC3
2924,ENST00000291691,0,unlabeled,False,0,self_learning,NC3
2925,ENST00000291715,0,unlabeled,False,0,self_learning,NC3
2926,ENST00000291825,ENSP00000291825.6,unlabeled,False,0,self_learning,NC3
2927,ENST00000291842,ENSP00000291842.4,val,True,0,self_learning,NC3
2928,ENST00000291900,ENSP00000291900.2,unlabeled,False,0,self_learning,NC3
2929,ENST00000291906,ENSP00000291906.4,test,True,0,self_learning,NC3
2930,ENST00000292035,ENSP00000292035.5,unlabeled,False,0,self_learning,NC3
2931,ENST00000292090,ENSP00000292090.3,unlabeled,False,0,self_learning,NC3
2932,ENST00000292114,ENSP00000292114.3,train,True,0,self_learning,NC3
2933,ENST00000292123,ENSP00000292123.4,unlabeled,False,0,self_learning,NC3
2934,ENST00000292147,ENSP00000292147.1,unlabeled,False,0,self_learning,NC3
2935,ENST00000292169,ENSP00000292169.2,unlabeled,False,0,self_learning,NC3
2936,ENST00000292211,ENSP00000292211.4,train,True,0,self_learning,NC3
2937,ENST00000292246,ENSP00000292246.3,val,True,0,self_learning,NC3
2938,ENST00000292254,0,unlabeled,False,0,self_learning,NC3
2939,ENST00000292291,ENSP00000292291.5,unlabeled,False,0,self_learning,NC3
2940,ENST00000292330,0,unlabeled,False,0,self_learning,NC3
2941,ENST00000292363,ENSP00000292363.3,test,True,0,self_learning,NC3
2942,ENST00000292377,ENSP00000292377.2,unlabeled,False,0,self_learning,NC3
2943,ENST00000292385,ENSP00000292385.5,unlabeled,False,0,self_learning,NC3
2944,ENST00000292408,ENSP00000292408.4,unlabeled,False,0,self_learning,NC3
2945,ENST00000292431,ENSP00000292431.3,unlabeled,False,0,self_learning,NC3
2946,ENST00000292450,ENSP00000292450.4,val,True,0,self_learning,NC3
2947,ENST00000292476,ENSP00000292476.5,train,True,0,self_learning,NC3
2948,ENST00000292478,ENSP00000292478.5,unlabeled,False,0,self_learning,NC3
2949,ENST00000292513,ENSP00000292513.3,unlabeled,False,0,self_learning,NC3
2950,ENST00000292524,ENSP00000292524.1,unlabeled,False,0,self_learning,NC3
2951,ENST00000292530,0,unlabeled,False,0,self_learning,NC3
2952,ENST00000292535,ENSP00000292535.7,unlabeled,False,0,self_learning,NC3
2953,ENST00000292539,ENSP00000292539.4,unlabeled,False,0,self_learning,NC3
2954,ENST00000292566,ENSP00000292566.3,test,True,0,self_learning,NC3
2955,ENST00000292579,ENSP00000292579.7,unlabeled,False,0,self_learning,NC3
2956,ENST00000292616,ENSP00000292616.5,val,True,0,self_learning,NC3
2957,ENST00000292672,ENSP00000292672.1,unlabeled,False,0,self_learning,NC3
2958,ENST00000292733,ENSP00000292733.7,unlabeled,False,0,self_learning,NC3
2959,ENST00000292778,ENSP00000292778.6,train,True,0,self_learning,NC3
2960,ENST00000292779,ENSP00000292779.3,unlabeled,False,0,self_learning,NC3
2961,ENST00000292782,ENSP00000292782.4,test,True,0,self_learning,NC3
2962,ENST00000292807,ENSP00000292807.5,unlabeled,False,0,self_learning,NC3
2963,ENST00000292823,ENSP00000292823.2,unlabeled,False,0,self_learning,NC3
2964,ENST00000292841,ENSP00000292841.7,unlabeled,False,0,self_learning,NC3
2965,ENST00000292853,ENSP00000292853.3,unlabeled,False,0,self_learning,NC3
2966,ENST00000292894,0,unlabeled,False,0,self_learning,NC3
2967,ENST00000292907,ENSP00000292907.3,unlabeled,False,0,self_learning,NC3
2968,ENST00000292928,ENSP00000292928.2,unlabeled,False,0,self_learning,NC3
2969,ENST00000293190,ENSP00000293190.5,unlabeled,False,0,self_learning,NC3
2970,ENST00000293195,0,unlabeled,False,0,self_learning,NC3
2971,ENST00000293261,ENSP00000293261.2,unlabeled,False,0,self_learning,NC3
2972,ENST00000293328,ENSP00000293328.3,unlabeled,False,0,self_learning,NC3
2973,ENST00000293350,ENSP00000293350.3,val,True,0,self_learning,NC3
2974,ENST00000293373,ENSP00000293373.6,unlabeled,False,0,self_learning,NC3
2975,ENST00000293379,ENSP00000293379.4,train,True,0,self_learning,NC3
2976,ENST00000293404,ENSP00000293404.2,val,True,0,self_learning,NC3
2977,ENST00000293443,ENSP00000293443.6,train,True,0,self_learning,NC3
2978,ENST00000293471,ENSP00000293471.5,unlabeled,False,0,self_learning,NC3
2979,ENST00000293662,ENSP00000293662.4,unlabeled,False,0,self_learning,NC3
2980,ENST00000293725,0,unlabeled,False,0,self_learning,NC3
2981,ENST00000293760,ENSP00000293760.5,train,True,0,self_learning,NC3
2982,ENST00000293771,ENSP00000293771.3,unlabeled,False,0,self_learning,NC3
2983,ENST00000293777,ENSP00000293777.5,unlabeled,False,0,self_learning,NC3
2984,ENST00000293805,ENSP00000293805.5,unlabeled,False,0,self_learning,NC3
2985,ENST00000293825,ENSP00000293825.6,unlabeled,False,0,self_learning,NC3
2986,ENST00000293826,0,unlabeled,False,0,self_learning,NC3
2987,ENST00000293831,ENSP00000293831.8,train,True,0,self_learning,NC3
2988,ENST00000293860,ENSP00000293860.5,train,True,0,self_learning,NC3
2989,ENST00000293879,ENSP00000293879.4,unlabeled,False,0,self_learning,NC3
2990,ENST00000293883,ENSP00000293883.4,unlabeled,False,0,self_learning,NC3
2991,ENST00000293889,ENSP00000293889.6,unlabeled,False,0,self_learning,NC3
2992,ENST00000293894,ENSP00000293894.3,unlabeled,False,0,self_learning,NC3
2993,ENST00000293973,ENSP00000293973.1,unlabeled,False,0,self_learning,NC3
2994,ENST00000294008,ENSP00000294008.3,unlabeled,False,0,self_learning,NC3
2995,ENST00000294016,ENSP00000294016.3,train,True,0,self_learning,NC3
2996,ENST00000294053,ENSP00000294053.3,unlabeled,False,0,self_learning,NC3
2997,ENST00000294064,ENSP00000294064.4,train,True,0,self_learning,NC3
2998,ENST00000294066,ENSP00000294066.2,train,True,0,self_learning,NC3
2999,ENST00000294072,ENSP00000294072.4,unlabeled,False,0,self_learning,NC3
3000,ENST00000294168,ENSP00000294168.3,train,True,0,self_learning,NC3
3001,ENST00000294179,ENSP00000294179.3,train,True,0,self_learning,NC3
3002,ENST00000294189,ENSP00000294189.4,unlabeled,False,0,self_learning,NC3
3003,ENST00000294244,0,unlabeled,False,0,self_learning,NC3
3004,ENST00000294258,0,unlabeled,False,0,self_learning,NC3
3005,ENST00000294304,ENSP00000294304.6,test,True,0,self_learning,NC3
3006,ENST00000294309,ENSP00000294309.3,unlabeled,False,0,self_learning,NC3
3007,ENST00000294339,ENSP00000294339.3,unlabeled,False,0,self_learning,NC3
3008,ENST00000294353,ENSP00000294353.6,train,True,0,self_learning,NC3
3009,ENST00000294360,ENSP00000294360.4,train,True,0,self_learning,NC3
3010,ENST00000294383,ENSP00000294383.5,val,True,0,self_learning,NC3
3011,ENST00000294409,ENSP00000294409.2,train,True,0,self_learning,NC3
3012,ENST00000294435,ENSP00000294435.7,unlabeled,False,0,self_learning,NC3
3013,ENST00000294454,ENSP00000294454.5,unlabeled,False,0,self_learning,NC3
3014,ENST00000294484,ENSP00000294484.6,unlabeled,False,0,self_learning,NC3
3015,ENST00000294489,ENSP00000294489.6,unlabeled,False,0,self_learning,NC3
3016,ENST00000294507,ENSP00000294507.3,unlabeled,False,0,self_learning,NC3
3017,ENST00000294517,ENSP00000294517.6,unlabeled,False,0,self_learning,NC3
3018,ENST00000294618,ENSP00000294618.6,unlabeled,False,0,self_learning,NC3
3019,ENST00000294664,ENSP00000294664.6,unlabeled,False,0,self_learning,NC3
3020,ENST00000294678,0,unlabeled,False,0,self_learning,NC3
3021,ENST00000294702,ENSP00000294702.5,unlabeled,False,0,self_learning,NC3
3022,ENST00000294724,ENSP00000294724.4,unlabeled,False,0,self_learning,NC3
3023,ENST00000294740,ENSP00000294740.2,train,True,0,self_learning,NC3
3024,ENST00000294753,ENSP00000294753.4,unlabeled,False,0,self_learning,NC3
3025,ENST00000294785,ENSP00000294785.5,train,True,0,self_learning,NC3
3026,ENST00000294811,0,unlabeled,False,0,self_learning,NC3
3027,ENST00000294818,ENSP00000294818.2,unlabeled,False,0,self_learning,NC3
3028,ENST00000294829,0,unlabeled,False,0,self_learning,NC3
3029,ENST00000294889,ENSP00000294889.5,unlabeled,False,0,self_learning,NC3
3030,ENST00000294952,ENSP00000294952.8,train,True,0,self_learning,NC3
3031,ENST00000294964,ENSP00000294964.5,unlabeled,False,0,self_learning,NC3
3032,ENST00000294981,ENSP00000294981.4,unlabeled,False,0,self_learning,NC3
3033,ENST00000295006,ENSP00000295006.5,train,True,0,self_learning,NC3
3034,ENST00000295025,ENSP00000295025.7,train,True,0,self_learning,NC3
3035,ENST00000295030,ENSP00000295030.4,unlabeled,False,0,self_learning,NC3
3036,ENST00000295049,ENSP00000295049.3,unlabeled,False,0,self_learning,NC3
3037,ENST00000295050,ENSP00000295050.7,val,True,0,self_learning,NC3
3038,ENST00000295055,ENSP00000295055.8,unlabeled,False,0,self_learning,NC3
3039,ENST00000295057,ENSP00000295057.3,unlabeled,False,0,self_learning,NC3
3040,ENST00000295065,ENSP00000295065.4,unlabeled,False,0,self_learning,NC3
3041,ENST00000295079,ENSP00000295079.2,train,True,0,self_learning,NC3
3042,ENST00000295082,ENSP00000295082.1,unlabeled,False,0,self_learning,NC3
3043,ENST00000295083,0,unlabeled,False,0,self_learning,NC3
3044,ENST00000295087,ENSP00000295087.8,unlabeled,False,0,self_learning,NC3
3045,ENST00000295119,ENSP00000295119.4,train,True,0,self_learning,NC3
3046,ENST00000295121,ENSP00000295121.6,val,True,0,self_learning,NC3
3047,ENST00000295124,0,unlabeled,False,0,self_learning,NC3
3048,ENST00000295148,ENSP00000295148.4,train,True,0,self_learning,NC3
3049,ENST00000295171,0,unlabeled,False,0,self_learning,NC3
3050,ENST00000295190,ENSP00000295190.4,unlabeled,False,0,self_learning,NC3
3051,ENST00000295206,ENSP00000295206.5,train,True,0,self_learning,NC3
3052,ENST00000295208,ENSP00000295208.2,unlabeled,False,0,self_learning,NC3
3053,ENST00000295213,ENSP00000295213.4,unlabeled,False,0,self_learning,NC3
3054,ENST00000295225,ENSP00000295225.5,unlabeled,False,0,self_learning,NC3
3055,ENST00000295228,ENSP00000295228.3,unlabeled,False,0,self_learning,NC3
3056,ENST00000295240,0,unlabeled,False,0,self_learning,NC3
3057,ENST00000295304,ENSP00000295304.4,train,True,0,self_learning,NC3
3058,ENST00000295314,ENSP00000295314.4,unlabeled,False,0,self_learning,NC3
3059,ENST00000295317,ENSP00000295317.3,val,True,0,self_learning,NC3
3060,ENST00000295321,ENSP00000295321.4,train,True,0,self_learning,NC3
3061,ENST00000295400,ENSP00000295400.6,unlabeled,False,0,self_learning,NC3
3062,ENST00000295408,ENSP00000295408.4,val,True,0,self_learning,NC3
3063,ENST00000295417,ENSP00000354607.3,unlabeled,False,0,self_learning,NC3
3064,ENST00000295448,ENSP00000295448.3,train,True,0,self_learning,NC3
3065,ENST00000295454,ENSP00000295454.3,unlabeled,False,0,self_learning,NC3
3066,ENST00000295461,ENSP00000295461.5,unlabeled,False,0,self_learning,NC3
3067,ENST00000295488,ENSP00000295488.3,unlabeled,False,0,self_learning,NC3
3068,ENST00000295491,ENSP00000295491.4,train,True,0,self_learning,NC3
3069,ENST00000295522,ENSP00000295522.3,unlabeled,False,0,self_learning,NC3
3070,ENST00000295542,ENSP00000295542.2,unlabeled,False,0,self_learning,NC3
3071,ENST00000295550,ENSP00000295550.4,unlabeled,False,0,self_learning,NC3
3072,ENST00000295566,ENSP00000295566.4,unlabeled,False,0,self_learning,NC3
3073,ENST00000295571,ENSP00000295571.5,unlabeled,False,0,self_learning,NC3
3074,ENST00000295588,ENSP00000295588.4,train,True,0,self_learning,NC3
3075,ENST00000295598,ENSP00000295598.5,train,True,0,self_learning,NC3
3076,ENST00000295628,ENSP00000295628.3,unlabeled,False,0,self_learning,NC3
3077,ENST00000295633,ENSP00000295633.3,unlabeled,False,0,self_learning,NC3
3078,ENST00000295640,ENSP00000295640.4,train,True,0,self_learning,NC3
3079,ENST00000295666,ENSP00000295666.4,unlabeled,False,0,self_learning,NC3
3080,ENST00000295685,ENSP00000295685.10,train,True,0,self_learning,NC3
3081,ENST00000295688,ENSP00000295688.3,test,True,0,self_learning,NC3
3082,ENST00000295694,ENSP00000295694.5,unlabeled,False,0,self_learning,NC3
3083,ENST00000295702,ENSP00000295702.4,unlabeled,False,0,self_learning,NC3
3084,ENST00000295704,ENSP00000295704.2,val,True,0,self_learning,NC3
3085,ENST00000295709,ENSP00000295709.3,unlabeled,False,0,self_learning,NC3
3086,ENST00000295736,ENSP00000295736.5,unlabeled,False,0,self_learning,NC3
3087,ENST00000295743,ENSP00000295743.4,unlabeled,False,0,self_learning,NC3
3088,ENST00000295746,ENSP00000295746.7,train,True,0,self_learning,NC3
3089,ENST00000295754,ENSP00000295754.5,unlabeled,False,0,self_learning,NC3
3090,ENST00000295757,ENSP00000295757.3,unlabeled,False,0,self_learning,NC3
3091,ENST00000295759,ENSP00000295759.7,unlabeled,False,0,self_learning,NC3
3092,ENST00000295766,ENSP00000439020.2,unlabeled,False,0,self_learning,NC3
3093,ENST00000295767,ENSP00000295767.5,train,True,0,self_learning,NC3
3094,ENST00000295770,ENSP00000295770.2,test,True,0,self_learning,NC3
3095,ENST00000295777,ENSP00000295777.5,unlabeled,False,0,self_learning,NC3
3096,ENST00000295797,ENSP00000295797.4,train,True,0,self_learning,NC3
3097,ENST00000295802,ENSP00000295802.4,val,True,0,self_learning,NC3
3098,ENST00000295822,ENSP00000295822.2,train,True,0,self_learning,NC3
3099,ENST00000295824,ENSP00000295824.9,unlabeled,False,0,self_learning,NC3
3100,ENST00000295830,ENSP00000346080.7,unlabeled,False,0,self_learning,NC3
3101,ENST00000295851,0,unlabeled,False,0,self_learning,NC3
3102,ENST00000295868,ENSP00000295868.2,unlabeled,False,0,self_learning,NC3
3103,ENST00000295872,ENSP00000295872.4,unlabeled,False,0,self_learning,NC3
3104,ENST00000295878,0,unlabeled,False,0,self_learning,NC3
3105,ENST00000295887,ENSP00000295887.5,unlabeled,False,0,self_learning,NC3
3106,ENST00000295890,ENSP00000295890.4,unlabeled,False,0,self_learning,NC3
3107,ENST00000295898,0,unlabeled,False,0,self_learning,NC3
3108,ENST00000295899,ENSP00000295899.5,val,True,0,self_learning,NC3
3109,ENST00000295900,ENSP00000295900.6,unlabeled,False,0,self_learning,NC3
3110,ENST00000295910,ENSP00000295910.6,unlabeled,False,0,self_learning,NC3
3111,ENST00000295926,ENSP00000295926.4,train,True,0,self_learning,NC3
3112,ENST00000295927,ENSP00000295927.3,unlabeled,False,0,self_learning,NC3
3113,ENST00000295951,ENSP00000295951.3,unlabeled,False,0,self_learning,NC3
3114,ENST00000295956,ENSP00000295956.5,test,True,0,self_learning,NC3
3115,ENST00000295958,ENSP00000295958.4,unlabeled,False,0,self_learning,NC3
3116,ENST00000295962,ENSP00000295962.4,unlabeled,False,0,self_learning,NC3
3117,ENST00000295981,ENSP00000295981.3,unlabeled,False,0,self_learning,NC3
3118,ENST00000295987,ENSP00000295987.7,unlabeled,False,0,self_learning,NC3
3119,ENST00000295992,ENSP00000295992.3,unlabeled,False,0,self_learning,NC3
3120,ENST00000296003,ENSP00000296003.5,train,True,0,self_learning,NC3
3121,ENST00000296015,ENSP00000296015.4,train,True,0,self_learning,NC3
3122,ENST00000296043,ENSP00000296043.6,unlabeled,False,0,self_learning,NC3
3123,ENST00000296051,ENSP00000296051.2,train,True,0,self_learning,NC3
3124,ENST00000296088,ENSP00000296088.7,train,True,0,self_learning,NC3
3125,ENST00000296099,ENSP00000296099.2,unlabeled,False,0,self_learning,NC3
3126,ENST00000296102,ENSP00000296102.3,train,True,0,self_learning,NC3
3127,ENST00000296135,ENSP00000296135.6,train,True,0,self_learning,NC3
3128,ENST00000296137,ENSP00000296137.2,test,True,0,self_learning,NC3
3129,ENST00000296149,ENSP00000296149.4,train,True,0,self_learning,NC3
3130,ENST00000296161,ENSP00000296161.4,unlabeled,False,0,self_learning,NC3
3131,ENST00000296181,ENSP00000296181.4,train,True,0,self_learning,NC3
3132,ENST00000296215,ENSP00000296215.5,train,True,0,self_learning,NC3
3133,ENST00000296218,0,unlabeled,False,0,self_learning,NC3
3134,ENST00000296220,ENSP00000296220.5,test,True,0,self_learning,NC3
3135,ENST00000296233,ENSP00000296233.3,unlabeled,False,0,self_learning,NC3
3136,ENST00000296238,ENSP00000296238.3,unlabeled,False,0,self_learning,NC3
3137,ENST00000296255,ENSP00000296255.3,train,True,0,self_learning,NC3
3138,ENST00000296257,ENSP00000296257.5,test,True,0,self_learning,NC3
3139,ENST00000296266,ENSP00000296266.3,train,True,0,self_learning,NC3
3140,ENST00000296292,ENSP00000296292.3,val,True,0,self_learning,NC3
3141,ENST00000296318,ENSP00000296318.7,unlabeled,False,0,self_learning,NC3
3142,ENST00000296328,ENSP00000296328.4,train,True,0,self_learning,NC3
3143,ENST00000296343,ENSP00000296343.5,unlabeled,False,0,self_learning,NC3
3144,ENST00000296350,ENSP00000296350.5,train,True,0,self_learning,NC3
3145,ENST00000296388,ENSP00000296388.5,train,True,0,self_learning,NC3
3146,ENST00000296411,ENSP00000296411.6,train,True,0,self_learning,NC3
3147,ENST00000296417,ENSP00000296417.5,train,True,0,self_learning,NC3
3148,ENST00000296424,ENSP00000296424.4,val,True,0,self_learning,NC3
3149,ENST00000296438,ENSP00000296438.5,unlabeled,False,0,self_learning,NC3
3150,ENST00000296452,ENSP00000296452.4,unlabeled,False,0,self_learning,NC3
3151,ENST00000296456,ENSP00000296456.5,unlabeled,False,0,self_learning,NC3
3152,ENST00000296464,ENSP00000296464.3,val,True,0,self_learning,NC3
3153,ENST00000296474,ENSP00000296474.3,unlabeled,False,0,self_learning,NC3
3154,ENST00000296484,ENSP00000296484.2,unlabeled,False,0,self_learning,NC3
3155,ENST00000296486,ENSP00000296486.3,unlabeled,False,0,self_learning,NC3
3156,ENST00000296490,ENSP00000296490.3,val,True,0,self_learning,NC3
3157,ENST00000296498,ENSP00000296498.3,unlabeled,False,0,self_learning,NC3
3158,ENST00000296503,ENSP00000296503.5,unlabeled,False,0,self_learning,NC3
3159,ENST00000296504,ENSP00000296504.3,train,True,0,self_learning,NC3
3160,ENST00000296509,ENSP00000296509.5,train,True,0,self_learning,NC3
3161,ENST00000296511,ENSP00000296511.5,test,True,0,self_learning,NC3
3162,ENST00000296518,ENSP00000296518.7,unlabeled,False,0,self_learning,NC3
3163,ENST00000296522,ENSP00000296522.6,unlabeled,False,0,self_learning,NC3
3164,ENST00000296529,ENSP00000296529.6,unlabeled,False,0,self_learning,NC3
3165,ENST00000296533,ENSP00000354652.2,unlabeled,False,0,self_learning,NC3
3166,ENST00000296543,ENSP00000296543.4,val,True,0,self_learning,NC3
3167,ENST00000296550,ENSP00000296550.7,unlabeled,False,0,self_learning,NC3
3168,ENST00000296564,ENSP00000296564.7,test,True,0,self_learning,NC3
3169,ENST00000296575,ENSP00000296575.3,unlabeled,False,0,self_learning,NC3
3170,ENST00000296577,ENSP00000296577.4,train,True,0,self_learning,NC3
3171,ENST00000296581,ENSP00000296581.5,unlabeled,False,0,self_learning,NC3
3172,ENST00000296582,ENSP00000296582.3,unlabeled,False,0,self_learning,NC3
3173,ENST00000296585,ENSP00000296585.5,val,True,0,self_learning,NC3
3174,ENST00000296589,ENSP00000296589.4,unlabeled,False,0,self_learning,NC3
3175,ENST00000296591,ENSP00000296591.4,unlabeled,False,0,self_learning,NC3
3176,ENST00000296597,ENSP00000296597.5,test,True,0,self_learning,NC3
3177,ENST00000296603,0,unlabeled,False,0,self_learning,NC3
3178,ENST00000296632,ENSP00000296632.3,unlabeled,False,0,self_learning,NC3
3179,ENST00000296657,0,unlabeled,False,0,self_learning,NC3
3180,ENST00000296658,ENSP00000296658.3,train,True,0,self_learning,NC3
3181,ENST00000296666,ENSP00000296666.9,unlabeled,False,0,self_learning,NC3
3182,ENST00000296674,ENSP00000296674.8,unlabeled,False,0,self_learning,NC3
3183,ENST00000296677,ENSP00000296677.4,unlabeled,False,0,self_learning,NC3
3184,ENST00000296679,ENSP00000296679.4,train,True,0,self_learning,NC3
3185,ENST00000296682,ENSP00000296682.4,unlabeled,False,0,self_learning,NC3
3186,ENST00000296684,ENSP00000296684.5,train,True,0,self_learning,NC3
3187,ENST00000296702,ENSP00000296702.5,unlabeled,False,0,self_learning,NC3
3188,ENST00000296721,ENSP00000296721.4,unlabeled,False,0,self_learning,NC3
3189,ENST00000296736,ENSP00000296736.3,unlabeled,False,0,self_learning,NC3
3190,ENST00000296741,ENSP00000296741.2,unlabeled,False,0,self_learning,NC3
3191,ENST00000296754,ENSP00000296754.3,test,True,0,self_learning,NC3
3192,ENST00000296755,ENSP00000296755.7,train,True,0,self_learning,NC3
3193,ENST00000296785,ENSP00000296785.3,unlabeled,False,0,self_learning,NC3
3194,ENST00000296786,ENSP00000296786.6,val,True,0,self_learning,NC3
3195,ENST00000296792,ENSP00000296792.4,train,True,0,self_learning,NC3
3196,ENST00000296795,ENSP00000296795.3,unlabeled,False,0,self_learning,NC3
3197,ENST00000296824,ENSP00000296824.2,train,True,0,self_learning,NC3
3198,ENST00000296839,ENSP00000296839.2,unlabeled,False,0,self_learning,NC3
3199,ENST00000296861,ENSP00000296861.2,unlabeled,False,0,self_learning,NC3
3200,ENST00000296877,ENSP00000296877.2,unlabeled,False,0,self_learning,NC3
3201,ENST00000296921,ENSP00000296921.5,unlabeled,False,0,self_learning,NC3
3202,ENST00000296953,ENSP00000296953.2,unlabeled,False,0,self_learning,NC3
3203,ENST00000296955,ENSP00000296955.8,unlabeled,False,0,self_learning,NC3
3204,ENST00000297029,ENSP00000297029.5,test,True,0,self_learning,NC3
3205,ENST00000297056,ENSP00000297056.6,train,True,0,self_learning,NC3
3206,ENST00000297071,ENSP00000297071.4,train,True,0,self_learning,NC3
3207,ENST00000297107,ENSP00000297107.6,train,True,0,self_learning,NC3
3208,ENST00000297109,ENSP00000297109.5,test,True,0,self_learning,NC3
3209,ENST00000297145,ENSP00000297145.4,train,True,0,self_learning,NC3
3210,ENST00000297146,ENSP00000297146.2,unlabeled,False,0,self_learning,NC3
3211,ENST00000297151,ENSP00000297151.4,train,True,0,self_learning,NC3
3212,ENST00000297156,ENSP00000297156.2,train,True,0,self_learning,NC3
3213,ENST00000297157,ENSP00000297157.3,train,True,0,self_learning,NC3
3214,ENST00000297164,0,unlabeled,False,0,self_learning,NC3
3215,ENST00000297185,ENSP00000297185.3,train,True,0,self_learning,NC3
3216,ENST00000297205,ENSP00000297205.2,unlabeled,False,0,self_learning,NC3
3217,ENST00000297261,ENSP00000297261.2,unlabeled,False,0,self_learning,NC3
3218,ENST00000297265,ENSP00000297265.4,unlabeled,False,0,self_learning,NC3
3219,ENST00000297267,ENSP00000297267.9,unlabeled,False,0,self_learning,NC3
3220,ENST00000297273,ENSP00000297273.4,unlabeled,False,0,self_learning,NC3
3221,ENST00000297290,ENSP00000297290.3,unlabeled,False,0,self_learning,NC3
3222,ENST00000297293,ENSP00000297293.5,test,True,0,self_learning,NC3
3223,ENST00000297313,ENSP00000297313.3,unlabeled,False,0,self_learning,NC3
3224,ENST00000297323,ENSP00000297323.7,unlabeled,False,0,self_learning,NC3
3225,ENST00000297324,0,unlabeled,False,0,self_learning,NC3
3226,ENST00000297338,ENSP00000297338.2,unlabeled,False,0,self_learning,NC3
3227,ENST00000297347,ENSP00000297347.3,train,True,0,self_learning,NC3
3228,ENST00000297375,ENSP00000297375.4,unlabeled,False,0,self_learning,NC3
3229,ENST00000297405,ENSP00000297405.5,unlabeled,False,0,self_learning,NC3
3230,ENST00000297423,ENSP00000297423.4,unlabeled,False,0,self_learning,NC3
3231,ENST00000297431,ENSP00000297431.4,test,True,0,self_learning,NC3
3232,ENST00000297438,ENSP00000297438.2,unlabeled,False,0,self_learning,NC3
3233,ENST00000297440,ENSP00000297440.6,train,True,0,self_learning,NC3
3234,ENST00000297459,ENSP00000297459.3,unlabeled,False,0,self_learning,NC3
3235,ENST00000297477,ENSP00000297477.4,unlabeled,False,0,self_learning,NC3
3236,ENST00000297508,ENSP00000297508.7,unlabeled,False,0,self_learning,NC3
3237,ENST00000297532,ENSP00000297532.6,unlabeled,False,0,self_learning,NC3
3238,ENST00000297534,ENSP00000297534.6,unlabeled,False,0,self_learning,NC3
3239,ENST00000297540,ENSP00000297540.4,train,True,0,self_learning,NC3
3240,ENST00000297578,ENSP00000297578.4,unlabeled,False,0,self_learning,NC3
3241,ENST00000297591,ENSP00000297591.5,train,True,0,self_learning,NC3
3242,ENST00000297596,ENSP00000297596.2,unlabeled,False,0,self_learning,NC3
3243,ENST00000297598,ENSP00000297598.4,unlabeled,False,0,self_learning,NC3
3244,ENST00000297613,ENSP00000297613.4,train,True,0,self_learning,NC3
3245,ENST00000297620,0,unlabeled,False,0,self_learning,NC3
3246,ENST00000297625,ENSP00000297625.8,train,True,0,self_learning,NC3
3247,ENST00000297661,ENSP00000297661.4,unlabeled,False,0,self_learning,NC3
3248,ENST00000297679,ENSP00000297679.5,unlabeled,False,0,self_learning,NC3
3249,ENST00000297689,ENSP00000297689.2,unlabeled,False,0,self_learning,NC3
3250,ENST00000297788,ENSP00000297788.4,unlabeled,False,0,self_learning,NC3
3251,ENST00000297814,ENSP00000297814.2,unlabeled,False,0,self_learning,NC3
3252,ENST00000297848,ENSP00000297848.3,unlabeled,False,0,self_learning,NC3
3253,ENST00000297857,ENSP00000297857.2,unlabeled,False,0,self_learning,NC3
3254,ENST00000297873,ENSP00000297873.4,unlabeled,False,0,self_learning,NC3
3255,ENST00000297875,ENSP00000297875.2,unlabeled,False,0,self_learning,NC3
3256,ENST00000297933,ENSP00000297933.6,unlabeled,False,0,self_learning,NC3
3257,ENST00000297988,ENSP00000297988.1,unlabeled,False,0,self_learning,NC3
3258,ENST00000297990,ENSP00000297990.4,train,True,0,self_learning,NC3
3259,ENST00000297991,ENSP00000297991.4,unlabeled,False,0,self_learning,NC3
3260,ENST00000297994,ENSP00000297994.3,unlabeled,False,0,self_learning,NC3
3261,ENST00000298048,ENSP00000298048.2,train,True,0,self_learning,NC3
3262,ENST00000298125,ENSP00000298125.4,unlabeled,False,0,self_learning,NC3
3263,ENST00000298130,ENSP00000298130.4,train,True,0,self_learning,NC3
3264,ENST00000298139,ENSP00000298139.5,test,True,0,self_learning,NC3
3265,ENST00000298159,ENSP00000298159.6,unlabeled,False,0,self_learning,NC3
3266,ENST00000298190,ENSP00000298190.6,unlabeled,False,0,self_learning,NC3
3267,ENST00000298198,ENSP00000298198.4,train,True,0,self_learning,NC3
3268,ENST00000298229,ENSP00000298229.2,train,True,0,self_learning,NC3
3269,ENST00000298248,ENSP00000298248.7,unlabeled,False,0,self_learning,NC3
3270,ENST00000298281,ENSP00000298281.4,unlabeled,False,0,self_learning,NC3
3271,ENST00000298282,ENSP00000298282.8,unlabeled,False,0,self_learning,NC3
3272,ENST00000298288,ENSP00000298288.6,train,True,0,self_learning,NC3
3273,ENST00000298289,0,unlabeled,False,0,self_learning,NC3
3274,ENST00000298299,ENSP00000298299.3,train,True,0,self_learning,NC3
3275,ENST00000298307,ENSP00000298307.5,train,True,0,self_learning,NC3
3276,ENST00000298310,ENSP00000298310.5,train,True,0,self_learning,NC3
3277,ENST00000298316,ENSP00000298316.5,unlabeled,False,0,self_learning,NC3
3278,ENST00000298317,ENSP00000298317.4,train,True,0,self_learning,NC3
3279,ENST00000298351,ENSP00000298351.4,unlabeled,False,0,self_learning,NC3
3280,ENST00000298355,ENSP00000298355.3,unlabeled,False,0,self_learning,NC3
3281,ENST00000298428,ENSP00000298428.9,train,True,0,self_learning,NC3
3282,ENST00000298440,ENSP00000298440.1,unlabeled,False,0,self_learning,NC3
3283,ENST00000298454,ENSP00000298454.3,unlabeled,False,0,self_learning,NC3
3284,ENST00000298492,ENSP00000298492.5,train,True,0,self_learning,NC3
3285,ENST00000298510,ENSP00000298510.2,train,True,0,self_learning,NC3
3286,ENST00000298532,ENSP00000298532.2,unlabeled,False,0,self_learning,NC3
3287,ENST00000298537,ENSP00000298537.7,unlabeled,False,0,self_learning,NC3
3288,ENST00000298545,ENSP00000298545.3,unlabeled,False,0,self_learning,NC3
3289,ENST00000298552,ENSP00000298552.3,unlabeled,False,0,self_learning,NC3
3290,ENST00000298556,ENSP00000298556.7,train,True,0,self_learning,NC3
3291,ENST00000298569,ENSP00000298569.4,train,True,0,self_learning,NC3
3292,ENST00000298585,ENSP00000298585.2,unlabeled,False,0,self_learning,NC3
3293,ENST00000298596,ENSP00000298596.6,unlabeled,False,0,self_learning,NC3
3294,ENST00000298630,ENSP00000298630.3,val,True,0,self_learning,NC3
3295,ENST00000298694,ENSP00000298694.4,unlabeled,False,0,self_learning,NC3
3296,ENST00000298705,0,unlabeled,False,0,self_learning,NC3
3297,ENST00000298717,ENSP00000298717.3,test,True,0,self_learning,NC3
3298,ENST00000298743,ENSP00000298743.7,unlabeled,False,0,self_learning,NC3
3299,ENST00000298746,ENSP00000298746.3,test,True,0,self_learning,NC3
3300,ENST00000298767,ENSP00000298767.4,train,True,0,self_learning,NC3
3301,ENST00000298784,ENSP00000298784.1,unlabeled,False,0,self_learning,NC3
3302,ENST00000298815,ENSP00000298815.7,unlabeled,False,0,self_learning,NC3
3303,ENST00000298832,ENSP00000298832.9,unlabeled,False,0,self_learning,NC3
3304,ENST00000298875,ENSP00000298875.4,val,True,0,self_learning,NC3
3305,ENST00000298892,ENSP00000298892.5,unlabeled,False,0,self_learning,NC3
3306,ENST00000298910,ENSP00000298910.7,unlabeled,False,0,self_learning,NC3
3307,ENST00000298912,ENSP00000298912.3,train,True,0,self_learning,NC3
3308,ENST00000298966,0,unlabeled,False,0,self_learning,NC3
3309,ENST00000299045,ENSP00000299045.3,unlabeled,False,0,self_learning,NC3
3310,ENST00000299084,ENSP00000299084.4,unlabeled,False,0,self_learning,NC3
3311,ENST00000299088,ENSP00000299088.6,unlabeled,False,0,self_learning,NC3
3312,ENST00000299106,ENSP00000299106.4,train,True,0,self_learning,NC3
3313,ENST00000299138,ENSP00000299138.7,train,True,0,self_learning,NC3
3314,ENST00000299157,0,unlabeled,False,0,self_learning,NC3
3315,ENST00000299162,ENSP00000299162.5,unlabeled,False,0,self_learning,NC3
3316,ENST00000299163,ENSP00000299163.4,train,True,0,self_learning,NC3
3317,ENST00000299166,ENSP00000299166.4,train,True,0,self_learning,NC3
3318,ENST00000299192,ENSP00000299192.7,test,True,0,self_learning,NC3
3319,ENST00000299213,ENSP00000299213.7,unlabeled,False,0,self_learning,NC3
3320,ENST00000299238,ENSP00000299238.5,train,True,0,self_learning,NC3
3321,ENST00000299275,ENSP00000299275.6,unlabeled,False,0,self_learning,NC3
3322,ENST00000299295,ENSP00000299295.2,unlabeled,False,0,self_learning,NC3
3323,ENST00000299299,ENSP00000299299.3,test,True,0,self_learning,NC3
3324,ENST00000299300,ENSP00000299300.6,train,True,0,self_learning,NC3
3325,ENST00000299314,ENSP00000299314.7,unlabeled,False,0,self_learning,NC3
3326,ENST00000299320,0,unlabeled,False,0,self_learning,NC3
3327,ENST00000299335,ENSP00000299335.3,test,True,0,self_learning,NC3
3328,ENST00000299338,0,unlabeled,False,0,self_learning,NC3
3329,ENST00000299402,ENSP00000299402.6,unlabeled,False,0,self_learning,NC3
3330,ENST00000299413,ENSP00000299413.5,train,True,0,self_learning,NC3
3331,ENST00000299424,ENSP00000299424.4,train,True,0,self_learning,NC3
3332,ENST00000299427,ENSP00000299427.6,val,True,0,self_learning,NC3
3333,ENST00000299432,ENSP00000299432.2,unlabeled,False,0,self_learning,NC3
3334,ENST00000299441,ENSP00000299441.3,unlabeled,False,0,self_learning,NC3
3335,ENST00000299481,ENSP00000299481.5,unlabeled,False,0,self_learning,NC3
3336,ENST00000299492,ENSP00000299492.4,unlabeled,False,0,self_learning,NC3
3337,ENST00000299518,ENSP00000299518.2,train,True,0,self_learning,NC3
3338,ENST00000299563,ENSP00000299563.4,train,True,0,self_learning,NC3
3339,ENST00000299565,ENSP00000299565.5,train,True,0,self_learning,NC3
3340,ENST00000299575,ENSP00000299575.3,unlabeled,False,0,self_learning,NC3
3341,ENST00000299601,ENSP00000299601.5,test,True,0,self_learning,NC3
3342,ENST00000299608,ENSP00000299608.2,test,True,0,self_learning,NC3
3343,ENST00000299626,ENSP00000299626.5,unlabeled,False,0,self_learning,NC3
3344,ENST00000299633,ENSP00000299633.4,train,True,0,self_learning,NC3
3345,ENST00000299638,ENSP00000299638.3,train,True,0,self_learning,NC3
3346,ENST00000299698,ENSP00000299698.7,unlabeled,False,0,self_learning,NC3
3347,ENST00000299705,ENSP00000299705.5,train,True,0,self_learning,NC3
3348,ENST00000299732,ENSP00000299732.2,unlabeled,False,0,self_learning,NC3
3349,ENST00000299736,ENSP00000299736.4,train,True,0,self_learning,NC3
3350,ENST00000299767,ENSP00000299767.4,train,True,0,self_learning,NC3
3351,ENST00000299798,ENSP00000299798.11,unlabeled,False,0,self_learning,NC3
3352,ENST00000299824,ENSP00000299824.1,unlabeled,False,0,self_learning,NC3
3353,ENST00000299847,ENSP00000299847.3,unlabeled,False,0,self_learning,NC3
3354,ENST00000299882,ENSP00000299882.5,unlabeled,False,0,self_learning,NC3
3355,ENST00000299886,ENSP00000299886.4,train,True,0,self_learning,NC3
3356,ENST00000299957,ENSP00000299957.6,train,True,0,self_learning,NC3
3357,ENST00000299977,0,unlabeled,False,0,self_learning,NC3
3358,ENST00000300026,ENSP00000300026.4,train,True,0,self_learning,NC3
3359,ENST00000300027,ENSP00000300027.8,unlabeled,False,0,self_learning,NC3
3360,ENST00000300030,ENSP00000300030.3,train,True,0,self_learning,NC3
3361,ENST00000300035,ENSP00000300035.4,unlabeled,False,0,self_learning,NC3
3362,ENST00000300055,ENSP00000300055.5,unlabeled,False,0,self_learning,NC3
3363,ENST00000300056,ENSP00000300056.3,train,True,0,self_learning,NC3
3364,ENST00000300069,ENSP00000300069.4,unlabeled,False,0,self_learning,NC3
3365,ENST00000300086,ENSP00000300086.4,train,True,0,self_learning,NC3
3366,ENST00000300087,ENSP00000300087.2,train,True,0,self_learning,NC3
3367,ENST00000300093,ENSP00000300093.4,train,True,0,self_learning,NC3
3368,ENST00000300101,ENSP00000300101.2,unlabeled,False,0,self_learning,NC3
3369,ENST00000300107,ENSP00000300107.3,val,True,0,self_learning,NC3
3370,ENST00000300131,ENSP00000300131.3,train,True,0,self_learning,NC3
3371,ENST00000300134,ENSP00000300134.3,unlabeled,False,0,self_learning,NC3
3372,ENST00000300146,ENSP00000300146.9,train,True,0,self_learning,NC3
3373,ENST00000300151,ENSP00000300151.4,train,True,0,self_learning,NC3
3374,ENST00000300176,ENSP00000300176.4,test,True,0,self_learning,NC3
3375,ENST00000300179,ENSP00000300179.2,unlabeled,False,0,self_learning,NC3
3376,ENST00000300181,ENSP00000300181.2,test,True,0,self_learning,NC3
3377,ENST00000300209,ENSP00000300209.8,unlabeled,False,0,self_learning,NC3
3378,ENST00000300213,ENSP00000300213.4,train,True,0,self_learning,NC3
3379,ENST00000300227,ENSP00000300227.8,unlabeled,False,0,self_learning,NC3
3380,ENST00000300231,ENSP00000300231.5,unlabeled,False,0,self_learning,NC3
3381,ENST00000300249,ENSP00000300249.4,train,True,0,self_learning,NC3
3382,ENST00000300255,ENSP00000300255.2,unlabeled,False,0,self_learning,NC3
3383,ENST00000300258,0,unlabeled,False,0,self_learning,NC3
3384,ENST00000300283,ENSP00000300283.6,unlabeled,False,0,self_learning,NC3
3385,ENST00000300289,ENSP00000300289.5,train,True,0,self_learning,NC3
3386,ENST00000300291,ENSP00000300291.5,train,True,0,self_learning,NC3
3387,ENST00000300305,ENSP00000300305.3,unlabeled,False,0,self_learning,NC3
3388,ENST00000300403,ENSP00000300403.6,train,True,0,self_learning,NC3
3389,ENST00000300413,ENSP00000300413.4,val,True,0,self_learning,NC3
3390,ENST00000300452,ENSP00000300452.3,unlabeled,False,0,self_learning,NC3
3391,ENST00000300456,ENSP00000300456.3,train,True,0,self_learning,NC3
3392,ENST00000300527,ENSP00000300527.4,unlabeled,False,0,self_learning,NC3
3393,ENST00000300571,ENSP00000300571.2,unlabeled,False,0,self_learning,NC3
3394,ENST00000300574,ENSP00000300574.2,train,True,0,self_learning,NC3
3395,ENST00000300589,ENSP00000300589.2,unlabeled,False,0,self_learning,NC3
3396,ENST00000300605,ENSP00000300605.4,train,True,0,self_learning,NC3
3397,ENST00000300619,ENSP00000300619.6,train,True,0,self_learning,NC3
3398,ENST00000300648,ENSP00000300648.6,val,True,0,self_learning,NC3
3399,ENST00000300650,0,unlabeled,False,0,self_learning,NC3
3400,ENST00000300651,ENSP00000300651.6,train,True,0,self_learning,NC3
3401,ENST00000300658,ENSP00000300658.4,unlabeled,False,0,self_learning,NC3
3402,ENST00000300688,ENSP00000300688.3,test,True,0,self_learning,NC3
3403,ENST00000300714,ENSP00000300714.3,unlabeled,False,0,self_learning,NC3
3404,ENST00000300737,ENSP00000300737.4,unlabeled,False,0,self_learning,NC3
3405,ENST00000300738,ENSP00000300738.5,test,True,0,self_learning,NC3
3406,ENST00000300747,ENSP00000300747.5,unlabeled,False,0,self_learning,NC3
3407,ENST00000300784,ENSP00000300784.7,unlabeled,False,0,self_learning,NC3
3408,ENST00000300811,ENSP00000300811.2,unlabeled,False,0,self_learning,NC3
3409,ENST00000300843,ENSP00000300843.3,unlabeled,False,0,self_learning,NC3
3410,ENST00000300850,ENSP00000300850.5,train,True,0,self_learning,NC3
3411,ENST00000300853,ENSP00000300853.3,train,True,0,self_learning,NC3
3412,ENST00000300870,ENSP00000300870.10,train,True,0,self_learning,NC3
3413,ENST00000300896,ENSP00000300896.3,train,True,0,self_learning,NC3
3414,ENST00000300935,ENSP00000300935.2,train,True,0,self_learning,NC3
3415,ENST00000300976,0,unlabeled,False,0,self_learning,NC3
3416,ENST00000301012,ENSP00000301012.3,train,True,0,self_learning,NC3
3417,ENST00000301015,ENSP00000301015.9,train,True,0,self_learning,NC3
3418,ENST00000301019,ENSP00000301019.4,test,True,0,self_learning,NC3
3419,ENST00000301021,ENSP00000301021.3,unlabeled,False,0,self_learning,NC3
3420,ENST00000301031,0,unlabeled,False,0,self_learning,NC3
3421,ENST00000301037,0,unlabeled,False,0,self_learning,NC3
3422,ENST00000301039,ENSP00000301039.2,unlabeled,False,0,self_learning,NC3
3423,ENST00000301050,ENSP00000301050.2,unlabeled,False,0,self_learning,NC3
3424,ENST00000301057,ENSP00000301057.7,unlabeled,False,0,self_learning,NC3
3425,ENST00000301061,ENSP00000301061.4,unlabeled,False,0,self_learning,NC3
3426,ENST00000301068,ENSP00000301068.6,unlabeled,False,0,self_learning,NC3
3427,ENST00000301072,ENSP00000301072.7,unlabeled,False,0,self_learning,NC3
3428,ENST00000301149,ENSP00000301149.3,unlabeled,False,0,self_learning,NC3
3429,ENST00000301159,ENSP00000301159.7,test,True,0,self_learning,NC3
3430,ENST00000301178,ENSP00000301178.3,unlabeled,False,0,self_learning,NC3
3431,ENST00000301180,ENSP00000301180.5,train,True,0,self_learning,NC3
3432,ENST00000301215,ENSP00000301215.2,unlabeled,False,0,self_learning,NC3
3433,ENST00000301242,ENSP00000301242.3,train,True,0,self_learning,NC3
3434,ENST00000301244,ENSP00000301244.5,train,True,0,self_learning,NC3
3435,ENST00000301246,0,unlabeled,False,0,self_learning,NC3
3436,ENST00000301258,ENSP00000301258.4,unlabeled,False,0,self_learning,NC3
3437,ENST00000301280,ENSP00000301280.4,val,True,0,self_learning,NC3
3438,ENST00000301281,ENSP00000301281.5,train,True,0,self_learning,NC3
3439,ENST00000301310,0,unlabeled,False,0,self_learning,NC3
3440,ENST00000301318,0,unlabeled,False,0,self_learning,NC3
3441,ENST00000301327,ENSP00000301327.3,train,True,0,self_learning,NC3
3442,ENST00000301332,ENSP00000301332.2,unlabeled,False,0,self_learning,NC3
3443,ENST00000301364,ENSP00000301364.4,train,True,0,self_learning,NC3
3444,ENST00000301391,ENSP00000301391.4,unlabeled,False,0,self_learning,NC3
3445,ENST00000301396,0,unlabeled,False,0,self_learning,NC3
3446,ENST00000301454,ENSP00000301454.3,unlabeled,False,0,self_learning,NC3
3447,ENST00000301457,ENSP00000301457.1,unlabeled,False,0,self_learning,NC3
3448,ENST00000301458,ENSP00000301458.4,train,True,0,self_learning,NC3
3449,ENST00000301459,ENSP00000301459.4,unlabeled,False,0,self_learning,NC3
3450,ENST00000301463,ENSP00000301463.4,unlabeled,False,0,self_learning,NC3
3451,ENST00000301488,ENSP00000301488.4,train,True,0,self_learning,NC3
3452,ENST00000301490,ENSP00000301490.4,unlabeled,False,0,self_learning,NC3
3453,ENST00000301522,ENSP00000301522.2,train,True,0,self_learning,NC3
3454,ENST00000301547,ENSP00000301547.5,unlabeled,False,0,self_learning,NC3
3455,ENST00000301585,ENSP00000301585.5,train,True,0,self_learning,NC3
3456,ENST00000301587,ENSP00000301587.4,train,True,0,self_learning,NC3
3457,ENST00000301618,ENSP00000301618.4,unlabeled,False,0,self_learning,NC3
3458,ENST00000301634,ENSP00000301634.6,test,True,0,self_learning,NC3
3459,ENST00000301659,ENSP00000301659.4,unlabeled,False,0,self_learning,NC3
3460,ENST00000301671,ENSP00000301671.7,train,True,0,self_learning,NC3
3461,ENST00000301686,0,unlabeled,False,0,self_learning,NC3
3462,ENST00000301727,ENSP00000301727.4,unlabeled,False,0,self_learning,NC3
3463,ENST00000301729,ENSP00000301729.4,train,True,0,self_learning,NC3
3464,ENST00000301732,ENSP00000301732.5,unlabeled,False,0,self_learning,NC3
3465,ENST00000301738,ENSP00000301738.4,unlabeled,False,0,self_learning,NC3
3466,ENST00000301740,ENSP00000301740.8,train,True,0,self_learning,NC3
3467,ENST00000301744,ENSP00000301744.4,unlabeled,False,0,self_learning,NC3
3468,ENST00000301761,ENSP00000301761.3,val,True,0,self_learning,NC3
3469,ENST00000301764,ENSP00000301764.7,train,True,0,self_learning,NC3
3470,ENST00000301765,ENSP00000301765.5,val,True,0,self_learning,NC3
3471,ENST00000301785,ENSP00000301785.5,test,True,0,self_learning,NC3
3472,ENST00000301788,ENSP00000301788.7,train,True,0,self_learning,NC3
3473,ENST00000301821,ENSP00000346067.4,unlabeled,False,0,self_learning,NC3
3474,ENST00000301831,ENSP00000301831.4,unlabeled,False,0,self_learning,NC3
3475,ENST00000301838,ENSP00000301838.5,test,True,0,self_learning,NC3
3476,ENST00000301887,ENSP00000301887.4,unlabeled,False,0,self_learning,NC3
3477,ENST00000301891,ENSP00000301891.4,unlabeled,False,0,self_learning,NC3
3478,ENST00000301904,ENSP00000301904.3,unlabeled,False,0,self_learning,NC3
3479,ENST00000301905,ENSP00000301905.4,train,True,0,self_learning,NC3
3480,ENST00000301919,0,unlabeled,False,0,self_learning,NC3
3481,ENST00000301981,ENSP00000304923.3,unlabeled,False,0,self_learning,NC3
3482,ENST00000301998,ENSP00000305595.4,unlabeled,False,0,self_learning,NC3
3483,ENST00000302006,ENSP00000305244.3,unlabeled,False,0,self_learning,NC3
3484,ENST00000302017,ENSP00000304769.3,unlabeled,False,0,self_learning,NC3
3485,ENST00000302036,0,unlabeled,False,0,self_learning,NC3
3486,ENST00000302060,ENSP00000302843.5,unlabeled,False,0,self_learning,NC3
3487,ENST00000302085,ENSP00000305769.4,train,True,0,self_learning,NC3
3488,ENST00000302125,ENSP00000303920.8,unlabeled,False,0,self_learning,NC3
3489,ENST00000302165,ENSP00000307265.3,val,True,0,self_learning,NC3
3490,ENST00000302174,ENSP00000303575.4,train,True,0,self_learning,NC3
3491,ENST00000302177,ENSP00000304004.1,unlabeled,False,0,self_learning,NC3
3492,ENST00000302188,ENSP00000306817.3,test,True,0,self_learning,NC3
3493,ENST00000302190,ENSP00000307046.4,train,True,0,self_learning,NC3
3494,ENST00000302236,ENSP00000305533.5,val,True,0,self_learning,NC3
3495,ENST00000302243,ENSP00000306117.7,train,True,0,self_learning,NC3
3496,ENST00000302262,ENSP00000305692.3,unlabeled,False,0,self_learning,NC3
3497,ENST00000302277,ENSP00000303252.6,unlabeled,False,0,self_learning,NC3
3498,ENST00000302279,ENSP00000303423.3,test,True,0,self_learning,NC3
3499,ENST00000302291,0,unlabeled,False,0,self_learning,NC3
3500,ENST00000302313,ENSP00000307491.5,train,True,0,self_learning,NC3
3501,ENST00000302326,ENSP00000304956.4,unlabeled,False,0,self_learning,NC3
3502,ENST00000302327,ENSP00000307183.3,unlabeled,False,0,self_learning,NC3
3503,ENST00000302345,ENSP00000307674.2,unlabeled,False,0,self_learning,NC3
3504,ENST00000302362,ENSP00000304327.6,train,True,0,self_learning,NC3
3505,ENST00000302386,ENSP00000306866.5,train,True,0,self_learning,NC3
3506,ENST00000302418,ENSP00000307078.4,val,True,0,self_learning,NC3
3507,ENST00000302450,ENSP00000305204.6,train,True,0,self_learning,NC3
3508,ENST00000302506,ENSP00000303706.3,unlabeled,False,0,self_learning,NC3
3509,ENST00000302516,ENSP00000305790.5,test,True,0,self_learning,NC3
3510,ENST00000302517,ENSP00000302543.3,unlabeled,False,0,self_learning,NC3
3511,ENST00000302550,ENSP00000306528.11,train,True,0,self_learning,NC3
3512,ENST00000302558,ENSP00000306637.3,unlabeled,False,0,self_learning,NC3
3513,ENST00000302586,ENSP00000302227.3,unlabeled,False,0,self_learning,NC3
3514,ENST00000302609,0,unlabeled,False,0,self_learning,NC3
3515,ENST00000302625,ENSP00000304250.4,unlabeled,False,0,self_learning,NC3
3516,ENST00000302641,ENSP00000306390.3,unlabeled,False,0,self_learning,NC3
3517,ENST00000302692,ENSP00000306328.5,val,True,0,self_learning,NC3
3518,ENST00000302708,ENSP00000302232.4,train,True,0,self_learning,NC3
3519,ENST00000302746,ENSP00000307241.6,train,True,0,self_learning,NC3
3520,ENST00000302754,ENSP00000303315.4,train,True,0,self_learning,NC3
3521,ENST00000302759,ENSP00000302530.6,train,True,0,self_learning,NC3
3522,ENST00000302763,ENSP00000304669.7,train,True,0,self_learning,NC3
3523,ENST00000302764,ENSP00000304854.3,test,True,0,self_learning,NC3
3524,ENST00000302787,ENSP00000305653.2,train,True,0,self_learning,NC3
3525,ENST00000302824,ENSP00000304032.6,unlabeled,False,0,self_learning,NC3
3526,ENST00000302850,ENSP00000303830.4,train,True,0,self_learning,NC3
3527,ENST00000302851,ENSP00000303915.3,unlabeled,False,0,self_learning,NC3
3528,ENST00000302874,0,unlabeled,False,0,self_learning,NC3
3529,ENST00000302904,ENSP00000302640.4,unlabeled,False,0,self_learning,NC3
3530,ENST00000302955,ENSP00000307471.6,unlabeled,False,0,self_learning,NC3
3531,ENST00000302979,ENSP00000302478.4,train,True,0,self_learning,NC3
3532,ENST00000303004,ENSP00000305422.3,val,True,0,self_learning,NC3
3533,ENST00000303071,ENSP00000307143.4,train,True,0,self_learning,NC3
3534,ENST00000303077,ENSP00000304502.6,test,True,0,self_learning,NC3
3535,ENST00000303088,ENSP00000305071.2,unlabeled,False,0,self_learning,NC3
3536,ENST00000303127,ENSP00000303366.7,test,True,0,self_learning,NC3
3537,ENST00000303142,ENSP00000305875.6,unlabeled,False,0,self_learning,NC3
3538,ENST00000303145,ENSP00000302537.7,unlabeled,False,0,self_learning,NC3
3539,ENST00000303151,ENSP00000304353.4,train,True,0,self_learning,NC3
3540,ENST00000303204,ENSP00000302114.4,unlabeled,False,0,self_learning,NC3
3541,ENST00000303210,ENSP00000305260.4,train,True,0,self_learning,NC3
3542,ENST00000303221,ENSP00000302289.5,unlabeled,False,0,self_learning,NC3
3543,ENST00000303230,ENSP00000307342.4,unlabeled,False,0,self_learning,NC3
3544,ENST00000303236,ENSP00000307235.3,train,True,0,self_learning,NC3
3545,ENST00000303251,ENSP00000304376.6,unlabeled,False,0,self_learning,NC3
3546,ENST00000303296,ENSP00000304226.4,unlabeled,False,0,self_learning,NC3
3547,ENST00000303305,ENSP00000302886.6,train,True,0,self_learning,NC3
3548,ENST00000303329,ENSP00000307479.4,unlabeled,False,0,self_learning,NC3
3549,ENST00000303334,ENSP00000304782.4,train,True,0,self_learning,NC3
3550,ENST00000303372,ENSP00000304941.5,unlabeled,False,0,self_learning,NC3
3551,ENST00000303375,ENSP00000307513.5,unlabeled,False,0,self_learning,NC3
3552,ENST00000303383,ENSP00000306473.3,train,True,0,self_learning,NC3
3553,ENST00000303391,ENSP00000301948.6,unlabeled,False,0,self_learning,NC3
3554,ENST00000303400,ENSP00000302830.4,unlabeled,False,0,self_learning,NC3
3555,ENST00000303407,ENSP00000305918.6,train,True,0,self_learning,NC3
3556,ENST00000303434,ENSP00000305664.4,unlabeled,False,0,self_learning,NC3
3557,ENST00000303436,ENSP00000306010.6,train,True,0,self_learning,NC3
3558,ENST00000303459,ENSP00000307251.6,unlabeled,False,0,self_learning,NC3
3559,ENST00000303460,ENSP00000307321.4,unlabeled,False,0,self_learning,NC3
3560,ENST00000303538,ENSP00000303427.8,train,True,0,self_learning,NC3
3561,ENST00000303545,ENSP00000304051.4,train,True,0,self_learning,NC3
3562,ENST00000303562,ENSP00000306245.4,unlabeled,False,0,self_learning,NC3
3563,ENST00000303575,ENSP00000303145.4,train,True,0,self_learning,NC3
3564,ENST00000303577,ENSP00000305556.5,train,True,0,self_learning,NC3
3565,ENST00000303592,ENSP00000306497.3,unlabeled,False,0,self_learning,NC3
3566,ENST00000303596,ENSP00000304689.1,train,True,0,self_learning,NC3
3567,ENST00000303622,ENSP00000303698.9,unlabeled,False,0,self_learning,NC3
3568,ENST00000303635,ENSP00000306522.6,unlabeled,False,0,self_learning,NC3
3569,ENST00000303657,ENSP00000306335.4,unlabeled,False,0,self_learning,NC3
3570,ENST00000303694,ENSP00000305725.5,unlabeled,False,0,self_learning,NC3
3571,ENST00000303721,ENSP00000305922.8,unlabeled,False,0,self_learning,NC3
3572,ENST00000303731,ENSP00000302783.4,val,True,0,self_learning,NC3
3573,ENST00000303746,ENSP00000304422.5,unlabeled,False,0,self_learning,NC3
3574,ENST00000303775,ENSP00000303584.5,unlabeled,False,0,self_learning,NC3
3575,ENST00000303795,ENSP00000307004.4,unlabeled,False,0,self_learning,NC3
3576,ENST00000303809,ENSP00000302770.1,unlabeled,False,0,self_learning,NC3
3577,ENST00000303868,0,unlabeled,False,0,self_learning,NC3
3578,ENST00000303887,ENSP00000307288.5,train,True,0,self_learning,NC3
3579,ENST00000303904,ENSP00000304102.3,train,True,0,self_learning,NC3
3580,ENST00000303915,ENSP00000306372.6,unlabeled,False,0,self_learning,NC3
3581,ENST00000303921,ENSP00000306449.2,unlabeled,False,0,self_learning,NC3
3582,ENST00000303924,ENSP00000306991.4,unlabeled,False,0,self_learning,NC3
3583,ENST00000303965,ENSP00000302895.4,unlabeled,False,0,self_learning,NC3
3584,ENST00000303991,ENSP00000305839.4,train,True,0,self_learning,NC3
3585,ENST00000304031,ENSP00000305193.3,val,True,0,self_learning,NC3
3586,ENST00000304043,ENSP00000304229.5,train,True,0,self_learning,NC3
3587,ENST00000304056,ENSP00000302586.4,unlabeled,False,0,self_learning,NC3
3588,ENST00000304060,0,unlabeled,False,0,self_learning,NC3
3589,ENST00000304062,ENSP00000305613.6,train,True,0,self_learning,NC3
3590,ENST00000304129,ENSP00000303042.4,unlabeled,False,0,self_learning,NC3
3591,ENST00000304177,0,unlabeled,False,0,self_learning,NC3
3592,ENST00000304189,ENSP00000354163.2,unlabeled,False,0,self_learning,NC3
3593,ENST00000304191,ENSP00000307181.3,train,True,0,self_learning,NC3
3594,ENST00000304195,ENSP00000303508.3,unlabeled,False,0,self_learning,NC3
3595,ENST00000304218,ENSP00000307705.4,test,True,0,self_learning,NC3
3596,ENST00000304231,ENSP00000305632.8,train,True,0,self_learning,NC3
3597,ENST00000304271,0,unlabeled,False,0,self_learning,NC3
3598,ENST00000304283,ENSP00000304586.4,unlabeled,False,0,self_learning,NC3
3599,ENST00000304312,ENSP00000306003.4,train,True,0,self_learning,NC3
3600,ENST00000304330,ENSP00000306123.4,train,True,0,self_learning,NC3
3601,ENST00000304337,ENSP00000355162.2,train,True,0,self_learning,NC3
3602,ENST00000304363,ENSP00000305899.4,unlabeled,False,0,self_learning,NC3
3603,ENST00000304372,ENSP00000305702.5,unlabeled,False,0,self_learning,NC3
3604,ENST00000304381,ENSP00000304710.5,unlabeled,False,0,self_learning,NC3
3605,ENST00000304385,0,unlabeled,False,0,self_learning,NC3
3606,ENST00000304411,ENSP00000303149.2,unlabeled,False,0,self_learning,NC3
3607,ENST00000304414,ENSP00000306788.7,unlabeled,False,0,self_learning,NC3
3608,ENST00000304430,ENSP00000306070.5,train,True,0,self_learning,NC3
3609,ENST00000304434,ENSP00000306640.6,unlabeled,False,0,self_learning,NC3
3610,ENST00000304477,ENSP00000305906.2,unlabeled,False,0,self_learning,NC3
3611,ENST00000304478,ENSP00000306080.4,train,True,0,self_learning,NC3
3612,ENST00000304511,ENSP00000306887.2,train,True,0,self_learning,NC3
3613,ENST00000304527,ENSP00000302913.4,unlabeled,False,0,self_learning,NC3
3614,ENST00000304546,ENSP00000302051.1,train,True,0,self_learning,NC3
3615,ENST00000304611,ENSP00000303511.8,unlabeled,False,0,self_learning,NC3
3616,ENST00000304613,ENSP00000304437.3,unlabeled,False,0,self_learning,NC3
3617,ENST00000304620,ENSP00000306261.4,train,True,0,self_learning,NC3
3618,ENST00000304621,ENSP00000306598.6,unlabeled,False,0,self_learning,NC3
3619,ENST00000304623,ENSP00000307134.8,unlabeled,False,0,self_learning,NC3
3620,ENST00000304636,ENSP00000304408.4,unlabeled,False,0,self_learning,NC3
3621,ENST00000304685,ENSP00000303192.3,unlabeled,False,0,self_learning,NC3
3622,ENST00000304698,0,unlabeled,False,0,self_learning,NC3
3623,ENST00000304743,ENSP00000304192.2,unlabeled,False,0,self_learning,NC3
3624,ENST00000304758,ENSP00000305557.1,unlabeled,False,0,self_learning,NC3
3625,ENST00000304788,ENSP00000302441.3,train,True,0,self_learning,NC3
3626,ENST00000304800,ENSP00000305892.9,train,True,0,self_learning,NC3
3627,ENST00000304842,ENSP00000302413.5,unlabeled,False,0,self_learning,NC3
3628,ENST00000304858,ENSP00000302961.2,train,True,0,self_learning,NC3
3629,ENST00000304863,ENSP00000306397.3,train,True,0,self_learning,NC3
3630,ENST00000304874,ENSP00000307188.9,train,True,0,self_learning,NC3
3631,ENST00000304895,ENSP00000302728.4,train,True,0,self_learning,NC3
3632,ENST00000304916,ENSP00000302578.3,unlabeled,False,0,self_learning,NC3
3633,ENST00000304952,0,unlabeled,False,0,self_learning,NC3
3634,ENST00000304979,ENSP00000306614.3,unlabeled,False,0,self_learning,NC3
3635,ENST00000304987,ENSP00000305976.3,val,True,0,self_learning,NC3
3636,ENST00000305031,ENSP00000302629.4,train,True,0,self_learning,NC3
3637,ENST00000305097,ENSP00000304767.3,unlabeled,False,0,self_learning,NC3
3638,ENST00000305105,ENSP00000304593.2,train,True,0,self_learning,NC3
3639,ENST00000305124,ENSP00000305010.7,unlabeled,False,0,self_learning,NC3
3640,ENST00000305135,ENSP00000306983.5,val,True,0,self_learning,NC3
3641,ENST00000305141,ENSP00000305877.4,unlabeled,False,0,self_learning,NC3
3642,ENST00000305188,ENSP00000306999.8,train,True,0,self_learning,NC3
3643,ENST00000305218,ENSP00000305958.5,unlabeled,False,0,self_learning,NC3
3644,ENST00000305233,ENSP00000306324.5,unlabeled,False,0,self_learning,NC3
3645,ENST00000305242,ENSP00000306410.5,unlabeled,False,0,self_learning,NC3
3646,ENST00000305253,ENSP00000305426.4,unlabeled,False,0,self_learning,NC3
3647,ENST00000305264,ENSP00000302967.3,train,True,0,self_learning,NC3
3648,ENST00000305352,ENSP00000305416.6,unlabeled,False,0,self_learning,NC3
3649,ENST00000305364,ENSP00000301924.4,unlabeled,False,0,self_learning,NC3
3650,ENST00000305366,ENSP00000304277.3,unlabeled,False,0,self_learning,NC3
3651,ENST00000305386,ENSP00000307423.2,train,True,0,self_learning,NC3
3652,ENST00000305428,ENSP00000307461.3,unlabeled,False,0,self_learning,NC3
3653,ENST00000305476,ENSP00000306844.5,train,True,0,self_learning,NC3
3654,ENST00000305494,ENSP00000306344.5,train,True,0,self_learning,NC3
3655,ENST00000305510,ENSP00000305449.3,train,True,0,self_learning,NC3
3656,ENST00000305513,ENSP00000304360.7,train,True,0,self_learning,NC3
3657,ENST00000305533,ENSP00000303908.4,train,True,0,self_learning,NC3
3658,ENST00000305536,ENSP00000339090.4,train,True,0,self_learning,NC3
3659,ENST00000305544,ENSP00000307156.4,test,True,0,self_learning,NC3
3660,ENST00000305557,ENSP00000305298.5,unlabeled,False,0,self_learning,NC3
3661,ENST00000305560,ENSP00000305494.6,train,True,0,self_learning,NC3
3662,ENST00000305596,ENSP00000304903.3,unlabeled,False,0,self_learning,NC3
3663,ENST00000305626,ENSP00000306496.5,unlabeled,False,0,self_learning,NC3
3664,ENST00000305631,ENSP00000307126.5,unlabeled,False,0,self_learning,NC3
3665,ENST00000305632,ENSP00000307260.4,train,True,0,self_learning,NC3
3666,ENST00000305641,ENSP00000307214.5,train,True,0,self_learning,NC3
3667,ENST00000305766,ENSP00000305530.6,unlabeled,False,0,self_learning,NC3
3668,ENST00000305768,0,unlabeled,False,0,self_learning,NC3
3669,ENST00000305783,ENSP00000304670.8,unlabeled,False,0,self_learning,NC3
3670,ENST00000305784,ENSP00000304802.2,test,True,0,self_learning,NC3
3671,ENST00000305786,ENSP00000307786.2,unlabeled,False,0,self_learning,NC3
3672,ENST00000305798,ENSP00000307701.3,unlabeled,False,0,self_learning,NC3
3673,ENST00000305866,ENSP00000307666.5,train,True,0,self_learning,NC3
3674,ENST00000305877,ENSP00000303507.8,test,True,0,self_learning,NC3
3675,ENST00000305883,ENSP00000307023.1,unlabeled,False,0,self_learning,NC3
3676,ENST00000305885,ENSP00000305480.2,train,True,0,self_learning,NC3
3677,ENST00000305901,ENSP00000302630.4,unlabeled,False,0,self_learning,NC3
3678,ENST00000305921,ENSP00000306682.2,unlabeled,False,0,self_learning,NC3
3679,ENST00000305949,ENSP00000303398.1,train,True,0,self_learning,NC3
3680,ENST00000305997,ENSP00000302177.3,train,True,0,self_learning,NC3
3681,ENST00000306006,ENSP00000307774.6,unlabeled,False,0,self_learning,NC3
3682,ENST00000306011,ENSP00000302216.4,unlabeled,False,0,self_learning,NC3
3683,ENST00000306024,ENSP00000302160.3,train,True,0,self_learning,NC3
3684,ENST00000306052,ENSP00000303634.6,unlabeled,False,0,self_learning,NC3
3685,ENST00000306065,ENSP00000304292.3,unlabeled,False,0,self_learning,NC3
3686,ENST00000306072,ENSP00000306565.5,unlabeled,False,0,self_learning,NC3
3687,ENST00000306077,ENSP00000303992.5,train,True,0,self_learning,NC3
3688,ENST00000306078,ENSP00000304127.1,unlabeled,False,0,self_learning,NC3
3689,ENST00000306085,ENSP00000305161.6,train,True,0,self_learning,NC3
3690,ENST00000306100,ENSP00000305334.4,unlabeled,False,0,self_learning,NC3
3691,ENST00000306103,ENSP00000302562.2,test,True,0,self_learning,NC3
3692,ENST00000306107,ENSP00000305988.5,train,True,0,self_learning,NC3
3693,ENST00000306108,ENSP00000302801.5,train,True,0,self_learning,NC3
3694,ENST00000306121,ENSP00000304429.3,train,True,0,self_learning,NC3
3695,ENST00000306125,ENSP00000307567.6,train,True,0,self_learning,NC3
3696,ENST00000306149,ENSP00000302485.7,unlabeled,False,0,self_learning,NC3
3697,ENST00000306156,ENSP00000306124.3,train,True,0,self_learning,NC3
3698,ENST00000306185,ENSP00000306548.3,train,True,0,self_learning,NC3
3699,ENST00000306193,ENSP00000303525.3,train,True,0,self_learning,NC3
3700,ENST00000306200,ENSP00000305810.2,train,True,0,self_learning,NC3
3701,ENST00000306243,ENSP00000307297.6,train,True,0,self_learning,NC3
3702,ENST00000306306,ENSP00000303482.3,train,True,0,self_learning,NC3
3703,ENST00000306315,ENSP00000307746.5,unlabeled,False,0,self_learning,NC3
3704,ENST00000306318,ENSP00000302251.4,unlabeled,False,0,self_learning,NC3
3705,ENST00000306324,ENSP00000302548.3,unlabeled,False,0,self_learning,NC3
3706,ENST00000306336,ENSP00000304410.5,unlabeled,False,0,self_learning,NC3
3707,ENST00000306357,ENSP00000305255.2,val,True,0,self_learning,NC3
3708,ENST00000306368,ENSP00000306906.4,test,True,0,self_learning,NC3
3709,ENST00000306376,ENSP00000306894.5,unlabeled,False,0,self_learning,NC3
3710,ENST00000306385,ENSP00000305714.5,unlabeled,False,0,self_learning,NC3
3711,ENST00000306406,ENSP00000303148.4,unlabeled,False,0,self_learning,NC3
3712,ENST00000306434,ENSP00000303147.3,train,True,0,self_learning,NC3
3713,ENST00000306442,ENSP00000303057.4,train,True,0,self_learning,NC3
3714,ENST00000306448,ENSP00000304891.4,unlabeled,False,0,self_learning,NC3
3715,ENST00000306467,ENSP00000303058.6,unlabeled,False,0,self_learning,NC3
3716,ENST00000306480,ENSP00000305069.4,train,True,0,self_learning,NC3
3717,ENST00000306503,ENSP00000305133.5,unlabeled,False,0,self_learning,NC3
3718,ENST00000306560,ENSP00000304440.1,unlabeled,False,0,self_learning,NC3
3719,ENST00000306562,0,unlabeled,False,0,self_learning,NC3
3720,ENST00000306585,0,unlabeled,False,0,self_learning,NC3
3721,ENST00000306601,ENSP00000305483.5,unlabeled,False,0,self_learning,NC3
3722,ENST00000306627,ENSP00000303709.3,train,True,0,self_learning,NC3
3723,ENST00000306675,ENSP00000306662.3,unlabeled,False,0,self_learning,NC3
3724,ENST00000306688,0,unlabeled,False,0,self_learning,NC3
3725,ENST00000306698,ENSP00000306581.2,unlabeled,False,0,self_learning,NC3
3726,ENST00000306721,ENSP00000306968.3,train,True,0,self_learning,NC3
3727,ENST00000306730,ENSP00000306822.3,train,True,0,self_learning,NC3
3728,ENST00000306735,ENSP00000305696.4,train,True,0,self_learning,NC3
3729,ENST00000306739,ENSP00000302176.4,unlabeled,False,0,self_learning,NC3
3730,ENST00000306749,ENSP00000304592.2,train,True,0,self_learning,NC3
3731,ENST00000306773,ENSP00000307549.4,unlabeled,False,0,self_learning,NC3
3732,ENST00000306796,ENSP00000303515.5,train,True,0,self_learning,NC3
3733,ENST00000306801,ENSP00000307272.3,unlabeled,False,0,self_learning,NC3
3734,ENST00000306858,ENSP00000304078.7,unlabeled,False,0,self_learning,NC3
3735,ENST00000306862,ENSP00000303490.2,unlabeled,False,0,self_learning,NC3
3736,ENST00000306869,ENSP00000303356.2,train,True,0,self_learning,NC3
3737,ENST00000306897,ENSP00000304283.4,train,True,0,self_learning,NC3
3738,ENST00000306904,0,unlabeled,False,0,self_learning,NC3
3739,ENST00000306908,ENSP00000303696.5,unlabeled,False,0,self_learning,NC3
3740,ENST00000306910,ENSP00000306756.3,unlabeled,False,0,self_learning,NC3
3741,ENST00000306917,ENSP00000307298.4,train,True,0,self_learning,NC3
3742,ENST00000306984,ENSP00000304553.5,val,True,0,self_learning,NC3
3743,ENST00000306999,ENSP00000303570.2,train,True,0,self_learning,NC3
3744,ENST00000307017,ENSP00000303434.4,train,True,0,self_learning,NC3
3745,ENST00000307063,ENSP00000305151.7,train,True,0,self_learning,NC3
3746,ENST00000307068,ENSP00000304930.4,unlabeled,False,0,self_learning,NC3
3747,ENST00000307076,ENSP00000302468.4,unlabeled,False,0,self_learning,NC3
3748,ENST00000307078,ENSP00000302625.5,unlabeled,False,0,self_learning,NC3
3749,ENST00000307098,ENSP00000306461.4,unlabeled,False,0,self_learning,NC3
3750,ENST00000307102,ENSP00000302486.5,unlabeled,False,0,self_learning,NC3
3751,ENST00000307126,ENSP00000303997.5,train,True,0,self_learning,NC3
3752,ENST00000307138,ENSP00000302647.6,unlabeled,False,0,self_learning,NC3
3753,ENST00000307149,ENSP00000305442.5,val,True,0,self_learning,NC3
3754,ENST00000307161,ENSP00000302811.5,unlabeled,False,0,self_learning,NC3
3755,ENST00000307169,ENSP00000306523.3,unlabeled,False,0,self_learning,NC3
3756,ENST00000307201,ENSP00000302657.3,val,True,0,self_learning,NC3
3757,ENST00000307275,ENSP00000302276.2,unlabeled,False,0,self_learning,NC3
3758,ENST00000307296,ENSP00000307387.3,train,True,0,self_learning,NC3
3759,ENST00000307340,ENSP00000305941.3,unlabeled,False,0,self_learning,NC3
3760,ENST00000307358,ENSP00000303766.2,unlabeled,False,0,self_learning,NC3
3761,ENST00000307360,0,unlabeled,False,0,self_learning,NC3
3762,ENST00000307363,ENSP00000306920.4,train,True,0,self_learning,NC3
3763,ENST00000307365,ENSP00000307305.3,unlabeled,False,0,self_learning,NC3
3764,ENST00000307366,ENSP00000303987.7,train,True,0,self_learning,NC3
3765,ENST00000307367,ENSP00000304257.2,unlabeled,False,0,self_learning,NC3
3766,ENST00000307407,ENSP00000306512.3,unlabeled,False,0,self_learning,NC3
3767,ENST00000307422,ENSP00000306902.5,unlabeled,False,0,self_learning,NC3
3768,ENST00000307428,0,unlabeled,False,0,self_learning,NC3
3769,ENST00000307450,0,unlabeled,False,0,self_learning,NC3
3770,ENST00000307471,0,unlabeled,False,0,self_learning,NC3
3771,ENST00000307518,ENSP00000306163.5,unlabeled,False,0,self_learning,NC3
3772,ENST00000307522,ENSP00000303158.3,unlabeled,False,0,self_learning,NC3
3773,ENST00000307526,ENSP00000307741.3,unlabeled,False,0,self_learning,NC3
3774,ENST00000307564,ENSP00000303769.4,unlabeled,False,0,self_learning,NC3
3775,ENST00000307584,ENSP00000418668.1,unlabeled,False,0,self_learning,NC3
3776,ENST00000307588,0,unlabeled,False,0,self_learning,NC3
3777,ENST00000307602,ENSP00000305699.3,val,True,0,self_learning,NC3
3778,ENST00000307630,ENSP00000306330.3,train,True,0,self_learning,NC3
3779,ENST00000307641,ENSP00000303580.5,unlabeled,False,0,self_learning,NC3
3780,ENST00000307650,ENSP00000305138.4,train,True,0,self_learning,NC3
3781,ENST00000307659,ENSP00000303928.5,unlabeled,False,0,self_learning,NC3
3782,ENST00000307712,ENSP00000306881.6,train,True,0,self_learning,NC3
3783,ENST00000307720,ENSP00000303754.3,train,True,0,self_learning,NC3
3784,ENST00000307741,ENSP00000304467.5,train,True,0,self_learning,NC3
3785,ENST00000307750,ENSP00000307604.4,unlabeled,False,0,self_learning,NC3
3786,ENST00000307767,ENSP00000305654.8,unlabeled,False,0,self_learning,NC3
3787,ENST00000307786,ENSP00000304643.3,unlabeled,False,0,self_learning,NC3
3788,ENST00000307808,ENSP00000305689.6,unlabeled,False,0,self_learning,NC3
3789,ENST00000307823,ENSP00000308268.3,unlabeled,False,0,self_learning,NC3
3790,ENST00000307877,ENSP00000312066.1,train,True,0,self_learning,NC3
3791,ENST00000307885,ENSP00000311405.4,unlabeled,False,0,self_learning,NC3
3792,ENST00000307892,ENSP00000308430.8,train,True,0,self_learning,NC3
3793,ENST00000307897,ENSP00000311429.5,train,True,0,self_learning,NC3
3794,ENST00000307921,ENSP00000310015.3,unlabeled,False,0,self_learning,NC3
3795,ENST00000307961,ENSP00000311430.6,train,True,0,self_learning,NC3
3796,ENST00000307980,ENSP00000311360.2,train,True,0,self_learning,NC3
3797,ENST00000307998,ENSP00000309953.6,unlabeled,False,0,self_learning,NC3
3798,ENST00000308020,ENSP00000308258.5,train,True,0,self_learning,NC3
3799,ENST00000308022,ENSP00000312615.2,unlabeled,False,0,self_learning,NC3
3800,ENST00000308025,ENSP00000310723.2,train,True,0,self_learning,NC3
3801,ENST00000308027,ENSP00000309751.6,unlabeled,False,0,self_learning,NC3
3802,ENST00000308064,ENSP00000309270.2,unlabeled,False,0,self_learning,NC3
3803,ENST00000308074,ENSP00000311833.4,unlabeled,False,0,self_learning,NC3
3804,ENST00000308086,ENSP00000310796.2,unlabeled,False,0,self_learning,NC3
3805,ENST00000308110,ENSP00000307853.4,train,True,0,self_learning,NC3
3806,ENST00000308127,ENSP00000312081.4,train,True,0,self_learning,NC3
3807,ENST00000308153,ENSP00000308405.5,unlabeled,False,0,self_learning,NC3
3808,ENST00000308158,ENSP00000310978.5,train,True,0,self_learning,NC3
3809,ENST00000308159,ENSP00000310668.5,train,True,0,self_learning,NC3
3810,ENST00000308167,ENSP00000311280.6,unlabeled,False,0,self_learning,NC3
3811,ENST00000308177,ENSP00000312070.3,unlabeled,False,0,self_learning,NC3
3812,ENST00000308191,ENSP00000310661.6,unlabeled,False,0,self_learning,NC3
3813,ENST00000308219,ENSP00000310697.9,unlabeled,False,0,self_learning,NC3
3814,ENST00000308234,0,unlabeled,False,0,self_learning,NC3
3815,ENST00000308249,ENSP00000312411.2,test,True,0,self_learning,NC3
3816,ENST00000308271,ENSP00000309262.9,unlabeled,False,0,self_learning,NC3
3817,ENST00000308275,ENSP00000307833.3,val,True,0,self_learning,NC3
3818,ENST00000308278,ENSP00000312017.7,val,True,0,self_learning,NC3
3819,ENST00000308330,ENSP00000308369.2,train,True,0,self_learning,NC3
3820,ENST00000308342,ENSP00000310620.6,unlabeled,False,0,self_learning,NC3
3821,ENST00000308354,ENSP00000312634.7,unlabeled,False,0,self_learning,NC3
3822,ENST00000308360,ENSP00000309430.7,unlabeled,False,0,self_learning,NC3
3823,ENST00000308370,ENSP00000311905.8,unlabeled,False,0,self_learning,NC3
3824,ENST00000308394,ENSP00000311032.4,test,True,0,self_learning,NC3
3825,ENST00000308406,ENSP00000311005.5,unlabeled,False,0,self_learning,NC3
3826,ENST00000308418,ENSP00000308193.5,unlabeled,False,0,self_learning,NC3
3827,ENST00000308423,ENSP00000312326.1,unlabeled,False,0,self_learning,NC3
3828,ENST00000308448,ENSP00000339017.4,train,True,0,self_learning,NC3
3829,ENST00000308497,ENSP00000311257.4,unlabeled,False,0,self_learning,NC3
3830,ENST00000308508,ENSP00000312506.5,train,True,0,self_learning,NC3
3831,ENST00000308527,ENSP00000311427.6,val,True,0,self_learning,NC3
3832,ENST00000308580,ENSP00000308753.7,train,True,0,self_learning,NC3
3833,ENST00000308595,ENSP00000312262.5,train,True,0,self_learning,NC3
3834,ENST00000308624,ENSP00000311837.5,unlabeled,False,0,self_learning,NC3
3835,ENST00000308659,ENSP00000309226.8,unlabeled,False,0,self_learning,NC3
3836,ENST00000308660,ENSP00000309141.5,unlabeled,False,0,self_learning,NC3
3837,ENST00000308683,ENSP00000310042.2,train,True,0,self_learning,NC3
3838,ENST00000308696,ENSP00000309474.6,unlabeled,False,0,self_learning,NC3
3839,ENST00000308713,ENSP00000312550.5,unlabeled,False,0,self_learning,NC3
3840,ENST00000308724,ENSP00000312442.5,unlabeled,False,0,self_learning,NC3
3841,ENST00000308731,ENSP00000308176.8,unlabeled,False,0,self_learning,NC3
3842,ENST00000308736,ENSP00000311135.2,train,True,0,self_learning,NC3
3843,ENST00000308742,ENSP00000310120.4,unlabeled,False,0,self_learning,NC3
3844,ENST00000308748,ENSP00000311447.5,unlabeled,False,0,self_learning,NC3
3845,ENST00000308961,ENSP00000311740.4,test,True,0,self_learning,NC3
3846,ENST00000308982,ENSP00000312618.7,unlabeled,False,0,self_learning,NC3
3847,ENST00000308987,ENSP00000311083.5,train,True,0,self_learning,NC3
3848,ENST00000309033,ENSP00000312107.4,unlabeled,False,0,self_learning,NC3
3849,ENST00000309042,ENSP00000311816.7,unlabeled,False,0,self_learning,NC3
3850,ENST00000309048,ENSP00000308583.2,unlabeled,False,0,self_learning,NC3
3851,ENST00000309060,ENSP00000312222.4,unlabeled,False,0,self_learning,NC3
3852,ENST00000309061,ENSP00000311977.5,train,True,0,self_learning,NC3
3853,ENST00000309083,ENSP00000310088.7,unlabeled,False,0,self_learning,NC3
3854,ENST00000309100,ENSP00000309597.3,unlabeled,False,0,self_learning,NC3
3855,ENST00000309117,ENSP00000311399.6,train,True,0,self_learning,NC3
3856,ENST00000309137,ENSP00000335808.6,unlabeled,False,0,self_learning,NC3
3857,ENST00000309156,ENSP00000310771.4,unlabeled,False,0,self_learning,NC3
3858,ENST00000309166,ENSP00000310205.3,unlabeled,False,0,self_learning,NC3
3859,ENST00000309190,ENSP00000312523.5,unlabeled,False,0,self_learning,NC3
3860,ENST00000309235,0,unlabeled,False,0,self_learning,NC3
3861,ENST00000309241,ENSP00000312649.5,unlabeled,False,0,self_learning,NC3
3862,ENST00000309244,ENSP00000311930.3,train,True,0,self_learning,NC3
3863,ENST00000309295,ENSP00000312671.4,unlabeled,False,0,self_learning,NC3
3864,ENST00000309311,ENSP00000307940.5,train,True,0,self_learning,NC3
3865,ENST00000309315,ENSP00000311778.4,train,True,0,self_learning,NC3
3866,ENST00000309318,ENSP00000310117.3,train,True,0,self_learning,NC3
3867,ENST00000309328,ENSP00000312318.3,val,True,0,self_learning,NC3
3868,ENST00000309352,ENSP00000308275.4,val,True,0,self_learning,NC3
3869,ENST00000309377,ENSP00000310459.4,unlabeled,False,0,self_learning,NC3
3870,ENST00000309383,ENSP00000310649.1,unlabeled,False,0,self_learning,NC3
3871,ENST00000309395,ENSP00000310189.3,unlabeled,False,0,self_learning,NC3
3872,ENST00000309415,ENSP00000309186.6,unlabeled,False,0,self_learning,NC3
3873,ENST00000309428,ENSP00000309432.4,train,True,0,self_learning,NC3
3874,ENST00000309446,ENSP00000309570.6,unlabeled,False,0,self_learning,NC3
3875,ENST00000309447,ENSP00000309501.5,unlabeled,False,0,self_learning,NC3
3876,ENST00000309451,ENSP00000311500.6,train,True,0,self_learning,NC3
3877,ENST00000309469,ENSP00000311318.3,unlabeled,False,0,self_learning,NC3
3878,ENST00000309522,ENSP00000312288.4,unlabeled,False,0,self_learning,NC3
3879,ENST00000309546,ENSP00000309521.3,unlabeled,False,0,self_learning,NC3
3880,ENST00000309558,ENSP00000308727.3,train,True,0,self_learning,NC3
3881,ENST00000309575,ENSP00000307911.3,unlabeled,False,0,self_learning,NC3
3882,ENST00000309594,ENSP00000310726.4,train,True,0,self_learning,NC3
3883,ENST00000309602,ENSP00000312535.4,unlabeled,False,0,self_learning,NC3
3884,ENST00000309657,ENSP00000309163.3,train,True,0,self_learning,NC3
3885,ENST00000309660,ENSP00000311857.3,test,True,0,self_learning,NC3
3886,ENST00000309668,ENSP00000308716.2,unlabeled,False,0,self_learning,NC3
3887,ENST00000309683,ENSP00000309330.6,unlabeled,False,0,self_learning,NC3
3888,ENST00000309720,ENSP00000310110.5,unlabeled,False,0,self_learning,NC3
3889,ENST00000309733,0,unlabeled,False,0,self_learning,NC3
3890,ENST00000309739,ENSP00000308461.5,unlabeled,False,0,self_learning,NC3
3891,ENST00000309755,ENSP00000312397.4,unlabeled,False,0,self_learning,NC3
3892,ENST00000309784,ENSP00000311219.4,unlabeled,False,0,self_learning,NC3
3893,ENST00000309794,ENSP00000309899.10,unlabeled,False,0,self_learning,NC3
3894,ENST00000309822,ENSP00000308332.2,test,True,0,self_learning,NC3
3895,ENST00000309859,ENSP00000311962.4,train,True,0,self_learning,NC3
3896,ENST00000309863,ENSP00000307939.5,train,True,0,self_learning,NC3
3897,ENST00000309880,ENSP00000308354.5,unlabeled,False,0,self_learning,NC3
3898,ENST00000309889,ENSP00000312624.2,unlabeled,False,0,self_learning,NC3
3899,ENST00000309922,ENSP00000312356.6,train,True,0,self_learning,NC3
3900,ENST00000309934,ENSP00000310521.4,unlabeled,False,0,self_learning,NC3
3901,ENST00000309951,ENSP00000309477.5,unlabeled,False,0,self_learning,NC3
3902,ENST00000309955,ENSP00000312455.2,train,True,0,self_learning,NC3
3903,ENST00000309958,ENSP00000311746.2,unlabeled,False,0,self_learning,NC3
3904,ENST00000309971,ENSP00000308622.5,test,True,0,self_learning,NC3
3905,ENST00000309979,ENSP00000310657.6,unlabeled,False,0,self_learning,NC3
3906,ENST00000309983,ENSP00000312304.4,train,True,0,self_learning,NC3
3907,ENST00000309988,ENSP00000310880.4,unlabeled,False,0,self_learning,NC3
3908,ENST00000309993,ENSP00000311827.2,train,True,0,self_learning,NC3
3909,ENST00000310032,0,unlabeled,False,0,self_learning,NC3
3910,ENST00000310053,ENSP00000308944.5,train,True,0,self_learning,NC3
3911,ENST00000310054,ENSP00000308032.3,train,True,0,self_learning,NC3
3912,ENST00000310074,ENSP00000308022.6,test,True,0,self_learning,NC3
3913,ENST00000310085,0,unlabeled,False,0,self_learning,NC3
3914,ENST00000310109,ENSP00000309463.4,train,True,0,self_learning,NC3
3915,ENST00000310118,ENSP00000310129.4,train,True,0,self_learning,NC3
3916,ENST00000310127,ENSP00000311336.6,unlabeled,False,0,self_learning,NC3
3917,ENST00000310137,ENSP00000311747.5,train,True,0,self_learning,NC3
3918,ENST00000310144,ENSP00000310572.6,train,True,0,self_learning,NC3
3919,ENST00000310164,ENSP00000308921.2,unlabeled,False,0,self_learning,NC3
3920,ENST00000310193,ENSP00000310721.3,unlabeled,False,0,self_learning,NC3
3921,ENST00000310227,ENSP00000312631.1,unlabeled,False,0,self_learning,NC3
3922,ENST00000310232,0,unlabeled,False,0,self_learning,NC3
3923,ENST00000310256,ENSP00000312458.2,train,True,0,self_learning,NC3
3924,ENST00000310300,ENSP00000309689.6,train,True,0,self_learning,NC3
3925,ENST00000310301,ENSP00000309457.4,test,True,0,self_learning,NC3
3926,ENST00000310325,ENSP00000310832.5,unlabeled,False,0,self_learning,NC3
3927,ENST00000310331,ENSP00000308472.2,unlabeled,False,0,self_learning,NC3
3928,ENST00000310340,ENSP00000311750.5,unlabeled,False,0,self_learning,NC3
3929,ENST00000310343,ENSP00000310561.8,unlabeled,False,0,self_learning,NC3
3930,ENST00000310380,ENSP00000309640.6,train,True,0,self_learning,NC3
3931,ENST00000310389,ENSP00000308496.5,train,True,0,self_learning,NC3
3932,ENST00000310392,ENSP00000307975.4,train,True,0,self_learning,NC3
3933,ENST00000310397,ENSP00000308893.8,unlabeled,False,0,self_learning,NC3
3934,ENST00000310421,ENSP00000309031.4,val,True,0,self_learning,NC3
3935,ENST00000310441,ENSP00000309555.7,unlabeled,False,0,self_learning,NC3
3936,ENST00000310442,ENSP00000309429.3,train,True,0,self_learning,NC3
3937,ENST00000310447,ENSP00000312664.5,train,True,0,self_learning,NC3
3938,ENST00000310454,ENSP00000308610.5,unlabeled,False,0,self_learning,NC3
3939,ENST00000310463,0,unlabeled,False,0,self_learning,NC3
3940,ENST00000310496,ENSP00000307971.4,unlabeled,False,0,self_learning,NC3
3941,ENST00000310512,ENSP00000308546.2,test,True,0,self_learning,NC3
3942,ENST00000310546,ENSP00000311609.2,unlabeled,False,0,self_learning,NC3
3943,ENST00000310571,ENSP00000311665.4,test,True,0,self_learning,NC3
3944,ENST00000310574,ENSP00000310208.3,unlabeled,False,0,self_learning,NC3
3945,ENST00000310581,ENSP00000309572.5,unlabeled,False,0,self_learning,NC3
3946,ENST00000310597,ENSP00000308548.4,test,True,0,self_learning,NC3
3947,ENST00000310614,ENSP00000308717.7,train,True,0,self_learning,NC3
3948,ENST00000310624,ENSP00000311997.6,unlabeled,False,0,self_learning,NC3
3949,ENST00000310653,ENSP00000311449.5,test,True,0,self_learning,NC3
3950,ENST00000310682,ENSP00000310082.2,unlabeled,False,0,self_learning,NC3
3951,ENST00000310754,ENSP00000309402.4,unlabeled,False,0,self_learning,NC3
3952,ENST00000310786,ENSP00000309376.4,unlabeled,False,0,self_learning,NC3
3953,ENST00000310803,ENSP00000310244.5,unlabeled,False,0,self_learning,NC3
3954,ENST00000310806,ENSP00000309790.4,train,True,0,self_learning,NC3
3955,ENST00000310823,ENSP00000309968.3,test,True,0,self_learning,NC3
3956,ENST00000310826,ENSP00000308759.5,unlabeled,False,0,self_learning,NC3
3957,ENST00000310833,ENSP00000310036.7,unlabeled,False,0,self_learning,NC3
3958,ENST00000310836,ENSP00000311648.6,unlabeled,False,0,self_learning,NC3
3959,ENST00000310850,ENSP00000312224.4,train,True,0,self_learning,NC3
3960,ENST00000310864,ENSP00000311505.6,train,True,0,self_learning,NC3
3961,ENST00000310924,ENSP00000309794.2,unlabeled,False,0,self_learning,NC3
3962,ENST00000310926,ENSP00000311291.4,unlabeled,False,0,self_learning,NC3
3963,ENST00000310942,ENSP00000308750.4,test,True,0,self_learning,NC3
3964,ENST00000310954,ENSP00000309741.6,unlabeled,False,0,self_learning,NC3
3965,ENST00000310958,ENSP00000311656.6,unlabeled,False,0,self_learning,NC3
3966,ENST00000310981,0,unlabeled,False,0,self_learning,NC3
3967,ENST00000310991,ENSP00000311122.3,unlabeled,False,0,self_learning,NC3
3968,ENST00000310999,ENSP00000308897.7,train,True,0,self_learning,NC3
3969,ENST00000311008,ENSP00000309945.11,unlabeled,False,0,self_learning,NC3
3970,ENST00000311015,0,unlabeled,False,0,self_learning,NC3
3971,ENST00000311027,ENSP00000310933.4,unlabeled,False,0,self_learning,NC3
3972,ENST00000311044,ENSP00000311183.2,unlabeled,False,0,self_learning,NC3
3973,ENST00000311048,ENSP00000308578.6,unlabeled,False,0,self_learning,NC3
3974,ENST00000311083,ENSP00000310901.5,train,True,0,self_learning,NC3
3975,ENST00000311085,ENSP00000309690.8,unlabeled,False,0,self_learning,NC3
3976,ENST00000311086,ENSP00000309644.4,train,True,0,self_learning,NC3
3977,ENST00000311111,ENSP00000309830.6,train,True,0,self_learning,NC3
3978,ENST00000311117,ENSP00000312379.3,unlabeled,False,0,self_learning,NC3
3979,ENST00000311124,ENSP00000308895.4,train,True,0,self_learning,NC3
3980,ENST00000311127,0,unlabeled,False,0,self_learning,NC3
3981,ENST00000311128,0,unlabeled,False,0,self_learning,NC3
3982,ENST00000311129,ENSP00000311344.5,train,True,0,self_learning,NC3
3983,ENST00000311148,ENSP00000311224.4,test,True,0,self_learning,NC3
3984,ENST00000311151,ENSP00000309539.5,unlabeled,False,0,self_learning,NC3
3985,ENST00000311160,ENSP00000312143.9,unlabeled,False,0,self_learning,NC3
3986,ENST00000311177,ENSP00000309439.5,train,True,0,self_learning,NC3
3987,ENST00000311180,ENSP00000309142.7,train,True,0,self_learning,NC3
3988,ENST00000311181,ENSP00000309096.4,train,True,0,self_learning,NC3
3989,ENST00000311227,ENSP00000310701.1,unlabeled,False,0,self_learning,NC3
3990,ENST00000311234,ENSP00000310260.4,train,True,0,self_learning,NC3
3991,ENST00000311268,ENSP00000311528.3,unlabeled,False,0,self_learning,NC3
3992,ENST00000311277,ENSP00000310593.4,unlabeled,False,0,self_learning,NC3
3993,ENST00000311320,ENSP00000310406.4,unlabeled,False,0,self_learning,NC3
3994,ENST00000311331,ENSP00000310472.7,unlabeled,False,0,self_learning,NC3
3995,ENST00000311351,ENSP00000310596.4,val,True,0,self_learning,NC3
3996,ENST00000311364,0,unlabeled,False,0,self_learning,NC3
3997,ENST00000311413,0,unlabeled,False,0,self_learning,NC3
3998,ENST00000311417,ENSP00000311221.2,unlabeled,False,0,self_learning,NC3
3999,ENST00000311437,ENSP00000311521.6,unlabeled,False,0,self_learning,NC3
4000,ENST00000311445,ENSP00000310003.6,unlabeled,False,0,self_learning,NC3
4001,ENST00000311450,ENSP00000309087.4,unlabeled,False,0,self_learning,NC3
4002,ENST00000311459,0,unlabeled,False,0,self_learning,NC3
4003,ENST00000311469,ENSP00000310873.4,train,True,0,self_learning,NC3
4004,ENST00000311481,ENSP00000310226.6,val,True,0,self_learning,NC3
4005,ENST00000311502,ENSP00000311134.7,train,True,0,self_learning,NC3
4006,ENST00000311506,ENSP00000309610.6,train,True,0,self_learning,NC3
4007,ENST00000311550,ENSP00000308725.5,unlabeled,False,0,self_learning,NC3
4008,ENST00000311565,ENSP00000310928.4,unlabeled,False,0,self_learning,NC3
4009,ENST00000311575,ENSP00000339067.3,unlabeled,False,0,self_learning,NC3
4010,ENST00000311601,ENSP00000309714.5,train,True,0,self_learning,NC3
4011,ENST00000311630,0,unlabeled,False,0,self_learning,NC3
4012,ENST00000311635,ENSP00000310841.4,unlabeled,False,0,self_learning,NC3
4013,ENST00000311638,0,unlabeled,False,0,self_learning,NC3
4014,ENST00000311669,ENSP00000312250.8,unlabeled,False,0,self_learning,NC3
4015,ENST00000311672,ENSP00000309565.5,val,True,0,self_learning,NC3
4016,ENST00000311764,ENSP00000309606.2,unlabeled,False,0,self_learning,NC3
4017,ENST00000311765,ENSP00000309548.2,train,True,0,self_learning,NC3
4018,ENST00000311772,ENSP00000311677.5,train,True,0,self_learning,NC3
4019,ENST00000311806,ENSP00000311713.3,train,True,0,self_learning,NC3
4020,ENST00000311852,ENSP00000308208.6,unlabeled,False,0,self_learning,NC3
4021,ENST00000311895,ENSP00000310520.7,unlabeled,False,0,self_learning,NC3
4022,ENST00000311916,ENSP00000309595.2,train,True,0,self_learning,NC3
4023,ENST00000311922,ENSP00000312150.3,unlabeled,False,0,self_learning,NC3
4024,ENST00000311956,ENSP00000310491.4,test,True,0,self_learning,NC3
4025,ENST00000311966,ENSP00000310447.4,unlabeled,False,0,self_learning,NC3
4026,ENST00000312026,ENSP00000311319.4,unlabeled,False,0,self_learning,NC3
4027,ENST00000312046,ENSP00000311026.6,train,True,0,self_learning,NC3
4028,ENST00000312053,ENSP00000311545.3,unlabeled,False,0,self_learning,NC3
4029,ENST00000312060,ENSP00000308617.5,unlabeled,False,0,self_learning,NC3
4030,ENST00000312184,ENSP00000312599.5,test,True,0,self_learning,NC3
4031,ENST00000312196,ENSP00000312244.4,train,True,0,self_learning,NC3
4032,ENST00000312233,ENSP00000309653.2,unlabeled,False,0,self_learning,NC3
4033,ENST00000312251,ENSP00000310998.3,unlabeled,False,0,self_learning,NC3
4034,ENST00000312280,ENSP00000308937.3,unlabeled,False,0,self_learning,NC3
4035,ENST00000312358,ENSP00000311684.7,unlabeled,False,0,self_learning,NC3
4036,ENST00000312397,ENSP00000310448.5,train,True,0,self_learning,NC3
4037,ENST00000312419,ENSP00000311368.3,unlabeled,False,0,self_learning,NC3
4038,ENST00000312423,ENSP00000310008.1,unlabeled,False,0,self_learning,NC3
4039,ENST00000312428,ENSP00000311273.6,unlabeled,False,0,self_learning,NC3
4040,ENST00000312431,0,unlabeled,False,0,self_learning,NC3
4041,ENST00000312475,ENSP00000312311.4,train,True,0,self_learning,NC3
4042,ENST00000312499,ENSP00000310356.5,train,True,0,self_learning,NC3
4043,ENST00000312515,ENSP00000307850.2,unlabeled,False,0,self_learning,NC3
4044,ENST00000312521,ENSP00000310006.3,unlabeled,False,0,self_learning,NC3
4045,ENST00000312541,ENSP00000312158.5,unlabeled,False,0,self_learning,NC3
4046,ENST00000312561,0,unlabeled,False,0,self_learning,NC3
4047,ENST00000312562,ENSP00000310170.2,unlabeled,False,0,self_learning,NC3
4048,ENST00000312579,ENSP00000311695.2,test,True,0,self_learning,NC3
4049,ENST00000312584,ENSP00000310263.3,unlabeled,False,0,self_learning,NC3
4050,ENST00000312629,ENSP00000308413.5,train,True,0,self_learning,NC3
4051,ENST00000312637,ENSP00000307954.2,unlabeled,False,0,self_learning,NC3
4052,ENST00000312648,ENSP00000312027.3,unlabeled,False,0,self_learning,NC3
4053,ENST00000312655,ENSP00000312272.4,unlabeled,False,0,self_learning,NC3
4054,ENST00000312777,ENSP00000324404.5,unlabeled,False,0,self_learning,NC3
4055,ENST00000312814,0,unlabeled,False,0,self_learning,NC3
4056,ENST00000312828,0,unlabeled,False,0,self_learning,NC3
4057,ENST00000312838,ENSP00000326095.4,unlabeled,False,0,self_learning,NC3
4058,ENST00000312916,ENSP00000316109.7,train,True,0,self_learning,NC3
4059,ENST00000312938,ENSP00000326200.4,train,True,0,self_learning,NC3
4060,ENST00000312960,ENSP00000322457.3,unlabeled,False,0,self_learning,NC3
4061,ENST00000313010,ENSP00000317362.3,train,True,0,self_learning,NC3
4062,ENST00000313028,ENSP00000325618.7,unlabeled,False,0,self_learning,NC3
4063,ENST00000313050,ENSP00000325827.7,train,True,0,self_learning,NC3
4064,ENST00000313056,ENSP00000320116.5,unlabeled,False,0,self_learning,NC3
4065,ENST00000313071,ENSP00000339004.3,val,True,0,self_learning,NC3
4066,ENST00000313080,ENSP00000322775.3,train,True,0,self_learning,NC3
4067,ENST00000313117,ENSP00000325905.6,train,True,0,self_learning,NC3
4068,ENST00000313143,ENSP00000316054.3,test,True,0,self_learning,NC3
4069,ENST00000313146,ENSP00000323424.6,train,True,0,self_learning,NC3
4070,ENST00000313173,ENSP00000315949.4,unlabeled,False,0,self_learning,NC3
4071,ENST00000313213,ENSP00000322170.4,unlabeled,False,0,self_learning,NC3
4072,ENST00000313236,ENSP00000315635.5,unlabeled,False,0,self_learning,NC3
4073,ENST00000313243,ENSP00000313021.2,unlabeled,False,0,self_learning,NC3
4074,ENST00000313269,ENSP00000314380.5,unlabeled,False,0,self_learning,NC3
4075,ENST00000313285,ENSP00000320493.6,unlabeled,False,0,self_learning,NC3
4076,ENST00000313288,ENSP00000326550.4,train,True,0,self_learning,NC3
4077,ENST00000313324,ENSP00000317289.4,unlabeled,False,0,self_learning,NC3
4078,ENST00000313334,ENSP00000360664.4,train,True,0,self_learning,NC3
4079,ENST00000313341,ENSP00000317333.3,unlabeled,False,0,self_learning,NC3
4080,ENST00000313349,ENSP00000326933.3,unlabeled,False,0,self_learning,NC3
4081,ENST00000313367,ENSP00000315410.2,train,True,0,self_learning,NC3
4082,ENST00000313368,ENSP00000312709.5,train,True,0,self_learning,NC3
4083,ENST00000313375,ENSP00000320886.3,unlabeled,False,0,self_learning,NC3
4084,ENST00000313401,ENSP00000318486.3,unlabeled,False,0,self_learning,NC3
4085,ENST00000313468,ENSP00000315774.5,train,True,0,self_learning,NC3
4086,ENST00000313486,ENSP00000316809.7,train,True,0,self_learning,NC3
4087,ENST00000313511,ENSP00000322439.3,train,True,0,self_learning,NC3
4088,ENST00000313519,ENSP00000319208.5,unlabeled,False,0,self_learning,NC3
4089,ENST00000313525,ENSP00000320650.3,val,True,0,self_learning,NC3
4090,ENST00000313546,ENSP00000323302.3,unlabeled,False,0,self_learning,NC3
4091,ENST00000313552,ENSP00000322142.7,unlabeled,False,0,self_learning,NC3
4092,ENST00000313565,0,unlabeled,False,0,self_learning,NC3
4093,ENST00000313578,ENSP00000318770.3,unlabeled,False,0,self_learning,NC3
4094,ENST00000313601,ENSP00000312999.6,test,True,0,self_learning,NC3
4095,ENST00000313608,ENSP00000320184.8,train,True,0,self_learning,NC3
4096,ENST00000313655,ENSP00000322180.4,train,True,0,self_learning,NC3
4097,ENST00000313663,ENSP00000323339.7,unlabeled,False,0,self_learning,NC3
4098,ENST00000313669,ENSP00000318234.8,unlabeled,False,0,self_learning,NC3
4099,ENST00000313683,ENSP00000318131.10,train,True,0,self_learning,NC3
4100,ENST00000313695,ENSP00000315325.7,unlabeled,False,0,self_learning,NC3
4101,ENST00000313698,ENSP00000325137.5,unlabeled,False,0,self_learning,NC3
4102,ENST00000313708,ENSP00000322898.6,unlabeled,False,0,self_learning,NC3
4103,ENST00000313732,0,unlabeled,False,0,self_learning,NC3
4104,ENST00000313733,ENSP00000316649.3,unlabeled,False,0,self_learning,NC3
4105,ENST00000313735,ENSP00000327251.6,unlabeled,False,0,self_learning,NC3
4106,ENST00000313777,ENSP00000313309.4,unlabeled,False,0,self_learning,NC3
4107,ENST00000313778,ENSP00000323265.5,unlabeled,False,0,self_learning,NC3
4108,ENST00000313833,0,unlabeled,False,0,self_learning,NC3
4109,ENST00000313835,ENSP00000319673.9,train,True,0,self_learning,NC3
4110,ENST00000313843,ENSP00000317714.3,test,True,0,self_learning,NC3
4111,ENST00000313860,ENSP00000316891.7,unlabeled,False,0,self_learning,NC3
4112,ENST00000313899,ENSP00000313199.7,unlabeled,False,0,self_learning,NC3
4113,ENST00000313961,ENSP00000319308.5,unlabeled,False,0,self_learning,NC3
4114,ENST00000314103,ENSP00000315700.4,train,True,0,self_learning,NC3
4115,ENST00000314128,ENSP00000315768.4,unlabeled,False,0,self_learning,NC3
4116,ENST00000314133,ENSP00000321260.3,test,True,0,self_learning,NC3
4117,ENST00000314134,ENSP00000313318.3,unlabeled,False,0,self_learning,NC3
4118,ENST00000314138,ENSP00000346015.5,test,True,0,self_learning,NC3
4119,ENST00000314144,ENSP00000327191.5,unlabeled,False,0,self_learning,NC3
4120,ENST00000314163,0,unlabeled,False,0,self_learning,NC3
4121,ENST00000314167,ENSP00000314499.4,val,True,0,self_learning,NC3
4122,ENST00000314191,ENSP00000313420.3,test,True,0,self_learning,NC3
4123,ENST00000314235,ENSP00000319370.5,unlabeled,False,0,self_learning,NC3
4124,ENST00000314256,ENSP00000313885.7,unlabeled,False,0,self_learning,NC3
4125,ENST00000314276,ENSP00000319756.3,unlabeled,False,0,self_learning,NC3
4126,ENST00000314328,ENSP00000325785.8,unlabeled,False,0,self_learning,NC3
4127,ENST00000314332,ENSP00000321744.4,unlabeled,False,0,self_learning,NC3
4128,ENST00000314340,ENSP00000319713.5,unlabeled,False,0,self_learning,NC3
4129,ENST00000314355,ENSP00000364976.3,train,True,0,self_learning,NC3
4130,ENST00000314358,ENSP00000326563.5,train,True,0,self_learning,NC3
4131,ENST00000314393,ENSP00000314709.4,train,True,0,self_learning,NC3
4132,ENST00000314400,ENSP00000320251.5,train,True,0,self_learning,NC3
4133,ENST00000314423,ENSP00000327179.7,train,True,0,self_learning,NC3
4134,ENST00000314425,ENSP00000322845.5,unlabeled,False,0,self_learning,NC3
4135,ENST00000314471,ENSP00000317224.5,unlabeled,False,0,self_learning,NC3
4136,ENST00000314499,ENSP00000318258.7,unlabeled,False,0,self_learning,NC3
4137,ENST00000314529,0,unlabeled,False,0,self_learning,NC3
4138,ENST00000314531,ENSP00000319053.3,unlabeled,False,0,self_learning,NC3
4139,ENST00000314567,0,unlabeled,False,0,self_learning,NC3
4140,ENST00000314583,ENSP00000320176.3,unlabeled,False,0,self_learning,NC3
4141,ENST00000314606,ENSP00000320309.3,unlabeled,False,0,self_learning,NC3
4142,ENST00000314607,ENSP00000322915.6,val,True,0,self_learning,NC3
4143,ENST00000314616,ENSP00000319104.6,train,True,0,self_learning,NC3
4144,ENST00000314622,ENSP00000318986.4,val,True,0,self_learning,NC3
4145,ENST00000314641,ENSP00000313172.5,unlabeled,False,0,self_learning,NC3
4146,ENST00000314666,ENSP00000313490.6,train,True,0,self_learning,NC3
4147,ENST00000314673,ENSP00000313121.3,unlabeled,False,0,self_learning,NC3
4148,ENST00000314737,ENSP00000320038.4,unlabeled,False,0,self_learning,NC3
4149,ENST00000314742,ENSP00000318423.8,unlabeled,False,0,self_learning,NC3
4150,ENST00000314759,ENSP00000319417.5,val,True,0,self_learning,NC3
4151,ENST00000314761,ENSP00000314193.4,train,True,0,self_learning,NC3
4152,ENST00000314787,ENSP00000318966.3,unlabeled,False,0,self_learning,NC3
4153,ENST00000314797,ENSP00000325002.6,train,True,0,self_learning,NC3
4154,ENST00000314845,ENSP00000318313.3,unlabeled,False,0,self_learning,NC3
4155,ENST00000314852,ENSP00000326981.2,val,True,0,self_learning,NC3
4156,ENST00000314888,ENSP00000316029.9,unlabeled,False,0,self_learning,NC3
4157,ENST00000314891,ENSP00000317300.6,unlabeled,False,0,self_learning,NC3
4158,ENST00000314940,ENSP00000316042.4,train,True,0,self_learning,NC3
4159,ENST00000315005,ENSP00000323663.3,unlabeled,False,0,self_learning,NC3
4160,ENST00000315050,ENSP00000317891.7,train,True,0,self_learning,NC3
4161,ENST00000315073,ENSP00000320869.5,train,True,0,self_learning,NC3
4162,ENST00000315082,ENSP00000321971.4,train,True,0,self_learning,NC3
4163,ENST00000315144,ENSP00000317296.10,unlabeled,False,0,self_learning,NC3
4164,ENST00000315150,ENSP00000319781.6,unlabeled,False,0,self_learning,NC3
4165,ENST00000315170,ENSP00000326598.7,unlabeled,False,0,self_learning,NC3
4166,ENST00000315190,0,unlabeled,False,0,self_learning,NC3
4167,ENST00000315212,ENSP00000313350.3,train,True,0,self_learning,NC3
4168,ENST00000315249,ENSP00000326170.7,unlabeled,False,0,self_learning,NC3
4169,ENST00000315251,ENSP00000319851.5,train,True,0,self_learning,NC3
4170,ENST00000315286,ENSP00000323782.7,train,True,0,self_learning,NC3
4171,ENST00000315322,ENSP00000320359.4,unlabeled,False,0,self_learning,NC3
4172,ENST00000315323,ENSP00000323901.3,unlabeled,False,0,self_learning,NC3
4173,ENST00000315367,ENSP00000322373.3,unlabeled,False,0,self_learning,NC3
4174,ENST00000315392,ENSP00000323927.4,unlabeled,False,0,self_learning,NC3
4175,ENST00000315396,ENSP00000318429.7,unlabeled,False,0,self_learning,NC3
4176,ENST00000315423,ENSP00000321203.7,unlabeled,False,0,self_learning,NC3
4177,ENST00000315456,ENSP00000322519.5,unlabeled,False,0,self_learning,NC3
4178,ENST00000315467,ENSP00000319531.3,train,True,0,self_learning,NC3
4179,ENST00000315480,ENSP00000313811.4,unlabeled,False,0,self_learning,NC3
4180,ENST00000315491,ENSP00000320295.7,unlabeled,False,0,self_learning,NC3
4181,ENST00000315567,ENSP00000315017.8,val,True,0,self_learning,NC3
4182,ENST00000315571,ENSP00000318607.5,unlabeled,False,0,self_learning,NC3
4183,ENST00000315576,ENSP00000319883.3,unlabeled,False,0,self_learning,NC3
4184,ENST00000315579,ENSP00000325017.5,train,True,0,self_learning,NC3
4185,ENST00000315596,ENSP00000313851.10,train,True,0,self_learning,NC3
4186,ENST00000315616,ENSP00000323288.7,train,True,0,self_learning,NC3
4187,ENST00000315678,0,unlabeled,False,0,self_learning,NC3
4188,ENST00000315691,ENSP00000320081.4,train,True,0,self_learning,NC3
4189,ENST00000315732,ENSP00000319341.2,unlabeled,False,0,self_learning,NC3
4190,ENST00000315757,ENSP00000327290.7,unlabeled,False,0,self_learning,NC3
4191,ENST00000315758,ENSP00000327070.5,test,True,0,self_learning,NC3
4192,ENST00000315796,ENSP00000315152.4,unlabeled,False,0,self_learning,NC3
4193,ENST00000315869,ENSP00000314129.7,val,True,0,self_learning,NC3
4194,ENST00000315870,ENSP00000320566.5,test,True,0,self_learning,NC3
4195,ENST00000315872,ENSP00000317985.6,unlabeled,False,0,self_learning,NC3
4196,ENST00000315891,ENSP00000326070.6,unlabeled,False,0,self_learning,NC3
4197,ENST00000315930,ENSP00000322390.6,unlabeled,False,0,self_learning,NC3
4198,ENST00000315939,ENSP00000313059.6,unlabeled,False,0,self_learning,NC3
4199,ENST00000315948,ENSP00000314518.6,train,True,0,self_learning,NC3
4200,ENST00000315970,ENSP00000318165.7,unlabeled,False,0,self_learning,NC3
4201,ENST00000316024,ENSP00000324203.5,val,True,0,self_learning,NC3
4202,ENST00000316052,ENSP00000315476.4,test,True,0,self_learning,NC3
4203,ENST00000316059,ENSP00000339030.5,train,True,0,self_learning,NC3
4204,ENST00000316077,ENSP00000318086.9,train,True,0,self_learning,NC3
4205,ENST00000316081,ENSP00000346065.5,unlabeled,False,0,self_learning,NC3
4206,ENST00000316084,ENSP00000362744.4,train,True,0,self_learning,NC3
4207,ENST00000316097,ENSP00000316007.7,unlabeled,False,0,self_learning,NC3
4208,ENST00000316105,0,unlabeled,False,0,self_learning,NC3
4209,ENST00000316144,0,unlabeled,False,0,self_learning,NC3
4210,ENST00000316149,ENSP00000358272.4,test,True,0,self_learning,NC3
4211,ENST00000316157,ENSP00000326128.3,unlabeled,False,0,self_learning,NC3
4212,ENST00000316218,ENSP00000323313.7,train,True,0,self_learning,NC3
4213,ENST00000316273,ENSP00000322991.5,unlabeled,False,0,self_learning,NC3
4214,ENST00000316292,ENSP00000339063.7,unlabeled,False,0,self_learning,NC3
4215,ENST00000316308,ENSP00000316948.4,unlabeled,False,0,self_learning,NC3
4216,ENST00000316316,ENSP00000314505.5,unlabeled,False,0,self_learning,NC3
4217,ENST00000316333,ENSP00000314480.8,train,True,0,self_learning,NC3
4218,ENST00000316334,ENSP00000325929.3,unlabeled,False,0,self_learning,NC3
4219,ENST00000316341,ENSP00000318557.3,unlabeled,False,0,self_learning,NC3
4220,ENST00000316355,ENSP00000315743.5,unlabeled,False,0,self_learning,NC3
4221,ENST00000316364,ENSP00000324857.5,unlabeled,False,0,self_learning,NC3
4222,ENST00000316398,0,unlabeled,False,0,self_learning,NC3
4223,ENST00000316403,ENSP00000315130.10,unlabeled,False,0,self_learning,NC3
4224,ENST00000316407,ENSP00000320794.4,unlabeled,False,0,self_learning,NC3
4225,ENST00000316423,ENSP00000319501.6,unlabeled,False,0,self_learning,NC3
4226,ENST00000316433,0,unlabeled,False,0,self_learning,NC3
4227,ENST00000316448,ENSP00000320866.4,train,True,0,self_learning,NC3
4228,ENST00000316461,ENSP00000325266.3,unlabeled,False,0,self_learning,NC3
4229,ENST00000316470,ENSP00000326491.4,unlabeled,False,0,self_learning,NC3
4230,ENST00000316495,ENSP00000314619.3,unlabeled,False,0,self_learning,NC3
4231,ENST00000316509,ENSP00000314214.6,unlabeled,False,0,self_learning,NC3
4232,ENST00000316519,ENSP00000324842.6,train,True,0,self_learning,NC3
4233,ENST00000316534,ENSP00000313169.4,unlabeled,False,0,self_learning,NC3
4234,ENST00000316549,ENSP00000320246.6,unlabeled,False,0,self_learning,NC3
4235,ENST00000316554,0,unlabeled,False,0,self_learning,NC3
4236,ENST00000316586,ENSP00000325748.4,unlabeled,False,0,self_learning,NC3
4237,ENST00000316594,ENSP00000361927.2,train,True,0,self_learning,NC3
4238,ENST00000316610,ENSP00000314776.6,val,True,0,self_learning,NC3
4239,ENST00000316623,ENSP00000325527.5,unlabeled,False,0,self_learning,NC3
4240,ENST00000316634,ENSP00000319597.5,unlabeled,False,0,self_learning,NC3
4241,ENST00000316637,ENSP00000319831.5,train,True,0,self_learning,NC3
4242,ENST00000316660,ENSP00000326119.7,train,True,0,self_learning,NC3
4243,ENST00000316738,ENSP00000326267.7,unlabeled,False,0,self_learning,NC3
4244,ENST00000316752,ENSP00000326003.6,train,True,0,self_learning,NC3
4245,ENST00000316757,ENSP00000315136.2,unlabeled,False,0,self_learning,NC3
4246,ENST00000316788,ENSP00000325369.7,train,True,0,self_learning,NC3
4247,ENST00000316824,ENSP00000315417.3,unlabeled,False,0,self_learning,NC3
4248,ENST00000316836,ENSP00000318914.3,train,True,0,self_learning,NC3
4249,ENST00000316843,ENSP00000321537.4,train,True,0,self_learning,NC3
4250,ENST00000316881,ENSP00000323889.4,val,True,0,self_learning,NC3
4251,ENST00000316891,ENSP00000321810.5,train,True,0,self_learning,NC3
4252,ENST00000316902,ENSP00000320378.7,unlabeled,False,0,self_learning,NC3
4253,ENST00000316937,ENSP00000324741.3,val,True,0,self_learning,NC3
4254,ENST00000316939,ENSP00000323065.1,train,True,0,self_learning,NC3
4255,ENST00000316950,ENSP00000325018.5,unlabeled,False,0,self_learning,NC3
4256,ENST00000316963,ENSP00000320043.3,test,True,0,self_learning,NC3
4257,ENST00000316981,ENSP00000325546.3,unlabeled,False,0,self_learning,NC3
4258,ENST00000316999,ENSP00000313382.5,unlabeled,False,0,self_learning,NC3
4259,ENST00000317025,ENSP00000313983.7,train,True,0,self_learning,NC3
4260,ENST00000317040,ENSP00000324810.6,train,True,0,self_learning,NC3
4261,ENST00000317058,ENSP00000316114.3,test,True,0,self_learning,NC3
4262,ENST00000317089,ENSP00000314030.5,test,True,0,self_learning,NC3
4263,ENST00000317091,ENSP00000317842.5,unlabeled,False,0,self_learning,NC3
4264,ENST00000317096,ENSP00000325421.5,unlabeled,False,0,self_learning,NC3
4265,ENST00000317135,ENSP00000325091.8,train,True,0,self_learning,NC3
4266,ENST00000317147,ENSP00000320949.5,train,True,0,self_learning,NC3
4267,ENST00000317178,ENSP00000321812.5,unlabeled,False,0,self_learning,NC3
4268,ENST00000317204,ENSP00000314733.5,train,True,0,self_learning,NC3
4269,ENST00000317243,ENSP00000321132.4,unlabeled,False,0,self_learning,NC3
4270,ENST00000317268,ENSP00000321674.3,unlabeled,False,0,self_learning,NC3
4271,ENST00000317276,ENSP00000314420.4,unlabeled,False,0,self_learning,NC3
4272,ENST00000317306,ENSP00000321724.6,unlabeled,False,0,self_learning,NC3
4273,ENST00000317357,0,unlabeled,False,0,self_learning,NC3
4274,ENST00000317361,ENSP00000318822.7,train,True,0,self_learning,NC3
4275,ENST00000317376,ENSP00000321108.4,unlabeled,False,0,self_learning,NC3
4276,ENST00000317446,ENSP00000319388.2,unlabeled,False,0,self_learning,NC3
4277,ENST00000317459,ENSP00000314073.6,unlabeled,False,0,self_learning,NC3
4278,ENST00000317479,ENSP00000321271.3,unlabeled,False,0,self_learning,NC3
4279,ENST00000317502,ENSP00000323047.6,val,True,0,self_learning,NC3
4280,ENST00000317506,ENSP00000316589.3,unlabeled,False,0,self_learning,NC3
4281,ENST00000317534,ENSP00000318158.5,train,True,0,self_learning,NC3
4282,ENST00000317551,ENSP00000325485.6,unlabeled,False,0,self_learning,NC3
4283,ENST00000317568,ENSP00000319726.4,train,True,0,self_learning,NC3
4284,ENST00000317578,ENSP00000316842.4,unlabeled,False,0,self_learning,NC3
4285,ENST00000317582,ENSP00000318883.5,unlabeled,False,0,self_learning,NC3
4286,ENST00000317615,ENSP00000325919.6,unlabeled,False,0,self_learning,NC3
4287,ENST00000317620,ENSP00000318270.9,unlabeled,False,0,self_learning,NC3
4288,ENST00000317623,0,unlabeled,False,0,self_learning,NC3
4289,ENST00000317635,ENSP00000319992.6,train,True,0,self_learning,NC3
4290,ENST00000317683,0,unlabeled,False,0,self_learning,NC3
4291,ENST00000317702,ENSP00000318697.4,train,True,0,self_learning,NC3
4292,ENST00000317716,ENSP00000325954.9,unlabeled,False,0,self_learning,NC3
4293,ENST00000317749,0,unlabeled,False,0,self_learning,NC3
4294,ENST00000317775,ENSP00000320758.6,unlabeled,False,0,self_learning,NC3
4295,ENST00000317799,ENSP00000325136.5,train,True,0,self_learning,NC3
4296,ENST00000317811,0,unlabeled,False,0,self_learning,NC3
4297,ENST00000317814,ENSP00000314774.4,unlabeled,False,0,self_learning,NC3
4298,ENST00000317868,ENSP00000322159.4,test,True,0,self_learning,NC3
4299,ENST00000317881,ENSP00000360671.4,val,True,0,self_learning,NC3
4300,ENST00000317897,ENSP00000315064.3,unlabeled,False,0,self_learning,NC3
4301,ENST00000317905,ENSP00000317636.5,train,True,0,self_learning,NC3
4302,ENST00000317907,ENSP00000313953.4,train,True,0,self_learning,NC3
4303,ENST00000317943,ENSP00000326052.2,unlabeled,False,0,self_learning,NC3
4304,ENST00000317968,ENSP00000321746.4,train,True,0,self_learning,NC3
4305,ENST00000317995,ENSP00000314407.4,train,True,0,self_learning,NC3
4306,ENST00000318008,ENSP00000325240.6,test,True,0,self_learning,NC3
4307,ENST00000318037,ENSP00000320898.3,train,True,0,self_learning,NC3
4308,ENST00000318063,ENSP00000321455.5,unlabeled,False,0,self_learning,NC3
4309,ENST00000318066,ENSP00000316176.2,train,True,0,self_learning,NC3
4310,ENST00000318074,ENSP00000316464.5,unlabeled,False,0,self_learning,NC3
4311,ENST00000318080,ENSP00000315013.2,train,True,0,self_learning,NC3
4312,ENST00000318121,ENSP00000312995.3,train,True,0,self_learning,NC3
4313,ENST00000318129,0,unlabeled,False,0,self_learning,NC3
4314,ENST00000318130,ENSP00000318147.7,unlabeled,False,0,self_learning,NC3
4315,ENST00000318158,ENSP00000313432.6,train,True,0,self_learning,NC3
4316,ENST00000318217,ENSP00000324527.5,train,True,0,self_learning,NC3
4317,ENST00000318282,ENSP00000339086.4,unlabeled,False,0,self_learning,NC3
4318,ENST00000318289,ENSP00000325518.10,unlabeled,False,0,self_learning,NC3
4319,ENST00000318312,ENSP00000317469.7,unlabeled,False,0,self_learning,NC3
4320,ENST00000318348,ENSP00000315263.3,train,True,0,self_learning,NC3
4321,ENST00000318357,ENSP00000321679.4,unlabeled,False,0,self_learning,NC3
4322,ENST00000318388,ENSP00000327268.6,unlabeled,False,0,self_learning,NC3
4323,ENST00000318407,ENSP00000314132.3,unlabeled,False,0,self_learning,NC3
4324,ENST00000318410,ENSP00000318016.7,train,True,0,self_learning,NC3
4325,ENST00000318443,ENSP00000320084.5,train,True,0,self_learning,NC3
4326,ENST00000318445,ENSP00000320634.6,unlabeled,False,0,self_learning,NC3
4327,ENST00000318471,ENSP00000315680.3,val,True,0,self_learning,NC3
4328,ENST00000318522,ENSP00000320663.5,train,True,0,self_learning,NC3
4329,ENST00000318528,ENSP00000315614.3,train,True,0,self_learning,NC3
4330,ENST00000318579,ENSP00000321684.4,unlabeled,False,0,self_learning,NC3
4331,ENST00000318584,ENSP00000326570.4,unlabeled,False,0,self_learning,NC3
4332,ENST00000318596,ENSP00000326693.6,unlabeled,False,0,self_learning,NC3
4333,ENST00000318607,ENSP00000313007.5,unlabeled,False,0,self_learning,NC3
4334,ENST00000318627,ENSP00000321962.2,unlabeled,False,0,self_learning,NC3
4335,ENST00000318631,ENSP00000314560.4,unlabeled,False,0,self_learning,NC3
4336,ENST00000318636,ENSP00000314099.3,train,True,0,self_learning,NC3
4337,ENST00000318663,ENSP00000322249.4,unlabeled,False,0,self_learning,NC3
4338,ENST00000318683,ENSP00000321874.5,unlabeled,False,0,self_learning,NC3
4339,ENST00000318709,ENSP00000315568.4,val,True,0,self_learning,NC3
4340,ENST00000318753,0,unlabeled,False,0,self_learning,NC3
4341,ENST00000318782,ENSP00000321804.8,unlabeled,False,0,self_learning,NC3
4342,ENST00000318887,ENSP00000322469.3,train,True,0,self_learning,NC3
4343,ENST00000318911,ENSP00000317159.4,train,True,0,self_learning,NC3
4344,ENST00000318948,ENSP00000327213.4,unlabeled,False,0,self_learning,NC3
4345,ENST00000318950,ENSP00000315630.6,train,True,0,self_learning,NC3
4346,ENST00000318962,ENSP00000313670.4,unlabeled,False,0,self_learning,NC3
4347,ENST00000318978,ENSP00000313226.3,unlabeled,False,0,self_learning,NC3
4348,ENST00000319004,ENSP00000321706.5,val,True,0,self_learning,NC3
4349,ENST00000319006,ENSP00000321259.3,train,True,0,self_learning,NC3
4350,ENST00000319017,ENSP00000326305.4,test,True,0,self_learning,NC3
4351,ENST00000319023,ENSP00000326424.2,train,True,0,self_learning,NC3
4352,ENST00000319070,ENSP00000324763.2,unlabeled,False,0,self_learning,NC3
4353,ENST00000319074,ENSP00000322238.4,train,True,0,self_learning,NC3
4354,ENST00000319121,ENSP00000314608.3,train,True,0,self_learning,NC3
4355,ENST00000319170,ENSP00000316543.5,unlabeled,False,0,self_learning,NC3
4356,ENST00000319172,0,unlabeled,False,0,self_learning,NC3
4357,ENST00000319190,ENSP00000316699.5,unlabeled,False,0,self_learning,NC3
4358,ENST00000319211,ENSP00000321326.4,unlabeled,False,0,self_learning,NC3
4359,ENST00000319212,ENSP00000321711.4,train,True,0,self_learning,NC3
4360,ENST00000319234,ENSP00000326445.4,unlabeled,False,0,self_learning,NC3
4361,ENST00000319285,ENSP00000322524.4,train,True,0,self_learning,NC3
4362,ENST00000319286,0,unlabeled,False,0,self_learning,NC3
4363,ENST00000319296,ENSP00000323945.5,train,True,0,self_learning,NC3
4364,ENST00000319332,ENSP00000316881.5,unlabeled,False,0,self_learning,NC3
4365,ENST00000319340,0,unlabeled,False,0,self_learning,NC3
4366,ENST00000319349,ENSP00000321835.4,unlabeled,False,0,self_learning,NC3
4367,ENST00000319357,ENSP00000319192.5,unlabeled,False,0,self_learning,NC3
4368,ENST00000319359,ENSP00000320346.3,unlabeled,False,0,self_learning,NC3
4369,ENST00000319363,ENSP00000320936.6,train,True,0,self_learning,NC3
4370,ENST00000319374,ENSP00000318222.4,unlabeled,False,0,self_learning,NC3
4371,ENST00000319380,ENSP00000323687.6,train,True,0,self_learning,NC3
4372,ENST00000319420,ENSP00000313079.3,unlabeled,False,0,self_learning,NC3
4373,ENST00000319441,ENSP00000319814.4,unlabeled,False,0,self_learning,NC3
4374,ENST00000319481,ENSP00000320291.3,train,True,0,self_learning,NC3
4375,ENST00000319511,ENSP00000313214.5,unlabeled,False,0,self_learning,NC3
4376,ENST00000319540,ENSP00000316329.4,train,True,0,self_learning,NC3
4377,ENST00000319550,ENSP00000326858.3,test,True,0,self_learning,NC3
4378,ENST00000319555,ENSP00000326630.2,train,True,0,self_learning,NC3
4379,ENST00000319560,ENSP00000316940.6,unlabeled,False,0,self_learning,NC3
4380,ENST00000319562,ENSP00000322926.6,unlabeled,False,0,self_learning,NC3
4381,ENST00000319580,ENSP00000325895.9,unlabeled,False,0,self_learning,NC3
4382,ENST00000319622,ENSP00000320171.6,unlabeled,False,0,self_learning,NC3
4383,ENST00000319653,ENSP00000318884.9,unlabeled,False,0,self_learning,NC3
4384,ENST00000319694,ENSP00000317836.2,unlabeled,False,0,self_learning,NC3
4385,ENST00000319715,ENSP00000317872.4,val,True,0,self_learning,NC3
4386,ENST00000319720,ENSP00000324269.6,unlabeled,False,0,self_learning,NC3
4387,ENST00000319725,ENSP00000318177.9,train,True,0,self_learning,NC3
4388,ENST00000319778,ENSP00000318559.6,unlabeled,False,0,self_learning,NC3
4389,ENST00000319836,ENSP00000317087.3,unlabeled,False,0,self_learning,NC3
4390,ENST00000319854,0,unlabeled,False,0,self_learning,NC3
4391,ENST00000319863,ENSP00000321691.8,train,True,0,self_learning,NC3
4392,ENST00000319933,0,unlabeled,False,0,self_learning,NC3
4393,ENST00000319942,ENSP00000317473.3,val,True,0,self_learning,NC3
4394,ENST00000319974,ENSP00000312770.5,train,True,0,self_learning,NC3
4395,ENST00000319977,ENSP00000313500.4,unlabeled,False,0,self_learning,NC3
4396,ENST00000320027,ENSP00000318687.5,train,True,0,self_learning,NC3
4397,ENST00000320031,ENSP00000315190.8,unlabeled,False,0,self_learning,NC3
4398,ENST00000320033,ENSP00000322628.2,train,True,0,self_learning,NC3
4399,ENST00000320081,ENSP00000327009.5,unlabeled,False,0,self_learning,NC3
4400,ENST00000320152,ENSP00000318602.5,train,True,0,self_learning,NC3
4401,ENST00000320159,0,unlabeled,False,0,self_learning,NC3
4402,ENST00000320172,ENSP00000318298.6,unlabeled,False,0,self_learning,NC3
4403,ENST00000320203,ENSP00000318102.4,unlabeled,False,0,self_learning,NC3
4404,ENST00000320211,ENSP00000323099.3,train,True,0,self_learning,NC3
4405,ENST00000320230,ENSP00000322020.5,train,True,0,self_learning,NC3
4406,ENST00000320270,ENSP00000322396.2,train,True,0,self_learning,NC3
4407,ENST00000320285,ENSP00000314036.4,train,True,0,self_learning,NC3
4408,ENST00000320316,ENSP00000322579.3,train,True,0,self_learning,NC3
4409,ENST00000320330,ENSP00000326519.6,train,True,0,self_learning,NC3
4410,ENST00000320334,ENSP00000322273.4,unlabeled,False,0,self_learning,NC3
4411,ENST00000320356,ENSP00000320147.2,train,True,0,self_learning,NC3
4412,ENST00000320370,ENSP00000314669.7,unlabeled,False,0,self_learning,NC3
4413,ENST00000320393,ENSP00000318351.5,unlabeled,False,0,self_learning,NC3
4414,ENST00000320394,0,unlabeled,False,0,self_learning,NC3
4415,ENST00000320431,0,unlabeled,False,0,self_learning,NC3
4416,ENST00000320516,ENSP00000312706.4,unlabeled,False,0,self_learning,NC3
4417,ENST00000320560,ENSP00000320087.8,unlabeled,False,0,self_learning,NC3
4418,ENST00000320574,ENSP00000322570.5,train,True,0,self_learning,NC3
4419,ENST00000320578,ENSP00000322594.2,train,True,0,self_learning,NC3
4420,ENST00000320580,ENSP00000316454.4,train,True,0,self_learning,NC3
4421,ENST00000320623,ENSP00000319788.5,test,True,0,self_learning,NC3
4422,ENST00000320631,ENSP00000320516.3,unlabeled,False,0,self_learning,NC3
4423,ENST00000320640,ENSP00000319918.6,unlabeled,False,0,self_learning,NC3
4424,ENST00000320676,ENSP00000359645.3,test,True,0,self_learning,NC3
4425,ENST00000320717,ENSP00000317379.3,train,True,0,self_learning,NC3
4426,ENST00000320756,ENSP00000319240.2,train,True,0,self_learning,NC3
4427,ENST00000320776,0,unlabeled,False,0,self_learning,NC3
4428,ENST00000320785,ENSP00000320821.5,train,True,0,self_learning,NC3
4429,ENST00000320816,ENSP00000313391.6,unlabeled,False,0,self_learning,NC3
4430,ENST00000320848,0,unlabeled,False,0,self_learning,NC3
4431,ENST00000320857,ENSP00000317331.3,unlabeled,False,0,self_learning,NC3
4432,ENST00000320876,ENSP00000326603.7,val,True,0,self_learning,NC3
4433,ENST00000320892,ENSP00000321330.6,unlabeled,False,0,self_learning,NC3
4434,ENST00000320912,ENSP00000318352.4,unlabeled,False,0,self_learning,NC3
4435,ENST00000320934,ENSP00000325917.3,unlabeled,False,0,self_learning,NC3
4436,ENST00000320954,ENSP00000323696.5,train,True,0,self_learning,NC3
4437,ENST00000320955,ENSP00000317790.6,unlabeled,False,0,self_learning,NC3
4438,ENST00000320985,ENSP00000319248.9,unlabeled,False,0,self_learning,NC3
4439,ENST00000321027,ENSP00000318690.3,train,True,0,self_learning,NC3
4440,ENST00000321037,ENSP00000318066.3,train,True,0,self_learning,NC3
4441,ENST00000321149,ENSP00000323275.3,unlabeled,False,0,self_learning,NC3
4442,ENST00000321169,ENSP00000323811.5,train,True,0,self_learning,NC3
4443,ENST00000321196,ENSP00000322300.3,unlabeled,False,0,self_learning,NC3
4444,ENST00000321233,ENSP00000322777.6,unlabeled,False,0,self_learning,NC3
4445,ENST00000321250,ENSP00000314625.8,unlabeled,False,0,self_learning,NC3
4446,ENST00000321256,ENSP00000326806.5,val,True,0,self_learning,NC3
4447,ENST00000321264,ENSP00000315351.4,test,True,0,self_learning,NC3
4448,ENST00000321265,ENSP00000319664.5,train,True,0,self_learning,NC3
4449,ENST00000321280,ENSP00000315685.7,unlabeled,False,0,self_learning,NC3
4450,ENST00000321297,ENSP00000326340.5,unlabeled,False,0,self_learning,NC3
4451,ENST00000321301,ENSP00000313584.6,val,True,0,self_learning,NC3
4452,ENST00000321337,ENSP00000314029.8,train,True,0,self_learning,NC3
4453,ENST00000321341,ENSP00000321070.5,train,True,0,self_learning,NC3
4454,ENST00000321348,ENSP00000319141.4,unlabeled,False,0,self_learning,NC3
4455,ENST00000321356,ENSP00000326830.4,unlabeled,False,0,self_learning,NC3
4456,ENST00000321358,ENSP00000361626.3,train,True,0,self_learning,NC3
4457,ENST00000321394,ENSP00000317334.7,train,True,0,self_learning,NC3
4458,ENST00000321407,ENSP00000318821.2,train,True,0,self_learning,NC3
4459,ENST00000321429,ENSP00000317997.4,unlabeled,False,0,self_learning,NC3
4460,ENST00000321437,ENSP00000312734.4,train,True,0,self_learning,NC3
4461,ENST00000321442,ENSP00000316905.5,train,True,0,self_learning,NC3
4462,ENST00000321505,ENSP00000315295.4,unlabeled,False,0,self_learning,NC3
4463,ENST00000321521,ENSP00000313070.8,unlabeled,False,0,self_learning,NC3
4464,ENST00000321545,0,unlabeled,False,0,self_learning,NC3
4465,ENST00000321556,ENSP00000364204.3,unlabeled,False,0,self_learning,NC3
4466,ENST00000321560,ENSP00000317177.3,unlabeled,False,0,self_learning,NC3
4467,ENST00000321562,ENSP00000317232.4,train,True,0,self_learning,NC3
4468,ENST00000321612,ENSP00000370737.4,train,True,0,self_learning,NC3
4469,ENST00000321617,ENSP00000325355.3,train,True,0,self_learning,NC3
4470,ENST00000321662,0,unlabeled,False,0,self_learning,NC3
4471,ENST00000321685,ENSP00000396896.2,unlabeled,False,0,self_learning,NC3
4472,ENST00000321757,ENSP00000325425.6,unlabeled,False,0,self_learning,NC3
4473,ENST00000321764,ENSP00000318912.3,unlabeled,False,0,self_learning,NC3
4474,ENST00000321765,ENSP00000323300.5,train,True,0,self_learning,NC3
4475,ENST00000321826,0,unlabeled,False,0,self_learning,NC3
4476,ENST00000321867,ENSP00000324560.3,unlabeled,False,0,self_learning,NC3
4477,ENST00000321870,ENSP00000318799.1,unlabeled,False,0,self_learning,NC3
4478,ENST00000321895,ENSP00000319006.6,unlabeled,False,0,self_learning,NC3
4479,ENST00000321919,ENSP00000322716.6,val,True,0,self_learning,NC3
4480,ENST00000321945,ENSP00000369857.3,train,True,0,self_learning,NC3
4481,ENST00000321949,ENSP00000323332.7,unlabeled,False,0,self_learning,NC3
4482,ENST00000321990,ENSP00000313171.4,val,True,0,self_learning,NC3
4483,ENST00000321998,ENSP00000322316.5,unlabeled,False,0,self_learning,NC3
4484,ENST00000322019,ENSP00000317000.9,unlabeled,False,0,self_learning,NC3
4485,ENST00000322028,ENSP00000324124.4,train,True,0,self_learning,NC3
4486,ENST00000322030,ENSP00000318012.9,unlabeled,False,0,self_learning,NC3
4487,ENST00000322038,ENSP00000323584.5,unlabeled,False,0,self_learning,NC3
4488,ENST00000322048,ENSP00000322832.6,unlabeled,False,0,self_learning,NC3
4489,ENST00000322054,ENSP00000327116.5,train,True,0,self_learning,NC3
4490,ENST00000322088,ENSP00000324804.6,unlabeled,False,0,self_learning,NC3
4491,ENST00000322090,ENSP00000313050.3,val,True,0,self_learning,NC3
4492,ENST00000322139,ENSP00000318974.4,unlabeled,False,0,self_learning,NC3
4493,ENST00000322157,ENSP00000320324.4,unlabeled,False,0,self_learning,NC3
4494,ENST00000322177,ENSP00000317691.6,test,True,0,self_learning,NC3
4495,ENST00000322203,ENSP00000363018.3,train,True,0,self_learning,NC3
4496,ENST00000322213,ENSP00000323421.3,train,True,0,self_learning,NC3
4497,ENST00000322217,0,unlabeled,False,0,self_learning,NC3
4498,ENST00000322244,ENSP00000313454.4,train,True,0,self_learning,NC3
4499,ENST00000322247,ENSP00000323635.3,unlabeled,False,0,self_learning,NC3
4500,ENST00000322310,ENSP00000313752.5,test,True,0,self_learning,NC3
4501,ENST00000322313,ENSP00000325377.3,val,True,0,self_learning,NC3
4502,ENST00000322329,ENSP00000318032.3,unlabeled,False,0,self_learning,NC3
4503,ENST00000322342,ENSP00000323678.3,train,True,0,self_learning,NC3
4504,ENST00000322344,ENSP00000323511.2,unlabeled,False,0,self_learning,NC3
4505,ENST00000322347,ENSP00000317780.6,train,True,0,self_learning,NC3
4506,ENST00000322349,ENSP00000317955.8,train,True,0,self_learning,NC3
4507,ENST00000322350,ENSP00000313084.5,unlabeled,False,0,self_learning,NC3
4508,ENST00000322357,ENSP00000323670.3,unlabeled,False,0,self_learning,NC3
4509,ENST00000322396,ENSP00000314396.6,train,True,0,self_learning,NC3
4510,ENST00000322428,ENSP00000318604.5,unlabeled,False,0,self_learning,NC3
4511,ENST00000322434,0,unlabeled,False,0,self_learning,NC3
4512,ENST00000322444,ENSP00000312814.6,unlabeled,False,0,self_learning,NC3
4513,ENST00000322507,ENSP00000325146.8,unlabeled,False,0,self_learning,NC3
4514,ENST00000322527,ENSP00000320232.3,unlabeled,False,0,self_learning,NC3
4515,ENST00000322535,ENSP00000318861.6,val,True,0,self_learning,NC3
4516,ENST00000322536,ENSP00000314348.3,train,True,0,self_learning,NC3
4517,ENST00000322563,ENSP00000325526.3,unlabeled,False,0,self_learning,NC3
4518,ENST00000322602,ENSP00000322956.5,unlabeled,False,0,self_learning,NC3
4519,ENST00000322611,ENSP00000319281.3,unlabeled,False,0,self_learning,NC3
4520,ENST00000322623,ENSP00000318297.5,train,True,0,self_learning,NC3
4521,ENST00000322630,0,unlabeled,False,0,self_learning,NC3
4522,ENST00000322652,ENSP00000316578.5,train,True,0,self_learning,NC3
4523,ENST00000322680,0,unlabeled,False,0,self_learning,NC3
4524,ENST00000322723,ENSP00000318195.4,unlabeled,False,0,self_learning,NC3
4525,ENST00000322748,0,unlabeled,False,0,self_learning,NC3
4526,ENST00000322753,ENSP00000325562.6,unlabeled,False,0,self_learning,NC3
4527,ENST00000322810,ENSP00000323856.4,train,True,0,self_learning,NC3
4528,ENST00000322861,ENSP00000325239.7,unlabeled,False,0,self_learning,NC3
4529,ENST00000322875,ENSP00000313875.4,train,True,0,self_learning,NC3
4530,ENST00000322886,ENSP00000323246.7,unlabeled,False,0,self_learning,NC3
4531,ENST00000322897,ENSP00000324628.6,train,True,0,self_learning,NC3
4532,ENST00000322927,ENSP00000325326.2,unlabeled,False,0,self_learning,NC3
4533,ENST00000322937,ENSP00000313809.6,unlabeled,False,0,self_learning,NC3
4534,ENST00000322940,ENSP00000363753.3,train,True,0,self_learning,NC3
4535,ENST00000322941,ENSP00000314080.3,unlabeled,False,0,self_learning,NC3
4536,ENST00000322954,ENSP00000314556.6,train,True,0,self_learning,NC3
4537,ENST00000322957,ENSP00000323880.4,unlabeled,False,0,self_learning,NC3
4538,ENST00000322989,ENSP00000318646.4,unlabeled,False,0,self_learning,NC3
4539,ENST00000323013,ENSP00000321449.6,train,True,0,self_learning,NC3
4540,ENST00000323037,ENSP00000323879.4,train,True,0,self_learning,NC3
4541,ENST00000323040,ENSP00000319744.3,unlabeled,False,0,self_learning,NC3
4542,ENST00000323084,ENSP00000321987.4,unlabeled,False,0,self_learning,NC3
4543,ENST00000323116,ENSP00000321195.5,train,True,0,self_learning,NC3
4544,ENST00000323180,ENSP00000323152.6,unlabeled,False,0,self_learning,NC3
4545,ENST00000323249,ENSP00000327168.3,unlabeled,False,0,self_learning,NC3
4546,ENST00000323274,ENSP00000315644.10,train,True,0,self_learning,NC3
4547,ENST00000323301,ENSP00000322937.4,unlabeled,False,0,self_learning,NC3
4548,ENST00000323303,ENSP00000315702.4,unlabeled,False,0,self_learning,NC3
4549,ENST00000323346,ENSP00000316909.4,unlabeled,False,0,self_learning,NC3
4550,ENST00000323348,ENSP00000321617.5,train,True,0,self_learning,NC3
4551,ENST00000323374,ENSP00000313681.3,train,True,0,self_learning,NC3
4552,ENST00000323443,ENSP00000326817.2,unlabeled,False,0,self_learning,NC3
4553,ENST00000323456,ENSP00000325285.5,unlabeled,False,0,self_learning,NC3
4554,ENST00000323460,ENSP00000327197.5,test,True,0,self_learning,NC3
4555,ENST00000323468,ENSP00000315386.5,train,True,0,self_learning,NC3
4556,ENST00000323469,ENSP00000325836.3,unlabeled,False,0,self_learning,NC3
4557,ENST00000323482,ENSP00000316924.4,val,True,0,self_learning,NC3
4558,ENST00000323523,ENSP00000319009.4,unlabeled,False,0,self_learning,NC3
4559,ENST00000323534,ENSP00000319096.2,train,True,0,self_learning,NC3
4560,ENST00000323544,ENSP00000326706.4,unlabeled,False,0,self_learning,NC3
4561,ENST00000323563,ENSP00000315397.6,test,True,0,self_learning,NC3
4562,ENST00000323570,ENSP00000326342.3,test,True,0,self_learning,NC3
4563,ENST00000323571,ENSP00000320924.4,unlabeled,False,0,self_learning,NC3
4564,ENST00000323584,ENSP00000313504.5,unlabeled,False,0,self_learning,NC3
4565,ENST00000323588,0,unlabeled,False,0,self_learning,NC3
4566,ENST00000323646,ENSP00000320337.5,train,True,0,self_learning,NC3
4567,ENST00000323662,ENSP00000320648.8,unlabeled,False,0,self_learning,NC3
4568,ENST00000323666,ENSP00000325312.5,train,True,0,self_learning,NC3
4569,ENST00000323668,ENSP00000325223.6,unlabeled,False,0,self_learning,NC3
4570,ENST00000323699,ENSP00000316476.4,val,True,0,self_learning,NC3
4571,ENST00000323701,ENSP00000312981.6,unlabeled,False,0,self_learning,NC3
4572,ENST00000323703,ENSP00000318373.6,unlabeled,False,0,self_learning,NC3
4573,ENST00000323760,ENSP00000321656.6,unlabeled,False,0,self_learning,NC3
4574,ENST00000323786,0,unlabeled,False,0,self_learning,NC3
4575,ENST00000323798,ENSP00000317904.3,train,True,0,self_learning,NC3
4576,ENST00000323848,ENSP00000326261.8,unlabeled,False,0,self_learning,NC3
4577,ENST00000323853,ENSP00000317123.5,train,True,0,self_learning,NC3
4578,ENST00000323927,ENSP00000314004.2,train,True,0,self_learning,NC3
4579,ENST00000323929,ENSP00000325863.4,unlabeled,False,0,self_learning,NC3
4580,ENST00000323959,ENSP00000315791.4,unlabeled,False,0,self_learning,NC3
4581,ENST00000323963,ENSP00000326381.5,unlabeled,False,0,self_learning,NC3
4582,ENST00000323997,ENSP00000324105.6,unlabeled,False,0,self_learning,NC3
4583,ENST00000324048,ENSP00000319829.5,train,True,0,self_learning,NC3
4584,ENST00000324068,ENSP00000317214.1,unlabeled,False,0,self_learning,NC3
4585,ENST00000324096,ENSP00000325313.3,train,True,0,self_learning,NC3
4586,ENST00000324109,ENSP00000315659.4,val,True,0,self_learning,NC3
4587,ENST00000324170,0,unlabeled,False,0,self_learning,NC3
4588,ENST00000324189,ENSP00000319636.4,unlabeled,False,0,self_learning,NC3
4589,ENST00000324198,ENSP00000317578.4,unlabeled,False,0,self_learning,NC3
4590,ENST00000324225,ENSP00000314023.4,unlabeled,False,0,self_learning,NC3
4591,ENST00000324238,ENSP00000318804.6,train,True,0,self_learning,NC3
4592,ENST00000324262,ENSP00000325548.4,unlabeled,False,0,self_learning,NC3
4593,ENST00000324266,ENSP00000324318.5,val,True,0,self_learning,NC3
4594,ENST00000324300,ENSP00000315011.5,unlabeled,False,0,self_learning,NC3
4595,ENST00000324306,ENSP00000323148.6,train,True,0,self_learning,NC3
4596,ENST00000324324,0,unlabeled,False,0,self_learning,NC3
4597,ENST00000324331,ENSP00000316335.5,unlabeled,False,0,self_learning,NC3
4598,ENST00000324333,ENSP00000325494.10,unlabeled,False,0,self_learning,NC3
4599,ENST00000324344,ENSP00000319482.3,unlabeled,False,0,self_learning,NC3
4600,ENST00000324366,ENSP00000319169.8,train,True,0,self_learning,NC3
4601,ENST00000324379,ENSP00000312769.5,train,True,0,self_learning,NC3
4602,ENST00000324385,ENSP00000324510.5,unlabeled,False,0,self_learning,NC3
4603,ENST00000324411,ENSP00000315505.3,unlabeled,False,0,self_learning,NC3
4604,ENST00000324432,ENSP00000322885.5,unlabeled,False,0,self_learning,NC3
4605,ENST00000324444,ENSP00000316130.3,unlabeled,False,0,self_learning,NC3
4606,ENST00000324453,0,unlabeled,False,0,self_learning,NC3
4607,ENST00000324460,ENSP00000324173.6,train,True,0,self_learning,NC3
4608,ENST00000324464,ENSP00000315118.3,unlabeled,False,0,self_learning,NC3
4609,ENST00000324472,ENSP00000315988.4,unlabeled,False,0,self_learning,NC3
4610,ENST00000324501,ENSP00000326366.5,unlabeled,False,0,self_learning,NC3
4611,ENST00000324557,0,unlabeled,False,0,self_learning,NC3
4612,ENST00000324559,ENSP00000315371.9,unlabeled,False,0,self_learning,NC3
4613,ENST00000324607,ENSP00000324944.7,unlabeled,False,0,self_learning,NC3
4614,ENST00000324679,ENSP00000324729.4,train,True,0,self_learning,NC3
4615,ENST00000324682,ENSP00000315035.5,unlabeled,False,0,self_learning,NC3
4616,ENST00000324765,ENSP00000321348.8,train,True,0,self_learning,NC3
4617,ENST00000324768,0,unlabeled,False,0,self_learning,NC3
4618,ENST00000324774,ENSP00000312741.5,unlabeled,False,0,self_learning,NC3
4619,ENST00000324787,ENSP00000320567.5,unlabeled,False,0,self_learning,NC3
4620,ENST00000324817,ENSP00000323720.1,train,True,0,self_learning,NC3
4621,ENST00000324849,ENSP00000318629.4,train,True,0,self_learning,NC3
4622,ENST00000324856,ENSP00000320485.7,train,True,0,self_learning,NC3
4623,ENST00000324862,ENSP00000315379.6,train,True,0,self_learning,NC3
4624,ENST00000324868,ENSP00000320658.8,train,True,0,self_learning,NC3
4625,ENST00000324871,ENSP00000314441.7,train,True,0,self_learning,NC3
4626,ENST00000324873,0,unlabeled,False,0,self_learning,NC3
4627,ENST00000324907,ENSP00000324693.9,unlabeled,False,0,self_learning,NC3
4628,ENST00000324932,ENSP00000316032.7,unlabeled,False,0,self_learning,NC3
4629,ENST00000324972,ENSP00000320130.6,unlabeled,False,0,self_learning,NC3
4630,ENST00000325089,ENSP00000366283.2,train,True,0,self_learning,NC3
4631,ENST00000325103,0,unlabeled,False,0,self_learning,NC3
4632,ENST00000325110,ENSP00000322706.6,train,True,0,self_learning,NC3
4633,ENST00000325123,ENSP00000327246.4,unlabeled,False,0,self_learning,NC3
4634,ENST00000325144,ENSP00000323183.4,unlabeled,False,0,self_learning,NC3
4635,ENST00000325167,ENSP00000317468.5,unlabeled,False,0,self_learning,NC3
4636,ENST00000325192,0,unlabeled,False,0,self_learning,NC3
4637,ENST00000325212,ENSP00000316681.6,unlabeled,False,0,self_learning,NC3
4638,ENST00000325222,ENSP00000326804.3,unlabeled,False,0,self_learning,NC3
4639,ENST00000325285,ENSP00000313034.3,unlabeled,False,0,self_learning,NC3
4640,ENST00000325301,ENSP00000327124.2,unlabeled,False,0,self_learning,NC3
4641,ENST00000325307,ENSP00000359393.3,train,True,0,self_learning,NC3
4642,ENST00000325318,ENSP00000324323.5,unlabeled,False,0,self_learning,NC3
4643,ENST00000325327,ENSP00000327054.3,train,True,0,self_learning,NC3
4644,ENST00000325351,0,unlabeled,False,0,self_learning,NC3
4645,ENST00000325366,ENSP00000326879.9,train,True,0,self_learning,NC3
4646,ENST00000325404,ENSP00000323588.1,unlabeled,False,0,self_learning,NC3
4647,ENST00000325418,ENSP00000325290.4,unlabeled,False,0,self_learning,NC3
4648,ENST00000325421,ENSP00000320188.3,test,True,0,self_learning,NC3
4649,ENST00000325438,ENSP00000321834.8,unlabeled,False,0,self_learning,NC3
4650,ENST00000325455,ENSP00000325120.5,unlabeled,False,0,self_learning,NC3
4651,ENST00000325464,ENSP00000325612.1,train,True,0,self_learning,NC3
4652,ENST00000325495,ENSP00000325376.2,test,True,0,self_learning,NC3
4653,ENST00000325542,ENSP00000317902.5,unlabeled,False,0,self_learning,NC3
4654,ENST00000325551,ENSP00000320434.4,val,True,0,self_learning,NC3
4655,ENST00000325599,ENSP00000315182.8,train,True,0,self_learning,NC3
4656,ENST00000325636,0,unlabeled,False,0,self_learning,NC3
4657,ENST00000325680,ENSP00000324463.7,train,True,0,self_learning,NC3
4658,ENST00000325722,ENSP00000318406.3,val,True,0,self_learning,NC3
4659,ENST00000325748,ENSP00000318176.4,train,True,0,self_learning,NC3
4660,ENST00000325752,ENSP00000320797.3,unlabeled,False,0,self_learning,NC3
4661,ENST00000325795,ENSP00000326869.3,unlabeled,False,0,self_learning,NC3
4662,ENST00000325844,ENSP00000317376.4,train,True,0,self_learning,NC3
4663,ENST00000325870,ENSP00000319651.1,unlabeled,False,0,self_learning,NC3
4664,ENST00000325875,ENSP00000317039.3,unlabeled,False,0,self_learning,NC3
4665,ENST00000325881,ENSP00000323435.4,unlabeled,False,0,self_learning,NC3
4666,ENST00000325926,ENSP00000314946.3,unlabeled,False,0,self_learning,NC3
4667,ENST00000325954,ENSP00000322242.4,unlabeled,False,0,self_learning,NC3
4668,ENST00000325974,0,unlabeled,False,0,self_learning,NC3
4669,ENST00000326003,ENSP00000314151.1,unlabeled,False,0,self_learning,NC3
4670,ENST00000326005,ENSP00000463013.1,unlabeled,False,0,self_learning,NC3
4671,ENST00000326016,ENSP00000316845.5,unlabeled,False,0,self_learning,NC3
4672,ENST00000326043,ENSP00000327048.4,unlabeled,False,0,self_learning,NC3
4673,ENST00000326080,ENSP00000320604.5,unlabeled,False,0,self_learning,NC3
4674,ENST00000326085,0,unlabeled,False,0,self_learning,NC3
4675,ENST00000326132,ENSP00000320508.5,unlabeled,False,0,self_learning,NC3
4676,ENST00000326152,ENSP00000316786.5,unlabeled,False,0,self_learning,NC3
4677,ENST00000326172,ENSP00000325663.5,unlabeled,False,0,self_learning,NC3
4678,ENST00000326181,ENSP00000318944.6,unlabeled,False,0,self_learning,NC3
4679,ENST00000326225,ENSP00000355465.1,unlabeled,False,0,self_learning,NC3
4680,ENST00000326232,ENSP00000321498.9,train,True,0,self_learning,NC3
4681,ENST00000326266,ENSP00000326531.8,train,True,0,self_learning,NC3
4682,ENST00000326274,ENSP00000320957.5,unlabeled,False,0,self_learning,NC3
4683,ENST00000326282,ENSP00000317564.4,unlabeled,False,0,self_learning,NC3
4684,ENST00000326291,ENSP00000317144.6,train,True,0,self_learning,NC3
4685,ENST00000326294,ENSP00000325589.3,unlabeled,False,0,self_learning,NC3
4686,ENST00000326317,ENSP00000314606.6,train,True,0,self_learning,NC3
4687,ENST00000326361,ENSP00000325634.3,unlabeled,False,0,self_learning,NC3
4688,ENST00000326397,ENSP00000388920.2,test,True,0,self_learning,NC3
4689,ENST00000326402,ENSP00000317382.4,unlabeled,False,0,self_learning,NC3
4690,ENST00000326427,ENSP00000322730.6,train,True,0,self_learning,NC3
4691,ENST00000326446,ENSP00000315357.5,unlabeled,False,0,self_learning,NC3
4692,ENST00000326448,ENSP00000312778.7,unlabeled,False,0,self_learning,NC3
4693,ENST00000326495,ENSP00000315713.5,unlabeled,False,0,self_learning,NC3
4694,ENST00000326505,ENSP00000316173.3,unlabeled,False,0,self_learning,NC3
4695,ENST00000326524,ENSP00000317145.2,unlabeled,False,0,self_learning,NC3
4696,ENST00000326577,ENSP00000326737.5,unlabeled,False,0,self_learning,NC3
4697,ENST00000326595,0,unlabeled,False,0,self_learning,NC3
4698,ENST00000326639,ENSP00000321997.6,unlabeled,False,0,self_learning,NC3
4699,ENST00000326669,ENSP00000318635.4,unlabeled,False,0,self_learning,NC3
4700,ENST00000326674,ENSP00000325958.9,train,True,0,self_learning,NC3
4701,ENST00000326724,ENSP00000324196.4,unlabeled,False,0,self_learning,NC3
4702,ENST00000326735,ENSP00000327214.8,unlabeled,False,0,self_learning,NC3
4703,ENST00000326737,ENSP00000317743.3,unlabeled,False,0,self_learning,NC3
4704,ENST00000326739,ENSP00000321584.4,unlabeled,False,0,self_learning,NC3
4705,ENST00000326756,0,unlabeled,False,0,self_learning,NC3
4706,ENST00000326793,ENSP00000324287.6,train,True,0,self_learning,NC3
4707,ENST00000326828,ENSP00000315602.5,unlabeled,False,0,self_learning,NC3
4708,ENST00000326840,ENSP00000321573.6,unlabeled,False,0,self_learning,NC3
4709,ENST00000326873,ENSP00000324856.6,unlabeled,False,0,self_learning,NC3
4710,ENST00000326902,ENSP00000319118.2,unlabeled,False,0,self_learning,NC3
4711,ENST00000326925,ENSP00000323076.5,train,True,0,self_learning,NC3
4712,ENST00000326974,ENSP00000313995.4,train,True,0,self_learning,NC3
4713,ENST00000327042,ENSP00000321038.3,unlabeled,False,0,self_learning,NC3
4714,ENST00000327044,ENSP00000317992.6,train,True,0,self_learning,NC3
4715,ENST00000327064,ENSP00000325690.4,unlabeled,False,0,self_learning,NC3
4716,ENST00000327111,ENSP00000325819.3,unlabeled,False,0,self_learning,NC3
4717,ENST00000327134,ENSP00000314067.3,train,True,0,self_learning,NC3
4718,ENST00000327141,ENSP00000317537.4,unlabeled,False,0,self_learning,NC3
4719,ENST00000327171,ENSP00000316632.3,unlabeled,False,0,self_learning,NC3
4720,ENST00000327237,ENSP00000317579.2,train,True,0,self_learning,NC3
4721,ENST00000327259,0,unlabeled,False,0,self_learning,NC3
4722,ENST00000327268,ENSP00000319991.4,unlabeled,False,0,self_learning,NC3
4723,ENST00000327300,ENSP00000313829.7,train,True,0,self_learning,NC3
4724,ENST00000327304,ENSP00000323046.4,test,True,0,self_learning,NC3
4725,ENST00000327347,ENSP00000367893.3,train,True,0,self_learning,NC3
4726,ENST00000327355,0,unlabeled,False,0,self_learning,NC3
4727,ENST00000327367,ENSP00000332973.4,unlabeled,False,0,self_learning,NC3
4728,ENST00000327374,ENSP00000332721.4,unlabeled,False,0,self_learning,NC3
4729,ENST00000327423,ENSP00000331845.6,train,True,0,self_learning,NC3
4730,ENST00000327428,ENSP00000331369.5,train,True,0,self_learning,NC3
4731,ENST00000327435,ENSP00000333666.3,train,True,0,self_learning,NC3
4732,ENST00000327441,ENSP00000333539.7,unlabeled,False,0,self_learning,NC3
4733,ENST00000327443,ENSP00000329357.4,train,True,0,self_learning,NC3
4734,ENST00000327451,ENSP00000329033.5,unlabeled,False,0,self_learning,NC3
4735,ENST00000327470,ENSP00000330875.3,unlabeled,False,0,self_learning,NC3
4736,ENST00000327475,0,unlabeled,False,0,self_learning,NC3
4737,ENST00000327490,0,unlabeled,False,0,self_learning,NC3
4738,ENST00000327492,ENSP00000331305.3,unlabeled,False,0,self_learning,NC3
4739,ENST00000327532,ENSP00000332148.2,unlabeled,False,0,self_learning,NC3
4740,ENST00000327535,ENSP00000327824.1,unlabeled,False,0,self_learning,NC3
4741,ENST00000327569,ENSP00000332756.3,unlabeled,False,0,self_learning,NC3
4742,ENST00000327582,ENSP00000361914.1,unlabeled,False,0,self_learning,NC3
4743,ENST00000327619,ENSP00000333640.5,unlabeled,False,0,self_learning,NC3
4744,ENST00000327628,ENSP00000328998.5,unlabeled,False,0,self_learning,NC3
4745,ENST00000327668,ENSP00000331465.7,unlabeled,False,0,self_learning,NC3
4746,ENST00000327671,ENSP00000332757.5,unlabeled,False,0,self_learning,NC3
4747,ENST00000327681,ENSP00000333376.6,unlabeled,False,0,self_learning,NC3
4748,ENST00000327697,ENSP00000328287.6,train,True,0,self_learning,NC3
4749,ENST00000327705,0,unlabeled,False,0,self_learning,NC3
4750,ENST00000327741,ENSP00000369349.4,unlabeled,False,0,self_learning,NC3
4751,ENST00000327772,ENSP00000330737.2,train,True,0,self_learning,NC3
4752,ENST00000327773,ENSP00000331831.6,unlabeled,False,0,self_learning,NC3
4753,ENST00000327787,ENSP00000333283.8,train,True,0,self_learning,NC3
4754,ENST00000327827,ENSP00000331720.7,train,True,0,self_learning,NC3
4755,ENST00000327835,ENSP00000331462.3,unlabeled,False,0,self_learning,NC3
4756,ENST00000327858,ENSP00000331544.6,unlabeled,False,0,self_learning,NC3
4757,ENST00000327877,ENSP00000330488.5,val,True,0,self_learning,NC3
4758,ENST00000327906,ENSP00000333024.3,unlabeled,False,0,self_learning,NC3
4759,ENST00000327946,ENSP00000330148.7,unlabeled,False,0,self_learning,NC3
4760,ENST00000327987,ENSP00000332773.4,unlabeled,False,0,self_learning,NC3
4761,ENST00000328024,ENSP00000333547.5,train,True,0,self_learning,NC3
4762,ENST00000328046,ENSP00000332791.8,unlabeled,False,0,self_learning,NC3
4763,ENST00000328086,ENSP00000331626.7,unlabeled,False,0,self_learning,NC3
4764,ENST00000328089,ENSP00000330221.6,unlabeled,False,0,self_learning,NC3
4765,ENST00000328111,ENSP00000328547.2,train,True,0,self_learning,NC3
4766,ENST00000328194,ENSP00000328524.3,unlabeled,False,0,self_learning,NC3
4767,ENST00000328195,ENSP00000333551.3,test,True,0,self_learning,NC3
4768,ENST00000328205,ENSP00000329102.5,train,True,0,self_learning,NC3
4769,ENST00000328221,ENSP00000330825.5,unlabeled,False,0,self_learning,NC3
4770,ENST00000328257,ENSP00000329867.8,train,True,0,self_learning,NC3
4771,ENST00000328299,ENSP00000329214.3,unlabeled,False,0,self_learning,NC3
4772,ENST00000328306,ENSP00000330320.4,unlabeled,False,0,self_learning,NC3
4773,ENST00000328333,ENSP00000332371.8,unlabeled,False,0,self_learning,NC3
4774,ENST00000328345,ENSP00000329170.5,unlabeled,False,0,self_learning,NC3
4775,ENST00000328381,ENSP00000328340.5,unlabeled,False,0,self_learning,NC3
4776,ENST00000328405,ENSP00000328813.2,unlabeled,False,0,self_learning,NC3
4777,ENST00000328434,ENSP00000354762.5,val,True,0,self_learning,NC3
4778,ENST00000328459,ENSP00000336127.4,test,True,0,self_learning,NC3
4779,ENST00000328550,0,unlabeled,False,0,self_learning,NC3
4780,ENST00000328557,ENSP00000328625.4,unlabeled,False,0,self_learning,NC3
4781,ENST00000328559,ENSP00000332681.7,unlabeled,False,0,self_learning,NC3
4782,ENST00000328599,ENSP00000329858.3,unlabeled,False,0,self_learning,NC3
4783,ENST00000328631,ENSP00000331103.5,unlabeled,False,0,self_learning,NC3
4784,ENST00000328649,0,unlabeled,False,0,self_learning,NC3
4785,ENST00000328654,ENSP00000333725.5,unlabeled,False,0,self_learning,NC3
4786,ENST00000328666,ENSP00000329466.6,train,True,0,self_learning,NC3
4787,ENST00000328697,ENSP00000330240.5,unlabeled,False,0,self_learning,NC3
4788,ENST00000328703,ENSP00000329002.7,unlabeled,False,0,self_learning,NC3
4789,ENST00000328709,ENSP00000330730.3,train,True,0,self_learning,NC3
4790,ENST00000328739,0,unlabeled,False,0,self_learning,NC3
4791,ENST00000328741,ENSP00000329295.6,unlabeled,False,0,self_learning,NC3
4792,ENST00000328747,ENSP00000332595.8,unlabeled,False,0,self_learning,NC3
4793,ENST00000328771,ENSP00000331907.4,train,True,0,self_learning,NC3
4794,ENST00000328827,ENSP00000328088.4,train,True,0,self_learning,NC3
4795,ENST00000328848,ENSP00000332198.5,train,True,0,self_learning,NC3
4796,ENST00000328850,ENSP00000331504.3,unlabeled,False,0,self_learning,NC3
4797,ENST00000328879,ENSP00000331682.4,train,True,0,self_learning,NC3
4798,ENST00000328914,ENSP00000328720.4,train,True,0,self_learning,NC3
4799,ENST00000328923,ENSP00000333667.3,val,True,0,self_learning,NC3
4800,ENST00000328933,ENSP00000332287.5,unlabeled,False,0,self_learning,NC3
4801,ENST00000328963,ENSP00000330696.6,unlabeled,False,0,self_learning,NC3
4802,ENST00000328965,ENSP00000332613.3,train,True,0,self_learning,NC3
4803,ENST00000328969,ENSP00000332013.5,train,True,0,self_learning,NC3
4804,ENST00000329003,ENSP00000329684.3,unlabeled,False,0,self_learning,NC3
4805,ENST00000329008,ENSP00000332498.5,unlabeled,False,0,self_learning,NC3
4806,ENST00000329078,ENSP00000333292.3,unlabeled,False,0,self_learning,NC3
4807,ENST00000329117,ENSP00000331210.4,unlabeled,False,0,self_learning,NC3
4808,ENST00000329138,ENSP00000331201.4,unlabeled,False,0,self_learning,NC3
4809,ENST00000329146,ENSP00000328521.5,unlabeled,False,0,self_learning,NC3
4810,ENST00000329152,ENSP00000332123.3,unlabeled,False,0,self_learning,NC3
4811,ENST00000329153,ENSP00000330278.5,unlabeled,False,0,self_learning,NC3
4812,ENST00000329198,ENSP00000327758.4,unlabeled,False,0,self_learning,NC3
4813,ENST00000329203,0,unlabeled,False,0,self_learning,NC3
4814,ENST00000329214,ENSP00000329360.8,unlabeled,False,0,self_learning,NC3
4815,ENST00000329235,ENSP00000328789.2,train,True,0,self_learning,NC3
4816,ENST00000329245,ENSP00000328835.3,train,True,0,self_learning,NC3
4817,ENST00000329251,ENSP00000331901.4,train,True,0,self_learning,NC3
4818,ENST00000329271,ENSP00000329558.3,train,True,0,self_learning,NC3
4819,ENST00000329276,ENSP00000370589.3,train,True,0,self_learning,NC3
4820,ENST00000329285,ENSP00000333802.6,unlabeled,False,0,self_learning,NC3
4821,ENST00000329291,0,unlabeled,False,0,self_learning,NC3
4822,ENST00000329293,0,unlabeled,False,0,self_learning,NC3
4823,ENST00000329319,ENSP00000329614.3,unlabeled,False,0,self_learning,NC3
4824,ENST00000329321,ENSP00000327417.3,unlabeled,False,0,self_learning,NC3
4825,ENST00000329399,ENSP00000360305.3,train,True,0,self_learning,NC3
4826,ENST00000329421,ENSP00000362638.4,val,True,0,self_learning,NC3
4827,ENST00000329474,ENSP00000331983.6,train,True,0,self_learning,NC3
4828,ENST00000329478,0,unlabeled,False,0,self_learning,NC3
4829,ENST00000329492,ENSP00000330572.4,unlabeled,False,0,self_learning,NC3
4830,ENST00000329517,ENSP00000331313.6,train,True,0,self_learning,NC3
4831,ENST00000329542,ENSP00000332737.4,unlabeled,False,0,self_learning,NC3
4832,ENST00000329548,ENSP00000332624.5,unlabeled,False,0,self_learning,NC3
4833,ENST00000329565,ENSP00000329287.5,unlabeled,False,0,self_learning,NC3
4834,ENST00000329582,ENSP00000328133.4,unlabeled,False,0,self_learning,NC3
4835,ENST00000329608,ENSP00000327513.6,unlabeled,False,0,self_learning,NC3
4836,ENST00000329630,ENSP00000330838.5,unlabeled,False,0,self_learning,NC3
4837,ENST00000329665,ENSP00000332433.3,unlabeled,False,0,self_learning,NC3
4838,ENST00000329687,ENSP00000332646.4,unlabeled,False,0,self_learning,NC3
4839,ENST00000329713,ENSP00000329918.4,train,True,0,self_learning,NC3
4840,ENST00000329734,ENSP00000331608.3,unlabeled,False,0,self_learning,NC3
4841,ENST00000329759,ENSP00000371397.1,unlabeled,False,0,self_learning,NC3
4842,ENST00000329800,ENSP00000329436.6,unlabeled,False,0,self_learning,NC3
4843,ENST00000329841,ENSP00000332256.5,test,True,0,self_learning,NC3
4844,ENST00000329875,ENSP00000328858.8,unlabeled,False,0,self_learning,NC3
4845,ENST00000329956,0,unlabeled,False,0,self_learning,NC3
4846,ENST00000329957,ENSP00000328694.6,unlabeled,False,0,self_learning,NC3
4847,ENST00000329962,ENSP00000328277.6,unlabeled,False,0,self_learning,NC3
4848,ENST00000329967,ENSP00000329213.6,train,True,0,self_learning,NC3
4849,ENST00000329970,ENSP00000357863.4,unlabeled,False,0,self_learning,NC3
4850,ENST00000330029,ENSP00000332887.6,train,True,0,self_learning,NC3
4851,ENST00000330055,ENSP00000386069.2,unlabeled,False,0,self_learning,NC3
4852,ENST00000330062,ENSP00000331897.4,val,True,0,self_learning,NC3
4853,ENST00000330133,ENSP00000331849.3,train,True,0,self_learning,NC3
4854,ENST00000330137,ENSP00000333433.7,train,True,0,self_learning,NC3
4855,ENST00000330143,ENSP00000328515.3,unlabeled,False,0,self_learning,NC3
4856,ENST00000330149,ENSP00000330289.5,test,True,0,self_learning,NC3
4857,ENST00000330194,ENSP00000328698.2,unlabeled,False,0,self_learning,NC3
4858,ENST00000330212,ENSP00000330485.3,unlabeled,False,0,self_learning,NC3
4859,ENST00000330236,0,unlabeled,False,0,self_learning,NC3
4860,ENST00000330263,ENSP00000364320.3,train,True,0,self_learning,NC3
4861,ENST00000330288,0,unlabeled,False,0,self_learning,NC3
4862,ENST00000330333,ENSP00000332979.6,unlabeled,False,0,self_learning,NC3
4863,ENST00000330342,ENSP00000332247.2,train,True,0,self_learning,NC3
4864,ENST00000330368,ENSP00000333037.1,unlabeled,False,0,self_learning,NC3
4865,ENST00000330387,ENSP00000329140.6,unlabeled,False,0,self_learning,NC3
4866,ENST00000330388,0,unlabeled,False,0,self_learning,NC3
4867,ENST00000330394,ENSP00000332118.2,unlabeled,False,0,self_learning,NC3
4868,ENST00000330398,ENSP00000329757.4,train,True,0,self_learning,NC3
4869,ENST00000330423,ENSP00000333326.3,unlabeled,False,0,self_learning,NC3
4870,ENST00000330430,ENSP00000329454.6,unlabeled,False,0,self_learning,NC3
4871,ENST00000330452,ENSP00000331602.3,unlabeled,False,0,self_learning,NC3
4872,ENST00000330475,0,unlabeled,False,0,self_learning,NC3
4873,ENST00000330498,ENSP00000327943.3,unlabeled,False,0,self_learning,NC3
4874,ENST00000330501,0,unlabeled,False,0,self_learning,NC3
4875,ENST00000330503,ENSP00000330349.8,val,True,0,self_learning,NC3
4876,ENST00000330560,ENSP00000328228.3,train,True,0,self_learning,NC3
4877,ENST00000330574,ENSP00000327889.2,train,True,0,self_learning,NC3
4878,ENST00000330619,ENSP00000333223.7,unlabeled,False,0,self_learning,NC3
4879,ENST00000330622,ENSP00000328187.5,train,True,0,self_learning,NC3
4880,ENST00000330651,ENSP00000333685.6,unlabeled,False,0,self_learning,NC3
4881,ENST00000330688,ENSP00000332296.4,unlabeled,False,0,self_learning,NC3
4882,ENST00000330689,ENSP00000330381.4,unlabeled,False,0,self_learning,NC3
4883,ENST00000330701,ENSP00000327427.6,unlabeled,False,0,self_learning,NC3
4884,ENST00000330720,ENSP00000329471.2,unlabeled,False,0,self_learning,NC3
4885,ENST00000330722,ENSP00000369317.3,val,True,0,self_learning,NC3
4886,ENST00000330817,ENSP00000333813.5,train,True,0,self_learning,NC3
4887,ENST00000330828,ENSP00000331691.2,unlabeled,False,0,self_learning,NC3
4888,ENST00000330843,ENSP00000331342.4,val,True,0,self_learning,NC3
4889,ENST00000330871,ENSP00000330341.2,unlabeled,False,0,self_learning,NC3
4890,ENST00000330884,ENSP00000332565.4,unlabeled,False,0,self_learning,NC3
4891,ENST00000330889,ENSP00000329468.3,unlabeled,False,0,self_learning,NC3
4892,ENST00000330899,ENSP00000369127.3,train,True,0,self_learning,NC3
4893,ENST00000330915,ENSP00000328923.2,unlabeled,False,0,self_learning,NC3
4894,ENST00000330938,ENSP00000328325.3,train,True,0,self_learning,NC3
4895,ENST00000330964,ENSP00000331019.5,unlabeled,False,0,self_learning,NC3
4896,ENST00000331079,ENSP00000331879.6,val,True,0,self_learning,NC3
4897,ENST00000331128,ENSP00000332790.4,test,True,0,self_learning,NC3
4898,ENST00000331134,ENSP00000331487.5,unlabeled,False,0,self_learning,NC3
4899,ENST00000331161,ENSP00000331044.4,unlabeled,False,0,self_learning,NC3
4900,ENST00000331173,ENSP00000332444.4,train,True,0,self_learning,NC3
4901,ENST00000331200,ENSP00000370376.2,val,True,0,self_learning,NC3
4902,ENST00000331238,ENSP00000330631.4,unlabeled,False,0,self_learning,NC3
4903,ENST00000331239,ENSP00000331209.4,train,True,0,self_learning,NC3
4904,ENST00000331268,ENSP00000331310.5,unlabeled,False,0,self_learning,NC3
4905,ENST00000331299,ENSP00000329452.5,train,True,0,self_learning,NC3
4906,ENST00000331314,ENSP00000330460.6,test,True,0,self_learning,NC3
4907,ENST00000331320,ENSP00000333633.7,unlabeled,False,0,self_learning,NC3
4908,ENST00000331327,ENSP00000332706.3,unlabeled,False,0,self_learning,NC3
4909,ENST00000331334,ENSP00000328570.4,train,True,0,self_learning,NC3
4910,ENST00000331340,ENSP00000331614.3,unlabeled,False,0,self_learning,NC3
4911,ENST00000331366,0,unlabeled,False,0,self_learning,NC3
4912,ENST00000331373,ENSP00000331258.5,train,True,0,self_learning,NC3
4913,ENST00000331380,ENSP00000332194.3,train,True,0,self_learning,NC3
4914,ENST00000331410,ENSP00000331927.5,unlabeled,False,0,self_learning,NC3
4915,ENST00000331426,ENSP00000331211.5,unlabeled,False,0,self_learning,NC3
4916,ENST00000331427,ENSP00000332528.4,unlabeled,False,0,self_learning,NC3
4917,ENST00000331434,ENSP00000330361.6,unlabeled,False,0,self_learning,NC3
4918,ENST00000331437,ENSP00000329318.3,unlabeled,False,0,self_learning,NC3
4919,ENST00000331456,ENSP00000328203.2,unlabeled,False,0,self_learning,NC3
4920,ENST00000331457,ENSP00000329715.4,val,True,0,self_learning,NC3
4921,ENST00000331462,ENSP00000328598.4,unlabeled,False,0,self_learning,NC3
4922,ENST00000331483,ENSP00000327801.4,unlabeled,False,0,self_learning,NC3
4923,ENST00000331491,ENSP00000333277.2,unlabeled,False,0,self_learning,NC3
4924,ENST00000331493,ENSP00000332111.2,unlabeled,False,0,self_learning,NC3
4925,ENST00000331495,ENSP00000329219.2,unlabeled,False,0,self_learning,NC3
4926,ENST00000331536,ENSP00000331981.4,train,True,0,self_learning,NC3
4927,ENST00000331552,ENSP00000332823.6,unlabeled,False,0,self_learning,NC3
4928,ENST00000331565,ENSP00000330199.3,unlabeled,False,0,self_learning,NC3
4929,ENST00000331569,ENSP00000332325.4,train,True,0,self_learning,NC3
4930,ENST00000331573,ENSP00000329915.3,train,True,0,self_learning,NC3
4931,ENST00000331683,ENSP00000332592.5,unlabeled,False,0,self_learning,NC3
4932,ENST00000331710,ENSP00000329967.5,unlabeled,False,0,self_learning,NC3
4933,ENST00000331728,ENSP00000332687.4,unlabeled,False,0,self_learning,NC3
4934,ENST00000331738,ENSP00000330188.6,train,True,0,self_learning,NC3
4935,ENST00000331758,ENSP00000333012.3,test,True,0,self_learning,NC3
4936,ENST00000331768,ENSP00000327436.5,train,True,0,self_learning,NC3
4937,ENST00000331782,ENSP00000328169.3,unlabeled,False,0,self_learning,NC3
4938,ENST00000331803,ENSP00000330032.4,test,True,0,self_learning,NC3
4939,ENST00000331821,ENSP00000327583.3,unlabeled,False,0,self_learning,NC3
4940,ENST00000331825,ENSP00000366525.2,train,True,0,self_learning,NC3
4941,ENST00000331830,ENSP00000330633.4,unlabeled,False,0,self_learning,NC3
4942,ENST00000331835,ENSP00000328729.6,train,True,0,self_learning,NC3
4943,ENST00000331858,ENSP00000333591.4,unlabeled,False,0,self_learning,NC3
4944,ENST00000331860,ENSP00000330391.3,unlabeled,False,0,self_learning,NC3
4945,ENST00000331872,ENSP00000356537.6,unlabeled,False,0,self_learning,NC3
4946,ENST00000331920,ENSP00000332353.6,unlabeled,False,0,self_learning,NC3
4947,ENST00000331923,ENSP00000328992.4,train,True,0,self_learning,NC3
4948,ENST00000331968,ENSP00000333568.6,unlabeled,False,0,self_learning,NC3
4949,ENST00000332065,ENSP00000333806.4,unlabeled,False,0,self_learning,NC3
4950,ENST00000332070,ENSP00000329097.3,unlabeled,False,0,self_learning,NC3
4951,ENST00000332118,ENSP00000328023.5,test,True,0,self_learning,NC3
4952,ENST00000332129,ENSP00000328494.2,unlabeled,False,0,self_learning,NC3
4953,ENST00000332175,ENSP00000331418.8,unlabeled,False,0,self_learning,NC3
4954,ENST00000332180,ENSP00000328062.6,unlabeled,False,0,self_learning,NC3
4955,ENST00000332235,ENSP00000328677.4,unlabeled,False,0,self_learning,NC3
4956,ENST00000332272,ENSP00000328983.4,unlabeled,False,0,self_learning,NC3
4957,ENST00000332281,ENSP00000327968.5,unlabeled,False,0,self_learning,NC3
4958,ENST00000332312,0,unlabeled,False,0,self_learning,NC3
4959,ENST00000332349,ENSP00000333350.4,unlabeled,False,0,self_learning,NC3
4960,ENST00000332375,0,unlabeled,False,0,self_learning,NC3
4961,ENST00000332395,ENSP00000332340.6,train,True,0,self_learning,NC3
4962,ENST00000332431,ENSP00000329794.4,unlabeled,False,0,self_learning,NC3
4963,ENST00000332438,ENSP00000332504.4,unlabeled,False,0,self_learning,NC3
4964,ENST00000332439,ENSP00000331479.4,unlabeled,False,0,self_learning,NC3
4965,ENST00000332499,ENSP00000328773.3,train,True,0,self_learning,NC3
4966,ENST00000332503,ENSP00000328928.5,train,True,0,self_learning,NC3
4967,ENST00000332509,ENSP00000333142.3,unlabeled,False,0,self_learning,NC3
4968,ENST00000332512,ENSP00000332454.3,unlabeled,False,0,self_learning,NC3
4969,ENST00000332556,ENSP00000333298.4,train,True,0,self_learning,NC3
4970,ENST00000332585,ENSP00000332576.6,unlabeled,False,0,self_learning,NC3
4971,ENST00000332598,ENSP00000330945.6,train,True,0,self_learning,NC3
4972,ENST00000332624,ENSP00000328875.3,unlabeled,False,0,self_learning,NC3
4973,ENST00000332629,0,unlabeled,False,0,self_learning,NC3
4974,ENST00000332644,0,unlabeled,False,0,self_learning,NC3
4975,ENST00000332687,ENSP00000328059.6,unlabeled,False,0,self_learning,NC3
4976,ENST00000332700,ENSP00000331470.6,unlabeled,False,0,self_learning,NC3
4977,ENST00000332707,ENSP00000327821.5,train,True,0,self_learning,NC3
4978,ENST00000332710,ENSP00000331791.4,unlabeled,False,0,self_learning,NC3
4979,ENST00000332780,ENSP00000327468.2,unlabeled,False,0,self_learning,NC3
4980,ENST00000332782,ENSP00000329200.2,unlabeled,False,0,self_learning,NC3
4981,ENST00000332783,ENSP00000328327.8,unlabeled,False,0,self_learning,NC3
4982,ENST00000332810,ENSP00000331944.3,unlabeled,False,0,self_learning,NC3
4983,ENST00000332822,ENSP00000328181.4,unlabeled,False,0,self_learning,NC3
4984,ENST00000332830,ENSP00000329933.4,unlabeled,False,0,self_learning,NC3
4985,ENST00000332859,0,unlabeled,False,0,self_learning,NC3
4986,ENST00000332884,ENSP00000333212.6,unlabeled,False,0,self_learning,NC3
4987,ENST00000332947,ENSP00000331397.4,unlabeled,False,0,self_learning,NC3
4988,ENST00000332955,ENSP00000327786.2,unlabeled,False,0,self_learning,NC3
4989,ENST00000332958,ENSP00000332208.2,unlabeled,False,0,self_learning,NC3
4990,ENST00000333003,ENSP00000333275.4,test,True,0,self_learning,NC3
4991,ENST00000333050,ENSP00000331640.6,train,True,0,self_learning,NC3
4992,ENST00000333055,ENSP00000332073.3,unlabeled,False,0,self_learning,NC3
4993,ENST00000333119,ENSP00000327797.3,unlabeled,False,0,self_learning,NC3
4994,ENST00000333129,ENSP00000333836.3,train,True,0,self_learning,NC3
4995,ENST00000333149,ENSP00000327994.2,unlabeled,False,0,self_learning,NC3
4996,ENST00000333167,ENSP00000333664.8,test,True,0,self_learning,NC3
4997,ENST00000333175,ENSP00000331423.4,unlabeled,False,0,self_learning,NC3
4998,ENST00000333188,ENSP00000329419.4,train,True,0,self_learning,NC3
4999,ENST00000333201,0,unlabeled,False,0,self_learning,NC3
5000,ENST00000333213,ENSP00000327487.6,unlabeled,False,0,self_learning,NC3
5001,ENST00000333219,ENSP00000328436.8,unlabeled,False,0,self_learning,NC3
5002,ENST00000333229,ENSP00000330753.2,train,True,0,self_learning,NC3
5003,ENST00000333244,ENSP00000353114.4,train,True,0,self_learning,NC3
5004,ENST00000333256,ENSP00000331087.6,train,True,0,self_learning,NC3
5005,ENST00000333274,ENSP00000328777.6,unlabeled,False,0,self_learning,NC3
5006,ENST00000333337,ENSP00000331040.3,unlabeled,False,0,self_learning,NC3
5007,ENST00000333371,ENSP00000327650.4,train,True,0,self_learning,NC3
5008,ENST00000333437,ENSP00000331500.4,unlabeled,False,0,self_learning,NC3
5009,ENST00000333449,0,unlabeled,False,0,self_learning,NC3
5010,ENST00000333467,ENSP00000327459.3,unlabeled,False,0,self_learning,NC3
5011,ENST00000333478,ENSP00000327396.6,unlabeled,False,0,self_learning,NC3
5012,ENST00000333479,ENSP00000328236.6,test,True,0,self_learning,NC3
5013,ENST00000333480,ENSP00000328364.2,unlabeled,False,0,self_learning,NC3
5014,ENST00000333486,ENSP00000333266.3,unlabeled,False,0,self_learning,NC3
5015,ENST00000333503,ENSP00000330918.7,train,True,0,self_learning,NC3
5016,ENST00000333511,ENSP00000333769.3,train,True,0,self_learning,NC3
5017,ENST00000333535,ENSP00000328968.4,unlabeled,False,0,self_learning,NC3
5018,ENST00000333610,ENSP00000333018.3,unlabeled,False,0,self_learning,NC3
5019,ENST00000333628,ENSP00000369703.2,train,True,0,self_learning,NC3
5020,ENST00000333651,ENSP00000328269.6,train,True,0,self_learning,NC3
5021,ENST00000333676,ENSP00000333837.3,train,True,0,self_learning,NC3
5022,ENST00000333677,ENSP00000328083.6,unlabeled,False,0,self_learning,NC3
5023,ENST00000333725,ENSP00000331057.6,unlabeled,False,0,self_learning,NC3
5024,ENST00000333762,ENSP00000329662.4,unlabeled,False,0,self_learning,NC3
5025,ENST00000333861,0,unlabeled,False,0,self_learning,NC3
5026,ENST00000333868,ENSP00000330237.5,unlabeled,False,0,self_learning,NC3
5027,ENST00000333891,ENSP00000334319.8,unlabeled,False,0,self_learning,NC3
5028,ENST00000333916,ENSP00000369431.3,val,True,0,self_learning,NC3
5029,ENST00000333924,ENSP00000335201.4,train,True,0,self_learning,NC3
5030,ENST00000333926,ENSP00000363041.4,train,True,0,self_learning,NC3
5031,ENST00000333933,ENSP00000335008.3,unlabeled,False,0,self_learning,NC3
5032,ENST00000333987,0,unlabeled,False,0,self_learning,NC3
5033,ENST00000334018,ENSP00000335481.6,unlabeled,False,0,self_learning,NC3
5034,ENST00000334047,ENSP00000334145.7,unlabeled,False,0,self_learning,NC3
5035,ENST00000334056,ENSP00000335628.5,unlabeled,False,0,self_learning,NC3
5036,ENST00000334082,ENSP00000334382.6,train,True,0,self_learning,NC3
5037,ENST00000334121,ENSP00000334538.6,train,True,0,self_learning,NC3
5038,ENST00000334122,0,unlabeled,False,0,self_learning,NC3
5039,ENST00000334133,ENSP00000334153.4,train,True,0,self_learning,NC3
5040,ENST00000334163,ENSP00000334564.3,train,True,0,self_learning,NC3
5041,ENST00000334166,ENSP00000334463.4,unlabeled,False,0,self_learning,NC3
5042,ENST00000334176,ENSP00000334134.3,unlabeled,False,0,self_learning,NC3
5043,ENST00000334181,0,unlabeled,False,0,self_learning,NC3
5044,ENST00000334186,ENSP00000335614.3,train,True,0,self_learning,NC3
5045,ENST00000334192,ENSP00000334314.4,unlabeled,False,0,self_learning,NC3
5046,ENST00000334205,ENSP00000333896.4,train,True,0,self_learning,NC3
5047,ENST00000334211,ENSP00000335506.8,unlabeled,False,0,self_learning,NC3
5048,ENST00000334220,ENSP00000335304.4,train,True,0,self_learning,NC3
5049,ENST00000334221,0,unlabeled,False,0,self_learning,NC3
5050,ENST00000334241,ENSP00000334853.3,train,True,0,self_learning,NC3
5051,ENST00000334256,ENSP00000334373.4,test,True,0,self_learning,NC3
5052,ENST00000334258,ENSP00000334308.4,unlabeled,False,0,self_learning,NC3
5053,ENST00000334274,ENSP00000335595.4,unlabeled,False,0,self_learning,NC3
5054,ENST00000334287,ENSP00000335292.2,unlabeled,False,0,self_learning,NC3
5055,ENST00000334295,ENSP00000335144.3,unlabeled,False,0,self_learning,NC3
5056,ENST00000334304,ENSP00000334952.5,unlabeled,False,0,self_learning,NC3
5057,ENST00000334306,ENSP00000334879.2,unlabeled,False,0,self_learning,NC3
5058,ENST00000334310,ENSP00000334754.6,unlabeled,False,0,self_learning,NC3
5059,ENST00000334344,ENSP00000335044.6,train,True,0,self_learning,NC3
5060,ENST00000334350,ENSP00000334872.6,unlabeled,False,0,self_learning,NC3
5061,ENST00000334352,ENSP00000334808.4,train,True,0,self_learning,NC3
5062,ENST00000334370,0,unlabeled,False,0,self_learning,NC3
5063,ENST00000334379,ENSP00000333934.5,train,True,0,self_learning,NC3
5064,ENST00000334398,ENSP00000335261.3,unlabeled,False,0,self_learning,NC3
5065,ENST00000334444,ENSP00000333926.6,train,True,0,self_learning,NC3
5066,ENST00000334456,ENSP00000334910.5,unlabeled,False,0,self_learning,NC3
5067,ENST00000334463,ENSP00000334675.3,train,True,0,self_learning,NC3
5068,ENST00000334464,ENSP00000334642.5,train,True,0,self_learning,NC3
5069,ENST00000334493,ENSP00000335522.7,unlabeled,False,0,self_learning,NC3
5070,ENST00000334512,ENSP00000334474.5,unlabeled,False,0,self_learning,NC3
5071,ENST00000334513,0,unlabeled,False,0,self_learning,NC3
5072,ENST00000334534,ENSP00000335557.5,unlabeled,False,0,self_learning,NC3
5073,ENST00000334546,ENSP00000334748.2,unlabeled,False,0,self_learning,NC3
5074,ENST00000334571,ENSP00000333946.2,train,True,0,self_learning,NC3
5075,ENST00000334586,0,unlabeled,False,0,self_learning,NC3
5076,ENST00000334619,ENSP00000335544.2,unlabeled,False,0,self_learning,NC3
5077,ENST00000334634,ENSP00000334657.4,unlabeled,False,0,self_learning,NC3
5078,ENST00000334635,ENSP00000334625.5,unlabeled,False,0,self_learning,NC3
5079,ENST00000334660,ENSP00000335632.5,train,True,0,self_learning,NC3
5080,ENST00000334667,ENSP00000335416.2,unlabeled,False,0,self_learning,NC3
5081,ENST00000334678,ENSP00000333948.3,train,True,0,self_learning,NC3
5082,ENST00000334690,ENSP00000335371.6,train,True,0,self_learning,NC3
5083,ENST00000334705,ENSP00000335082.7,train,True,0,self_learning,NC3
5084,ENST00000334731,0,unlabeled,False,0,self_learning,NC3
5085,ENST00000334743,ENSP00000333905.4,unlabeled,False,0,self_learning,NC3
5086,ENST00000334793,ENSP00000335493.6,unlabeled,False,0,self_learning,NC3
5087,ENST00000334801,ENSP00000335320.3,train,True,0,self_learning,NC3
5088,ENST00000334810,0,unlabeled,False,0,self_learning,NC3
5089,ENST00000334830,0,unlabeled,False,0,self_learning,NC3
5090,ENST00000334928,0,unlabeled,False,0,self_learning,NC3
5091,ENST00000334933,ENSP00000334779.4,unlabeled,False,0,self_learning,NC3
5092,ENST00000334944,ENSP00000334414.5,unlabeled,False,0,self_learning,NC3
5093,ENST00000334955,ENSP00000334040.7,train,True,0,self_learning,NC3
5094,ENST00000334956,ENSP00000334008.9,train,True,0,self_learning,NC3
5095,ENST00000334976,ENSP00000334037.6,unlabeled,False,0,self_learning,NC3
5096,ENST00000334982,ENSP00000335636.4,val,True,0,self_learning,NC3
5097,ENST00000334983,ENSP00000335605.5,unlabeled,False,0,self_learning,NC3
5098,ENST00000334994,ENSP00000399441.1,unlabeled,False,0,self_learning,NC3
5099,ENST00000335007,ENSP00000335084.5,unlabeled,False,0,self_learning,NC3
5100,ENST00000335012,ENSP00000334974.2,unlabeled,False,0,self_learning,NC3
5101,ENST00000335025,ENSP00000334553.7,unlabeled,False,0,self_learning,NC3
5102,ENST00000335080,ENSP00000334181.5,unlabeled,False,0,self_learning,NC3
5103,ENST00000335099,ENSP00000335397.3,unlabeled,False,0,self_learning,NC3
5104,ENST00000335154,ENSP00000335655.5,train,True,0,self_learning,NC3
5105,ENST00000335174,ENSP00000335147.4,unlabeled,False,0,self_learning,NC3
5106,ENST00000335183,ENSP00000335357.6,train,True,0,self_learning,NC3
5107,ENST00000335209,ENSP00000334785.7,train,True,0,self_learning,NC3
5108,ENST00000335211,ENSP00000334714.4,unlabeled,False,0,self_learning,NC3
5109,ENST00000335251,ENSP00000334003.5,unlabeled,False,0,self_learning,NC3
5110,ENST00000335255,ENSP00000335677.5,train,True,0,self_learning,NC3
5111,ENST00000335263,ENSP00000335434.5,unlabeled,False,0,self_learning,NC3
5112,ENST00000335272,ENSP00000334738.5,unlabeled,False,0,self_learning,NC3
5113,ENST00000335281,ENSP00000334448.4,unlabeled,False,0,self_learning,NC3
5114,ENST00000335290,ENSP00000334148.6,unlabeled,False,0,self_learning,NC3
5115,ENST00000335312,ENSP00000335333.3,unlabeled,False,0,self_learning,NC3
5116,ENST00000335325,ENSP00000335091.4,unlabeled,False,0,self_learning,NC3
5117,ENST00000335327,ENSP00000335055.5,unlabeled,False,0,self_learning,NC3
5118,ENST00000335350,ENSP00000334329.6,unlabeled,False,0,self_learning,NC3
5119,ENST00000335351,ENSP00000334294.3,unlabeled,False,0,self_learning,NC3
5120,ENST00000335390,ENSP00000335094.5,unlabeled,False,0,self_learning,NC3
5121,ENST00000335420,ENSP00000334140.4,unlabeled,False,0,self_learning,NC3
5122,ENST00000335449,ENSP00000335196.6,unlabeled,False,0,self_learning,NC3
5123,ENST00000335459,0,unlabeled,False,0,self_learning,NC3
5124,ENST00000335464,0,unlabeled,False,0,self_learning,NC3
5125,ENST00000335472,ENSP00000334594.8,unlabeled,False,0,self_learning,NC3
5126,ENST00000335473,ENSP00000334563.8,unlabeled,False,0,self_learning,NC3
5127,ENST00000335508,ENSP00000335321.6,train,True,0,self_learning,NC3
5128,ENST00000335613,ENSP00000334186.5,unlabeled,False,0,self_learning,NC3
5129,ENST00000335670,ENSP00000335087.6,unlabeled,False,0,self_learning,NC3
5130,ENST00000335681,ENSP00000338283.5,unlabeled,False,0,self_learning,NC3
5131,ENST00000335698,ENSP00000338568.4,train,True,0,self_learning,NC3
5132,ENST00000335725,ENSP00000337353.4,unlabeled,False,0,self_learning,NC3
5133,ENST00000335727,ENSP00000338371.8,unlabeled,False,0,self_learning,NC3
5134,ENST00000335754,ENSP00000336842.3,train,True,0,self_learning,NC3
5135,ENST00000335756,ENSP00000336868.4,unlabeled,False,0,self_learning,NC3
5136,ENST00000335757,ENSP00000336888.4,unlabeled,False,0,self_learning,NC3
5137,ENST00000335765,ENSP00000337040.3,test,True,0,self_learning,NC3
5138,ENST00000335783,ENSP00000337289.2,train,True,0,self_learning,NC3
5139,ENST00000335790,ENSP00000338207.3,unlabeled,False,0,self_learning,NC3
5140,ENST00000335791,ENSP00000336733.5,unlabeled,False,0,self_learning,NC3
5141,ENST00000335793,ENSP00000338258.3,train,True,0,self_learning,NC3
5142,ENST00000335815,ENSP00000337122.2,unlabeled,False,0,self_learning,NC3
5143,ENST00000335867,ENSP00000337439.4,unlabeled,False,0,self_learning,NC3
5144,ENST00000335870,ENSP00000338572.2,unlabeled,False,0,self_learning,NC3
5145,ENST00000335875,ENSP00000338627.3,unlabeled,False,0,self_learning,NC3
5146,ENST00000335877,ENSP00000338039.6,unlabeled,False,0,self_learning,NC3
5147,ENST00000335895,ENSP00000338516.8,train,True,0,self_learning,NC3
5148,ENST00000335953,ENSP00000338157.4,unlabeled,False,0,self_learning,NC3
5149,ENST00000335968,ENSP00000338093.3,train,True,0,self_learning,NC3
5150,ENST00000335972,ENSP00000338413.6,train,True,0,self_learning,NC3
5151,ENST00000335999,ENSP00000337998.6,unlabeled,False,0,self_learning,NC3
5152,ENST00000336023,ENSP00000336799.5,unlabeled,False,0,self_learning,NC3
5153,ENST00000336032,ENSP00000336931.3,unlabeled,False,0,self_learning,NC3
5154,ENST00000336078,ENSP00000338217.4,unlabeled,False,0,self_learning,NC3
5155,ENST00000336086,ENSP00000336872.6,unlabeled,False,0,self_learning,NC3
5156,ENST00000336095,ENSP00000336753.5,unlabeled,False,0,self_learning,NC3
5157,ENST00000336126,ENSP00000337500.5,unlabeled,False,0,self_learning,NC3
5158,ENST00000336133,ENSP00000337632.3,unlabeled,False,0,self_learning,NC3
5159,ENST00000336138,0,unlabeled,False,0,self_learning,NC3
5160,ENST00000336148,ENSP00000336606.5,val,True,0,self_learning,NC3
5161,ENST00000336174,ENSP00000336655.6,unlabeled,False,0,self_learning,NC3
5162,ENST00000336180,ENSP00000336740.2,unlabeled,False,0,self_learning,NC3
5163,ENST00000336219,ENSP00000337226.3,unlabeled,False,0,self_learning,NC3
5164,ENST00000336233,ENSP00000337354.5,train,True,0,self_learning,NC3
5165,ENST00000336273,ENSP00000338235.3,train,True,0,self_learning,NC3
5166,ENST00000336292,ENSP00000336775.7,unlabeled,False,0,self_learning,NC3
5167,ENST00000336294,ENSP00000338165.5,unlabeled,False,0,self_learning,NC3
5168,ENST00000336307,ENSP00000337425.1,unlabeled,False,0,self_learning,NC3
5169,ENST00000336308,ENSP00000337446.5,unlabeled,False,0,self_learning,NC3
5170,ENST00000336314,ENSP00000336721.4,unlabeled,False,0,self_learning,NC3
5171,ENST00000336349,ENSP00000337991.5,test,True,0,self_learning,NC3
5172,ENST00000336375,ENSP00000337471.5,unlabeled,False,0,self_learning,NC3
5173,ENST00000336395,ENSP00000338127.5,unlabeled,False,0,self_learning,NC3
5174,ENST00000336418,ENSP00000338777.4,unlabeled,False,0,self_learning,NC3
5175,ENST00000336430,ENSP00000336580.7,train,True,0,self_learning,NC3
5176,ENST00000336431,ENSP00000338964.5,train,True,0,self_learning,NC3
5177,ENST00000336498,ENSP00000336923.3,train,True,0,self_learning,NC3
5178,ENST00000336505,ENSP00000336756.6,unlabeled,False,0,self_learning,NC3
5179,ENST00000336564,0,unlabeled,False,0,self_learning,NC3
5180,ENST00000336577,ENSP00000337816.4,unlabeled,False,0,self_learning,NC3
5181,ENST00000336596,ENSP00000337451.2,unlabeled,False,0,self_learning,NC3
5182,ENST00000336604,ENSP00000337593.4,unlabeled,False,0,self_learning,NC3
5183,ENST00000336614,ENSP00000337473.3,unlabeled,False,0,self_learning,NC3
5184,ENST00000336615,ENSP00000337701.4,train,True,0,self_learning,NC3
5185,ENST00000336617,ENSP00000337623.2,train,True,0,self_learning,NC3
5186,ENST00000336643,ENSP00000336887.5,unlabeled,False,0,self_learning,NC3
5187,ENST00000336655,0,unlabeled,False,0,self_learning,NC3
5188,ENST00000336665,ENSP00000338378.5,unlabeled,False,0,self_learning,NC3
5189,ENST00000336702,ENSP00000338885.3,train,True,0,self_learning,NC3
5190,ENST00000336714,ENSP00000338844.3,unlabeled,False,0,self_learning,NC3
5191,ENST00000336735,ENSP00000337053.4,train,True,0,self_learning,NC3
5192,ENST00000336767,ENSP00000338862.5,train,True,0,self_learning,NC3
5193,ENST00000336811,ENSP00000336762.6,unlabeled,False,0,self_learning,NC3
5194,ENST00000336812,ENSP00000336741.4,train,True,0,self_learning,NC3
5195,ENST00000336868,ENSP00000337443.3,train,True,0,self_learning,NC3
5196,ENST00000336898,ENSP00000337972.3,unlabeled,False,0,self_learning,NC3
5197,ENST00000336926,ENSP00000336747.6,train,True,0,self_learning,NC3
5198,ENST00000336934,ENSP00000338785.4,unlabeled,False,0,self_learning,NC3
5199,ENST00000336976,ENSP00000337368.5,unlabeled,False,0,self_learning,NC3
5200,ENST00000336985,ENSP00000337464.6,unlabeled,False,0,self_learning,NC3
5201,ENST00000336990,ENSP00000338988.3,unlabeled,False,0,self_learning,NC3
5202,ENST00000337002,ENSP00000337688.4,unlabeled,False,0,self_learning,NC3
5203,ENST00000337014,ENSP00000337854.6,unlabeled,False,0,self_learning,NC3
5204,ENST00000337080,0,unlabeled,False,0,self_learning,NC3
5205,ENST00000337109,ENSP00000338389.4,train,True,0,self_learning,NC3
5206,ENST00000337120,ENSP00000337163.5,unlabeled,False,0,self_learning,NC3
5207,ENST00000337132,ENSP00000338746.5,unlabeled,False,0,self_learning,NC3
5208,ENST00000337137,ENSP00000336724.4,train,True,0,self_learning,NC3
5209,ENST00000337138,ENSP00000338018.4,unlabeled,False,0,self_learning,NC3
5210,ENST00000337147,ENSP00000338934.7,train,True,0,self_learning,NC3
5211,ENST00000337190,ENSP00000337889.2,unlabeled,False,0,self_learning,NC3
5212,ENST00000337198,ENSP00000337180.5,unlabeled,False,0,self_learning,NC3
5213,ENST00000337227,ENSP00000336866.4,train,True,0,self_learning,NC3
5214,ENST00000337231,ENSP00000336587.5,train,True,0,self_learning,NC3
5215,ENST00000337303,ENSP00000338302.4,unlabeled,False,0,self_learning,NC3
5216,ENST00000337304,ENSP00000336790.2,unlabeled,False,0,self_learning,NC3
5217,ENST00000337318,ENSP00000338532.3,unlabeled,False,0,self_learning,NC3
5218,ENST00000337331,ENSP00000338766.5,test,True,0,self_learning,NC3
5219,ENST00000337338,ENSP00000338887.5,unlabeled,False,0,self_learning,NC3
5220,ENST00000337344,0,unlabeled,False,0,self_learning,NC3
5221,ENST00000337352,ENSP00000336914.6,unlabeled,False,0,self_learning,NC3
5222,ENST00000337386,ENSP00000336894.5,unlabeled,False,0,self_learning,NC3
5223,ENST00000337392,ENSP00000336994.4,train,True,0,self_learning,NC3
5224,ENST00000337432,ENSP00000336701.4,train,True,0,self_learning,NC3
5225,ENST00000337488,ENSP00000336752.6,unlabeled,False,0,self_learning,NC3
5226,ENST00000337491,ENSP00000337332.1,train,True,0,self_learning,NC3
5227,ENST00000337532,ENSP00000337907.5,unlabeled,False,0,self_learning,NC3
5228,ENST00000337537,ENSP00000337641.3,val,True,0,self_learning,NC3
5229,ENST00000337573,ENSP00000337675.5,unlabeled,False,0,self_learning,NC3
5230,ENST00000337604,ENSP00000338983.5,unlabeled,False,0,self_learning,NC3
5231,ENST00000337619,ENSP00000336666.5,train,True,0,self_learning,NC3
5232,ENST00000337620,ENSP00000336687.4,train,True,0,self_learning,NC3
5233,ENST00000337623,ENSP00000336727.3,unlabeled,False,0,self_learning,NC3
5234,ENST00000337659,ENSP00000337194.6,unlabeled,False,0,self_learning,NC3
5235,ENST00000337664,ENSP00000336808.4,unlabeled,False,0,self_learning,NC3
5236,ENST00000337665,ENSP00000337261.3,unlabeled,False,0,self_learning,NC3
5237,ENST00000337685,ENSP00000338641.2,unlabeled,False,0,self_learning,NC3
5238,ENST00000337702,ENSP00000338533.4,train,True,0,self_learning,NC3
5239,ENST00000337743,ENSP00000338624.4,unlabeled,False,0,self_learning,NC3
5240,ENST00000337768,ENSP00000336750.5,train,True,0,self_learning,NC3
5241,ENST00000337777,ENSP00000336831.3,unlabeled,False,0,self_learning,NC3
5242,ENST00000337827,ENSP00000336729.4,train,True,0,self_learning,NC3
5243,ENST00000337843,ENSP00000338812.2,unlabeled,False,0,self_learning,NC3
5244,ENST00000337859,ENSP00000338788.6,train,True,0,self_learning,NC3
5245,ENST00000337872,ENSP00000338807.4,unlabeled,False,0,self_learning,NC3
5246,ENST00000337907,ENSP00000338629.3,train,True,0,self_learning,NC3
5247,ENST00000337910,ENSP00000338671.5,unlabeled,False,0,self_learning,NC3
5248,ENST00000337929,ENSP00000338010.3,unlabeled,False,0,self_learning,NC3
5249,ENST00000337963,ENSP00000337034.4,unlabeled,False,0,self_learning,NC3
5250,ENST00000337975,ENSP00000336800.5,train,True,0,self_learning,NC3
5251,ENST00000337979,ENSP00000338562.4,train,True,0,self_learning,NC3
5252,ENST00000337995,ENSP00000338770.2,unlabeled,False,0,self_learning,NC3
5253,ENST00000338005,0,unlabeled,False,0,self_learning,NC3
5254,ENST00000338034,ENSP00000337445.4,train,True,0,self_learning,NC3
5255,ENST00000338037,ENSP00000338185.6,train,True,0,self_learning,NC3
5256,ENST00000338045,ENSP00000337598.4,train,True,0,self_learning,NC3
5257,ENST00000338074,ENSP00000337168.2,unlabeled,False,0,self_learning,NC3
5258,ENST00000338086,ENSP00000338173.5,train,True,0,self_learning,NC3
5259,ENST00000338121,ENSP00000338290.5,train,True,0,self_learning,NC3
5260,ENST00000338128,ENSP00000337746.7,train,True,0,self_learning,NC3
5261,ENST00000338134,ENSP00000337850.2,unlabeled,False,0,self_learning,NC3
5262,ENST00000338146,ENSP00000338034.5,train,True,0,self_learning,NC3
5263,ENST00000338148,ENSP00000338057.3,unlabeled,False,0,self_learning,NC3
5264,ENST00000338154,ENSP00000338868.6,unlabeled,False,0,self_learning,NC3
5265,ENST00000338179,ENSP00000339883.2,test,True,0,self_learning,NC3
5266,ENST00000338193,ENSP00000350491.5,unlabeled,False,0,self_learning,NC3
5267,ENST00000338205,ENSP00000339889.5,unlabeled,False,0,self_learning,NC3
5268,ENST00000338272,0,unlabeled,False,0,self_learning,NC3
5269,ENST00000338333,ENSP00000473383.1,train,True,0,self_learning,NC3
5270,ENST00000338356,ENSP00000339157.3,unlabeled,False,0,self_learning,NC3
5271,ENST00000338366,ENSP00000355051.4,unlabeled,False,0,self_learning,NC3
5272,ENST00000338370,ENSP00000342676.3,unlabeled,False,0,self_learning,NC3
5273,ENST00000338379,ENSP00000341214.5,train,True,0,self_learning,NC3
5274,ENST00000338380,ENSP00000342082.2,unlabeled,False,0,self_learning,NC3
5275,ENST00000338399,ENSP00000344683.4,unlabeled,False,0,self_learning,NC3
5276,ENST00000338415,ENSP00000344829.3,unlabeled,False,0,self_learning,NC3
5277,ENST00000338448,ENSP00000341911.4,train,True,0,self_learning,NC3
5278,ENST00000338492,ENSP00000339850.3,train,True,0,self_learning,NC3
5279,ENST00000338502,ENSP00000345405.4,unlabeled,False,0,self_learning,NC3
5280,ENST00000338523,ENSP00000343709.5,unlabeled,False,0,self_learning,NC3
5281,ENST00000338560,ENSP00000342222.7,unlabeled,False,0,self_learning,NC3
5282,ENST00000338591,ENSP00000343930.3,unlabeled,False,0,self_learning,NC3
5283,ENST00000338595,ENSP00000345023.1,unlabeled,False,0,self_learning,NC3
5284,ENST00000338608,0,unlabeled,False,0,self_learning,NC3
5285,ENST00000338625,ENSP00000342267.4,unlabeled,False,0,self_learning,NC3
5286,ENST00000338639,ENSP00000340278.5,train,True,0,self_learning,NC3
5287,ENST00000338641,ENSP00000344666.5,train,True,0,self_learning,NC3
5288,ENST00000338700,ENSP00000339659.5,unlabeled,False,0,self_learning,NC3
5289,ENST00000338745,ENSP00000341024.5,unlabeled,False,0,self_learning,NC3
5290,ENST00000338754,ENSP00000339813.4,unlabeled,False,0,self_learning,NC3
5291,ENST00000338779,ENSP00000341171.6,unlabeled,False,0,self_learning,NC3
5292,ENST00000338791,ENSP00000345096.6,train,True,0,self_learning,NC3
5293,ENST00000338821,ENSP00000342481.5,unlabeled,False,0,self_learning,NC3
5294,ENST00000338825,ENSP00000340691.4,train,True,0,self_learning,NC3
5295,ENST00000338859,ENSP00000345143.4,unlabeled,False,0,self_learning,NC3
5296,ENST00000338891,ENSP00000342604.7,train,True,0,self_learning,NC3
5297,ENST00000338910,ENSP00000343966.4,train,True,0,self_learning,NC3
5298,ENST00000338916,ENSP00000340914.3,unlabeled,False,0,self_learning,NC3
5299,ENST00000338920,ENSP00000343629.4,unlabeled,False,0,self_learning,NC3
5300,ENST00000338961,ENSP00000345341.6,val,True,0,self_learning,NC3
5301,ENST00000338965,ENSP00000341637.4,unlabeled,False,0,self_learning,NC3
5302,ENST00000338972,ENSP00000339622.4,unlabeled,False,0,self_learning,NC3
5303,ENST00000339020,ENSP00000339324.3,unlabeled,False,0,self_learning,NC3
5304,ENST00000339077,ENSP00000343273.4,val,True,0,self_learning,NC3
5305,ENST00000339142,ENSP00000340864.2,unlabeled,False,0,self_learning,NC3
5306,ENST00000339145,ENSP00000342513.4,unlabeled,False,0,self_learning,NC3
5307,ENST00000339157,ENSP00000341408.5,unlabeled,False,0,self_learning,NC3
5308,ENST00000339176,ENSP00000342411.3,unlabeled,False,0,self_learning,NC3
5309,ENST00000339209,ENSP00000341805.4,train,True,0,self_learning,NC3
5310,ENST00000339235,ENSP00000344855.3,train,True,0,self_learning,NC3
5311,ENST00000339249,ENSP00000339585.4,unlabeled,False,0,self_learning,NC3
5312,ENST00000339282,0,unlabeled,False,0,self_learning,NC3
5313,ENST00000339296,ENSP00000340841.5,unlabeled,False,0,self_learning,NC3
5314,ENST00000339362,ENSP00000341198.5,unlabeled,False,0,self_learning,NC3
5315,ENST00000339364,ENSP00000339826.5,unlabeled,False,0,self_learning,NC3
5316,ENST00000339365,ENSP00000343405.2,unlabeled,False,0,self_learning,NC3
5317,ENST00000339394,ENSP00000344468.6,unlabeled,False,0,self_learning,NC3
5318,ENST00000339397,ENSP00000341324.4,val,True,0,self_learning,NC3
5319,ENST00000339399,ENSP00000345848.4,train,True,0,self_learning,NC3
5320,ENST00000339413,ENSP00000343435.5,test,True,0,self_learning,NC3
5321,ENST00000339431,ENSP00000344242.4,unlabeled,False,0,self_learning,NC3
5322,ENST00000339450,ENSP00000340427.5,train,True,0,self_learning,NC3
5323,ENST00000339468,ENSP00000342832.3,unlabeled,False,0,self_learning,NC3
5324,ENST00000339485,0,unlabeled,False,0,self_learning,NC3
5325,ENST00000339486,ENSP00000341874.3,train,True,0,self_learning,NC3
5326,ENST00000339507,ENSP00000343103.5,unlabeled,False,0,self_learning,NC3
5327,ENST00000339514,ENSP00000341903.4,unlabeled,False,0,self_learning,NC3
5328,ENST00000339561,ENSP00000344165.6,unlabeled,False,0,self_learning,NC3
5329,ENST00000339562,ENSP00000344479.4,unlabeled,False,0,self_learning,NC3
5330,ENST00000339582,ENSP00000344173.2,unlabeled,False,0,self_learning,NC3
5331,ENST00000339594,ENSP00000342434.4,unlabeled,False,0,self_learning,NC3
5332,ENST00000339600,ENSP00000339720.5,val,True,0,self_learning,NC3
5333,ENST00000339656,0,unlabeled,False,0,self_learning,NC3
5334,ENST00000339697,ENSP00000342962.3,train,True,0,self_learning,NC3
5335,ENST00000339711,ENSP00000339764.4,unlabeled,False,0,self_learning,NC3
5336,ENST00000339818,ENSP00000344566.4,unlabeled,False,0,self_learning,NC3
5337,ENST00000339824,ENSP00000339952.4,unlabeled,False,0,self_learning,NC3
5338,ENST00000339834,ENSP00000342331.5,unlabeled,False,0,self_learning,NC3
5339,ENST00000339841,ENSP00000340660.2,unlabeled,False,0,self_learning,NC3
5340,ENST00000339859,ENSP00000345216.4,train,True,0,self_learning,NC3
5341,ENST00000339948,0,unlabeled,False,0,self_learning,NC3
5342,ENST00000339950,ENSP00000343526.4,unlabeled,False,0,self_learning,NC3
5343,ENST00000339953,ENSP00000341051.5,unlabeled,False,0,self_learning,NC3
5344,ENST00000339986,ENSP00000341236.7,unlabeled,False,0,self_learning,NC3
5345,ENST00000339997,ENSP00000344106.4,unlabeled,False,0,self_learning,NC3
5346,ENST00000340026,ENSP00000345984.6,unlabeled,False,0,self_learning,NC3
5347,ENST00000340042,ENSP00000345024.1,unlabeled,False,0,self_learning,NC3
5348,ENST00000340067,ENSP00000339340.3,unlabeled,False,0,self_learning,NC3
5349,ENST00000340080,ENSP00000339881.4,train,True,0,self_learning,NC3
5350,ENST00000340083,ENSP00000344432.5,unlabeled,False,0,self_learning,NC3
5351,ENST00000340093,ENSP00000339328.3,unlabeled,False,0,self_learning,NC3
5352,ENST00000340096,ENSP00000344314.6,val,True,0,self_learning,NC3
5353,ENST00000340112,0,unlabeled,False,0,self_learning,NC3
5354,ENST00000340124,ENSP00000345282.4,train,True,0,self_learning,NC3
5355,ENST00000340126,ENSP00000343023.4,unlabeled,False,0,self_learning,NC3
5356,ENST00000340134,0,unlabeled,False,0,self_learning,NC3
5357,ENST00000340253,ENSP00000342023.6,unlabeled,False,0,self_learning,NC3
5358,ENST00000340258,ENSP00000339692.4,unlabeled,False,0,self_learning,NC3
5359,ENST00000340281,ENSP00000340796.4,train,True,0,self_learning,NC3
5360,ENST00000340291,ENSP00000340982.2,unlabeled,False,0,self_learning,NC3
5361,ENST00000340305,ENSP00000344772.5,unlabeled,False,0,self_learning,NC3
5362,ENST00000340313,ENSP00000344820.5,unlabeled,False,0,self_learning,NC3
5363,ENST00000340344,ENSP00000342895.3,train,True,0,self_learning,NC3
5364,ENST00000340356,ENSP00000341815.7,unlabeled,False,0,self_learning,NC3
5365,ENST00000340368,ENSP00000344741.4,unlabeled,False,0,self_learning,NC3
5366,ENST00000340369,ENSP00000343140.3,unlabeled,False,0,self_learning,NC3
5367,ENST00000340370,ENSP00000340742.5,unlabeled,False,0,self_learning,NC3
5368,ENST00000340384,ENSP00000341289.4,train,True,0,self_learning,NC3
5369,ENST00000340385,ENSP00000342026.5,train,True,0,self_learning,NC3
5370,ENST00000340398,ENSP00000339835.3,unlabeled,False,0,self_learning,NC3
5371,ENST00000340413,ENSP00000342262.2,test,True,0,self_learning,NC3
5372,ENST00000340417,ENSP00000341947.3,unlabeled,False,0,self_learning,NC3
5373,ENST00000340434,ENSP00000344299.4,unlabeled,False,0,self_learning,NC3
5374,ENST00000340457,0,unlabeled,False,0,self_learning,NC3
5375,ENST00000340473,ENSP00000340823.6,test,True,0,self_learning,NC3
5376,ENST00000340487,0,unlabeled,False,0,self_learning,NC3
5377,ENST00000340533,ENSP00000341625.4,val,True,0,self_learning,NC3
5378,ENST00000340541,0,unlabeled,False,0,self_learning,NC3
5379,ENST00000340553,ENSP00000343633.3,unlabeled,False,0,self_learning,NC3
5380,ENST00000340578,ENSP00000341483.5,train,True,0,self_learning,NC3
5381,ENST00000340607,ENSP00000342385.4,unlabeled,False,0,self_learning,NC3
5382,ENST00000340611,ENSP00000339637.4,val,True,0,self_learning,NC3
5383,ENST00000340623,ENSP00000345107.4,unlabeled,False,0,self_learning,NC3
5384,ENST00000340630,ENSP00000343593.5,unlabeled,False,0,self_learning,NC3
5385,ENST00000340634,ENSP00000341564.4,unlabeled,False,0,self_learning,NC3
5386,ENST00000340648,ENSP00000339145.4,train,True,0,self_learning,NC3
5387,ENST00000340692,ENSP00000344794.5,train,True,0,self_learning,NC3
5388,ENST00000340748,ENSP00000345739.3,unlabeled,False,0,self_learning,NC3
5389,ENST00000340811,ENSP00000342800.5,unlabeled,False,0,self_learning,NC3
5390,ENST00000340828,ENSP00000344635.2,unlabeled,False,0,self_learning,NC3
5391,ENST00000340852,0,unlabeled,False,0,self_learning,NC3
5392,ENST00000340855,ENSP00000339801.6,unlabeled,False,0,self_learning,NC3
5393,ENST00000340912,ENSP00000340505.4,unlabeled,False,0,self_learning,NC3
5394,ENST00000340934,ENSP00000343742.5,train,True,0,self_learning,NC3
5395,ENST00000340940,ENSP00000339356.4,unlabeled,False,0,self_learning,NC3
5396,ENST00000340941,ENSP00000343657.6,test,True,0,self_learning,NC3
5397,ENST00000340951,ENSP00000340474.4,unlabeled,False,0,self_learning,NC3
5398,ENST00000340967,ENSP00000342609.2,unlabeled,False,0,self_learning,NC3
5399,ENST00000340990,ENSP00000341785.5,train,True,0,self_learning,NC3
5400,ENST00000341023,ENSP00000341094.2,unlabeled,False,0,self_learning,NC3
5401,ENST00000341049,ENSP00000339191.2,train,True,0,self_learning,NC3
5402,ENST00000341068,ENSP00000339109.3,train,True,0,self_learning,NC3
5403,ENST00000341083,ENSP00000345773.3,unlabeled,False,0,self_learning,NC3
5404,ENST00000341105,ENSP00000345681.2,unlabeled,False,0,self_learning,NC3
5405,ENST00000341119,ENSP00000344831.5,test,True,0,self_learning,NC3
5406,ENST00000341130,0,unlabeled,False,0,self_learning,NC3
5407,ENST00000341156,ENSP00000341562.4,unlabeled,False,0,self_learning,NC3
5408,ENST00000341162,ENSP00000344393.4,val,True,0,self_learning,NC3
5409,ENST00000341165,ENSP00000343479.5,train,True,0,self_learning,NC3
5410,ENST00000341170,ENSP00000342499.4,val,True,0,self_learning,NC3
5411,ENST00000341184,ENSP00000345270.6,unlabeled,False,0,self_learning,NC3
5412,ENST00000341189,ENSP00000340672.4,unlabeled,False,0,self_learning,NC3
5413,ENST00000341191,0,unlabeled,False,0,self_learning,NC3
5414,ENST00000341199,0,unlabeled,False,0,self_learning,NC3
5415,ENST00000341255,ENSP00000340434.3,unlabeled,False,0,self_learning,NC3
5416,ENST00000341259,ENSP00000345492.2,unlabeled,False,0,self_learning,NC3
5417,ENST00000341276,ENSP00000345555.6,unlabeled,False,0,self_learning,NC3
5418,ENST00000341285,ENSP00000344866.3,unlabeled,False,0,self_learning,NC3
5419,ENST00000341298,ENSP00000344338.3,unlabeled,False,0,self_learning,NC3
5420,ENST00000341318,ENSP00000340330.4,train,True,0,self_learning,NC3
5421,ENST00000341349,ENSP00000342848.2,unlabeled,False,0,self_learning,NC3
5422,ENST00000341356,ENSP00000340211.5,unlabeled,False,0,self_learning,NC3
5423,ENST00000341369,ENSP00000344547.7,train,True,0,self_learning,NC3
5424,ENST00000341394,ENSP00000340329.4,train,True,0,self_learning,NC3
5425,ENST00000341418,ENSP00000343200.5,unlabeled,False,0,self_learning,NC3
5426,ENST00000341420,ENSP00000339912.4,unlabeled,False,0,self_learning,NC3
5427,ENST00000341423,ENSP00000345347.5,unlabeled,False,0,self_learning,NC3
5428,ENST00000341426,ENSP00000341679.5,test,True,0,self_learning,NC3
5429,ENST00000341446,ENSP00000340761.7,unlabeled,False,0,self_learning,NC3
5430,ENST00000341460,ENSP00000340594.5,unlabeled,False,0,self_learning,NC3
5431,ENST00000341469,ENSP00000344208.2,unlabeled,False,0,self_learning,NC3
5432,ENST00000341491,ENSP00000344352.4,train,True,0,self_learning,NC3
5433,ENST00000341511,ENSP00000344155.6,unlabeled,False,0,self_learning,NC3
5434,ENST00000341514,ENSP00000345728.6,unlabeled,False,0,self_learning,NC3
5435,ENST00000341516,ENSP00000341351.5,test,True,0,self_learning,NC3
5436,ENST00000341517,ENSP00000342637.4,train,True,0,self_learning,NC3
5437,ENST00000341541,ENSP00000341657.3,test,True,0,self_learning,NC3
5438,ENST00000341547,ENSP00000342112.4,unlabeled,False,0,self_learning,NC3
5439,ENST00000341550,ENSP00000343396.4,unlabeled,False,0,self_learning,NC3
5440,ENST00000341552,ENSP00000340776.5,unlabeled,False,0,self_learning,NC3
5441,ENST00000341567,ENSP00000340668.4,train,True,0,self_learning,NC3
5442,ENST00000341685,ENSP00000343321.4,unlabeled,False,0,self_learning,NC3
5443,ENST00000341695,ENSP00000343885.5,train,True,0,self_learning,NC3
5444,ENST00000341697,ENSP00000344148.3,unlabeled,False,0,self_learning,NC3
5445,ENST00000341698,ENSP00000344166.2,train,True,0,self_learning,NC3
5446,ENST00000341712,ENSP00000342379.4,unlabeled,False,0,self_learning,NC3
5447,ENST00000341735,ENSP00000342392.3,unlabeled,False,0,self_learning,NC3
5448,ENST00000341744,ENSP00000345826.3,unlabeled,False,0,self_learning,NC3
5449,ENST00000341761,ENSP00000345027.3,unlabeled,False,0,self_learning,NC3
5450,ENST00000341772,ENSP00000345229.4,unlabeled,False,0,self_learning,NC3
5451,ENST00000341776,ENSP00000341280.2,train,True,0,self_learning,NC3
5452,ENST00000341861,ENSP00000339208.5,train,True,0,self_learning,NC3
5453,ENST00000341864,ENSP00000339917.5,train,True,0,self_learning,NC3
5454,ENST00000341865,0,unlabeled,False,0,self_learning,NC3
5455,ENST00000341871,ENSP00000339830.4,unlabeled,False,0,self_learning,NC3
5456,ENST00000341893,ENSP00000342510.3,unlabeled,False,0,self_learning,NC3
5457,ENST00000341901,ENSP00000343248.4,unlabeled,False,0,self_learning,NC3
5458,ENST00000341919,ENSP00000342194.2,unlabeled,False,0,self_learning,NC3
5459,ENST00000341976,0,unlabeled,False,0,self_learning,NC3
5460,ENST00000342016,ENSP00000339723.3,train,True,0,self_learning,NC3
5461,ENST00000342022,0,unlabeled,False,0,self_learning,NC3
5462,ENST00000342045,ENSP00000339371.2,unlabeled,False,0,self_learning,NC3
5463,ENST00000342066,ENSP00000342313.3,unlabeled,False,0,self_learning,NC3
5464,ENST00000342085,ENSP00000344220.4,train,True,0,self_learning,NC3
5465,ENST00000342136,ENSP00000343957.5,unlabeled,False,0,self_learning,NC3
5466,ENST00000342160,ENSP00000340648.3,train,True,0,self_learning,NC3
5467,ENST00000342166,ENSP00000345837.5,test,True,0,self_learning,NC3
5468,ENST00000342179,0,unlabeled,False,0,self_learning,NC3
5469,ENST00000342192,ENSP00000344259.5,unlabeled,False,0,self_learning,NC3
5470,ENST00000342193,ENSP00000341360.4,unlabeled,False,0,self_learning,NC3
5471,ENST00000342206,ENSP00000363661.5,train,True,0,self_learning,NC3
5472,ENST00000342216,ENSP00000343325.4,train,True,0,self_learning,NC3
5473,ENST00000342219,ENSP00000341490.4,unlabeled,False,0,self_learning,NC3
5474,ENST00000342232,ENSP00000344488.4,train,True,0,self_learning,NC3
5475,ENST00000342274,ENSP00000345923.4,unlabeled,False,0,self_learning,NC3
5476,ENST00000342374,ENSP00000340243.4,unlabeled,False,0,self_learning,NC3
5477,ENST00000342415,0,unlabeled,False,0,self_learning,NC3
5478,ENST00000342427,0,unlabeled,False,0,self_learning,NC3
5479,ENST00000342435,ENSP00000345494.4,val,True,0,self_learning,NC3
5480,ENST00000342462,ENSP00000343398.4,train,True,0,self_learning,NC3
5481,ENST00000342480,ENSP00000345359.6,test,True,0,self_learning,NC3
5482,ENST00000342483,ENSP00000362446.4,unlabeled,False,0,self_learning,NC3
5483,ENST00000342494,ENSP00000340596.3,train,True,0,self_learning,NC3
5484,ENST00000342503,ENSP00000340716.4,unlabeled,False,0,self_learning,NC3
5485,ENST00000342512,ENSP00000345118.3,unlabeled,False,0,self_learning,NC3
5486,ENST00000342537,ENSP00000409107.2,unlabeled,False,0,self_learning,NC3
5487,ENST00000342628,ENSP00000342307.2,unlabeled,False,0,self_learning,NC3
5488,ENST00000342649,0,unlabeled,False,0,self_learning,NC3
5489,ENST00000342666,ENSP00000339740.5,unlabeled,False,0,self_learning,NC3
5490,ENST00000342679,ENSP00000345083.4,train,True,0,self_learning,NC3
5491,ENST00000342683,ENSP00000342254.4,unlabeled,False,0,self_learning,NC3
5492,ENST00000342697,ENSP00000344215.4,unlabeled,False,0,self_learning,NC3
5493,ENST00000342704,ENSP00000345810.6,unlabeled,False,0,self_learning,NC3
5494,ENST00000342711,ENSP00000345133.5,train,True,0,self_learning,NC3
5495,ENST00000342745,0,unlabeled,False,0,self_learning,NC3
5496,ENST00000342771,ENSP00000344087.4,unlabeled,False,0,self_learning,NC3
5497,ENST00000342782,ENSP00000345853.3,train,True,0,self_learning,NC3
5498,ENST00000342784,ENSP00000341489.1,unlabeled,False,0,self_learning,NC3
5499,ENST00000342788,ENSP00000342235.4,unlabeled,False,0,self_learning,NC3
5500,ENST00000342854,ENSP00000340347.5,unlabeled,False,0,self_learning,NC3
5501,ENST00000342879,ENSP00000344254.3,unlabeled,False,0,self_learning,NC3
5502,ENST00000342895,ENSP00000344470.3,unlabeled,False,0,self_learning,NC3
5503,ENST00000342932,ENSP00000343190.3,train,True,0,self_learning,NC3
5504,ENST00000342947,ENSP00000339587.3,unlabeled,False,0,self_learning,NC3
5505,ENST00000342972,ENSP00000343706.1,unlabeled,False,0,self_learning,NC3
5506,ENST00000342988,ENSP00000341551.3,unlabeled,False,0,self_learning,NC3
5507,ENST00000342995,0,unlabeled,False,0,self_learning,NC3
5508,ENST00000343010,0,unlabeled,False,0,self_learning,NC3
5509,ENST00000343028,ENSP00000342322.4,train,True,0,self_learning,NC3
5510,ENST00000343063,ENSP00000339115.3,train,True,0,self_learning,NC3
5511,ENST00000343106,0,unlabeled,False,0,self_learning,NC3
5512,ENST00000343150,ENSP00000345344.5,unlabeled,False,0,self_learning,NC3
5513,ENST00000343164,ENSP00000339260.4,unlabeled,False,0,self_learning,NC3
5514,ENST00000343242,ENSP00000344903.4,unlabeled,False,0,self_learning,NC3
5515,ENST00000343262,ENSP00000341885.4,train,True,0,self_learning,NC3
5516,ENST00000343280,0,unlabeled,False,0,self_learning,NC3
5517,ENST00000343289,ENSP00000339479.5,unlabeled,False,0,self_learning,NC3
5518,ENST00000343307,ENSP00000343002.4,train,True,0,self_learning,NC3
5519,ENST00000343325,0,unlabeled,False,0,self_learning,NC3
5520,ENST00000343380,ENSP00000345571.5,unlabeled,False,0,self_learning,NC3
5521,ENST00000343381,0,unlabeled,False,0,self_learning,NC3
5522,ENST00000343410,ENSP00000342118.6,unlabeled,False,0,self_learning,NC3
5523,ENST00000343411,ENSP00000344223.3,unlabeled,False,0,self_learning,NC3
5524,ENST00000343459,ENSP00000341528.4,unlabeled,False,0,self_learning,NC3
5525,ENST00000343470,ENSP00000345917.4,unlabeled,False,0,self_learning,NC3
5526,ENST00000343483,ENSP00000343619.6,train,True,0,self_learning,NC3
5527,ENST00000343484,ENSP00000343515.5,train,True,0,self_learning,NC3
5528,ENST00000343499,ENSP00000341497.3,unlabeled,False,0,self_learning,NC3
5529,ENST00000343516,ENSP00000345436.6,unlabeled,False,0,self_learning,NC3
5530,ENST00000343526,ENSP00000340507.4,train,True,0,self_learning,NC3
5531,ENST00000343537,ENSP00000341957.7,test,True,0,self_learning,NC3
5532,ENST00000343597,ENSP00000341565.3,unlabeled,False,0,self_learning,NC3
5533,ENST00000343605,ENSP00000339626.4,unlabeled,False,0,self_learning,NC3
5534,ENST00000343625,ENSP00000341905.5,unlabeled,False,0,self_learning,NC3
5535,ENST00000343629,ENSP00000343635.6,train,True,0,self_learning,NC3
5536,ENST00000343632,ENSP00000341344.4,val,True,0,self_learning,NC3
5537,ENST00000343666,ENSP00000375053.4,unlabeled,False,0,self_learning,NC3
5538,ENST00000343677,ENSP00000339566.3,train,True,0,self_learning,NC3
5539,ENST00000343694,ENSP00000341243.3,unlabeled,False,0,self_learning,NC3
5540,ENST00000343702,ENSP00000340998.4,unlabeled,False,0,self_learning,NC3
5541,ENST00000343776,ENSP00000344828.4,unlabeled,False,0,self_learning,NC3
5542,ENST00000343796,ENSP00000343205.2,unlabeled,False,0,self_learning,NC3
5543,ENST00000343810,ENSP00000345358.4,unlabeled,False,0,self_learning,NC3
5544,ENST00000343813,ENSP00000343552.5,train,True,0,self_learning,NC3
5545,ENST00000343818,ENSP00000342502.6,train,True,0,self_learning,NC3
5546,ENST00000343820,ENSP00000339631.6,unlabeled,False,0,self_learning,NC3
5547,ENST00000343823,ENSP00000340896.5,train,True,0,self_learning,NC3
5548,ENST00000343846,ENSP00000344219.3,unlabeled,False,0,self_learning,NC3
5549,ENST00000343882,ENSP00000339527.6,unlabeled,False,0,self_learning,NC3
5550,ENST00000343905,0,unlabeled,False,0,self_learning,NC3
5551,ENST00000343933,ENSP00000343746.5,val,True,0,self_learning,NC3
5552,ENST00000343938,ENSP00000343890.4,unlabeled,False,0,self_learning,NC3
5553,ENST00000343948,ENSP00000343339.4,unlabeled,False,0,self_learning,NC3
5554,ENST00000343958,ENSP00000344446.4,unlabeled,False,0,self_learning,NC3
5555,ENST00000343959,ENSP00000342790.4,unlabeled,False,0,self_learning,NC3
5556,ENST00000343979,0,unlabeled,False,0,self_learning,NC3
5557,ENST00000343984,ENSP00000341524.5,train,True,0,self_learning,NC3
5558,ENST00000343986,ENSP00000345957.3,val,True,0,self_learning,NC3
5559,ENST00000344034,ENSP00000342778.4,train,True,0,self_learning,NC3
5560,ENST00000344041,0,unlabeled,False,0,self_learning,NC3
5561,ENST00000344051,ENSP00000342098.4,unlabeled,False,0,self_learning,NC3
5562,ENST00000344063,ENSP00000342787.3,train,True,0,self_learning,NC3
5563,ENST00000344095,ENSP00000344537.4,unlabeled,False,0,self_learning,NC3
5564,ENST00000344096,ENSP00000342105.4,unlabeled,False,0,self_learning,NC3
5565,ENST00000344099,0,unlabeled,False,0,self_learning,NC3
5566,ENST00000344111,ENSP00000342015.3,val,True,0,self_learning,NC3
5567,ENST00000344119,ENSP00000344089.2,unlabeled,False,0,self_learning,NC3
5568,ENST00000344204,ENSP00000339299.4,train,True,0,self_learning,NC3
5569,ENST00000344229,ENSP00000341361.3,unlabeled,False,0,self_learning,NC3
5570,ENST00000344293,ENSP00000340271.5,train,True,0,self_learning,NC3
5571,ENST00000344300,ENSP00000341610.3,unlabeled,False,0,self_learning,NC3
5572,ENST00000344318,ENSP00000344241.3,unlabeled,False,0,self_learning,NC3
5573,ENST00000344337,ENSP00000343701.6,train,True,0,self_learning,NC3
5574,ENST00000344417,0,unlabeled,False,0,self_learning,NC3
5575,ENST00000344420,ENSP00000345528.5,train,True,0,self_learning,NC3
5576,ENST00000344423,ENSP00000340494.5,unlabeled,False,0,self_learning,NC3
5577,ENST00000344450,ENSP00000345281.5,unlabeled,False,0,self_learning,NC3
5578,ENST00000344458,0,unlabeled,False,0,self_learning,NC3
5579,ENST00000344517,ENSP00000355637.3,train,True,0,self_learning,NC3
5580,ENST00000344537,ENSP00000341680.6,test,True,0,self_learning,NC3
5581,ENST00000344575,ENSP00000345785.3,unlabeled,False,0,self_learning,NC3
5582,ENST00000344586,ENSP00000342828.7,unlabeled,False,0,self_learning,NC3
5583,ENST00000344595,ENSP00000339435.5,train,True,0,self_learning,NC3
5584,ENST00000344641,ENSP00000343867.3,train,True,0,self_learning,NC3
5585,ENST00000344646,ENSP00000339484.5,unlabeled,False,0,self_learning,NC3
5586,ENST00000344651,ENSP00000344942.4,train,True,0,self_learning,NC3
5587,ENST00000344683,ENSP00000342924.5,unlabeled,False,0,self_learning,NC3
5588,ENST00000344697,ENSP00000344125.2,unlabeled,False,0,self_learning,NC3
5589,ENST00000344722,ENSP00000341382.5,unlabeled,False,0,self_learning,NC3
5590,ENST00000344726,0,unlabeled,False,0,self_learning,NC3
5591,ENST00000344733,ENSP00000339381.5,unlabeled,False,0,self_learning,NC3
5592,ENST00000344762,ENSP00000341684.5,unlabeled,False,0,self_learning,NC3
5593,ENST00000344791,ENSP00000342840.2,unlabeled,False,0,self_learning,NC3
5594,ENST00000344795,ENSP00000340164.3,unlabeled,False,0,self_learning,NC3
5595,ENST00000344836,ENSP00000343535.4,unlabeled,False,0,self_learning,NC3
5596,ENST00000344843,ENSP00000341082.7,train,True,0,self_learning,NC3
5597,ENST00000344887,ENSP00000341838.5,unlabeled,False,0,self_learning,NC3
5598,ENST00000344895,ENSP00000339804.3,unlabeled,False,0,self_learning,NC3
5599,ENST00000344922,ENSP00000340900.5,train,True,0,self_learning,NC3
5600,ENST00000344936,ENSP00000345808.2,train,True,0,self_learning,NC3
5601,ENST00000344949,ENSP00000340693.5,unlabeled,False,0,self_learning,NC3
5602,ENST00000344962,ENSP00000342576.4,unlabeled,False,0,self_learning,NC3
5603,ENST00000345003,ENSP00000340736.4,val,True,0,self_learning,NC3
5604,ENST00000345005,ENSP00000344112.4,train,True,0,self_learning,NC3
5605,ENST00000345016,ENSP00000344055.4,unlabeled,False,0,self_learning,NC3
5606,ENST00000345042,ENSP00000340019.2,train,True,0,self_learning,NC3
5607,ENST00000345057,ENSP00000341268.4,unlabeled,False,0,self_learning,NC3
5608,ENST00000345068,ENSP00000344562.5,unlabeled,False,0,self_learning,NC3
5609,ENST00000345080,ENSP00000344401.4,unlabeled,False,0,self_learning,NC3
5610,ENST00000345093,ENSP00000342755.4,train,True,0,self_learning,NC3
5611,ENST00000345094,ENSP00000339532.3,train,True,0,self_learning,NC3
5612,ENST00000345122,ENSP00000371897.1,unlabeled,False,0,self_learning,NC3
5613,ENST00000345127,ENSP00000345064.3,unlabeled,False,0,self_learning,NC3
5614,ENST00000345317,ENSP00000005587.2,unlabeled,False,0,self_learning,NC3
5615,ENST00000345330,ENSP00000290401.4,test,True,0,self_learning,NC3
5616,ENST00000345358,ENSP00000263262.9,unlabeled,False,0,self_learning,NC3
5617,ENST00000345429,ENSP00000267287.7,unlabeled,False,0,self_learning,NC3
5618,ENST00000345491,0,unlabeled,False,0,self_learning,NC3
5619,ENST00000345496,ENSP00000338348.3,train,True,0,self_learning,NC3
5620,ENST00000345512,ENSP00000334941.5,train,True,0,self_learning,NC3
5621,ENST00000345617,ENSP00000264606.3,unlabeled,False,0,self_learning,NC3
5622,ENST00000345633,ENSP00000298701.7,unlabeled,False,0,self_learning,NC3
5623,ENST00000345635,ENSP00000341117.4,unlabeled,False,0,self_learning,NC3
5624,ENST00000345664,0,unlabeled,False,0,self_learning,NC3
5625,ENST00000345988,ENSP00000340510.2,unlabeled,False,0,self_learning,NC3
5626,ENST00000346169,ENSP00000316879.5,unlabeled,False,0,self_learning,NC3
5627,ENST00000346177,ENSP00000344002.6,unlabeled,False,0,self_learning,NC3
5628,ENST00000346183,ENSP00000300659.5,train,True,0,self_learning,NC3
5629,ENST00000346208,ENSP00000341619.3,unlabeled,False,0,self_learning,NC3
5630,ENST00000346234,ENSP00000340836.6,train,True,0,self_learning,NC3
5631,ENST00000346248,ENSP00000333947.6,unlabeled,False,0,self_learning,NC3
5632,ENST00000346299,ENSP00000345752.6,train,True,0,self_learning,NC3
5633,ENST00000346416,ENSP00000217372.2,unlabeled,False,0,self_learning,NC3
5634,ENST00000346436,ENSP00000234488.9,unlabeled,False,0,self_learning,NC3
5635,ENST00000346562,ENSP00000319610.5,unlabeled,False,0,self_learning,NC3
5636,ENST00000346618,ENSP00000262904.4,train,True,0,self_learning,NC3
5637,ENST00000346798,ENSP00000284981.4,train,True,0,self_learning,NC3
5638,ENST00000346872,ENSP00000344544.3,unlabeled,False,0,self_learning,NC3
5639,ENST00000346964,ENSP00000345731.2,unlabeled,False,0,self_learning,NC3
5640,ENST00000346991,ENSP00000335463.6,train,True,0,self_learning,NC3
5641,ENST00000347055,0,unlabeled,False,0,self_learning,NC3
5642,ENST00000347108,ENSP00000257312.5,unlabeled,False,0,self_learning,NC3
5643,ENST00000347132,ENSP00000262916.6,unlabeled,False,0,self_learning,NC3
5644,ENST00000347230,ENSP00000251119.5,unlabeled,False,0,self_learning,NC3
5645,ENST00000347343,ENSP00000216911.2,unlabeled,False,0,self_learning,NC3
5646,ENST00000347364,ENSP00000246062.4,unlabeled,False,0,self_learning,NC3
5647,ENST00000347454,ENSP00000233552.6,unlabeled,False,0,self_learning,NC3
5648,ENST00000347466,0,unlabeled,False,0,self_learning,NC3
5649,ENST00000347528,ENSP00000339620.4,unlabeled,False,0,self_learning,NC3
5650,ENST00000347615,ENSP00000340766.2,unlabeled,False,0,self_learning,NC3
5651,ENST00000347635,ENSP00000345895.3,val,True,0,self_learning,NC3
5652,ENST00000347642,ENSP00000324956.3,unlabeled,False,0,self_learning,NC3
5653,ENST00000347699,ENSP00000314363.6,train,True,0,self_learning,NC3
5654,ENST00000347708,ENSP00000321320.5,train,True,0,self_learning,NC3
5655,ENST00000347755,ENSP00000337797.5,unlabeled,False,0,self_learning,NC3
5656,ENST00000347869,ENSP00000343054.3,train,True,0,self_learning,NC3
5657,ENST00000347901,ENSP00000334002.4,unlabeled,False,0,self_learning,NC3
5658,ENST00000347934,ENSP00000311106.4,unlabeled,False,0,self_learning,NC3
5659,ENST00000347970,ENSP00000327584.3,unlabeled,False,0,self_learning,NC3
5660,ENST00000348066,ENSP00000321813.7,unlabeled,False,0,self_learning,NC3
5661,ENST00000348165,ENSP00000309198.8,train,True,0,self_learning,NC3
5662,ENST00000348227,ENSP00000006526.6,train,True,0,self_learning,NC3
5663,ENST00000348261,ENSP00000334198.7,unlabeled,False,0,self_learning,NC3
5664,ENST00000348335,ENSP00000323118.3,unlabeled,False,0,self_learning,NC3
5665,ENST00000348354,0,unlabeled,False,0,self_learning,NC3
5666,ENST00000348367,ENSP00000265276.4,train,True,0,self_learning,NC3
5667,ENST00000348403,ENSP00000321347.7,unlabeled,False,0,self_learning,NC3
5668,ENST00000348411,ENSP00000326948.2,train,True,0,self_learning,NC3
5669,ENST00000348459,ENSP00000239027.7,unlabeled,False,0,self_learning,NC3
5670,ENST00000348462,ENSP00000259469.4,test,True,0,self_learning,NC3
5671,ENST00000348513,ENSP00000323967.6,train,True,0,self_learning,NC3
5672,ENST00000348579,ENSP00000340299.2,unlabeled,False,0,self_learning,NC3
5673,ENST00000348616,ENSP00000339390.4,unlabeled,False,0,self_learning,NC3
5674,ENST00000348750,ENSP00000259237.5,unlabeled,False,0,self_learning,NC3
5675,ENST00000348831,ENSP00000015877.6,unlabeled,False,0,self_learning,NC3
5676,ENST00000348849,ENSP00000294904.6,train,True,0,self_learning,NC3
5677,ENST00000348904,0,unlabeled,False,0,self_learning,NC3
5678,ENST00000348925,ENSP00000314649.3,train,True,0,self_learning,NC3
5679,ENST00000348956,ENSP00000299198.2,train,True,0,self_learning,NC3
5680,ENST00000349004,ENSP00000345292.1,unlabeled,False,0,self_learning,NC3
5681,ENST00000349038,ENSP00000014112.5,unlabeled,False,0,self_learning,NC3
5682,ENST00000349048,ENSP00000269848.6,test,True,0,self_learning,NC3
5683,ENST00000349064,ENSP00000344838.5,unlabeled,False,0,self_learning,NC3
5684,ENST00000349077,ENSP00000339168.4,unlabeled,False,0,self_learning,NC3
5685,ENST00000349139,ENSP00000308179.4,train,True,0,self_learning,NC3
5686,ENST00000349155,ENSP00000257567.2,unlabeled,False,0,self_learning,NC3
5687,ENST00000349394,ENSP00000333593.6,unlabeled,False,0,self_learning,NC3
5688,ENST00000349431,ENSP00000305826.7,unlabeled,False,0,self_learning,NC3
5689,ENST00000349459,ENSP00000309848.8,unlabeled,False,0,self_learning,NC3
5690,ENST00000349533,ENSP00000330393.7,unlabeled,False,0,self_learning,NC3
5691,ENST00000349703,ENSP00000261424.4,unlabeled,False,0,self_learning,NC3
5692,ENST00000349752,0,unlabeled,False,0,self_learning,NC3
5693,ENST00000349780,ENSP00000343818.4,train,True,0,self_learning,NC3
5694,ENST00000349792,ENSP00000271663.7,unlabeled,False,0,self_learning,NC3
5695,ENST00000349847,ENSP00000302579.5,val,True,0,self_learning,NC3
5696,ENST00000349938,0,unlabeled,False,0,self_learning,NC3
5697,ENST00000349995,ENSP00000258654.8,test,True,0,self_learning,NC3
5698,ENST00000350027,ENSP00000339976.4,unlabeled,False,0,self_learning,NC3
5699,ENST00000350028,ENSP00000345445.4,train,True,0,self_learning,NC3
5700,ENST00000350033,ENSP00000272995.5,unlabeled,False,0,self_learning,NC3
5701,ENST00000350051,0,unlabeled,False,0,self_learning,NC3
5702,ENST00000350060,ENSP00000203786.8,unlabeled,False,0,self_learning,NC3
5703,ENST00000350221,ENSP00000280236.3,unlabeled,False,0,self_learning,NC3
5704,ENST00000350437,ENSP00000309965.5,unlabeled,False,0,self_learning,NC3
5705,ENST00000350498,ENSP00000222968.4,train,True,0,self_learning,NC3
5706,ENST00000350499,ENSP00000298546.7,unlabeled,False,0,self_learning,NC3
5707,ENST00000350690,ENSP00000345580.5,unlabeled,False,0,self_learning,NC3
5708,ENST00000350697,ENSP00000312122.4,unlabeled,False,0,self_learning,NC3
5709,ENST00000350721,ENSP00000343741.4,train,True,0,self_learning,NC3
5710,ENST00000350763,ENSP00000265131.4,unlabeled,False,0,self_learning,NC3
5711,ENST00000350766,ENSP00000265961.5,unlabeled,False,0,self_learning,NC3
5712,ENST00000350777,ENSP00000318085.3,unlabeled,False,0,self_learning,NC3
5713,ENST00000350796,ENSP00000297044.7,unlabeled,False,0,self_learning,NC3
5714,ENST00000350811,ENSP00000326375.5,unlabeled,False,0,self_learning,NC3
5715,ENST00000350881,ENSP00000339730.2,unlabeled,False,0,self_learning,NC3
5716,ENST00000350908,ENSP00000265436.7,unlabeled,False,0,self_learning,NC3
5717,ENST00000350997,0,unlabeled,False,0,self_learning,NC3
5718,ENST00000351018,ENSP00000339467.4,unlabeled,False,0,self_learning,NC3
5719,ENST00000351050,ENSP00000251337.3,unlabeled,False,0,self_learning,NC3
5720,ENST00000351111,ENSP00000324100.4,unlabeled,False,0,self_learning,NC3
5721,ENST00000351218,ENSP00000343581.1,unlabeled,False,0,self_learning,NC3
5722,ENST00000351223,ENSP00000255121.4,unlabeled,False,0,self_learning,NC3
5723,ENST00000351298,ENSP00000342793.4,unlabeled,False,0,self_learning,NC3
5724,ENST00000351328,ENSP00000342056.3,val,True,0,self_learning,NC3
5725,ENST00000351424,0,unlabeled,False,0,self_learning,NC3
5726,ENST00000351513,ENSP00000276651.2,unlabeled,False,0,self_learning,NC3
5727,ENST00000351677,ENSP00000340944.3,unlabeled,False,0,self_learning,NC3
5728,ENST00000351698,ENSP00000345719.4,val,True,0,self_learning,NC3
5729,ENST00000351797,ENSP00000341597.4,unlabeled,False,0,self_learning,NC3
5730,ENST00000351817,ENSP00000345147.4,unlabeled,False,0,self_learning,NC3
5731,ENST00000351870,ENSP00000248643.3,unlabeled,False,0,self_learning,NC3
5732,ENST00000351989,ENSP00000263209.3,train,True,0,self_learning,NC3
5733,ENST00000352133,ENSP00000344648.2,unlabeled,False,0,self_learning,NC3
5734,ENST00000352178,0,unlabeled,False,0,self_learning,NC3
5735,ENST00000352251,0,unlabeled,False,0,self_learning,NC3
5736,ENST00000352385,ENSP00000319623.3,unlabeled,False,0,self_learning,NC3
5737,ENST00000352393,ENSP00000336945.4,unlabeled,False,0,self_learning,NC3
5738,ENST00000352397,ENSP00000338461.6,unlabeled,False,0,self_learning,NC3
5739,ENST00000352410,ENSP00000318318.6,train,True,0,self_learning,NC3
5740,ENST00000352511,ENSP00000340361.3,unlabeled,False,0,self_learning,NC3
5741,ENST00000352645,ENSP00000345793.4,test,True,0,self_learning,NC3
5742,ENST00000352665,ENSP00000339449.5,unlabeled,False,0,self_learning,NC3
5743,ENST00000352689,ENSP00000323527.6,train,True,0,self_learning,NC3
5744,ENST00000352732,ENSP00000268129.5,unlabeled,False,0,self_learning,NC3
5745,ENST00000352903,ENSP00000342169.2,unlabeled,False,0,self_learning,NC3
5746,ENST00000352957,ENSP00000284967.7,train,True,0,self_learning,NC3
5747,ENST00000352998,0,unlabeled,False,0,self_learning,NC3
5748,ENST00000353047,ENSP00000345672.5,unlabeled,False,0,self_learning,NC3
5749,ENST00000353065,ENSP00000295618.3,unlabeled,False,0,self_learning,NC3
5750,ENST00000353107,ENSP00000342889.3,train,True,0,self_learning,NC3
5751,ENST00000353172,ENSP00000316482.5,unlabeled,False,0,self_learning,NC3
5752,ENST00000353214,ENSP00000345361.2,unlabeled,False,0,self_learning,NC3
5753,ENST00000353234,ENSP00000297837.6,val,True,0,self_learning,NC3
5754,ENST00000353258,ENSP00000261386.3,train,True,0,self_learning,NC3
5755,ENST00000353265,ENSP00000343144.3,unlabeled,False,0,self_learning,NC3
5756,ENST00000353339,0,unlabeled,False,0,self_learning,NC3
5757,ENST00000353364,ENSP00000258123.4,unlabeled,False,0,self_learning,NC3
5758,ENST00000353379,ENSP00000338673.7,train,True,0,self_learning,NC3
5759,ENST00000353383,ENSP00000323074.4,train,True,0,self_learning,NC3
5760,ENST00000353411,ENSP00000231487.9,unlabeled,False,0,self_learning,NC3
5761,ENST00000353442,ENSP00000326604.7,unlabeled,False,0,self_learning,NC3
5762,ENST00000353487,ENSP00000288680.4,unlabeled,False,0,self_learning,NC3
5763,ENST00000353533,ENSP00000262445.5,unlabeled,False,0,self_learning,NC3
5764,ENST00000353546,ENSP00000314615.3,unlabeled,False,0,self_learning,NC3
5765,ENST00000353609,ENSP00000245919.3,unlabeled,False,0,self_learning,NC3
5766,ENST00000353704,ENSP00000342136.2,unlabeled,False,0,self_learning,NC3
5767,ENST00000353706,ENSP00000331368.3,unlabeled,False,0,self_learning,NC3
5768,ENST00000353963,ENSP00000302851.5,unlabeled,False,0,self_learning,NC3
5769,ENST00000354024,ENSP00000338864.3,unlabeled,False,0,self_learning,NC3
5770,ENST00000354042,ENSP00000297282.5,unlabeled,False,0,self_learning,NC3
5771,ENST00000354105,ENSP00000326411.6,train,True,0,self_learning,NC3
5772,ENST00000354115,ENSP00000329072.3,unlabeled,False,0,self_learning,NC3
5773,ENST00000354161,ENSP00000275730.4,train,True,0,self_learning,NC3
5774,ENST00000354171,ENSP00000346103.7,unlabeled,False,0,self_learning,NC3
5775,ENST00000354185,ENSP00000346120.4,test,True,0,self_learning,NC3
5776,ENST00000354190,ENSP00000346127.5,unlabeled,False,0,self_learning,NC3
5777,ENST00000354193,ENSP00000346130.4,unlabeled,False,0,self_learning,NC3
5778,ENST00000354200,ENSP00000346139.4,unlabeled,False,0,self_learning,NC3
5779,ENST00000354212,ENSP00000346151.4,train,True,0,self_learning,NC3
5780,ENST00000354221,ENSP00000346160.4,unlabeled,False,0,self_learning,NC3
5781,ENST00000354234,ENSP00000346175.5,unlabeled,False,0,self_learning,NC3
5782,ENST00000354283,ENSP00000346236.4,train,True,0,self_learning,NC3
5783,ENST00000354287,ENSP00000346240.4,unlabeled,False,0,self_learning,NC3
5784,ENST00000354297,ENSP00000346251.4,unlabeled,False,0,self_learning,NC3
5785,ENST00000354300,ENSP00000346255.3,train,True,0,self_learning,NC3
5786,ENST00000354336,ENSP00000346300.3,unlabeled,False,0,self_learning,NC3
5787,ENST00000354366,0,unlabeled,False,0,self_learning,NC3
5788,ENST00000354370,ENSP00000346339.1,unlabeled,False,0,self_learning,NC3
5789,ENST00000354371,ENSP00000346340.2,train,True,0,self_learning,NC3
5790,ENST00000354377,0,unlabeled,False,0,self_learning,NC3
5791,ENST00000354379,ENSP00000346349.4,unlabeled,False,0,self_learning,NC3
5792,ENST00000354386,ENSP00000346359.6,test,True,0,self_learning,NC3
5793,ENST00000354410,ENSP00000346389.5,unlabeled,False,0,self_learning,NC3
5794,ENST00000354422,ENSP00000346404.3,unlabeled,False,0,self_learning,NC3
5795,ENST00000354431,ENSP00000346414.4,unlabeled,False,0,self_learning,NC3
5796,ENST00000354436,ENSP00000346420.2,unlabeled,False,0,self_learning,NC3
5797,ENST00000354449,ENSP00000346437.3,test,True,0,self_learning,NC3
5798,ENST00000354475,ENSP00000346466.4,train,True,0,self_learning,NC3
5799,ENST00000354488,ENSP00000346483.3,train,True,0,self_learning,NC3
5800,ENST00000354534,ENSP00000346534.4,unlabeled,False,0,self_learning,NC3
5801,ENST00000354546,ENSP00000346550.5,train,True,0,self_learning,NC3
5802,ENST00000354552,ENSP00000346560.3,unlabeled,False,0,self_learning,NC3
5803,ENST00000354586,ENSP00000346599.4,train,True,0,self_learning,NC3
5804,ENST00000354590,0,unlabeled,False,0,self_learning,NC3
5805,ENST00000354599,ENSP00000346613.6,unlabeled,False,0,self_learning,NC3
5806,ENST00000354611,ENSP00000346627.4,val,True,0,self_learning,NC3
5807,ENST00000354618,ENSP00000346634.5,unlabeled,False,0,self_learning,NC3
5808,ENST00000354619,ENSP00000346635.5,train,True,0,self_learning,NC3
5809,ENST00000354646,ENSP00000346667.2,val,True,0,self_learning,NC3
5810,ENST00000354650,ENSP00000346671.3,train,True,0,self_learning,NC3
5811,ENST00000354666,ENSP00000346693.3,unlabeled,False,0,self_learning,NC3
5812,ENST00000354670,ENSP00000346697.4,unlabeled,False,0,self_learning,NC3
5813,ENST00000354694,ENSP00000346725.6,train,True,0,self_learning,NC3
5814,ENST00000354698,0,unlabeled,False,0,self_learning,NC3
5815,ENST00000354700,ENSP00000346733.5,unlabeled,False,0,self_learning,NC3
5816,ENST00000354724,ENSP00000346761.3,unlabeled,False,0,self_learning,NC3
5817,ENST00000354725,ENSP00000346762.3,train,True,0,self_learning,NC3
5818,ENST00000354764,ENSP00000346809.3,unlabeled,False,0,self_learning,NC3
5819,ENST00000354817,ENSP00000346874.3,train,True,0,self_learning,NC3
5820,ENST00000354828,ENSP00000346886.3,unlabeled,False,0,self_learning,NC3
5821,ENST00000354831,ENSP00000346890.7,val,True,0,self_learning,NC3
5822,ENST00000354852,0,unlabeled,False,0,self_learning,NC3
5823,ENST00000354862,ENSP00000346927.4,train,True,0,self_learning,NC3
5824,ENST00000354882,ENSP00000346954.4,unlabeled,False,0,self_learning,NC3
5825,ENST00000354884,ENSP00000346956.4,unlabeled,False,0,self_learning,NC3
5826,ENST00000354926,ENSP00000347005.4,val,True,0,self_learning,NC3
5827,ENST00000354947,ENSP00000347032.5,unlabeled,False,0,self_learning,NC3
5828,ENST00000354952,ENSP00000347038.2,unlabeled,False,0,self_learning,NC3
5829,ENST00000354957,ENSP00000347043.2,unlabeled,False,0,self_learning,NC3
5830,ENST00000355025,0,unlabeled,False,0,self_learning,NC3
5831,ENST00000355044,ENSP00000347152.3,unlabeled,False,0,self_learning,NC3
5832,ENST00000355057,ENSP00000347168.2,unlabeled,False,0,self_learning,NC3
5833,ENST00000355059,ENSP00000347170.4,unlabeled,False,0,self_learning,NC3
5834,ENST00000355070,ENSP00000347182.2,unlabeled,False,0,self_learning,NC3
5835,ENST00000355076,ENSP00000347188.6,test,True,0,self_learning,NC3
5836,ENST00000355086,ENSP00000347198.3,unlabeled,False,0,self_learning,NC3
5837,ENST00000355091,ENSP00000347206.4,unlabeled,False,0,self_learning,NC3
5838,ENST00000355097,ENSP00000347213.2,unlabeled,False,0,self_learning,NC3
5839,ENST00000355105,ENSP00000347224.3,unlabeled,False,0,self_learning,NC3
5840,ENST00000355112,ENSP00000347232.3,train,True,0,self_learning,NC3
5841,ENST00000355190,0,unlabeled,False,0,self_learning,NC3
5842,ENST00000355192,ENSP00000347324.3,train,True,0,self_learning,NC3
5843,ENST00000355202,ENSP00000347338.2,unlabeled,False,0,self_learning,NC3
5844,ENST00000355209,ENSP00000347345.4,unlabeled,False,0,self_learning,NC3
5845,ENST00000355243,ENSP00000347385.3,unlabeled,False,0,self_learning,NC3
5846,ENST00000355280,ENSP00000347427.6,test,True,0,self_learning,NC3
5847,ENST00000355285,ENSP00000347433.4,unlabeled,False,0,self_learning,NC3
5848,ENST00000355286,ENSP00000347434.7,unlabeled,False,0,self_learning,NC3
5849,ENST00000355295,ENSP00000347444.4,train,True,0,self_learning,NC3
5850,ENST00000355312,ENSP00000347464.3,train,True,0,self_learning,NC3
5851,ENST00000355315,ENSP00000347469.3,unlabeled,False,0,self_learning,NC3
5852,ENST00000355338,ENSP00000347495.2,unlabeled,False,0,self_learning,NC3
5853,ENST00000355341,ENSP00000347498.4,train,True,0,self_learning,NC3
5854,ENST00000355349,ENSP00000347507.3,unlabeled,False,0,self_learning,NC3
5855,ENST00000355356,ENSP00000347514.3,unlabeled,False,0,self_learning,NC3
5856,ENST00000355377,ENSP00000347538.2,unlabeled,False,0,self_learning,NC3
5857,ENST00000355387,ENSP00000347548.2,unlabeled,False,0,self_learning,NC3
5858,ENST00000355415,ENSP00000347583.1,unlabeled,False,0,self_learning,NC3
5859,ENST00000355417,ENSP00000347586.2,unlabeled,False,0,self_learning,NC3
5860,ENST00000355431,ENSP00000347602.3,train,True,0,self_learning,NC3
5861,ENST00000355451,ENSP00000347626.6,train,True,0,self_learning,NC3
5862,ENST00000355467,ENSP00000347648.3,train,True,0,self_learning,NC3
5863,ENST00000355468,ENSP00000347649.2,train,True,0,self_learning,NC3
5864,ENST00000355472,ENSP00000347655.5,unlabeled,False,0,self_learning,NC3
5865,ENST00000355480,ENSP00000347665.5,unlabeled,False,0,self_learning,NC3
5866,ENST00000355485,ENSP00000347672.2,unlabeled,False,0,self_learning,NC3
5867,ENST00000355502,0,unlabeled,False,0,self_learning,NC3
5868,ENST00000355520,ENSP00000347710.5,train,True,0,self_learning,NC3
5869,ENST00000355527,ENSP00000347717.4,unlabeled,False,0,self_learning,NC3
5870,ENST00000355528,ENSP00000347719.4,unlabeled,False,0,self_learning,NC3
5871,ENST00000355537,ENSP00000347730.1,unlabeled,False,0,self_learning,NC3
5872,ENST00000355540,ENSP00000347733.3,unlabeled,False,0,self_learning,NC3
5873,ENST00000355568,ENSP00000347767.4,unlabeled,False,0,self_learning,NC3
5874,ENST00000355585,ENSP00000347792.4,val,True,0,self_learning,NC3
5875,ENST00000355610,0,unlabeled,False,0,self_learning,NC3
5876,ENST00000355619,ENSP00000347834.5,unlabeled,False,0,self_learning,NC3
5877,ENST00000355621,ENSP00000347836.3,train,True,0,self_learning,NC3
5878,ENST00000355624,ENSP00000347839.3,unlabeled,False,0,self_learning,NC3
5879,ENST00000355653,ENSP00000347872.2,train,True,0,self_learning,NC3
5880,ENST00000355661,ENSP00000347883.2,unlabeled,False,0,self_learning,NC3
5881,ENST00000355673,ENSP00000347896.3,unlabeled,False,0,self_learning,NC3
5882,ENST00000355683,ENSP00000347909.5,unlabeled,False,0,self_learning,NC3
5883,ENST00000355689,ENSP00000347915.4,train,True,0,self_learning,NC3
5884,ENST00000355697,ENSP00000347924.2,val,True,0,self_learning,NC3
5885,ENST00000355710,ENSP00000347942.3,unlabeled,False,0,self_learning,NC3
5886,ENST00000355749,ENSP00000347988.2,unlabeled,False,0,self_learning,NC3
5887,ENST00000355765,ENSP00000348010.6,train,True,0,self_learning,NC3
5888,ENST00000355773,ENSP00000348019.5,train,True,0,self_learning,NC3
5889,ENST00000355790,ENSP00000348043.4,train,True,0,self_learning,NC3
5890,ENST00000355797,0,unlabeled,False,0,self_learning,NC3
5891,ENST00000355803,ENSP00000348056.4,unlabeled,False,0,self_learning,NC3
5892,ENST00000355830,0,unlabeled,False,0,self_learning,NC3
5893,ENST00000355832,ENSP00000348089.5,train,True,0,self_learning,NC3
5894,ENST00000355841,ENSP00000348099.2,train,True,0,self_learning,NC3
5895,ENST00000355848,ENSP00000348107.3,unlabeled,False,0,self_learning,NC3
5896,ENST00000355849,ENSP00000348108.5,unlabeled,False,0,self_learning,NC3
5897,ENST00000355870,0,unlabeled,False,0,self_learning,NC3
5898,ENST00000355893,ENSP00000348157.5,unlabeled,False,0,self_learning,NC3
5899,ENST00000355897,ENSP00000348161.5,unlabeled,False,0,self_learning,NC3
5900,ENST00000355898,ENSP00000348162.4,unlabeled,False,0,self_learning,NC3
5901,ENST00000355899,ENSP00000348163.3,train,True,0,self_learning,NC3
5902,ENST00000355904,ENSP00000348168.4,train,True,0,self_learning,NC3
5903,ENST00000355937,ENSP00000348206.4,unlabeled,False,0,self_learning,NC3
5904,ENST00000355943,ENSP00000348211.3,test,True,0,self_learning,NC3
5905,ENST00000355947,ENSP00000348216.2,train,True,0,self_learning,NC3
5906,ENST00000355999,ENSP00000348278.4,unlabeled,False,0,self_learning,NC3
5907,ENST00000356026,ENSP00000348308.5,unlabeled,False,0,self_learning,NC3
5908,ENST00000356031,ENSP00000348314.3,unlabeled,False,0,self_learning,NC3
5909,ENST00000356056,ENSP00000348349.5,train,True,0,self_learning,NC3
5910,ENST00000356073,ENSP00000348374.4,unlabeled,False,0,self_learning,NC3
5911,ENST00000356079,ENSP00000348380.4,unlabeled,False,0,self_learning,NC3
5912,ENST00000356080,ENSP00000348381.4,unlabeled,False,0,self_learning,NC3
5913,ENST00000356083,ENSP00000348385.3,unlabeled,False,0,self_learning,NC3
5914,ENST00000356091,ENSP00000348395.6,unlabeled,False,0,self_learning,NC3
5915,ENST00000356126,ENSP00000348442.3,train,True,0,self_learning,NC3
5916,ENST00000356134,ENSP00000348453.5,unlabeled,False,0,self_learning,NC3
5917,ENST00000356136,ENSP00000348455.3,train,True,0,self_learning,NC3
5918,ENST00000356142,ENSP00000348461.4,unlabeled,False,0,self_learning,NC3
5919,ENST00000356151,ENSP00000348472.2,train,True,0,self_learning,NC3
5920,ENST00000356157,ENSP00000348478.6,train,True,0,self_learning,NC3
5921,ENST00000356166,0,unlabeled,False,0,self_learning,NC3
5922,ENST00000356175,ENSP00000348498.3,unlabeled,False,0,self_learning,NC3
5923,ENST00000356183,ENSP00000348510.4,train,True,0,self_learning,NC3
5924,ENST00000356189,ENSP00000367453.4,train,True,0,self_learning,NC3
5925,ENST00000356208,ENSP00000348538.5,train,True,0,self_learning,NC3
5926,ENST00000356221,ENSP00000348554.3,unlabeled,False,0,self_learning,NC3
5927,ENST00000356231,ENSP00000348564.3,train,True,0,self_learning,NC3
5928,ENST00000356239,ENSP00000348573.3,unlabeled,False,0,self_learning,NC3
5929,ENST00000356260,ENSP00000348596.5,train,True,0,self_learning,NC3
5930,ENST00000356264,ENSP00000348602.2,train,True,0,self_learning,NC3
5931,ENST00000356286,ENSP00000348632.6,unlabeled,False,0,self_learning,NC3
5932,ENST00000356309,ENSP00000348657.3,unlabeled,False,0,self_learning,NC3
5933,ENST00000356317,ENSP00000348668.2,unlabeled,False,0,self_learning,NC3
5934,ENST00000356321,0,unlabeled,False,0,self_learning,NC3
5935,ENST00000356331,ENSP00000348685.5,unlabeled,False,0,self_learning,NC3
5936,ENST00000356341,ENSP00000348696.4,unlabeled,False,0,self_learning,NC3
5937,ENST00000356352,ENSP00000348708.2,train,True,0,self_learning,NC3
5938,ENST00000356357,ENSP00000348714.4,unlabeled,False,0,self_learning,NC3
5939,ENST00000356387,ENSP00000348752.2,unlabeled,False,0,self_learning,NC3
5940,ENST00000356388,ENSP00000348753.4,unlabeled,False,0,self_learning,NC3
5941,ENST00000356392,0,unlabeled,False,0,self_learning,NC3
5942,ENST00000356404,ENSP00000348772.3,unlabeled,False,0,self_learning,NC3
5943,ENST00000356406,ENSP00000348775.4,unlabeled,False,0,self_learning,NC3
5944,ENST00000356433,ENSP00000348810.4,unlabeled,False,0,self_learning,NC3
5945,ENST00000356443,ENSP00000348821.4,test,True,0,self_learning,NC3
5946,ENST00000356454,ENSP00000365830.2,train,True,0,self_learning,NC3
5947,ENST00000356455,ENSP00000348838.4,train,True,0,self_learning,NC3
5948,ENST00000356463,ENSP00000348848.3,unlabeled,False,0,self_learning,NC3
5949,ENST00000356476,ENSP00000366999.2,unlabeled,False,0,self_learning,NC3
5950,ENST00000356487,ENSP00000348877.3,unlabeled,False,0,self_learning,NC3
5951,ENST00000356493,ENSP00000348886.5,train,True,0,self_learning,NC3
5952,ENST00000356537,ENSP00000348933.4,train,True,0,self_learning,NC3
5953,ENST00000356554,ENSP00000348959.3,train,True,0,self_learning,NC3
5954,ENST00000356575,ENSP00000348982.4,unlabeled,False,0,self_learning,NC3
5955,ENST00000356577,ENSP00000348984.4,unlabeled,False,0,self_learning,NC3
5956,ENST00000356607,ENSP00000349016.4,train,True,0,self_learning,NC3
5957,ENST00000356613,ENSP00000349022.2,unlabeled,False,0,self_learning,NC3
5958,ENST00000356628,ENSP00000349041.2,unlabeled,False,0,self_learning,NC3
5959,ENST00000356634,ENSP00000349049.3,unlabeled,False,0,self_learning,NC3
5960,ENST00000356638,ENSP00000349053.3,train,True,0,self_learning,NC3
5961,ENST00000356657,ENSP00000349078.6,train,True,0,self_learning,NC3
5962,ENST00000356692,ENSP00000349124.5,unlabeled,False,0,self_learning,NC3
5963,ENST00000356709,ENSP00000349143.4,unlabeled,False,0,self_learning,NC3
5964,ENST00000356713,ENSP00000349147.4,unlabeled,False,0,self_learning,NC3
5965,ENST00000356725,0,unlabeled,False,0,self_learning,NC3
5966,ENST00000356731,ENSP00000349168.5,unlabeled,False,0,self_learning,NC3
5967,ENST00000356742,ENSP00000349181.5,unlabeled,False,0,self_learning,NC3
5968,ENST00000356751,0,unlabeled,False,0,self_learning,NC3
5969,ENST00000356763,ENSP00000349205.3,train,True,0,self_learning,NC3
5970,ENST00000356769,0,unlabeled,False,0,self_learning,NC3
5971,ENST00000356786,ENSP00000349238.5,unlabeled,False,0,self_learning,NC3
5972,ENST00000356805,ENSP00000349259.4,train,True,0,self_learning,NC3
5973,ENST00000356818,0,unlabeled,False,0,self_learning,NC3
5974,ENST00000356824,ENSP00000349281.4,unlabeled,False,0,self_learning,NC3
5975,ENST00000356836,ENSP00000349293.6,unlabeled,False,0,self_learning,NC3
5976,ENST00000356839,ENSP00000349297.5,unlabeled,False,0,self_learning,NC3
5977,ENST00000356840,ENSP00000349298.3,unlabeled,False,0,self_learning,NC3
5978,ENST00000356860,ENSP00000349320.3,unlabeled,False,0,self_learning,NC3
5979,ENST00000356891,ENSP00000349358.3,train,True,0,self_learning,NC3
5980,ENST00000356924,ENSP00000349396.4,unlabeled,False,0,self_learning,NC3
5981,ENST00000356929,ENSP00000349401.2,unlabeled,False,0,self_learning,NC3
5982,ENST00000356940,0,unlabeled,False,0,self_learning,NC3
5983,ENST00000356942,0,unlabeled,False,0,self_learning,NC3
5984,ENST00000356950,ENSP00000349430.2,unlabeled,False,0,self_learning,NC3
5985,ENST00000356971,ENSP00000349458.3,unlabeled,False,0,self_learning,NC3
5986,ENST00000356978,ENSP00000349467.4,unlabeled,False,0,self_learning,NC3
5987,ENST00000356986,ENSP00000349477.3,unlabeled,False,0,self_learning,NC3
5988,ENST00000357006,ENSP00000349503.4,unlabeled,False,0,self_learning,NC3
5989,ENST00000357037,ENSP00000349541.4,train,True,0,self_learning,NC3
5990,ENST00000357039,ENSP00000349543.4,train,True,0,self_learning,NC3
5991,ENST00000357060,0,unlabeled,False,0,self_learning,NC3
5992,ENST00000357066,ENSP00000349575.2,unlabeled,False,0,self_learning,NC3
5993,ENST00000357077,ENSP00000349588.4,unlabeled,False,0,self_learning,NC3
5994,ENST00000357082,ENSP00000349593.4,unlabeled,False,0,self_learning,NC3
5995,ENST00000357085,ENSP00000349596.2,val,True,0,self_learning,NC3
5996,ENST00000357086,ENSP00000349597.4,unlabeled,False,0,self_learning,NC3
5997,ENST00000357115,ENSP00000349629.3,train,True,0,self_learning,NC3
5998,ENST00000357122,ENSP00000349636.4,unlabeled,False,0,self_learning,NC3
5999,ENST00000357134,ENSP00000349654.5,unlabeled,False,0,self_learning,NC3
6000,ENST00000357137,ENSP00000349658.4,val,True,0,self_learning,NC3
6001,ENST00000357164,ENSP00000349687.3,train,True,0,self_learning,NC3
6002,ENST00000357166,ENSP00000349689.6,unlabeled,False,0,self_learning,NC3
6003,ENST00000357182,ENSP00000349708.4,train,True,0,self_learning,NC3
6004,ENST00000357195,ENSP00000349723.3,unlabeled,False,0,self_learning,NC3
6005,ENST00000357203,0,unlabeled,False,0,self_learning,NC3
6006,ENST00000357214,ENSP00000349748.5,unlabeled,False,0,self_learning,NC3
6007,ENST00000357227,ENSP00000349762.4,unlabeled,False,0,self_learning,NC3
6008,ENST00000357242,ENSP00000349781.5,train,True,0,self_learning,NC3
6009,ENST00000357258,ENSP00000349803.3,unlabeled,False,0,self_learning,NC3
6010,ENST00000357260,0,unlabeled,False,0,self_learning,NC3
6011,ENST00000357276,ENSP00000349823.4,unlabeled,False,0,self_learning,NC3
6012,ENST00000357277,ENSP00000349824.3,unlabeled,False,0,self_learning,NC3
6013,ENST00000357311,ENSP00000349863.3,unlabeled,False,0,self_learning,NC3
6014,ENST00000357321,ENSP00000349874.4,unlabeled,False,0,self_learning,NC3
6015,ENST00000357324,ENSP00000349877.6,test,True,0,self_learning,NC3
6016,ENST00000357325,ENSP00000349878.5,unlabeled,False,0,self_learning,NC3
6017,ENST00000357338,ENSP00000349893.3,unlabeled,False,0,self_learning,NC3
6018,ENST00000357387,ENSP00000349959.3,unlabeled,False,0,self_learning,NC3
6019,ENST00000357394,ENSP00000349970.4,unlabeled,False,0,self_learning,NC3
6020,ENST00000357430,ENSP00000350012.3,unlabeled,False,0,self_learning,NC3
6021,ENST00000357447,ENSP00000350032.2,unlabeled,False,0,self_learning,NC3
6022,ENST00000357450,ENSP00000350036.4,unlabeled,False,0,self_learning,NC3
6023,ENST00000357460,ENSP00000350049.4,unlabeled,False,0,self_learning,NC3
6024,ENST00000357484,0,unlabeled,False,0,self_learning,NC3
6025,ENST00000357485,ENSP00000350078.3,unlabeled,False,0,self_learning,NC3
6026,ENST00000357500,ENSP00000350098.4,train,True,0,self_learning,NC3
6027,ENST00000357503,ENSP00000350102.2,unlabeled,False,0,self_learning,NC3
6028,ENST00000357519,ENSP00000350124.5,unlabeled,False,0,self_learning,NC3
6029,ENST00000357529,ENSP00000350136.3,unlabeled,False,0,self_learning,NC3
6030,ENST00000357552,ENSP00000350162.2,unlabeled,False,0,self_learning,NC3
6031,ENST00000357559,ENSP00000350170.3,unlabeled,False,0,self_learning,NC3
6032,ENST00000357582,ENSP00000350195.2,unlabeled,False,0,self_learning,NC3
6033,ENST00000357585,ENSP00000350198.2,unlabeled,False,0,self_learning,NC3
6034,ENST00000357606,ENSP00000350223.3,unlabeled,False,0,self_learning,NC3
6035,ENST00000357628,ENSP00000350249.3,unlabeled,False,0,self_learning,NC3
6036,ENST00000357635,0,unlabeled,False,0,self_learning,NC3
6037,ENST00000357641,ENSP00000350267.6,unlabeled,False,0,self_learning,NC3
6038,ENST00000357650,ENSP00000350278.4,unlabeled,False,0,self_learning,NC3
6039,ENST00000357666,0,unlabeled,False,0,self_learning,NC3
6040,ENST00000357685,ENSP00000350314.5,unlabeled,False,0,self_learning,NC3
6041,ENST00000357700,ENSP00000350331.6,unlabeled,False,0,self_learning,NC3
6042,ENST00000357701,ENSP00000350332.4,unlabeled,False,0,self_learning,NC3
6043,ENST00000357721,ENSP00000350353.3,unlabeled,False,0,self_learning,NC3
6044,ENST00000357727,ENSP00000350359.2,unlabeled,False,0,self_learning,NC3
6045,ENST00000357731,ENSP00000350364.4,unlabeled,False,0,self_learning,NC3
6046,ENST00000357736,ENSP00000350369.4,train,True,0,self_learning,NC3
6047,ENST00000357743,ENSP00000350378.4,unlabeled,False,0,self_learning,NC3
6048,ENST00000357749,ENSP00000350386.2,train,True,0,self_learning,NC3
6049,ENST00000357758,ENSP00000350401.3,unlabeled,False,0,self_learning,NC3
6050,ENST00000357769,ENSP00000350413.4,unlabeled,False,0,self_learning,NC3
6051,ENST00000357771,ENSP00000350415.3,unlabeled,False,0,self_learning,NC3
6052,ENST00000357799,ENSP00000350447.4,unlabeled,False,0,self_learning,NC3
6053,ENST00000357814,ENSP00000350467.3,unlabeled,False,0,self_learning,NC3
6054,ENST00000357847,ENSP00000350509.4,unlabeled,False,0,self_learning,NC3
6055,ENST00000357849,ENSP00000350512.4,train,True,0,self_learning,NC3
6056,ENST00000357867,0,unlabeled,False,0,self_learning,NC3
6057,ENST00000357877,ENSP00000350547.2,unlabeled,False,0,self_learning,NC3
6058,ENST00000357901,ENSP00000350576.4,unlabeled,False,0,self_learning,NC3
6059,ENST00000357947,ENSP00000350630.3,unlabeled,False,0,self_learning,NC3
6060,ENST00000357949,ENSP00000350633.4,unlabeled,False,0,self_learning,NC3
6061,ENST00000357967,ENSP00000350651.4,unlabeled,False,0,self_learning,NC3
6062,ENST00000357991,ENSP00000350680.3,unlabeled,False,0,self_learning,NC3
6063,ENST00000357992,ENSP00000350681.4,unlabeled,False,0,self_learning,NC3
6064,ENST00000357997,ENSP00000350686.5,train,True,0,self_learning,NC3
6065,ENST00000358005,ENSP00000350695.3,unlabeled,False,0,self_learning,NC3
6066,ENST00000358007,ENSP00000350698.3,train,True,0,self_learning,NC3
6067,ENST00000358011,ENSP00000350704.4,unlabeled,False,0,self_learning,NC3
6068,ENST00000358015,ENSP00000350708.3,train,True,0,self_learning,NC3
6069,ENST00000358025,ENSP00000350719.3,unlabeled,False,0,self_learning,NC3
6070,ENST00000358039,ENSP00000350734.4,unlabeled,False,0,self_learning,NC3
6071,ENST00000358102,ENSP00000350815.3,unlabeled,False,0,self_learning,NC3
6072,ENST00000358127,ENSP00000350844.4,unlabeled,False,0,self_learning,NC3
6073,ENST00000358130,ENSP00000350848.2,train,True,0,self_learning,NC3
6074,ENST00000358149,ENSP00000350869.3,train,True,0,self_learning,NC3
6075,ENST00000358160,0,unlabeled,False,0,self_learning,NC3
6076,ENST00000358173,ENSP00000350896.3,train,True,0,self_learning,NC3
6077,ENST00000358196,ENSP00000350928.3,unlabeled,False,0,self_learning,NC3
6078,ENST00000358201,ENSP00000350934.4,train,True,0,self_learning,NC3
6079,ENST00000358204,ENSP00000350937.4,train,True,0,self_learning,NC3
6080,ENST00000358215,ENSP00000350949.3,unlabeled,False,0,self_learning,NC3
6081,ENST00000358227,ENSP00000350961.4,unlabeled,False,0,self_learning,NC3
6082,ENST00000358232,ENSP00000350967.6,unlabeled,False,0,self_learning,NC3
6083,ENST00000358268,ENSP00000351008.2,unlabeled,False,0,self_learning,NC3
6084,ENST00000358290,ENSP00000351035.4,test,True,0,self_learning,NC3
6085,ENST00000358293,0,unlabeled,False,0,self_learning,NC3
6086,ENST00000358303,ENSP00000351052.4,val,True,0,self_learning,NC3
6087,ENST00000358314,ENSP00000351066.7,unlabeled,False,0,self_learning,NC3
6088,ENST00000358321,ENSP00000351075.3,unlabeled,False,0,self_learning,NC3
6089,ENST00000358350,ENSP00000351113.4,unlabeled,False,0,self_learning,NC3
6090,ENST00000358365,ENSP00000351132.3,train,True,0,self_learning,NC3
6091,ENST00000358368,ENSP00000351137.3,train,True,0,self_learning,NC3
6092,ENST00000358369,0,unlabeled,False,0,self_learning,NC3
6093,ENST00000358372,ENSP00000351141.4,unlabeled,False,0,self_learning,NC3
6094,ENST00000358377,0,unlabeled,False,0,self_learning,NC3
6095,ENST00000358385,ENSP00000351155.7,unlabeled,False,0,self_learning,NC3
6096,ENST00000358387,ENSP00000351157.5,unlabeled,False,0,self_learning,NC3
6097,ENST00000358389,ENSP00000351159.4,unlabeled,False,0,self_learning,NC3
6098,ENST00000358406,0,unlabeled,False,0,self_learning,NC3
6099,ENST00000358410,ENSP00000351185.3,val,True,0,self_learning,NC3
6100,ENST00000358430,ENSP00000351206.3,unlabeled,False,0,self_learning,NC3
6101,ENST00000358432,ENSP00000351209.5,train,True,0,self_learning,NC3
6102,ENST00000358450,ENSP00000351232.4,unlabeled,False,0,self_learning,NC3
6103,ENST00000358461,ENSP00000351245.2,unlabeled,False,0,self_learning,NC3
6104,ENST00000358465,ENSP00000351250.2,train,True,0,self_learning,NC3
6105,ENST00000358470,ENSP00000351255.4,unlabeled,False,0,self_learning,NC3
6106,ENST00000358491,ENSP00000351280.3,unlabeled,False,0,self_learning,NC3
6107,ENST00000358495,ENSP00000351284.3,unlabeled,False,0,self_learning,NC3
6108,ENST00000358514,ENSP00000351314.4,unlabeled,False,0,self_learning,NC3
6109,ENST00000358517,ENSP00000351318.2,unlabeled,False,0,self_learning,NC3
6110,ENST00000358528,ENSP00000351329.4,unlabeled,False,0,self_learning,NC3
6111,ENST00000358531,ENSP00000351333.4,unlabeled,False,0,self_learning,NC3
6112,ENST00000358536,ENSP00000351338.4,unlabeled,False,0,self_learning,NC3
6113,ENST00000358543,ENSP00000351345.4,unlabeled,False,0,self_learning,NC3
6114,ENST00000358572,ENSP00000351380.5,unlabeled,False,0,self_learning,NC3
6115,ENST00000358595,ENSP00000351407.5,val,True,0,self_learning,NC3
6116,ENST00000358597,ENSP00000351409.3,unlabeled,False,0,self_learning,NC3
6117,ENST00000358602,ENSP00000351416.4,train,True,0,self_learning,NC3
6118,ENST00000358664,ENSP00000351490.4,train,True,0,self_learning,NC3
6119,ENST00000358666,ENSP00000351492.2,unlabeled,False,0,self_learning,NC3
6120,ENST00000358679,0,unlabeled,False,0,self_learning,NC3
6121,ENST00000358689,ENSP00000351520.4,unlabeled,False,0,self_learning,NC3
6122,ENST00000358691,ENSP00000351524.5,unlabeled,False,0,self_learning,NC3
6123,ENST00000358701,ENSP00000351536.5,test,True,0,self_learning,NC3
6124,ENST00000358704,ENSP00000351539.4,train,True,0,self_learning,NC3
6125,ENST00000358715,ENSP00000351554.3,unlabeled,False,0,self_learning,NC3
6126,ENST00000358743,ENSP00000351593.1,unlabeled,False,0,self_learning,NC3
6127,ENST00000358755,ENSP00000351605.4,unlabeled,False,0,self_learning,NC3
6128,ENST00000358758,ENSP00000351608.7,unlabeled,False,0,self_learning,NC3
6129,ENST00000358763,ENSP00000351614.2,unlabeled,False,0,self_learning,NC3
6130,ENST00000358769,ENSP00000351619.2,unlabeled,False,0,self_learning,NC3
6131,ENST00000358776,ENSP00000357873.3,train,True,0,self_learning,NC3
6132,ENST00000358780,0,unlabeled,False,0,self_learning,NC3
6133,ENST00000358792,ENSP00000351644.6,train,True,0,self_learning,NC3
6134,ENST00000358807,ENSP00000351664.3,unlabeled,False,0,self_learning,NC3
6135,ENST00000358808,ENSP00000351665.2,unlabeled,False,0,self_learning,NC3
6136,ENST00000358812,ENSP00000351669.4,unlabeled,False,0,self_learning,NC3
6137,ENST00000358835,ENSP00000351697.3,unlabeled,False,0,self_learning,NC3
6138,ENST00000358867,ENSP00000351737.7,val,True,0,self_learning,NC3
6139,ENST00000358869,ENSP00000351740.2,train,True,0,self_learning,NC3
6140,ENST00000358897,ENSP00000351770.4,unlabeled,False,0,self_learning,NC3
6141,ENST00000358901,ENSP00000351777.6,val,True,0,self_learning,NC3
6142,ENST00000358912,ENSP00000351789.4,unlabeled,False,0,self_learning,NC3
6143,ENST00000358933,ENSP00000351811.5,train,True,0,self_learning,NC3
6144,ENST00000358935,ENSP00000351813.2,test,True,0,self_learning,NC3
6145,ENST00000358951,ENSP00000351832.2,unlabeled,False,0,self_learning,NC3
6146,ENST00000359015,ENSP00000351908.4,unlabeled,False,0,self_learning,NC3
6147,ENST00000359039,ENSP00000351933.4,train,True,0,self_learning,NC3
6148,ENST00000359042,ENSP00000351937.2,unlabeled,False,0,self_learning,NC3
6149,ENST00000359106,ENSP00000352011.5,unlabeled,False,0,self_learning,NC3
6150,ENST00000359114,ENSP00000352021.4,train,True,0,self_learning,NC3
6151,ENST00000359202,ENSP00000368207.2,unlabeled,False,0,self_learning,NC3
6152,ENST00000359204,ENSP00000360488.3,val,True,0,self_learning,NC3
6153,ENST00000359209,ENSP00000352138.6,train,True,0,self_learning,NC3
6154,ENST00000359228,0,unlabeled,False,0,self_learning,NC3
6155,ENST00000359232,ENSP00000352167.3,test,True,0,self_learning,NC3
6156,ENST00000359236,0,unlabeled,False,0,self_learning,NC3
6157,ENST00000359237,ENSP00000352173.4,unlabeled,False,0,self_learning,NC3
6158,ENST00000359246,ENSP00000352185.4,train,True,0,self_learning,NC3
6159,ENST00000359271,ENSP00000352216.2,unlabeled,False,0,self_learning,NC3
6160,ENST00000359303,ENSP00000352252.3,unlabeled,False,0,self_learning,NC3
6161,ENST00000359308,ENSP00000352257.4,train,True,0,self_learning,NC3
6162,ENST00000359314,ENSP00000352264.5,train,True,0,self_learning,NC3
6163,ENST00000359315,0,unlabeled,False,0,self_learning,NC3
6164,ENST00000359321,ENSP00000352271.1,unlabeled,False,0,self_learning,NC3
6165,ENST00000359332,ENSP00000352282.2,unlabeled,False,0,self_learning,NC3
6166,ENST00000359337,ENSP00000352288.4,train,True,0,self_learning,NC3
6167,ENST00000359345,0,unlabeled,False,0,self_learning,NC3
6168,ENST00000359358,ENSP00000352314.4,unlabeled,False,0,self_learning,NC3
6169,ENST00000359362,ENSP00000352320.4,unlabeled,False,0,self_learning,NC3
6170,ENST00000359428,ENSP00000352400.5,val,True,0,self_learning,NC3
6171,ENST00000359429,ENSP00000352401.6,train,True,0,self_learning,NC3
6172,ENST00000359435,ENSP00000352408.3,unlabeled,False,0,self_learning,NC3
6173,ENST00000359441,ENSP00000352414.3,unlabeled,False,0,self_learning,NC3
6174,ENST00000359467,ENSP00000352444.2,unlabeled,False,0,self_learning,NC3
6175,ENST00000359520,ENSP00000352510.7,unlabeled,False,0,self_learning,NC3
6176,ENST00000359523,ENSP00000352513.2,train,True,0,self_learning,NC3
6177,ENST00000359530,ENSP00000352522.2,train,True,0,self_learning,NC3
6178,ENST00000359534,ENSP00000352527.3,unlabeled,False,0,self_learning,NC3
6179,ENST00000359541,ENSP00000352536.2,train,True,0,self_learning,NC3
6180,ENST00000359543,ENSP00000352540.3,train,True,0,self_learning,NC3
6181,ENST00000359562,ENSP00000352565.4,unlabeled,False,0,self_learning,NC3
6182,ENST00000359568,ENSP00000352572.5,unlabeled,False,0,self_learning,NC3
6183,ENST00000359576,ENSP00000352581.6,unlabeled,False,0,self_learning,NC3
6184,ENST00000359591,ENSP00000352601.4,unlabeled,False,0,self_learning,NC3
6185,ENST00000359593,ENSP00000352603.4,unlabeled,False,0,self_learning,NC3
6186,ENST00000359595,ENSP00000352606.4,unlabeled,False,0,self_learning,NC3
6187,ENST00000359596,ENSP00000352608.2,unlabeled,False,0,self_learning,NC3
6188,ENST00000359600,ENSP00000352614.5,unlabeled,False,0,self_learning,NC3
6189,ENST00000359611,ENSP00000352627.3,unlabeled,False,0,self_learning,NC3
6190,ENST00000359623,ENSP00000352642.4,unlabeled,False,0,self_learning,NC3
6191,ENST00000359626,ENSP00000352645.5,train,True,0,self_learning,NC3
6192,ENST00000359644,ENSP00000352665.3,unlabeled,False,0,self_learning,NC3
6193,ENST00000359645,ENSP00000352667.3,unlabeled,False,0,self_learning,NC3
6194,ENST00000359653,ENSP00000352676.4,train,True,0,self_learning,NC3
6195,ENST00000359655,ENSP00000352678.4,val,True,0,self_learning,NC3
6196,ENST00000359678,ENSP00000352706.5,train,True,0,self_learning,NC3
6197,ENST00000359692,ENSP00000352721.6,train,True,0,self_learning,NC3
6198,ENST00000359775,ENSP00000352821.5,unlabeled,False,0,self_learning,NC3
6199,ENST00000359788,ENSP00000352836.3,unlabeled,False,0,self_learning,NC3
6200,ENST00000359794,ENSP00000352842.5,unlabeled,False,0,self_learning,NC3
6201,ENST00000359842,ENSP00000352900.5,unlabeled,False,0,self_learning,NC3
6202,ENST00000359856,ENSP00000352918.6,train,True,0,self_learning,NC3
6203,ENST00000359865,ENSP00000352927.3,unlabeled,False,0,self_learning,NC3
6204,ENST00000359866,ENSP00000352928.3,unlabeled,False,0,self_learning,NC3
6205,ENST00000359878,ENSP00000352941.3,unlabeled,False,0,self_learning,NC3
6206,ENST00000359890,ENSP00000352956.3,train,True,0,self_learning,NC3
6207,ENST00000359894,ENSP00000352962.2,unlabeled,False,0,self_learning,NC3
6208,ENST00000359918,ENSP00000352992.4,train,True,0,self_learning,NC3
6209,ENST00000359930,ENSP00000353007.4,unlabeled,False,0,self_learning,NC3
6210,ENST00000359933,ENSP00000353010.4,train,True,0,self_learning,NC3
6211,ENST00000359947,ENSP00000353030.4,val,True,0,self_learning,NC3
6212,ENST00000359957,ENSP00000353042.3,unlabeled,False,0,self_learning,NC3
6213,ENST00000360003,ENSP00000353098.3,train,True,0,self_learning,NC3
6214,ENST00000360009,ENSP00000353104.2,train,True,0,self_learning,NC3
6215,ENST00000360013,ENSP00000353109.3,unlabeled,False,0,self_learning,NC3
6216,ENST00000360029,ENSP00000353129.3,unlabeled,False,0,self_learning,NC3
6217,ENST00000360032,ENSP00000353132.3,unlabeled,False,0,self_learning,NC3
6218,ENST00000360128,ENSP00000353246.5,val,True,0,self_learning,NC3
6219,ENST00000360131,ENSP00000353249.4,unlabeled,False,0,self_learning,NC3
6220,ENST00000360150,ENSP00000353270.4,train,True,0,self_learning,NC3
6221,ENST00000360184,ENSP00000348965.4,train,True,0,self_learning,NC3
6222,ENST00000360187,ENSP00000353314.3,unlabeled,False,0,self_learning,NC3
6223,ENST00000360214,ENSP00000353344.3,unlabeled,False,0,self_learning,NC3
6224,ENST00000360221,ENSP00000353355.4,unlabeled,False,0,self_learning,NC3
6225,ENST00000360228,ENSP00000353362.5,unlabeled,False,0,self_learning,NC3
6226,ENST00000360240,ENSP00000353375.6,unlabeled,False,0,self_learning,NC3
6227,ENST00000360242,0,unlabeled,False,0,self_learning,NC3
6228,ENST00000360252,0,unlabeled,False,0,self_learning,NC3
6229,ENST00000360256,ENSP00000353393.4,train,True,0,self_learning,NC3
6230,ENST00000360258,ENSP00000353395.4,unlabeled,False,0,self_learning,NC3
6231,ENST00000360270,ENSP00000353408.5,train,True,0,self_learning,NC3
6232,ENST00000360280,ENSP00000353422.3,train,True,0,self_learning,NC3
6233,ENST00000360299,ENSP00000353444.5,unlabeled,False,0,self_learning,NC3
6234,ENST00000360315,ENSP00000353463.3,unlabeled,False,0,self_learning,NC3
6235,ENST00000360321,0,unlabeled,False,0,self_learning,NC3
6236,ENST00000360338,ENSP00000353491.2,train,True,0,self_learning,NC3
6237,ENST00000360351,ENSP00000353508.4,unlabeled,False,0,self_learning,NC3
6238,ENST00000360356,ENSP00000353512.2,unlabeled,False,0,self_learning,NC3
6239,ENST00000360359,ENSP00000353518.3,train,True,0,self_learning,NC3
6240,ENST00000360375,ENSP00000353538.3,unlabeled,False,0,self_learning,NC3
6241,ENST00000360380,ENSP00000353544.3,unlabeled,False,0,self_learning,NC3
6242,ENST00000360388,ENSP00000353557.4,unlabeled,False,0,self_learning,NC3
6243,ENST00000360403,ENSP00000353575.2,val,True,0,self_learning,NC3
6244,ENST00000360409,ENSP00000353582.3,unlabeled,False,0,self_learning,NC3
6245,ENST00000360428,ENSP00000353608.4,train,True,0,self_learning,NC3
6246,ENST00000360461,ENSP00000353646.5,unlabeled,False,0,self_learning,NC3
6247,ENST00000360465,ENSP00000353652.3,unlabeled,False,0,self_learning,NC3
6248,ENST00000360467,ENSP00000353654.5,train,True,0,self_learning,NC3
6249,ENST00000360472,ENSP00000353660.5,unlabeled,False,0,self_learning,NC3
6250,ENST00000360476,ENSP00000353664.3,unlabeled,False,0,self_learning,NC3
6251,ENST00000360490,ENSP00000353679.2,unlabeled,False,0,self_learning,NC3
6252,ENST00000360524,ENSP00000353717.8,unlabeled,False,0,self_learning,NC3
6253,ENST00000360534,ENSP00000353731.3,unlabeled,False,0,self_learning,NC3
6254,ENST00000360535,ENSP00000353732.3,unlabeled,False,0,self_learning,NC3
6255,ENST00000360537,ENSP00000353734.2,unlabeled,False,0,self_learning,NC3
6256,ENST00000360538,ENSP00000353735.2,unlabeled,False,0,self_learning,NC3
6257,ENST00000360540,ENSP00000353739.5,unlabeled,False,0,self_learning,NC3
6258,ENST00000360541,ENSP00000353741.5,val,True,0,self_learning,NC3
6259,ENST00000360564,ENSP00000353767.1,unlabeled,False,0,self_learning,NC3
6260,ENST00000360565,ENSP00000353769.2,val,True,0,self_learning,NC3
6261,ENST00000360578,ENSP00000353785.5,train,True,0,self_learning,NC3
6262,ENST00000360586,ENSP00000353793.3,train,True,0,self_learning,NC3
6263,ENST00000360587,ENSP00000353794.3,unlabeled,False,0,self_learning,NC3
6264,ENST00000360596,ENSP00000353804.2,unlabeled,False,0,self_learning,NC3
6265,ENST00000360612,ENSP00000353824.4,unlabeled,False,0,self_learning,NC3
6266,ENST00000360614,ENSP00000353826.2,unlabeled,False,0,self_learning,NC3
6267,ENST00000360635,ENSP00000353850.3,unlabeled,False,0,self_learning,NC3
6268,ENST00000360639,ENSP00000353854.2,unlabeled,False,0,self_learning,NC3
6269,ENST00000360652,ENSP00000353868.2,unlabeled,False,0,self_learning,NC3
6270,ENST00000360655,ENSP00000353871.4,unlabeled,False,0,self_learning,NC3
6271,ENST00000360668,ENSP00000353886.3,unlabeled,False,0,self_learning,NC3
6272,ENST00000360689,ENSP00000353910.5,unlabeled,False,0,self_learning,NC3
6273,ENST00000360716,0,unlabeled,False,0,self_learning,NC3
6274,ENST00000360768,0,unlabeled,False,0,self_learning,NC3
6275,ENST00000360772,ENSP00000354004.3,unlabeled,False,0,self_learning,NC3
6276,ENST00000360774,ENSP00000354006.1,unlabeled,False,0,self_learning,NC3
6277,ENST00000360803,ENSP00000354040.4,train,True,0,self_learning,NC3
6278,ENST00000360820,ENSP00000354061.2,unlabeled,False,0,self_learning,NC3
6279,ENST00000360835,ENSP00000354080.3,unlabeled,False,0,self_learning,NC3
6280,ENST00000360839,ENSP00000354085.2,unlabeled,False,0,self_learning,NC3
6281,ENST00000360840,ENSP00000354086.5,test,True,0,self_learning,NC3
6282,ENST00000360845,ENSP00000354091.2,unlabeled,False,0,self_learning,NC3
6283,ENST00000360864,ENSP00000354111.4,train,True,0,self_learning,NC3
6284,ENST00000360872,0,unlabeled,False,0,self_learning,NC3
6285,ENST00000360876,ENSP00000354125.4,train,True,0,self_learning,NC3
6286,ENST00000360943,ENSP00000354201.5,train,True,0,self_learning,NC3
6287,ENST00000360945,ENSP00000354204.2,unlabeled,False,0,self_learning,NC3
6288,ENST00000360947,ENSP00000354206.3,unlabeled,False,0,self_learning,NC3
6289,ENST00000360954,ENSP00000354213.2,unlabeled,False,0,self_learning,NC3
6290,ENST00000360957,ENSP00000354218.4,unlabeled,False,0,self_learning,NC3
6291,ENST00000360961,ENSP00000354223.6,train,True,0,self_learning,NC3
6292,ENST00000360982,ENSP00000354251.2,train,True,0,self_learning,NC3
6293,ENST00000361028,0,unlabeled,False,0,self_learning,NC3
6294,ENST00000361055,ENSP00000354340.4,train,True,0,self_learning,NC3
6295,ENST00000361059,0,unlabeled,False,0,self_learning,NC3
6296,ENST00000361060,ENSP00000354347.4,unlabeled,False,0,self_learning,NC3
6297,ENST00000361066,ENSP00000354357.2,unlabeled,False,0,self_learning,NC3
6298,ENST00000361069,ENSP00000354360.4,train,True,0,self_learning,NC3
6299,ENST00000361070,ENSP00000354361.4,unlabeled,False,0,self_learning,NC3
6300,ENST00000361085,ENSP00000354377.4,unlabeled,False,0,self_learning,NC3
6301,ENST00000361092,ENSP00000354387.4,unlabeled,False,0,self_learning,NC3
6302,ENST00000361099,ENSP00000354394.4,unlabeled,False,0,self_learning,NC3
6303,ENST00000361113,0,unlabeled,False,0,self_learning,NC3
6304,ENST00000361114,ENSP00000354415.5,unlabeled,False,0,self_learning,NC3
6305,ENST00000361125,ENSP00000354621.1,unlabeled,False,0,self_learning,NC3
6306,ENST00000361127,ENSP00000355396.4,train,True,0,self_learning,NC3
6307,ENST00000361131,0,unlabeled,False,0,self_learning,NC3
6308,ENST00000361138,ENSP00000354957.5,train,True,0,self_learning,NC3
6309,ENST00000361170,ENSP00000354451.2,train,True,0,self_learning,NC3
6310,ENST00000361171,ENSP00000354772.3,unlabeled,False,0,self_learning,NC3
6311,ENST00000361175,ENSP00000354436.4,unlabeled,False,0,self_learning,NC3
6312,ENST00000361183,ENSP00000354947.2,train,True,0,self_learning,NC3
6313,ENST00000361189,ENSP00000354775.2,unlabeled,False,0,self_learning,NC3
6314,ENST00000361193,ENSP00000355384.3,unlabeled,False,0,self_learning,NC3
6315,ENST00000361198,ENSP00000354616.5,unlabeled,False,0,self_learning,NC3
6316,ENST00000361204,ENSP00000354476.4,train,True,0,self_learning,NC3
6317,ENST00000361209,ENSP00000354504.2,unlabeled,False,0,self_learning,NC3
6318,ENST00000361216,ENSP00000354490.3,unlabeled,False,0,self_learning,NC3
6319,ENST00000361217,0,unlabeled,False,0,self_learning,NC3
6320,ENST00000361221,ENSP00000355060.3,unlabeled,False,0,self_learning,NC3
6321,ENST00000361227,ENSP00000355206.2,train,True,0,self_learning,NC3
6322,ENST00000361228,ENSP00000354884.3,train,True,0,self_learning,NC3
6323,ENST00000361243,ENSP00000354718.2,train,True,0,self_learning,NC3
6324,ENST00000361246,ENSP00000355237.2,train,True,0,self_learning,NC3
6325,ENST00000361256,ENSP00000354812.5,train,True,0,self_learning,NC3
6326,ENST00000361264,ENSP00000355114.3,val,True,0,self_learning,NC3
6327,ENST00000361271,ENSP00000355308.3,unlabeled,False,0,self_learning,NC3
6328,ENST00000361272,ENSP00000355279.4,val,True,0,self_learning,NC3
6329,ENST00000361288,ENSP00000354633.4,train,True,0,self_learning,NC3
6330,ENST00000361297,ENSP00000354671.2,unlabeled,False,0,self_learning,NC3
6331,ENST00000361311,ENSP00000354997.4,unlabeled,False,0,self_learning,NC3
6332,ENST00000361328,ENSP00000355053.3,unlabeled,False,0,self_learning,NC3
6333,ENST00000361335,ENSP00000354728.1,unlabeled,False,0,self_learning,NC3
6334,ENST00000361337,ENSP00000354522.2,train,True,0,self_learning,NC3
6335,ENST00000361355,ENSP00000354610.4,unlabeled,False,0,self_learning,NC3
6336,ENST00000361360,ENSP00000355001.2,val,True,0,self_learning,NC3
6337,ENST00000361362,ENSP00000354453.2,unlabeled,False,0,self_learning,NC3
6338,ENST00000361367,ENSP00000355013.2,train,True,0,self_learning,NC3
6339,ENST00000361381,ENSP00000354961.2,train,True,0,self_learning,NC3
6340,ENST00000361383,ENSP00000355050.6,train,True,0,self_learning,NC3
6341,ENST00000361384,ENSP00000355185.2,unlabeled,False,0,self_learning,NC3
6342,ENST00000361387,ENSP00000355179.2,unlabeled,False,0,self_learning,NC3
6343,ENST00000361390,ENSP00000354687.2,unlabeled,False,0,self_learning,NC3
6344,ENST00000361413,ENSP00000355250.3,unlabeled,False,0,self_learning,NC3
6345,ENST00000361417,ENSP00000354498.2,unlabeled,False,0,self_learning,NC3
6346,ENST00000361420,ENSP00000355010.3,unlabeled,False,0,self_learning,NC3
6347,ENST00000361421,ENSP00000354842.1,unlabeled,False,0,self_learning,NC3
6348,ENST00000361427,ENSP00000355228.5,train,True,0,self_learning,NC3
6349,ENST00000361428,ENSP00000354964.2,val,True,0,self_learning,NC3
6350,ENST00000361432,ENSP00000354688.2,train,True,0,self_learning,NC3
6351,ENST00000361436,ENSP00000354739.5,train,True,0,self_learning,NC3
6352,ENST00000361439,ENSP00000355077.4,val,True,0,self_learning,NC3
6353,ENST00000361441,ENSP00000355340.3,val,True,0,self_learning,NC3
6354,ENST00000361443,ENSP00000354482.4,unlabeled,False,0,self_learning,NC3
6355,ENST00000361445,ENSP00000354558.4,train,True,0,self_learning,NC3
6356,ENST00000361453,ENSP00000355046.4,train,True,0,self_learning,NC3
6357,ENST00000361462,0,unlabeled,False,0,self_learning,NC3
6358,ENST00000361464,ENSP00000354850.3,train,True,0,self_learning,NC3
6359,ENST00000361470,ENSP00000354912.2,unlabeled,False,0,self_learning,NC3
6360,ENST00000361473,0,unlabeled,False,0,self_learning,NC3
6361,ENST00000361474,ENSP00000354910.1,unlabeled,False,0,self_learning,NC3
6362,ENST00000361475,ENSP00000355330.2,test,True,0,self_learning,NC3
6363,ENST00000361478,ENSP00000355014.1,val,True,0,self_learning,NC3
6364,ENST00000361479,ENSP00000355388.4,train,True,0,self_learning,NC3
6365,ENST00000361487,ENSP00000355245.6,unlabeled,False,0,self_learning,NC3
6366,ENST00000361488,ENSP00000355204.3,unlabeled,False,0,self_learning,NC3
6367,ENST00000361499,ENSP00000354913.3,unlabeled,False,0,self_learning,NC3
6368,ENST00000361505,ENSP00000354532.6,unlabeled,False,0,self_learning,NC3
6369,ENST00000361507,ENSP00000354952.4,unlabeled,False,0,self_learning,NC3
6370,ENST00000361518,ENSP00000355251.5,unlabeled,False,0,self_learning,NC3
6371,ENST00000361523,ENSP00000355231.3,unlabeled,False,0,self_learning,NC3
6372,ENST00000361524,ENSP00000354794.3,unlabeled,False,0,self_learning,NC3
6373,ENST00000361528,ENSP00000354673.4,unlabeled,False,0,self_learning,NC3
6374,ENST00000361530,ENSP00000354609.6,unlabeled,False,0,self_learning,NC3
6375,ENST00000361531,ENSP00000354525.2,unlabeled,False,0,self_learning,NC3
6376,ENST00000361544,ENSP00000354916.6,unlabeled,False,0,self_learning,NC3
6377,ENST00000361547,ENSP00000355141.2,test,True,0,self_learning,NC3
6378,ENST00000361564,ENSP00000354676.4,unlabeled,False,0,self_learning,NC3
6379,ENST00000361565,ENSP00000354742.4,train,True,0,self_learning,NC3
6380,ENST00000361566,ENSP00000355124.3,train,True,0,self_learning,NC3
6381,ENST00000361567,ENSP00000354813.2,train,True,0,self_learning,NC3
6382,ENST00000361568,ENSP00000354608.2,val,True,0,self_learning,NC3
6383,ENST00000361574,ENSP00000355385.4,train,True,0,self_learning,NC3
6384,ENST00000361580,ENSP00000354560.2,test,True,0,self_learning,NC3
6385,ENST00000361582,ENSP00000355028.3,unlabeled,False,0,self_learning,NC3
6386,ENST00000361584,ENSP00000354547.4,unlabeled,False,0,self_learning,NC3
6387,ENST00000361603,ENSP00000354505.2,unlabeled,False,0,self_learning,NC3
6388,ENST00000361605,0,unlabeled,False,0,self_learning,NC3
6389,ENST00000361611,ENSP00000355325.6,train,True,0,self_learning,NC3
6390,ENST00000361618,ENSP00000354583.3,unlabeled,False,0,self_learning,NC3
6391,ENST00000361624,ENSP00000354499.2,unlabeled,False,0,self_learning,NC3
6392,ENST00000361640,ENSP00000355377.4,unlabeled,False,0,self_learning,NC3
6393,ENST00000361664,0,unlabeled,False,0,self_learning,NC3
6394,ENST00000361671,ENSP00000354972.5,train,True,0,self_learning,NC3
6395,ENST00000361673,ENSP00000354991.3,unlabeled,False,0,self_learning,NC3
6396,ENST00000361681,ENSP00000354665.2,train,True,0,self_learning,NC3
6397,ENST00000361682,ENSP00000354511.6,unlabeled,False,0,self_learning,NC3
6398,ENST00000361684,ENSP00000354441.4,unlabeled,False,0,self_learning,NC3
6399,ENST00000361711,ENSP00000355374.3,unlabeled,False,0,self_learning,NC3
6400,ENST00000361717,ENSP00000354911.2,unlabeled,False,0,self_learning,NC3
6401,ENST00000361720,ENSP00000354645.5,train,True,0,self_learning,NC3
6402,ENST00000361722,ENSP00000354777.3,unlabeled,False,0,self_learning,NC3
6403,ENST00000361725,ENSP00000354478.4,unlabeled,False,0,self_learning,NC3
6404,ENST00000361731,0,unlabeled,False,0,self_learning,NC3
6405,ENST00000361733,ENSP00000354485.4,unlabeled,False,0,self_learning,NC3
6406,ENST00000361735,ENSP00000354920.3,train,True,0,self_learning,NC3
6407,ENST00000361739,ENSP00000354876.1,train,True,0,self_learning,NC3
6408,ENST00000361752,ENSP00000355094.3,val,True,0,self_learning,NC3
6409,ENST00000361756,ENSP00000354571.3,train,True,0,self_learning,NC3
6410,ENST00000361762,ENSP00000355243.2,unlabeled,False,0,self_learning,NC3
6411,ENST00000361771,ENSP00000355317.3,unlabeled,False,0,self_learning,NC3
6412,ENST00000361781,ENSP00000354829.2,unlabeled,False,0,self_learning,NC3
6413,ENST00000361786,ENSP00000355319.2,unlabeled,False,0,self_learning,NC3
6414,ENST00000361789,ENSP00000354554.2,train,True,0,self_learning,NC3
6415,ENST00000361804,ENSP00000354720.5,test,True,0,self_learning,NC3
6416,ENST00000361813,ENSP00000355261.5,train,True,0,self_learning,NC3
6417,ENST00000361822,ENSP00000354501.3,unlabeled,False,0,self_learning,NC3
6418,ENST00000361837,ENSP00000355022.4,unlabeled,False,0,self_learning,NC3
6419,ENST00000361840,ENSP00000354774.3,train,True,0,self_learning,NC3
6420,ENST00000361847,ENSP00000355304.2,unlabeled,False,0,self_learning,NC3
6421,ENST00000361851,ENSP00000355265.1,train,True,0,self_learning,NC3
6422,ENST00000361866,ENSP00000355180.3,test,True,0,self_learning,NC3
6423,ENST00000361891,ENSP00000355011.4,train,True,0,self_learning,NC3
6424,ENST00000361899,ENSP00000354632.2,train,True,0,self_learning,NC3
6425,ENST00000361900,ENSP00000355387.6,unlabeled,False,0,self_learning,NC3
6426,ENST00000361901,ENSP00000354513.2,unlabeled,False,0,self_learning,NC3
6427,ENST00000361908,ENSP00000354681.3,train,True,0,self_learning,NC3
6428,ENST00000361923,ENSP00000355031.2,unlabeled,False,0,self_learning,NC3
6429,ENST00000361927,ENSP00000354960.4,train,True,0,self_learning,NC3
6430,ENST00000361936,ENSP00000354814.5,unlabeled,False,0,self_learning,NC3
6431,ENST00000361952,ENSP00000354518.3,train,True,0,self_learning,NC3
6432,ENST00000361961,ENSP00000354851.3,unlabeled,False,0,self_learning,NC3
6433,ENST00000361971,ENSP00000355378.5,unlabeled,False,0,self_learning,NC3
6434,ENST00000361983,ENSP00000354848.4,unlabeled,False,0,self_learning,NC3
6435,ENST00000361987,ENSP00000355370.4,unlabeled,False,0,self_learning,NC3
6436,ENST00000361991,ENSP00000354942.2,unlabeled,False,0,self_learning,NC3
6437,ENST00000362006,ENSP00000355078.5,unlabeled,False,0,self_learning,NC3
6438,ENST00000362007,ENSP00000354553.1,train,True,0,self_learning,NC3
6439,ENST00000362011,0,unlabeled,False,0,self_learning,NC3
6440,ENST00000362031,ENSP00000355217.5,unlabeled,False,0,self_learning,NC3
6441,ENST00000362034,ENSP00000354580.2,train,True,0,self_learning,NC3
6442,ENST00000362042,ENSP00000354855.3,unlabeled,False,0,self_learning,NC3
6443,ENST00000362057,ENSP00000354623.3,unlabeled,False,0,self_learning,NC3
6444,ENST00000362063,ENSP00000354686.2,unlabeled,False,0,self_learning,NC3
6445,ENST00000362079,ENSP00000354982.2,unlabeled,False,0,self_learning,NC3
6446,ENST00000366197,0,unlabeled,False,0,self_learning,NC3
6447,ENST00000366425,ENSP00000383382.2,train,True,0,self_learning,NC3
6448,ENST00000366472,ENSP00000355428.5,unlabeled,False,0,self_learning,NC3
6449,ENST00000366481,ENSP00000355437.3,unlabeled,False,0,self_learning,NC3
6450,ENST00000366503,0,unlabeled,False,0,self_learning,NC3
6451,ENST00000366510,ENSP00000355467.3,train,True,0,self_learning,NC3
6452,ENST00000366513,ENSP00000355470.4,test,True,0,self_learning,NC3
6453,ENST00000366514,ENSP00000355471.4,val,True,0,self_learning,NC3
6454,ENST00000366534,ENSP00000355492.4,unlabeled,False,0,self_learning,NC3
6455,ENST00000366535,ENSP00000355493.3,train,True,0,self_learning,NC3
6456,ENST00000366548,ENSP00000355506.3,train,True,0,self_learning,NC3
6457,ENST00000366554,ENSP00000355512.2,unlabeled,False,0,self_learning,NC3
6458,ENST00000366560,ENSP00000355518.4,train,True,0,self_learning,NC3
6459,ENST00000366563,ENSP00000355521.1,unlabeled,False,0,self_learning,NC3
6460,ENST00000366577,ENSP00000355536.5,train,True,0,self_learning,NC3
6461,ENST00000366578,ENSP00000355537.4,unlabeled,False,0,self_learning,NC3
6462,ENST00000366582,ENSP00000355541.3,train,True,0,self_learning,NC3
6463,ENST00000366592,ENSP00000355551.3,unlabeled,False,0,self_learning,NC3
6464,ENST00000366607,ENSP00000355566.4,val,True,0,self_learning,NC3
6465,ENST00000366612,ENSP00000355571.1,unlabeled,False,0,self_learning,NC3
6466,ENST00000366618,ENSP00000355577.3,unlabeled,False,0,self_learning,NC3
6467,ENST00000366621,ENSP00000355580.3,unlabeled,False,0,self_learning,NC3
6468,ENST00000366624,ENSP00000355583.3,val,True,0,self_learning,NC3
6469,ENST00000366628,ENSP00000355587.4,train,True,0,self_learning,NC3
6470,ENST00000366630,ENSP00000355589.1,unlabeled,False,0,self_learning,NC3
6471,ENST00000366636,ENSP00000355596.4,unlabeled,False,0,self_learning,NC3
6472,ENST00000366639,ENSP00000355599.3,train,True,0,self_learning,NC3
6473,ENST00000366641,ENSP00000355601.3,val,True,0,self_learning,NC3
6474,ENST00000366645,ENSP00000355605.2,train,True,0,self_learning,NC3
6475,ENST00000366647,ENSP00000355607.4,train,True,0,self_learning,NC3
6476,ENST00000366649,0,unlabeled,False,0,self_learning,NC3
6477,ENST00000366654,0,unlabeled,False,0,self_learning,NC3
6478,ENST00000366661,ENSP00000355621.4,test,True,0,self_learning,NC3
6479,ENST00000366663,0,unlabeled,False,0,self_learning,NC3
6480,ENST00000366669,ENSP00000355629.4,train,True,0,self_learning,NC3
6481,ENST00000366671,ENSP00000355631.3,unlabeled,False,0,self_learning,NC3
6482,ENST00000366672,ENSP00000355632.4,train,True,0,self_learning,NC3
6483,ENST00000366684,ENSP00000355645.3,unlabeled,False,0,self_learning,NC3
6484,ENST00000366690,ENSP00000355651.4,train,True,0,self_learning,NC3
6485,ENST00000366697,ENSP00000355658.2,unlabeled,False,0,self_learning,NC3
6486,ENST00000366711,ENSP00000355672.3,val,True,0,self_learning,NC3
6487,ENST00000366714,ENSP00000355675.2,unlabeled,False,0,self_learning,NC3
6488,ENST00000366718,0,unlabeled,False,0,self_learning,NC3
6489,ENST00000366735,ENSP00000355696.1,unlabeled,False,0,self_learning,NC3
6490,ENST00000366769,ENSP00000355731.3,unlabeled,False,0,self_learning,NC3
6491,ENST00000366783,ENSP00000355747.3,unlabeled,False,0,self_learning,NC3
6492,ENST00000366788,0,unlabeled,False,0,self_learning,NC3
6493,ENST00000366794,ENSP00000355759.5,val,True,0,self_learning,NC3
6494,ENST00000366806,0,unlabeled,False,0,self_learning,NC3
6495,ENST00000366812,ENSP00000355777.5,train,True,0,self_learning,NC3
6496,ENST00000366835,ENSP00000355800.3,unlabeled,False,0,self_learning,NC3
6497,ENST00000366847,ENSP00000355812.3,unlabeled,False,0,self_learning,NC3
6498,ENST00000366862,ENSP00000355827.5,train,True,0,self_learning,NC3
6499,ENST00000366889,ENSP00000355855.2,unlabeled,False,0,self_learning,NC3
6500,ENST00000366898,ENSP00000355865.1,unlabeled,False,0,self_learning,NC3
6501,ENST00000366899,ENSP00000355866.3,unlabeled,False,0,self_learning,NC3
6502,ENST00000366903,ENSP00000355870.5,unlabeled,False,0,self_learning,NC3
6503,ENST00000366910,ENSP00000355877.5,unlabeled,False,0,self_learning,NC3
6504,ENST00000366913,ENSP00000355880.3,train,True,0,self_learning,NC3
6505,ENST00000366917,ENSP00000355884.5,train,True,0,self_learning,NC3
6506,ENST00000366922,ENSP00000355889.2,test,True,0,self_learning,NC3
6507,ENST00000366923,ENSP00000355890.3,train,True,0,self_learning,NC3
6508,ENST00000366928,ENSP00000355895.5,train,True,0,self_learning,NC3
6509,ENST00000366930,ENSP00000355897.4,unlabeled,False,0,self_learning,NC3
6510,ENST00000366932,ENSP00000355899.3,val,True,0,self_learning,NC3
6511,ENST00000366933,ENSP00000355900.4,unlabeled,False,0,self_learning,NC3
6512,ENST00000366935,ENSP00000355902.3,val,True,0,self_learning,NC3
6513,ENST00000366955,ENSP00000355922.3,val,True,0,self_learning,NC3
6514,ENST00000366956,ENSP00000355923.4,train,True,0,self_learning,NC3
6515,ENST00000366957,ENSP00000355924.5,train,True,0,self_learning,NC3
6516,ENST00000366960,ENSP00000355927.3,train,True,0,self_learning,NC3
6517,ENST00000366962,ENSP00000355929.3,test,True,0,self_learning,NC3
6518,ENST00000366971,ENSP00000355938.4,train,True,0,self_learning,NC3
6519,ENST00000366974,ENSP00000355941.4,unlabeled,False,0,self_learning,NC3
6520,ENST00000366977,ENSP00000355944.3,train,True,0,self_learning,NC3
6521,ENST00000366988,ENSP00000355955.3,train,True,0,self_learning,NC3
6522,ENST00000366991,ENSP00000355958.4,train,True,0,self_learning,NC3
6523,ENST00000366994,ENSP00000355961.3,test,True,0,self_learning,NC3
6524,ENST00000366997,ENSP00000355964.4,unlabeled,False,0,self_learning,NC3
6525,ENST00000366999,ENSP00000355966.4,unlabeled,False,0,self_learning,NC3
6526,ENST00000367001,ENSP00000355968.4,train,True,0,self_learning,NC3
6527,ENST00000367021,ENSP00000355988.3,unlabeled,False,0,self_learning,NC3
6528,ENST00000367029,ENSP00000355996.4,unlabeled,False,0,self_learning,NC3
6529,ENST00000367033,ENSP00000356000.3,unlabeled,False,0,self_learning,NC3
6530,ENST00000367034,ENSP00000356001.4,train,True,0,self_learning,NC3
6531,ENST00000367048,ENSP00000356015.4,train,True,0,self_learning,NC3
6532,ENST00000367058,ENSP00000356025.3,unlabeled,False,0,self_learning,NC3
6533,ENST00000367064,ENSP00000356031.4,unlabeled,False,0,self_learning,NC3
6534,ENST00000367080,ENSP00000356047.3,train,True,0,self_learning,NC3
6535,ENST00000367089,ENSP00000356056.3,train,True,0,self_learning,NC3
6536,ENST00000367097,ENSP00000356064.3,unlabeled,False,0,self_learning,NC3
6537,ENST00000367123,ENSP00000478290.1,unlabeled,False,0,self_learning,NC3
6538,ENST00000367126,ENSP00000356094.4,unlabeled,False,0,self_learning,NC3
6539,ENST00000367136,ENSP00000356104.4,unlabeled,False,0,self_learning,NC3
6540,ENST00000367137,ENSP00000356105.3,unlabeled,False,0,self_learning,NC3
6541,ENST00000367139,ENSP00000356107.3,unlabeled,False,0,self_learning,NC3
6542,ENST00000367142,ENSP00000356110.4,train,True,0,self_learning,NC3
6543,ENST00000367145,ENSP00000356113.3,unlabeled,False,0,self_learning,NC3
6544,ENST00000367147,ENSP00000356115.4,unlabeled,False,0,self_learning,NC3
6545,ENST00000367157,ENSP00000356125.5,unlabeled,False,0,self_learning,NC3
6546,ENST00000367162,ENSP00000356130.3,train,True,0,self_learning,NC3
6547,ENST00000367166,ENSP00000356134.4,val,True,0,self_learning,NC3
6548,ENST00000367167,0,unlabeled,False,0,self_learning,NC3
6549,ENST00000367175,ENSP00000356143.1,unlabeled,False,0,self_learning,NC3
6550,ENST00000367182,ENSP00000356150.3,unlabeled,False,0,self_learning,NC3
6551,ENST00000367187,ENSP00000356155.3,unlabeled,False,0,self_learning,NC3
6552,ENST00000367188,ENSP00000356156.4,unlabeled,False,0,self_learning,NC3
6553,ENST00000367202,ENSP00000356170.4,unlabeled,False,0,self_learning,NC3
6554,ENST00000367204,ENSP00000356172.1,train,True,0,self_learning,NC3
6555,ENST00000367233,ENSP00000356202.5,train,True,0,self_learning,NC3
6556,ENST00000367236,ENSP00000356205.4,unlabeled,False,0,self_learning,NC3
6557,ENST00000367240,0,unlabeled,False,0,self_learning,NC3
6558,ENST00000367242,0,unlabeled,False,0,self_learning,NC3
6559,ENST00000367249,ENSP00000356218.4,train,True,0,self_learning,NC3
6560,ENST00000367255,ENSP00000356224.5,train,True,0,self_learning,NC3
6561,ENST00000367261,ENSP00000356230.3,unlabeled,False,0,self_learning,NC3
6562,ENST00000367262,ENSP00000356231.3,train,True,0,self_learning,NC3
6563,ENST00000367265,ENSP00000356234.3,unlabeled,False,0,self_learning,NC3
6564,ENST00000367268,ENSP00000356237.4,unlabeled,False,0,self_learning,NC3
6565,ENST00000367287,ENSP00000356256.4,train,True,0,self_learning,NC3
6566,ENST00000367288,ENSP00000356257.4,train,True,0,self_learning,NC3
6567,ENST00000367294,ENSP00000356263.3,train,True,0,self_learning,NC3
6568,ENST00000367296,ENSP00000356265.4,unlabeled,False,0,self_learning,NC3
6569,ENST00000367311,ENSP00000356280.3,unlabeled,False,0,self_learning,NC3
6570,ENST00000367330,ENSP00000356299.1,unlabeled,False,0,self_learning,NC3
6571,ENST00000367339,ENSP00000356308.1,unlabeled,False,0,self_learning,NC3
6572,ENST00000367350,ENSP00000356319.4,train,True,0,self_learning,NC3
6573,ENST00000367351,ENSP00000356320.3,val,True,0,self_learning,NC3
6574,ENST00000367362,ENSP00000356331.3,unlabeled,False,0,self_learning,NC3
6575,ENST00000367385,ENSP00000356355.4,unlabeled,False,0,self_learning,NC3
6576,ENST00000367393,0,unlabeled,False,0,self_learning,NC3
6577,ENST00000367396,ENSP00000356366.3,unlabeled,False,0,self_learning,NC3
6578,ENST00000367409,ENSP00000356379.4,unlabeled,False,0,self_learning,NC3
6579,ENST00000367411,ENSP00000356381.2,train,True,0,self_learning,NC3
6580,ENST00000367419,0,unlabeled,False,0,self_learning,NC3
6581,ENST00000367429,ENSP00000356399.4,unlabeled,False,0,self_learning,NC3
6582,ENST00000367435,ENSP00000356405.4,train,True,0,self_learning,NC3
6583,ENST00000367440,ENSP00000356410.3,unlabeled,False,0,self_learning,NC3
6584,ENST00000367446,ENSP00000356416.3,unlabeled,False,0,self_learning,NC3
6585,ENST00000367455,ENSP00000356425.3,unlabeled,False,0,self_learning,NC3
6586,ENST00000367456,ENSP00000356426.1,unlabeled,False,0,self_learning,NC3
6587,ENST00000367462,ENSP00000356432.3,unlabeled,False,0,self_learning,NC3
6588,ENST00000367463,ENSP00000356433.4,val,True,0,self_learning,NC3
6589,ENST00000367466,ENSP00000356436.3,train,True,0,self_learning,NC3
6590,ENST00000367467,ENSP00000356437.3,train,True,0,self_learning,NC3
6591,ENST00000367468,ENSP00000356438.5,unlabeled,False,0,self_learning,NC3
6592,ENST00000367474,ENSP00000356444.1,unlabeled,False,0,self_learning,NC3
6593,ENST00000367478,ENSP00000356448.3,test,True,0,self_learning,NC3
6594,ENST00000367481,ENSP00000356451.3,unlabeled,False,0,self_learning,NC3
6595,ENST00000367495,ENSP00000356465.3,unlabeled,False,0,self_learning,NC3
6596,ENST00000367498,ENSP00000356468.3,train,True,0,self_learning,NC3
6597,ENST00000367500,ENSP00000356470.4,unlabeled,False,0,self_learning,NC3
6598,ENST00000367506,ENSP00000356476.5,val,True,0,self_learning,NC3
6599,ENST00000367510,ENSP00000356480.3,train,True,0,self_learning,NC3
6600,ENST00000367511,ENSP00000356481.3,val,True,0,self_learning,NC3
6601,ENST00000367519,ENSP00000356489.3,unlabeled,False,0,self_learning,NC3
6602,ENST00000367549,ENSP00000356520.3,train,True,0,self_learning,NC3
6603,ENST00000367558,ENSP00000356529.5,unlabeled,False,0,self_learning,NC3
6604,ENST00000367559,ENSP00000356530.3,train,True,0,self_learning,NC3
6605,ENST00000367568,ENSP00000356540.4,unlabeled,False,0,self_learning,NC3
6606,ENST00000367569,ENSP00000356541.2,train,True,0,self_learning,NC3
6607,ENST00000367576,ENSP00000356548.5,train,True,0,self_learning,NC3
6608,ENST00000367577,ENSP00000356549.4,unlabeled,False,0,self_learning,NC3
6609,ENST00000367590,ENSP00000356562.4,train,True,0,self_learning,NC3
6610,ENST00000367591,ENSP00000356563.4,test,True,0,self_learning,NC3
6611,ENST00000367602,ENSP00000356574.3,unlabeled,False,0,self_learning,NC3
6612,ENST00000367604,ENSP00000356576.1,unlabeled,False,0,self_learning,NC3
6613,ENST00000367607,ENSP00000356579.3,train,True,0,self_learning,NC3
6614,ENST00000367609,ENSP00000356581.3,unlabeled,False,0,self_learning,NC3
6615,ENST00000367612,ENSP00000356584.3,unlabeled,False,0,self_learning,NC3
6616,ENST00000367618,ENSP00000356590.3,unlabeled,False,0,self_learning,NC3
6617,ENST00000367619,ENSP00000356591.3,train,True,0,self_learning,NC3
6618,ENST00000367627,ENSP00000356599.3,train,True,0,self_learning,NC3
6619,ENST00000367630,ENSP00000356602.3,train,True,0,self_learning,NC3
6620,ENST00000367651,ENSP00000356623.2,unlabeled,False,0,self_learning,NC3
6621,ENST00000367658,ENSP00000356630.2,train,True,0,self_learning,NC3
6622,ENST00000367660,ENSP00000356632.3,unlabeled,False,0,self_learning,NC3
6623,ENST00000367669,ENSP00000356641.3,train,True,0,self_learning,NC3
6624,ENST00000367679,ENSP00000356652.2,train,True,0,self_learning,NC3
6625,ENST00000367685,0,unlabeled,False,0,self_learning,NC3
6626,ENST00000367696,ENSP00000356669.2,train,True,0,self_learning,NC3
6627,ENST00000367728,ENSP00000356702.1,unlabeled,False,0,self_learning,NC3
6628,ENST00000367731,ENSP00000356705.1,unlabeled,False,0,self_learning,NC3
6629,ENST00000367739,ENSP00000356713.5,train,True,0,self_learning,NC3
6630,ENST00000367749,ENSP00000356723.3,unlabeled,False,0,self_learning,NC3
6631,ENST00000367772,ENSP00000356746.4,train,True,0,self_learning,NC3
6632,ENST00000367808,ENSP00000356782.3,unlabeled,False,0,self_learning,NC3
6633,ENST00000367811,ENSP00000356785.3,train,True,0,self_learning,NC3
6634,ENST00000367814,ENSP00000356788.4,unlabeled,False,0,self_learning,NC3
6635,ENST00000367816,ENSP00000356790.1,test,True,0,self_learning,NC3
6636,ENST00000367818,ENSP00000356792.3,unlabeled,False,0,self_learning,NC3
6637,ENST00000367821,ENSP00000356795.3,unlabeled,False,0,self_learning,NC3
6638,ENST00000367833,ENSP00000356807.2,train,True,0,self_learning,NC3
6639,ENST00000367837,ENSP00000356811.5,train,True,0,self_learning,NC3
6640,ENST00000367838,ENSP00000356812.1,unlabeled,False,0,self_learning,NC3
6641,ENST00000367843,ENSP00000356817.3,unlabeled,False,0,self_learning,NC3
6642,ENST00000367851,ENSP00000356825.4,unlabeled,False,0,self_learning,NC3
6643,ENST00000367866,ENSP00000356840.2,unlabeled,False,0,self_learning,NC3
6644,ENST00000367874,ENSP00000356848.4,train,True,0,self_learning,NC3
6645,ENST00000367875,ENSP00000356849.1,train,True,0,self_learning,NC3
6646,ENST00000367879,ENSP00000356853.4,train,True,0,self_learning,NC3
6647,ENST00000367889,ENSP00000356864.3,unlabeled,False,0,self_learning,NC3
6648,ENST00000367922,ENSP00000356899.2,unlabeled,False,0,self_learning,NC3
6649,ENST00000367941,ENSP00000356918.1,train,True,0,self_learning,NC3
6650,ENST00000367942,ENSP00000356919.3,unlabeled,False,0,self_learning,NC3
6651,ENST00000367943,ENSP00000356920.4,train,True,0,self_learning,NC3
6652,ENST00000367963,ENSP00000356940.3,train,True,0,self_learning,NC3
6653,ENST00000367975,ENSP00000356953.3,train,True,0,self_learning,NC3
6654,ENST00000367976,ENSP00000356954.3,unlabeled,False,0,self_learning,NC3
6655,ENST00000367988,ENSP00000356967.3,train,True,0,self_learning,NC3
6656,ENST00000367993,ENSP00000356972.3,unlabeled,False,0,self_learning,NC3
6657,ENST00000367996,ENSP00000356975.4,unlabeled,False,0,self_learning,NC3
6658,ENST00000367999,ENSP00000356978.4,test,True,0,self_learning,NC3
6659,ENST00000368002,ENSP00000356981.3,unlabeled,False,0,self_learning,NC3
6660,ENST00000368003,ENSP00000356982.5,train,True,0,self_learning,NC3
6661,ENST00000368006,ENSP00000356985.3,unlabeled,False,0,self_learning,NC3
6662,ENST00000368009,ENSP00000356988.2,train,True,0,self_learning,NC3
6663,ENST00000368010,ENSP00000356989.3,train,True,0,self_learning,NC3
6664,ENST00000368021,ENSP00000357000.3,unlabeled,False,0,self_learning,NC3
6665,ENST00000368026,ENSP00000357005.5,train,True,0,self_learning,NC3
6666,ENST00000368061,ENSP00000357040.2,unlabeled,False,0,self_learning,NC3
6667,ENST00000368068,ENSP00000357047.3,unlabeled,False,0,self_learning,NC3
6668,ENST00000368073,ENSP00000357052.3,train,True,0,self_learning,NC3
6669,ENST00000368086,ENSP00000357065.1,unlabeled,False,0,self_learning,NC3
6670,ENST00000368090,ENSP00000357069.2,unlabeled,False,0,self_learning,NC3
6671,ENST00000368093,ENSP00000357072.3,unlabeled,False,0,self_learning,NC3
6672,ENST00000368094,ENSP00000357073.1,unlabeled,False,0,self_learning,NC3
6673,ENST00000368097,ENSP00000357077.5,unlabeled,False,0,self_learning,NC3
6674,ENST00000368099,ENSP00000357079.4,unlabeled,False,0,self_learning,NC3
6675,ENST00000368100,ENSP00000357080.1,unlabeled,False,0,self_learning,NC3
6676,ENST00000368128,ENSP00000357110.2,unlabeled,False,0,self_learning,NC3
6677,ENST00000368136,ENSP00000357118.2,unlabeled,False,0,self_learning,NC3
6678,ENST00000368149,ENSP00000357131.2,train,True,0,self_learning,NC3
6679,ENST00000368192,ENSP00000357175.4,unlabeled,False,0,self_learning,NC3
6680,ENST00000368216,ENSP00000357199.4,unlabeled,False,0,self_learning,NC3
6681,ENST00000368223,ENSP00000357206.3,train,True,0,self_learning,NC3
6682,ENST00000368235,ENSP00000357218.3,unlabeled,False,0,self_learning,NC3
6683,ENST00000368255,ENSP00000357238.3,unlabeled,False,0,self_learning,NC3
6684,ENST00000368272,ENSP00000357255.4,unlabeled,False,0,self_learning,NC3
6685,ENST00000368277,ENSP00000357260.3,unlabeled,False,0,self_learning,NC3
6686,ENST00000368282,ENSP00000357265.1,unlabeled,False,0,self_learning,NC3
6687,ENST00000368300,ENSP00000357283.4,unlabeled,False,0,self_learning,NC3
6688,ENST00000368305,ENSP00000357288.4,train,True,0,self_learning,NC3
6689,ENST00000368309,ENSP00000357292.3,train,True,0,self_learning,NC3
6690,ENST00000368321,ENSP00000357304.3,test,True,0,self_learning,NC3
6691,ENST00000368323,ENSP00000357306.3,unlabeled,False,0,self_learning,NC3
6692,ENST00000368324,ENSP00000357307.4,unlabeled,False,0,self_learning,NC3
6693,ENST00000368336,ENSP00000357320.5,unlabeled,False,0,self_learning,NC3
6694,ENST00000368364,ENSP00000357348.3,unlabeled,False,0,self_learning,NC3
6695,ENST00000368378,ENSP00000357362.3,unlabeled,False,0,self_learning,NC3
6696,ENST00000368404,ENSP00000357389.4,unlabeled,False,0,self_learning,NC3
6697,ENST00000368407,ENSP00000357392.3,unlabeled,False,0,self_learning,NC3
6698,ENST00000368408,ENSP00000357393.3,unlabeled,False,0,self_learning,NC3
6699,ENST00000368409,ENSP00000357394.3,unlabeled,False,0,self_learning,NC3
6700,ENST00000368424,0,unlabeled,False,0,self_learning,NC3
6701,ENST00000368440,ENSP00000357425.4,unlabeled,False,0,self_learning,NC3
6702,ENST00000368453,ENSP00000357438.4,unlabeled,False,0,self_learning,NC3
6703,ENST00000368455,ENSP00000357440.4,unlabeled,False,0,self_learning,NC3
6704,ENST00000368457,ENSP00000357442.2,train,True,0,self_learning,NC3
6705,ENST00000368463,ENSP00000357448.3,test,True,0,self_learning,NC3
6706,ENST00000368467,ENSP00000357452.3,train,True,0,self_learning,NC3
6707,ENST00000368468,ENSP00000357453.3,train,True,0,self_learning,NC3
6708,ENST00000368474,ENSP00000357459.4,unlabeled,False,0,self_learning,NC3
6709,ENST00000368485,ENSP00000357470.3,unlabeled,False,0,self_learning,NC3
6710,ENST00000368491,ENSP00000357477.3,unlabeled,False,0,self_learning,NC3
6711,ENST00000368494,ENSP00000357480.3,test,True,0,self_learning,NC3
6712,ENST00000368498,ENSP00000357484.2,train,True,0,self_learning,NC3
6713,ENST00000368547,ENSP00000357535.3,train,True,0,self_learning,NC3
6714,ENST00000368554,0,unlabeled,False,0,self_learning,NC3
6715,ENST00000368564,ENSP00000357552.1,unlabeled,False,0,self_learning,NC3
6716,ENST00000368575,ENSP00000357564.3,unlabeled,False,0,self_learning,NC3
6717,ENST00000368576,ENSP00000357565.3,val,True,0,self_learning,NC3
6718,ENST00000368586,ENSP00000357575.4,train,True,0,self_learning,NC3
6719,ENST00000368592,ENSP00000357581.5,unlabeled,False,0,self_learning,NC3
6720,ENST00000368594,ENSP00000357583.3,test,True,0,self_learning,NC3
6721,ENST00000368599,ENSP00000357588.3,unlabeled,False,0,self_learning,NC3
6722,ENST00000368608,ENSP00000357597.4,unlabeled,False,0,self_learning,NC3
6723,ENST00000368614,ENSP00000357603.3,unlabeled,False,0,self_learning,NC3
6724,ENST00000368623,ENSP00000357612.3,unlabeled,False,0,self_learning,NC3
6725,ENST00000368633,ENSP00000357622.1,val,True,0,self_learning,NC3
6726,ENST00000368644,ENSP00000357633.1,unlabeled,False,0,self_learning,NC3
6727,ENST00000368648,ENSP00000357637.3,unlabeled,False,0,self_learning,NC3
6728,ENST00000368654,ENSP00000357643.3,train,True,0,self_learning,NC3
6729,ENST00000368655,ENSP00000357644.4,val,True,0,self_learning,NC3
6730,ENST00000368656,0,unlabeled,False,0,self_learning,NC3
6731,ENST00000368662,ENSP00000357651.5,train,True,0,self_learning,NC3
6732,ENST00000368679,ENSP00000357668.4,unlabeled,False,0,self_learning,NC3
6733,ENST00000368680,ENSP00000357669.3,unlabeled,False,0,self_learning,NC3
6734,ENST00000368685,ENSP00000357674.5,train,True,0,self_learning,NC3
6735,ENST00000368694,ENSP00000357683.3,unlabeled,False,0,self_learning,NC3
6736,ENST00000368702,ENSP00000357691.1,unlabeled,False,0,self_learning,NC3
6737,ENST00000368708,ENSP00000357697.4,unlabeled,False,0,self_learning,NC3
6738,ENST00000368715,ENSP00000357704.1,unlabeled,False,0,self_learning,NC3
6739,ENST00000368732,ENSP00000357721.1,unlabeled,False,0,self_learning,NC3
6740,ENST00000368738,ENSP00000357727.3,test,True,0,self_learning,NC3
6741,ENST00000368742,ENSP00000357731.3,unlabeled,False,0,self_learning,NC3
6742,ENST00000368759,ENSP00000357748.5,unlabeled,False,0,self_learning,NC3
6743,ENST00000368790,ENSP00000357779.3,unlabeled,False,0,self_learning,NC3
6744,ENST00000368797,ENSP00000357787.4,unlabeled,False,0,self_learning,NC3
6745,ENST00000368799,ENSP00000357789.1,unlabeled,False,0,self_learning,NC3
6746,ENST00000368808,ENSP00000357798.3,unlabeled,False,0,self_learning,NC3
6747,ENST00000368811,ENSP00000357801.3,train,True,0,self_learning,NC3
6748,ENST00000368814,ENSP00000357804.3,train,True,0,self_learning,NC3
6749,ENST00000368822,ENSP00000357812.1,unlabeled,False,0,self_learning,NC3
6750,ENST00000368830,ENSP00000357823.3,train,True,0,self_learning,NC3
6751,ENST00000368836,ENSP00000357829.2,unlabeled,False,0,self_learning,NC3
6752,ENST00000368842,ENSP00000357835.5,train,True,0,self_learning,NC3
6753,ENST00000368845,ENSP00000357838.5,train,True,0,self_learning,NC3
6754,ENST00000368849,ENSP00000357842.3,unlabeled,False,0,self_learning,NC3
6755,ENST00000368851,ENSP00000357844.4,val,True,0,self_learning,NC3
6756,ENST00000368865,ENSP00000357858.4,train,True,0,self_learning,NC3
6757,ENST00000368868,ENSP00000357861.5,unlabeled,False,0,self_learning,NC3
6758,ENST00000368874,ENSP00000357868.4,unlabeled,False,0,self_learning,NC3
6759,ENST00000368884,ENSP00000357879.4,val,True,0,self_learning,NC3
6760,ENST00000368885,ENSP00000357880.3,unlabeled,False,0,self_learning,NC3
6761,ENST00000368887,ENSP00000357882.3,unlabeled,False,0,self_learning,NC3
6762,ENST00000368892,ENSP00000357887.5,unlabeled,False,0,self_learning,NC3
6763,ENST00000368898,0,unlabeled,False,0,self_learning,NC3
6764,ENST00000368905,0,unlabeled,False,0,self_learning,NC3
6765,ENST00000368908,0,unlabeled,False,0,self_learning,NC3
6766,ENST00000368911,ENSP00000357907.3,unlabeled,False,0,self_learning,NC3
6767,ENST00000368918,ENSP00000357914.3,test,True,0,self_learning,NC3
6768,ENST00000368921,ENSP00000357917.3,train,True,0,self_learning,NC3
6769,ENST00000368926,ENSP00000357922.5,unlabeled,False,0,self_learning,NC3
6770,ENST00000368931,ENSP00000357927.3,train,True,0,self_learning,NC3
6771,ENST00000368932,ENSP00000357928.1,unlabeled,False,0,self_learning,NC3
6772,ENST00000368969,ENSP00000357965.4,unlabeled,False,0,self_learning,NC3
6773,ENST00000368977,ENSP00000357973.3,train,True,0,self_learning,NC3
6774,ENST00000368984,ENSP00000357980.3,unlabeled,False,0,self_learning,NC3
6775,ENST00000369002,ENSP00000357998.4,train,True,0,self_learning,NC3
6776,ENST00000369005,ENSP00000358001.1,train,True,0,self_learning,NC3
6777,ENST00000369014,0,unlabeled,False,0,self_learning,NC3
6778,ENST00000369023,ENSP00000358019.3,train,True,0,self_learning,NC3
6779,ENST00000369026,ENSP00000358022.2,unlabeled,False,0,self_learning,NC3
6780,ENST00000369037,ENSP00000358033.4,train,True,0,self_learning,NC3
6781,ENST00000369046,ENSP00000358042.4,val,True,0,self_learning,NC3
6782,ENST00000369047,ENSP00000358043.4,unlabeled,False,0,self_learning,NC3
6783,ENST00000369063,ENSP00000358059.3,train,True,0,self_learning,NC3
6784,ENST00000369064,ENSP00000358060.3,test,True,0,self_learning,NC3
6785,ENST00000369075,ENSP00000358071.3,train,True,0,self_learning,NC3
6786,ENST00000369076,ENSP00000358072.3,train,True,0,self_learning,NC3
6787,ENST00000369085,ENSP00000358081.4,train,True,0,self_learning,NC3
6788,ENST00000369102,0,unlabeled,False,0,self_learning,NC3
6789,ENST00000369103,ENSP00000358099.2,train,True,0,self_learning,NC3
6790,ENST00000369109,ENSP00000358105.3,train,True,0,self_learning,NC3
6791,ENST00000369124,ENSP00000358120.4,train,True,0,self_learning,NC3
6792,ENST00000369144,ENSP00000358140.3,train,True,0,self_learning,NC3
6793,ENST00000369146,ENSP00000358142.3,unlabeled,False,0,self_learning,NC3
6794,ENST00000369151,ENSP00000358147.2,train,True,0,self_learning,NC3
6795,ENST00000369153,ENSP00000358149.1,unlabeled,False,0,self_learning,NC3
6796,ENST00000369162,ENSP00000358159.2,train,True,0,self_learning,NC3
6797,ENST00000369183,0,unlabeled,False,0,self_learning,NC3
6798,ENST00000369206,ENSP00000358207.4,val,True,0,self_learning,NC3
6799,ENST00000369208,ENSP00000358210.4,unlabeled,False,0,self_learning,NC3
6800,ENST00000369215,ENSP00000358217.5,unlabeled,False,0,self_learning,NC3
6801,ENST00000369244,ENSP00000358247.1,unlabeled,False,0,self_learning,NC3
6802,ENST00000369248,ENSP00000358251.4,unlabeled,False,0,self_learning,NC3
6803,ENST00000369258,ENSP00000358262.4,train,True,0,self_learning,NC3
6804,ENST00000369261,ENSP00000358265.4,unlabeled,False,0,self_learning,NC3
6805,ENST00000369278,ENSP00000358283.4,train,True,0,self_learning,NC3
6806,ENST00000369295,ENSP00000358301.2,unlabeled,False,0,self_learning,NC3
6807,ENST00000369301,ENSP00000358307.3,train,True,0,self_learning,NC3
6808,ENST00000369303,ENSP00000358309.4,train,True,0,self_learning,NC3
6809,ENST00000369304,ENSP00000358310.3,unlabeled,False,0,self_learning,NC3
6810,ENST00000369306,ENSP00000358312.3,train,True,0,self_learning,NC3
6811,ENST00000369314,ENSP00000358320.1,unlabeled,False,0,self_learning,NC3
6812,ENST00000369329,ENSP00000358335.3,train,True,0,self_learning,NC3
6813,ENST00000369356,ENSP00000358363.4,unlabeled,False,0,self_learning,NC3
6814,ENST00000369367,ENSP00000358374.3,train,True,0,self_learning,NC3
6815,ENST00000369390,ENSP00000358397.3,unlabeled,False,0,self_learning,NC3
6816,ENST00000369393,ENSP00000358400.3,train,True,0,self_learning,NC3
6817,ENST00000369397,ENSP00000358404.4,unlabeled,False,0,self_learning,NC3
6818,ENST00000369405,ENSP00000358413.3,unlabeled,False,0,self_learning,NC3
6819,ENST00000369415,ENSP00000358423.4,train,True,0,self_learning,NC3
6820,ENST00000369443,ENSP00000358451.4,train,True,0,self_learning,NC3
6821,ENST00000369448,ENSP00000358458.3,unlabeled,False,0,self_learning,NC3
6822,ENST00000369452,ENSP00000358464.5,unlabeled,False,0,self_learning,NC3
6823,ENST00000369454,ENSP00000358466.3,val,True,0,self_learning,NC3
6824,ENST00000369462,ENSP00000358474.1,train,True,0,self_learning,NC3
6825,ENST00000369466,ENSP00000358478.3,test,True,0,self_learning,NC3
6826,ENST00000369470,ENSP00000358482.1,unlabeled,False,0,self_learning,NC3
6827,ENST00000369476,ENSP00000358488.3,unlabeled,False,0,self_learning,NC3
6828,ENST00000369483,0,unlabeled,False,0,self_learning,NC3
6829,ENST00000369484,ENSP00000358496.3,train,True,0,self_learning,NC3
6830,ENST00000369485,ENSP00000358497.4,test,True,0,self_learning,NC3
6831,ENST00000369489,ENSP00000358501.5,test,True,0,self_learning,NC3
6832,ENST00000369498,ENSP00000358510.3,train,True,0,self_learning,NC3
6833,ENST00000369503,ENSP00000358515.4,unlabeled,False,0,self_learning,NC3
6834,ENST00000369516,ENSP00000358529.2,unlabeled,False,0,self_learning,NC3
6835,ENST00000369519,ENSP00000358532.3,train,True,0,self_learning,NC3
6836,ENST00000369534,ENSP00000358547.3,train,True,0,self_learning,NC3
6837,ENST00000369535,ENSP00000358548.4,test,True,0,self_learning,NC3
6838,ENST00000369536,ENSP00000358549.5,unlabeled,False,0,self_learning,NC3
6839,ENST00000369541,ENSP00000358554.3,test,True,0,self_learning,NC3
6840,ENST00000369550,ENSP00000358563.5,train,True,0,self_learning,NC3
6841,ENST00000369552,ENSP00000358565.4,train,True,0,self_learning,NC3
6842,ENST00000369562,0,unlabeled,False,0,self_learning,NC3
6843,ENST00000369569,ENSP00000358582.1,unlabeled,False,0,self_learning,NC3
6844,ENST00000369577,ENSP00000358590.3,train,True,0,self_learning,NC3
6845,ENST00000369583,ENSP00000358596.3,unlabeled,False,0,self_learning,NC3
6846,ENST00000369603,ENSP00000358616.4,train,True,0,self_learning,NC3
6847,ENST00000369604,ENSP00000358617.1,unlabeled,False,0,self_learning,NC3
6848,ENST00000369615,ENSP00000358628.1,unlabeled,False,0,self_learning,NC3
6849,ENST00000369622,ENSP00000358635.3,unlabeled,False,0,self_learning,NC3
6850,ENST00000369660,ENSP00000358674.4,train,True,0,self_learning,NC3
6851,ENST00000369663,ENSP00000358677.4,unlabeled,False,0,self_learning,NC3
6852,ENST00000369681,ENSP00000358695.3,train,True,0,self_learning,NC3
6853,ENST00000369682,ENSP00000358696.3,unlabeled,False,0,self_learning,NC3
6854,ENST00000369684,ENSP00000358698.4,unlabeled,False,0,self_learning,NC3
6855,ENST00000369700,ENSP00000358714.3,unlabeled,False,0,self_learning,NC3
6856,ENST00000369702,ENSP00000358716.4,val,True,0,self_learning,NC3
6857,ENST00000369704,0,unlabeled,False,0,self_learning,NC3
6858,ENST00000369705,ENSP00000358719.3,train,True,0,self_learning,NC3
6859,ENST00000369713,ENSP00000358727.5,train,True,0,self_learning,NC3
6860,ENST00000369722,ENSP00000358737.3,train,True,0,self_learning,NC3
6861,ENST00000369724,0,unlabeled,False,0,self_learning,NC3
6862,ENST00000369732,ENSP00000358747.3,test,True,0,self_learning,NC3
6863,ENST00000369738,ENSP00000358753.4,unlabeled,False,0,self_learning,NC3
6864,ENST00000369747,ENSP00000358762.3,train,True,0,self_learning,NC3
6865,ENST00000369755,ENSP00000358770.3,unlabeled,False,0,self_learning,NC3
6866,ENST00000369762,ENSP00000358777.2,train,True,0,self_learning,NC3
6867,ENST00000369763,ENSP00000358778.4,unlabeled,False,0,self_learning,NC3
6868,ENST00000369769,ENSP00000358784.2,unlabeled,False,0,self_learning,NC3
6869,ENST00000369779,ENSP00000358794.4,unlabeled,False,0,self_learning,NC3
6870,ENST00000369783,ENSP00000358798.4,unlabeled,False,0,self_learning,NC3
6871,ENST00000369795,ENSP00000358810.3,train,True,0,self_learning,NC3
6872,ENST00000369797,ENSP00000358812.3,unlabeled,False,0,self_learning,NC3
6873,ENST00000369798,ENSP00000358813.2,train,True,0,self_learning,NC3
6874,ENST00000369799,ENSP00000358814.5,train,True,0,self_learning,NC3
6875,ENST00000369800,ENSP00000358815.5,unlabeled,False,0,self_learning,NC3
6876,ENST00000369809,ENSP00000358824.1,unlabeled,False,0,self_learning,NC3
6877,ENST00000369816,ENSP00000358831.4,train,True,0,self_learning,NC3
6878,ENST00000369825,ENSP00000358840.1,unlabeled,False,0,self_learning,NC3
6879,ENST00000369836,ENSP00000358851.4,train,True,0,self_learning,NC3
6880,ENST00000369838,ENSP00000358853.4,train,True,0,self_learning,NC3
6881,ENST00000369839,ENSP00000358854.3,train,True,0,self_learning,NC3
6882,ENST00000369842,ENSP00000358857.4,unlabeled,False,0,self_learning,NC3
6883,ENST00000369847,ENSP00000358862.3,val,True,0,self_learning,NC3
6884,ENST00000369849,ENSP00000358865.4,unlabeled,False,0,self_learning,NC3
6885,ENST00000369850,ENSP00000358866.3,train,True,0,self_learning,NC3
6886,ENST00000369851,ENSP00000358867.4,train,True,0,self_learning,NC3
6887,ENST00000369864,ENSP00000358880.4,unlabeled,False,0,self_learning,NC3
6888,ENST00000369870,0,unlabeled,False,0,self_learning,NC3
6889,ENST00000369872,ENSP00000358888.3,unlabeled,False,0,self_learning,NC3
6890,ENST00000369878,ENSP00000358894.3,train,True,0,self_learning,NC3
6891,ENST00000369880,ENSP00000358896.3,unlabeled,False,0,self_learning,NC3
6892,ENST00000369886,0,unlabeled,False,0,self_learning,NC3
6893,ENST00000369888,ENSP00000358904.1,test,True,0,self_learning,NC3
6894,ENST00000369889,ENSP00000358905.4,unlabeled,False,0,self_learning,NC3
6895,ENST00000369893,ENSP00000358909.4,train,True,0,self_learning,NC3
6896,ENST00000369902,ENSP00000358918.4,train,True,0,self_learning,NC3
6897,ENST00000369905,ENSP00000358921.4,train,True,0,self_learning,NC3
6898,ENST00000369908,ENSP00000358924.5,unlabeled,False,0,self_learning,NC3
6899,ENST00000369915,ENSP00000358931.3,unlabeled,False,0,self_learning,NC3
6900,ENST00000369937,ENSP00000358953.4,test,True,0,self_learning,NC3
6901,ENST00000369940,ENSP00000358956.1,unlabeled,False,0,self_learning,NC3
6902,ENST00000369965,ENSP00000358982.4,unlabeled,False,0,self_learning,NC3
6903,ENST00000369966,ENSP00000358983.3,unlabeled,False,0,self_learning,NC3
6904,ENST00000369980,ENSP00000358997.3,train,True,0,self_learning,NC3
6905,ENST00000369982,ENSP00000358999.4,unlabeled,False,0,self_learning,NC3
6906,ENST00000369985,ENSP00000359002.3,unlabeled,False,0,self_learning,NC3
6907,ENST00000369996,ENSP00000359013.1,unlabeled,False,0,self_learning,NC3
6908,ENST00000370002,ENSP00000359019.3,unlabeled,False,0,self_learning,NC3
6909,ENST00000370008,ENSP00000359025.3,train,True,0,self_learning,NC3
6910,ENST00000370010,ENSP00000359027.2,unlabeled,False,0,self_learning,NC3
6911,ENST00000370022,ENSP00000359039.5,unlabeled,False,0,self_learning,NC3
6912,ENST00000370033,ENSP00000359050.4,train,True,0,self_learning,NC3
6913,ENST00000370035,ENSP00000359052.3,unlabeled,False,0,self_learning,NC3
6914,ENST00000370053,ENSP00000359070.1,unlabeled,False,0,self_learning,NC3
6915,ENST00000370056,ENSP00000359073.4,unlabeled,False,0,self_learning,NC3
6916,ENST00000370060,ENSP00000359077.1,unlabeled,False,0,self_learning,NC3
6917,ENST00000370078,ENSP00000359095.1,train,True,0,self_learning,NC3
6918,ENST00000370081,0,unlabeled,False,0,self_learning,NC3
6919,ENST00000370101,ENSP00000359119.3,unlabeled,False,0,self_learning,NC3
6920,ENST00000370109,ENSP00000359127.3,unlabeled,False,0,self_learning,NC3
6921,ENST00000370113,ENSP00000359131.3,val,True,0,self_learning,NC3
6922,ENST00000370132,ENSP00000359151.3,unlabeled,False,0,self_learning,NC3
6923,ENST00000370150,ENSP00000359169.1,unlabeled,False,0,self_learning,NC3
6924,ENST00000370151,ENSP00000359170.4,train,True,0,self_learning,NC3
6925,ENST00000370152,ENSP00000359171.3,unlabeled,False,0,self_learning,NC3
6926,ENST00000370162,ENSP00000359181.3,unlabeled,False,0,self_learning,NC3
6927,ENST00000370179,0,unlabeled,False,0,self_learning,NC3
6928,ENST00000370187,ENSP00000359206.3,train,True,0,self_learning,NC3
6929,ENST00000370192,ENSP00000359211.3,unlabeled,False,0,self_learning,NC3
6930,ENST00000370200,ENSP00000359219.6,unlabeled,False,0,self_learning,NC3
6931,ENST00000370202,0,unlabeled,False,0,self_learning,NC3
6932,ENST00000370203,ENSP00000359222.4,unlabeled,False,0,self_learning,NC3
6933,ENST00000370205,ENSP00000359224.4,unlabeled,False,0,self_learning,NC3
6934,ENST00000370206,ENSP00000359225.4,train,True,0,self_learning,NC3
6935,ENST00000370214,ENSP00000359233.4,train,True,0,self_learning,NC3
6936,ENST00000370220,ENSP00000359240.1,unlabeled,False,0,self_learning,NC3
6937,ENST00000370238,ENSP00000359258.3,val,True,0,self_learning,NC3
6938,ENST00000370249,ENSP00000359269.2,unlabeled,False,0,self_learning,NC3
6939,ENST00000370263,ENSP00000359285.4,unlabeled,False,0,self_learning,NC3
6940,ENST00000370268,ENSP00000359291.4,unlabeled,False,0,self_learning,NC3
6941,ENST00000370272,ENSP00000359295.3,unlabeled,False,0,self_learning,NC3
6942,ENST00000370274,ENSP00000359297.3,unlabeled,False,0,self_learning,NC3
6943,ENST00000370277,ENSP00000359300.3,train,True,0,self_learning,NC3
6944,ENST00000370282,ENSP00000359305.3,train,True,0,self_learning,NC3
6945,ENST00000370298,ENSP00000359321.4,val,True,0,self_learning,NC3
6946,ENST00000370300,ENSP00000359323.4,unlabeled,False,0,self_learning,NC3
6947,ENST00000370310,ENSP00000359333.4,test,True,0,self_learning,NC3
6948,ENST00000370321,ENSP00000359345.2,val,True,0,self_learning,NC3
6949,ENST00000370331,ENSP00000359356.1,unlabeled,False,0,self_learning,NC3
6950,ENST00000370339,ENSP00000359364.3,train,True,0,self_learning,NC3
6951,ENST00000370345,ENSP00000359370.3,unlabeled,False,0,self_learning,NC3
6952,ENST00000370351,ENSP00000359376.4,unlabeled,False,0,self_learning,NC3
6953,ENST00000370355,ENSP00000359380.2,train,True,0,self_learning,NC3
6954,ENST00000370360,ENSP00000359385.3,train,True,0,self_learning,NC3
6955,ENST00000370372,ENSP00000359398.2,train,True,0,self_learning,NC3
6956,ENST00000370383,ENSP00000359410.4,train,True,0,self_learning,NC3
6957,ENST00000370390,ENSP00000359417.3,unlabeled,False,0,self_learning,NC3
6958,ENST00000370396,ENSP00000359423.3,unlabeled,False,0,self_learning,NC3
6959,ENST00000370397,ENSP00000359424.6,train,True,0,self_learning,NC3
6960,ENST00000370406,0,unlabeled,False,0,self_learning,NC3
6961,ENST00000370425,ENSP00000359454.3,unlabeled,False,0,self_learning,NC3
6962,ENST00000370435,ENSP00000359464.3,unlabeled,False,0,self_learning,NC3
6963,ENST00000370440,ENSP00000359469.1,val,True,0,self_learning,NC3
6964,ENST00000370445,ENSP00000359474.3,unlabeled,False,0,self_learning,NC3
6965,ENST00000370454,ENSP00000359483.4,train,True,0,self_learning,NC3
6966,ENST00000370460,ENSP00000359489.2,unlabeled,False,0,self_learning,NC3
6967,ENST00000370474,ENSP00000359505.3,train,True,0,self_learning,NC3
6968,ENST00000370475,ENSP00000359506.5,unlabeled,False,0,self_learning,NC3
6969,ENST00000370476,ENSP00000359507.5,train,True,0,self_learning,NC3
6970,ENST00000370487,ENSP00000359518.3,train,True,0,self_learning,NC3
6971,ENST00000370489,ENSP00000359520.4,unlabeled,False,0,self_learning,NC3
6972,ENST00000370495,ENSP00000359526.4,train,True,0,self_learning,NC3
6973,ENST00000370500,ENSP00000359531.5,train,True,0,self_learning,NC3
6974,ENST00000370508,ENSP00000359539.5,test,True,0,self_learning,NC3
6975,ENST00000370509,ENSP00000359540.4,unlabeled,False,0,self_learning,NC3
6976,ENST00000370521,ENSP00000359552.3,train,True,0,self_learning,NC3
6977,ENST00000370526,ENSP00000359557.2,unlabeled,False,0,self_learning,NC3
6978,ENST00000370544,ENSP00000359575.4,val,True,0,self_learning,NC3
6979,ENST00000370548,0,unlabeled,False,0,self_learning,NC3
6980,ENST00000370550,ENSP00000359581.4,train,True,0,self_learning,NC3
6981,ENST00000370558,ENSP00000473267.1,train,True,0,self_learning,NC3
6982,ENST00000370571,ENSP00000359603.2,unlabeled,False,0,self_learning,NC3
6983,ENST00000370574,ENSP00000359606.3,train,True,0,self_learning,NC3
6984,ENST00000370575,ENSP00000359607.4,unlabeled,False,0,self_learning,NC3
6985,ENST00000370589,ENSP00000359621.1,test,True,0,self_learning,NC3
6986,ENST00000370597,ENSP00000359629.3,unlabeled,False,0,self_learning,NC3
6987,ENST00000370598,ENSP00000359630.1,unlabeled,False,0,self_learning,NC3
6988,ENST00000370611,ENSP00000359643.3,unlabeled,False,0,self_learning,NC3
6989,ENST00000370626,0,unlabeled,False,0,self_learning,NC3
6990,ENST00000370630,ENSP00000359664.4,unlabeled,False,0,self_learning,NC3
6991,ENST00000370641,ENSP00000359675.3,unlabeled,False,0,self_learning,NC3
6992,ENST00000370646,ENSP00000359680.4,unlabeled,False,0,self_learning,NC3
6993,ENST00000370649,ENSP00000359683.3,unlabeled,False,0,self_learning,NC3
6994,ENST00000370651,0,unlabeled,False,0,self_learning,NC3
6995,ENST00000370654,ENSP00000359688.5,train,True,0,self_learning,NC3
6996,ENST00000370659,ENSP00000359693.1,unlabeled,False,0,self_learning,NC3
6997,ENST00000370664,0,unlabeled,False,0,self_learning,NC3
6998,ENST00000370668,0,unlabeled,False,0,self_learning,NC3
6999,ENST00000370685,ENSP00000359719.3,unlabeled,False,0,self_learning,NC3
7000,ENST00000370693,ENSP00000359727.4,train,True,0,self_learning,NC3
7001,ENST00000370708,ENSP00000359742.4,unlabeled,False,0,self_learning,NC3
7002,ENST00000370730,ENSP00000359765.1,unlabeled,False,0,self_learning,NC3
7003,ENST00000370733,0,unlabeled,False,0,self_learning,NC3
7004,ENST00000370742,ENSP00000359778.3,unlabeled,False,0,self_learning,NC3
7005,ENST00000370746,ENSP00000359782.3,unlabeled,False,0,self_learning,NC3
7006,ENST00000370752,ENSP00000359788.4,unlabeled,False,0,self_learning,NC3
7007,ENST00000370757,ENSP00000359793.3,unlabeled,False,0,self_learning,NC3
7008,ENST00000370763,ENSP00000359799.5,test,True,0,self_learning,NC3
7009,ENST00000370766,ENSP00000359802.3,unlabeled,False,0,self_learning,NC3
7010,ENST00000370779,ENSP00000359815.4,unlabeled,False,0,self_learning,NC3
7011,ENST00000370782,ENSP00000359818.1,train,True,0,self_learning,NC3
7012,ENST00000370785,ENSP00000359821.3,unlabeled,False,0,self_learning,NC3
7013,ENST00000370794,ENSP00000359830.3,unlabeled,False,0,self_learning,NC3
7014,ENST00000370801,ENSP00000359837.3,train,True,0,self_learning,NC3
7015,ENST00000370812,ENSP00000359848.3,train,True,0,self_learning,NC3
7016,ENST00000370818,ENSP00000359854.3,unlabeled,False,0,self_learning,NC3
7017,ENST00000370828,ENSP00000359864.3,train,True,0,self_learning,NC3
7018,ENST00000370830,ENSP00000359866.3,unlabeled,False,0,self_learning,NC3
7019,ENST00000370836,ENSP00000359873.2,unlabeled,False,0,self_learning,NC3
7020,ENST00000370841,ENSP00000359878.5,unlabeled,False,0,self_learning,NC3
7021,ENST00000370855,ENSP00000359892.5,unlabeled,False,0,self_learning,NC3
7022,ENST00000370867,ENSP00000359904.3,train,True,0,self_learning,NC3
7023,ENST00000370873,ENSP00000359910.4,train,True,0,self_learning,NC3
7024,ENST00000370874,ENSP00000359911.1,train,True,0,self_learning,NC3
7025,ENST00000370888,ENSP00000359925.1,train,True,0,self_learning,NC3
7026,ENST00000370902,ENSP00000359939.3,train,True,0,self_learning,NC3
7027,ENST00000370905,ENSP00000359942.3,unlabeled,False,0,self_learning,NC3
7028,ENST00000370920,ENSP00000359958.3,unlabeled,False,0,self_learning,NC3
7029,ENST00000370938,ENSP00000359976.3,train,True,0,self_learning,NC3
7030,ENST00000370944,ENSP00000359982.4,train,True,0,self_learning,NC3
7031,ENST00000370950,ENSP00000359988.3,unlabeled,False,0,self_learning,NC3
7032,ENST00000370952,ENSP00000359990.3,train,True,0,self_learning,NC3
7033,ENST00000370963,ENSP00000360002.4,unlabeled,False,0,self_learning,NC3
7034,ENST00000370966,ENSP00000360005.5,unlabeled,False,0,self_learning,NC3
7035,ENST00000370978,ENSP00000360017.4,test,True,0,self_learning,NC3
7036,ENST00000370981,ENSP00000360020.1,unlabeled,False,0,self_learning,NC3
7037,ENST00000370982,ENSP00000360021.3,train,True,0,self_learning,NC3
7038,ENST00000370986,ENSP00000360025.4,unlabeled,False,0,self_learning,NC3
7039,ENST00000370994,ENSP00000360033.4,unlabeled,False,0,self_learning,NC3
7040,ENST00000370996,ENSP00000360035.3,val,True,0,self_learning,NC3
7041,ENST00000371015,ENSP00000360054.1,unlabeled,False,0,self_learning,NC3
7042,ENST00000371019,ENSP00000360058.2,unlabeled,False,0,self_learning,NC3
7043,ENST00000371021,ENSP00000360060.3,unlabeled,False,0,self_learning,NC3
7044,ENST00000371026,ENSP00000360065.3,unlabeled,False,0,self_learning,NC3
7045,ENST00000371065,ENSP00000360104.4,unlabeled,False,0,self_learning,NC3
7046,ENST00000371068,ENSP00000360107.4,unlabeled,False,0,self_learning,NC3
7047,ENST00000371072,ENSP00000360112.4,unlabeled,False,0,self_learning,NC3
7048,ENST00000371079,ENSP00000360120.1,unlabeled,False,0,self_learning,NC3
7049,ENST00000371084,ENSP00000360125.3,train,True,0,self_learning,NC3
7050,ENST00000371088,ENSP00000360129.4,train,True,0,self_learning,NC3
7051,ENST00000371113,ENSP00000360154.4,test,True,0,self_learning,NC3
7052,ENST00000371116,ENSP00000360157.2,unlabeled,False,0,self_learning,NC3
7053,ENST00000371122,ENSP00000360163.4,unlabeled,False,0,self_learning,NC3
7054,ENST00000371141,ENSP00000360183.4,unlabeled,False,0,self_learning,NC3
7055,ENST00000371142,ENSP00000360184.4,train,True,0,self_learning,NC3
7056,ENST00000371160,ENSP00000360202.1,unlabeled,False,0,self_learning,NC3
7057,ENST00000371187,ENSP00000360229.3,unlabeled,False,0,self_learning,NC3
7058,ENST00000371204,ENSP00000360247.3,train,True,0,self_learning,NC3
7059,ENST00000371205,ENSP00000360248.4,unlabeled,False,0,self_learning,NC3
7060,ENST00000371208,0,unlabeled,False,0,self_learning,NC3
7061,ENST00000371222,ENSP00000360266.2,unlabeled,False,0,self_learning,NC3
7062,ENST00000371224,ENSP00000360268.2,train,True,0,self_learning,NC3
7063,ENST00000371226,ENSP00000360270.3,val,True,0,self_learning,NC3
7064,ENST00000371241,ENSP00000360285.1,unlabeled,False,0,self_learning,NC3
7065,ENST00000371244,ENSP00000360290.4,train,True,0,self_learning,NC3
7066,ENST00000371250,ENSP00000360296.3,train,True,0,self_learning,NC3
7067,ENST00000371253,ENSP00000360299.2,unlabeled,False,0,self_learning,NC3
7068,ENST00000371269,ENSP00000360316.3,unlabeled,False,0,self_learning,NC3
7069,ENST00000371279,ENSP00000360327.3,train,True,0,self_learning,NC3
7070,ENST00000371281,ENSP00000360329.3,train,True,0,self_learning,NC3
7071,ENST00000371316,ENSP00000360366.3,unlabeled,False,0,self_learning,NC3
7072,ENST00000371317,ENSP00000360367.5,train,True,0,self_learning,NC3
7073,ENST00000371330,ENSP00000360381.1,unlabeled,False,0,self_learning,NC3
7074,ENST00000371335,ENSP00000360386.4,train,True,0,self_learning,NC3
7075,ENST00000371347,ENSP00000360398.3,unlabeled,False,0,self_learning,NC3
7076,ENST00000371361,ENSP00000360412.3,train,True,0,self_learning,NC3
7077,ENST00000371370,ENSP00000360421.3,unlabeled,False,0,self_learning,NC3
7078,ENST00000371372,ENSP00000360423.1,unlabeled,False,0,self_learning,NC3
7079,ENST00000371383,ENSP00000360436.1,unlabeled,False,0,self_learning,NC3
7080,ENST00000371384,ENSP00000360437.3,unlabeled,False,0,self_learning,NC3
7081,ENST00000371408,ENSP00000360462.3,unlabeled,False,0,self_learning,NC3
7082,ENST00000371410,ENSP00000360464.3,train,True,0,self_learning,NC3
7083,ENST00000371418,ENSP00000360472.4,unlabeled,False,0,self_learning,NC3
7084,ENST00000371419,ENSP00000360473.2,train,True,0,self_learning,NC3
7085,ENST00000371421,ENSP00000360475.4,train,True,0,self_learning,NC3
7086,ENST00000371429,ENSP00000360483.3,train,True,0,self_learning,NC3
7087,ENST00000371437,ENSP00000360492.4,unlabeled,False,0,self_learning,NC3
7088,ENST00000371438,ENSP00000360493.1,unlabeled,False,0,self_learning,NC3
7089,ENST00000371442,ENSP00000360497.2,train,True,0,self_learning,NC3
7090,ENST00000371443,ENSP00000360498.5,train,True,0,self_learning,NC3
7091,ENST00000371460,ENSP00000360515.1,unlabeled,False,0,self_learning,NC3
7092,ENST00000371470,ENSP00000360525.3,unlabeled,False,0,self_learning,NC3
7093,ENST00000371477,ENSP00000360532.3,train,True,0,self_learning,NC3
7094,ENST00000371485,ENSP00000360540.3,train,True,0,self_learning,NC3
7095,ENST00000371486,ENSP00000360541.3,unlabeled,False,0,self_learning,NC3
7096,ENST00000371497,ENSP00000360552.3,unlabeled,False,0,self_learning,NC3
7097,ENST00000371514,ENSP00000360569.3,train,True,0,self_learning,NC3
7098,ENST00000371521,ENSP00000360576.4,unlabeled,False,0,self_learning,NC3
7099,ENST00000371528,ENSP00000360583.1,unlabeled,False,0,self_learning,NC3
7100,ENST00000371538,ENSP00000360593.3,val,True,0,self_learning,NC3
7101,ENST00000371542,ENSP00000360597.3,unlabeled,False,0,self_learning,NC3
7102,ENST00000371554,ENSP00000360609.1,train,True,0,self_learning,NC3
7103,ENST00000371558,ENSP00000360613.2,unlabeled,False,0,self_learning,NC3
7104,ENST00000371568,ENSP00000360623.3,val,True,0,self_learning,NC3
7105,ENST00000371571,ENSP00000360626.4,unlabeled,False,0,self_learning,NC3
7106,ENST00000371579,ENSP00000360635.2,unlabeled,False,0,self_learning,NC3
7107,ENST00000371586,ENSP00000360642.2,train,True,0,self_learning,NC3
7108,ENST00000371589,ENSP00000360645.4,test,True,0,self_learning,NC3
7109,ENST00000371601,ENSP00000360660.4,unlabeled,False,0,self_learning,NC3
7110,ENST00000371602,ENSP00000360662.2,unlabeled,False,0,self_learning,NC3
7111,ENST00000371610,ENSP00000360672.2,train,True,0,self_learning,NC3
7112,ENST00000371614,ENSP00000360676.1,val,True,0,self_learning,NC3
7113,ENST00000371620,ENSP00000360682.3,test,True,0,self_learning,NC3
7114,ENST00000371621,ENSP00000360683.3,train,True,0,self_learning,NC3
7115,ENST00000371625,ENSP00000360687.3,unlabeled,False,0,self_learning,NC3
7116,ENST00000371626,ENSP00000360688.4,train,True,0,self_learning,NC3
7117,ENST00000371627,ENSP00000360689.4,unlabeled,False,0,self_learning,NC3
7118,ENST00000371628,ENSP00000360690.3,train,True,0,self_learning,NC3
7119,ENST00000371633,ENSP00000360696.3,unlabeled,False,0,self_learning,NC3
7120,ENST00000371634,ENSP00000360697.3,unlabeled,False,0,self_learning,NC3
7121,ENST00000371652,ENSP00000360715.4,unlabeled,False,0,self_learning,NC3
7122,ENST00000371655,ENSP00000360718.3,test,True,0,self_learning,NC3
7123,ENST00000371666,ENSP00000360730.3,unlabeled,False,0,self_learning,NC3
7124,ENST00000371674,ENSP00000360739.4,unlabeled,False,0,self_learning,NC3
7125,ENST00000371692,0,unlabeled,False,0,self_learning,NC3
7126,ENST00000371696,ENSP00000360761.2,unlabeled,False,0,self_learning,NC3
7127,ENST00000371699,ENSP00000360764.1,unlabeled,False,0,self_learning,NC3
7128,ENST00000371711,ENSP00000360776.4,unlabeled,False,0,self_learning,NC3
7129,ENST00000371712,ENSP00000360777.3,unlabeled,False,0,self_learning,NC3
7130,ENST00000371717,ENSP00000360782.3,unlabeled,False,0,self_learning,NC3
7131,ENST00000371732,ENSP00000360797.5,unlabeled,False,0,self_learning,NC3
7132,ENST00000371733,ENSP00000360798.3,unlabeled,False,0,self_learning,NC3
7133,ENST00000371738,ENSP00000360803.3,train,True,0,self_learning,NC3
7134,ENST00000371741,ENSP00000360806.3,unlabeled,False,0,self_learning,NC3
7135,ENST00000371746,ENSP00000360811.3,unlabeled,False,0,self_learning,NC3
7136,ENST00000371752,ENSP00000360817.1,unlabeled,False,0,self_learning,NC3
7137,ENST00000371756,ENSP00000360821.3,train,True,0,self_learning,NC3
7138,ENST00000371785,ENSP00000360850.1,unlabeled,False,0,self_learning,NC3
7139,ENST00000371795,ENSP00000360860.4,train,True,0,self_learning,NC3
7140,ENST00000371804,ENSP00000360869.3,train,True,0,self_learning,NC3
7141,ENST00000371811,ENSP00000360876.4,unlabeled,False,0,self_learning,NC3
7142,ENST00000371817,ENSP00000360882.3,unlabeled,False,0,self_learning,NC3
7143,ENST00000371833,ENSP00000360899.3,unlabeled,False,0,self_learning,NC3
7144,ENST00000371847,ENSP00000360913.3,unlabeled,False,0,self_learning,NC3
7145,ENST00000371872,ENSP00000360938.4,unlabeled,False,0,self_learning,NC3
7146,ENST00000371901,ENSP00000360968.3,unlabeled,False,0,self_learning,NC3
7147,ENST00000371917,ENSP00000360985.4,train,True,0,self_learning,NC3
7148,ENST00000371924,ENSP00000360992.1,unlabeled,False,0,self_learning,NC3
7149,ENST00000371933,ENSP00000361001.3,unlabeled,False,0,self_learning,NC3
7150,ENST00000371940,ENSP00000361008.2,unlabeled,False,0,self_learning,NC3
7151,ENST00000371941,ENSP00000361009.3,unlabeled,False,0,self_learning,NC3
7152,ENST00000371970,0,unlabeled,False,0,self_learning,NC3
7153,ENST00000371975,ENSP00000361043.4,unlabeled,False,0,self_learning,NC3
7154,ENST00000371980,ENSP00000361048.3,unlabeled,False,0,self_learning,NC3
7155,ENST00000371984,ENSP00000361052.3,unlabeled,False,0,self_learning,NC3
7156,ENST00000371996,ENSP00000361064.4,train,True,0,self_learning,NC3
7157,ENST00000371998,ENSP00000361066.3,train,True,0,self_learning,NC3
7158,ENST00000372014,ENSP00000361084.3,train,True,0,self_learning,NC3
7159,ENST00000372017,ENSP00000361087.3,test,True,0,self_learning,NC3
7160,ENST00000372025,0,unlabeled,False,0,self_learning,NC3
7161,ENST00000372037,ENSP00000361107.2,unlabeled,False,0,self_learning,NC3
7162,ENST00000372050,ENSP00000361120.3,unlabeled,False,0,self_learning,NC3
7163,ENST00000372068,ENSP00000361138.2,val,True,0,self_learning,NC3
7164,ENST00000372070,ENSP00000361140.3,unlabeled,False,0,self_learning,NC3
7165,ENST00000372086,ENSP00000361158.3,unlabeled,False,0,self_learning,NC3
7166,ENST00000372090,ENSP00000361162.5,train,True,0,self_learning,NC3
7167,ENST00000372114,ENSP00000361186.3,test,True,0,self_learning,NC3
7168,ENST00000372134,ENSP00000361207.3,unlabeled,False,0,self_learning,NC3
7169,ENST00000372146,ENSP00000361219.4,train,True,0,self_learning,NC3
7170,ENST00000372158,ENSP00000361231.1,unlabeled,False,0,self_learning,NC3
7171,ENST00000372172,ENSP00000361245.4,train,True,0,self_learning,NC3
7172,ENST00000372190,0,unlabeled,False,0,self_learning,NC3
7173,ENST00000372192,ENSP00000361266.3,unlabeled,False,0,self_learning,NC3
7174,ENST00000372201,ENSP00000361275.4,unlabeled,False,0,self_learning,NC3
7175,ENST00000372207,ENSP00000361281.3,unlabeled,False,0,self_learning,NC3
7176,ENST00000372213,ENSP00000361287.3,unlabeled,False,0,self_learning,NC3
7177,ENST00000372215,ENSP00000361289.4,val,True,0,self_learning,NC3
7178,ENST00000372216,ENSP00000361290.4,unlabeled,False,0,self_learning,NC3
7179,ENST00000372224,ENSP00000361298.4,train,True,0,self_learning,NC3
7180,ENST00000372230,ENSP00000361304.5,unlabeled,False,0,self_learning,NC3
7181,ENST00000372232,ENSP00000361306.3,test,True,0,self_learning,NC3
7182,ENST00000372236,ENSP00000361310.4,unlabeled,False,0,self_learning,NC3
7183,ENST00000372237,ENSP00000361311.3,unlabeled,False,0,self_learning,NC3
7184,ENST00000372257,ENSP00000361331.2,train,True,0,self_learning,NC3
7185,ENST00000372264,ENSP00000361338.3,unlabeled,False,0,self_learning,NC3
7186,ENST00000372271,ENSP00000361345.3,unlabeled,False,0,self_learning,NC3
7187,ENST00000372281,ENSP00000361355.3,train,True,0,self_learning,NC3
7188,ENST00000372285,ENSP00000361359.3,unlabeled,False,0,self_learning,NC3
7189,ENST00000372289,ENSP00000361363.2,train,True,0,self_learning,NC3
7190,ENST00000372310,ENSP00000361384.4,unlabeled,False,0,self_learning,NC3
7191,ENST00000372318,ENSP00000361392.3,unlabeled,False,0,self_learning,NC3
7192,ENST00000372336,0,unlabeled,False,0,self_learning,NC3
7193,ENST00000372343,ENSP00000361418.3,val,True,0,self_learning,NC3
7194,ENST00000372358,ENSP00000361433.5,unlabeled,False,0,self_learning,NC3
7195,ENST00000372371,ENSP00000361446.3,train,True,0,self_learning,NC3
7196,ENST00000372394,ENSP00000361471.1,train,True,0,self_learning,NC3
7197,ENST00000372396,ENSP00000361473.3,val,True,0,self_learning,NC3
7198,ENST00000372398,ENSP00000361475.3,train,True,0,self_learning,NC3
7199,ENST00000372409,ENSP00000361486.3,train,True,0,self_learning,NC3
7200,ENST00000372422,ENSP00000361499.2,unlabeled,False,0,self_learning,NC3
7201,ENST00000372435,ENSP00000361512.4,train,True,0,self_learning,NC3
7202,ENST00000372444,ENSP00000361521.2,unlabeled,False,0,self_learning,NC3
7203,ENST00000372447,ENSP00000361524.3,train,True,0,self_learning,NC3
7204,ENST00000372457,ENSP00000361535.4,unlabeled,False,0,self_learning,NC3
7205,ENST00000372462,ENSP00000361540.1,train,True,0,self_learning,NC3
7206,ENST00000372466,ENSP00000361544.4,unlabeled,False,0,self_learning,NC3
7207,ENST00000372479,ENSP00000361557.3,unlabeled,False,0,self_learning,NC3
7208,ENST00000372491,ENSP00000361569.2,unlabeled,False,0,self_learning,NC3
7209,ENST00000372499,ENSP00000361577.1,unlabeled,False,0,self_learning,NC3
7210,ENST00000372506,0,unlabeled,False,0,self_learning,NC3
7211,ENST00000372517,ENSP00000361595.2,unlabeled,False,0,self_learning,NC3
7212,ENST00000372521,ENSP00000361599.4,unlabeled,False,0,self_learning,NC3
7213,ENST00000372523,0,unlabeled,False,0,self_learning,NC3
7214,ENST00000372524,ENSP00000361602.4,val,True,0,self_learning,NC3
7215,ENST00000372525,ENSP00000361603.4,val,True,0,self_learning,NC3
7216,ENST00000372538,ENSP00000361616.3,unlabeled,False,0,self_learning,NC3
7217,ENST00000372542,0,unlabeled,False,0,self_learning,NC3
7218,ENST00000372546,ENSP00000361625.4,val,True,0,self_learning,NC3
7219,ENST00000372548,ENSP00000361628.4,train,True,0,self_learning,NC3
7220,ENST00000372561,ENSP00000361642.3,train,True,0,self_learning,NC3
7221,ENST00000372572,ENSP00000361653.1,unlabeled,False,0,self_learning,NC3
7222,ENST00000372577,ENSP00000361658.2,train,True,0,self_learning,NC3
7223,ENST00000372583,ENSP00000361664.1,unlabeled,False,0,self_learning,NC3
7224,ENST00000372586,ENSP00000361667.3,unlabeled,False,0,self_learning,NC3
7225,ENST00000372588,ENSP00000361669.4,unlabeled,False,0,self_learning,NC3
7226,ENST00000372592,ENSP00000361673.3,unlabeled,False,0,self_learning,NC3
7227,ENST00000372597,ENSP00000361678.1,unlabeled,False,0,self_learning,NC3
7228,ENST00000372622,ENSP00000361705.3,train,True,0,self_learning,NC3
7229,ENST00000372625,0,unlabeled,False,0,self_learning,NC3
7230,ENST00000372628,0,unlabeled,False,0,self_learning,NC3
7231,ENST00000372632,0,unlabeled,False,0,self_learning,NC3
7232,ENST00000372633,ENSP00000361716.1,unlabeled,False,0,self_learning,NC3
7233,ENST00000372638,ENSP00000361721.2,unlabeled,False,0,self_learning,NC3
7234,ENST00000372642,ENSP00000361725.4,train,True,0,self_learning,NC3
7235,ENST00000372645,ENSP00000361728.3,unlabeled,False,0,self_learning,NC3
7236,ENST00000372648,0,unlabeled,False,0,self_learning,NC3
7237,ENST00000372663,ENSP00000361748.4,unlabeled,False,0,self_learning,NC3
7238,ENST00000372684,ENSP00000361769.3,unlabeled,False,0,self_learning,NC3
7239,ENST00000372685,ENSP00000361770.3,unlabeled,False,0,self_learning,NC3
7240,ENST00000372695,0,unlabeled,False,0,self_learning,NC3
7241,ENST00000372703,ENSP00000361788.1,unlabeled,False,0,self_learning,NC3
7242,ENST00000372706,0,unlabeled,False,0,self_learning,NC3
7243,ENST00000372712,ENSP00000361797.2,unlabeled,False,0,self_learning,NC3
7244,ENST00000372718,ENSP00000361803.3,val,True,0,self_learning,NC3
7245,ENST00000372728,ENSP00000361813.3,unlabeled,False,0,self_learning,NC3
7246,ENST00000372733,ENSP00000361818.3,unlabeled,False,0,self_learning,NC3
7247,ENST00000372739,ENSP00000361824.4,unlabeled,False,0,self_learning,NC3
7248,ENST00000372748,ENSP00000361834.3,unlabeled,False,0,self_learning,NC3
7249,ENST00000372759,ENSP00000361845.3,train,True,0,self_learning,NC3
7250,ENST00000372764,ENSP00000361850.3,unlabeled,False,0,self_learning,NC3
7251,ENST00000372771,0,unlabeled,False,0,self_learning,NC3
7252,ENST00000372782,ENSP00000361868.3,unlabeled,False,0,self_learning,NC3
7253,ENST00000372791,0,unlabeled,False,0,self_learning,NC3
7254,ENST00000372797,ENSP00000361883.3,unlabeled,False,0,self_learning,NC3
7255,ENST00000372806,ENSP00000361892.3,train,True,0,self_learning,NC3
7256,ENST00000372808,ENSP00000361894.3,unlabeled,False,0,self_learning,NC3
7257,ENST00000372811,ENSP00000361898.6,unlabeled,False,0,self_learning,NC3
7258,ENST00000372813,ENSP00000361900.3,train,True,0,self_learning,NC3
7259,ENST00000372816,ENSP00000361903.2,unlabeled,False,0,self_learning,NC3
7260,ENST00000372827,ENSP00000361915.3,unlabeled,False,0,self_learning,NC3
7261,ENST00000372833,ENSP00000361923.5,test,True,0,self_learning,NC3
7262,ENST00000372836,ENSP00000361926.4,train,True,0,self_learning,NC3
7263,ENST00000372838,ENSP00000361929.4,unlabeled,False,0,self_learning,NC3
7264,ENST00000372839,ENSP00000361930.3,val,True,0,self_learning,NC3
7265,ENST00000372841,ENSP00000361932.3,train,True,0,self_learning,NC3
7266,ENST00000372851,ENSP00000361942.4,unlabeled,False,0,self_learning,NC3
7267,ENST00000372852,ENSP00000361943.3,unlabeled,False,0,self_learning,NC3
7268,ENST00000372853,ENSP00000361944.4,unlabeled,False,0,self_learning,NC3
7269,ENST00000372857,ENSP00000361948.3,unlabeled,False,0,self_learning,NC3
7270,ENST00000372861,0,unlabeled,False,0,self_learning,NC3
7271,ENST00000372874,ENSP00000361965.4,unlabeled,False,0,self_learning,NC3
7272,ENST00000372876,ENSP00000361967.1,train,True,0,self_learning,NC3
7273,ENST00000372889,ENSP00000361980.1,unlabeled,False,0,self_learning,NC3
7274,ENST00000372890,ENSP00000361982.4,train,True,0,self_learning,NC3
7275,ENST00000372902,ENSP00000361993.3,val,True,0,self_learning,NC3
7276,ENST00000372904,ENSP00000361995.3,train,True,0,self_learning,NC3
7277,ENST00000372907,0,unlabeled,False,0,self_learning,NC3
7278,ENST00000372919,ENSP00000362010.4,train,True,0,self_learning,NC3
7279,ENST00000372922,ENSP00000362013.4,unlabeled,False,0,self_learning,NC3
7280,ENST00000372923,ENSP00000362014.4,unlabeled,False,0,self_learning,NC3
7281,ENST00000372927,ENSP00000362018.1,unlabeled,False,0,self_learning,NC3
7282,ENST00000372936,ENSP00000362027.3,train,True,0,self_learning,NC3
7283,ENST00000372945,ENSP00000362036.3,train,True,0,self_learning,NC3
7284,ENST00000372950,ENSP00000362041.4,train,True,0,self_learning,NC3
7285,ENST00000372967,ENSP00000362058.3,unlabeled,False,0,self_learning,NC3
7286,ENST00000372977,ENSP00000362068.3,unlabeled,False,0,self_learning,NC3
7287,ENST00000372979,ENSP00000362070.4,unlabeled,False,0,self_learning,NC3
7288,ENST00000372991,ENSP00000362082.5,unlabeled,False,0,self_learning,NC3
7289,ENST00000372994,ENSP00000362085.1,train,True,0,self_learning,NC3
7290,ENST00000372999,ENSP00000362090.1,unlabeled,False,0,self_learning,NC3
7291,ENST00000373001,ENSP00000362092.3,train,True,0,self_learning,NC3
7292,ENST00000373012,ENSP00000362103.2,unlabeled,False,0,self_learning,NC3
7293,ENST00000373014,ENSP00000362105.4,train,True,0,self_learning,NC3
7294,ENST00000373016,ENSP00000362107.3,train,True,0,self_learning,NC3
7295,ENST00000373017,ENSP00000362108.1,unlabeled,False,0,self_learning,NC3
7296,ENST00000373018,ENSP00000362109.3,unlabeled,False,0,self_learning,NC3
7297,ENST00000373019,ENSP00000362110.4,train,True,0,self_learning,NC3
7298,ENST00000373020,ENSP00000362111.4,train,True,0,self_learning,NC3
7299,ENST00000373024,ENSP00000362115.3,unlabeled,False,0,self_learning,NC3
7300,ENST00000373030,0,unlabeled,False,0,self_learning,NC3
7301,ENST00000373036,ENSP00000362127.3,unlabeled,False,0,self_learning,NC3
7302,ENST00000373040,ENSP00000362131.3,unlabeled,False,0,self_learning,NC3
7303,ENST00000373042,ENSP00000362133.4,train,True,0,self_learning,NC3
7304,ENST00000373044,ENSP00000362135.2,train,True,0,self_learning,NC3
7305,ENST00000373048,ENSP00000362139.4,unlabeled,False,0,self_learning,NC3
7306,ENST00000373055,ENSP00000362146.1,train,True,0,self_learning,NC3
7307,ENST00000373062,ENSP00000362153.3,test,True,0,self_learning,NC3
7308,ENST00000373063,ENSP00000362154.3,unlabeled,False,0,self_learning,NC3
7309,ENST00000373064,ENSP00000362155.5,unlabeled,False,0,self_learning,NC3
7310,ENST00000373075,ENSP00000362166.2,train,True,0,self_learning,NC3
7311,ENST00000373078,ENSP00000362170.4,unlabeled,False,0,self_learning,NC3
7312,ENST00000373079,ENSP00000362171.3,unlabeled,False,0,self_learning,NC3
7313,ENST00000373087,ENSP00000362179.5,unlabeled,False,0,self_learning,NC3
7314,ENST00000373095,ENSP00000362187.1,unlabeled,False,0,self_learning,NC3
7315,ENST00000373115,ENSP00000362207.4,unlabeled,False,0,self_learning,NC3
7316,ENST00000373116,ENSP00000362208.5,train,True,0,self_learning,NC3
7317,ENST00000373125,ENSP00000362217.4,unlabeled,False,0,self_learning,NC3
7318,ENST00000373129,ENSP00000362221.3,unlabeled,False,0,self_learning,NC3
7319,ENST00000373150,ENSP00000362243.4,unlabeled,False,0,self_learning,NC3
7320,ENST00000373165,ENSP00000362260.3,unlabeled,False,0,self_learning,NC3
7321,ENST00000373166,ENSP00000362261.3,train,True,0,self_learning,NC3
7322,ENST00000373173,ENSP00000362268.2,test,True,0,self_learning,NC3
7323,ENST00000373177,ENSP00000362272.2,unlabeled,False,0,self_learning,NC3
7324,ENST00000373178,ENSP00000362273.4,train,True,0,self_learning,NC3
7325,ENST00000373189,ENSP00000362285.5,unlabeled,False,0,self_learning,NC3
7326,ENST00000373191,ENSP00000362287.3,train,True,0,self_learning,NC3
7327,ENST00000373202,ENSP00000362298.3,unlabeled,False,0,self_learning,NC3
7328,ENST00000373204,ENSP00000362300.4,unlabeled,False,0,self_learning,NC3
7329,ENST00000373210,ENSP00000362306.3,unlabeled,False,0,self_learning,NC3
7330,ENST00000373212,ENSP00000362308.5,train,True,0,self_learning,NC3
7331,ENST00000373218,ENSP00000362314.4,train,True,0,self_learning,NC3
7332,ENST00000373232,ENSP00000362329.2,train,True,0,self_learning,NC3
7333,ENST00000373233,ENSP00000362330.3,train,True,0,self_learning,NC3
7334,ENST00000373237,ENSP00000362334.3,train,True,0,self_learning,NC3
7335,ENST00000373242,ENSP00000362339.1,unlabeled,False,0,self_learning,NC3
7336,ENST00000373243,ENSP00000362340.2,unlabeled,False,0,self_learning,NC3
7337,ENST00000373247,ENSP00000362344.2,train,True,0,self_learning,NC3
7338,ENST00000373255,ENSP00000362352.3,train,True,0,self_learning,NC3
7339,ENST00000373264,ENSP00000362361.4,train,True,0,self_learning,NC3
7340,ENST00000373275,ENSP00000362372.4,train,True,0,self_learning,NC3
7341,ENST00000373277,ENSP00000362374.4,unlabeled,False,0,self_learning,NC3
7342,ENST00000373279,ENSP00000362376.4,unlabeled,False,0,self_learning,NC3
7343,ENST00000373284,ENSP00000362381.5,unlabeled,False,0,self_learning,NC3
7344,ENST00000373290,ENSP00000362387.2,train,True,0,self_learning,NC3
7345,ENST00000373312,ENSP00000362409.3,train,True,0,self_learning,NC3
7346,ENST00000373313,ENSP00000362410.2,unlabeled,False,0,self_learning,NC3
7347,ENST00000373316,ENSP00000362413.4,val,True,0,self_learning,NC3
7348,ENST00000373327,ENSP00000362424.4,val,True,0,self_learning,NC3
7349,ENST00000373347,ENSP00000362444.1,unlabeled,False,0,self_learning,NC3
7350,ENST00000373358,ENSP00000362456.3,train,True,0,self_learning,NC3
7351,ENST00000373365,ENSP00000362463.3,train,True,0,self_learning,NC3
7352,ENST00000373371,ENSP00000362469.3,unlabeled,False,0,self_learning,NC3
7353,ENST00000373383,ENSP00000362481.4,train,True,0,self_learning,NC3
7354,ENST00000373408,0,unlabeled,False,0,self_learning,NC3
7355,ENST00000373433,ENSP00000362532.4,train,True,0,self_learning,NC3
7356,ENST00000373448,ENSP00000362547.2,unlabeled,False,0,self_learning,NC3
7357,ENST00000373451,ENSP00000362550.4,train,True,0,self_learning,NC3
7358,ENST00000373456,ENSP00000362555.7,unlabeled,False,0,self_learning,NC3
7359,ENST00000373461,ENSP00000362560.4,unlabeled,False,0,self_learning,NC3
7360,ENST00000373463,ENSP00000362562.3,unlabeled,False,0,self_learning,NC3
7361,ENST00000373464,ENSP00000362563.4,unlabeled,False,0,self_learning,NC3
7362,ENST00000373475,0,unlabeled,False,0,self_learning,NC3
7363,ENST00000373479,ENSP00000362578.4,train,True,0,self_learning,NC3
7364,ENST00000373489,ENSP00000362588.5,unlabeled,False,0,self_learning,NC3
7365,ENST00000373491,ENSP00000362590.3,train,True,0,self_learning,NC3
7366,ENST00000373493,ENSP00000362592.4,train,True,0,self_learning,NC3
7367,ENST00000373509,ENSP00000362608.5,unlabeled,False,0,self_learning,NC3
7368,ENST00000373510,0,unlabeled,False,0,self_learning,NC3
7369,ENST00000373517,ENSP00000362616.3,unlabeled,False,0,self_learning,NC3
7370,ENST00000373534,ENSP00000362634.3,unlabeled,False,0,self_learning,NC3
7371,ENST00000373538,ENSP00000362639.3,unlabeled,False,0,self_learning,NC3
7372,ENST00000373542,ENSP00000362643.4,unlabeled,False,0,self_learning,NC3
7373,ENST00000373548,ENSP00000362649.3,train,True,0,self_learning,NC3
7374,ENST00000373552,ENSP00000362653.4,unlabeled,False,0,self_learning,NC3
7375,ENST00000373555,ENSP00000362656.4,train,True,0,self_learning,NC3
7376,ENST00000373563,ENSP00000362664.5,train,True,0,self_learning,NC3
7377,ENST00000373573,ENSP00000362674.3,unlabeled,False,0,self_learning,NC3
7378,ENST00000373580,0,unlabeled,False,0,self_learning,NC3
7379,ENST00000373585,ENSP00000362687.3,train,True,0,self_learning,NC3
7380,ENST00000373603,ENSP00000362705.1,unlabeled,False,0,self_learning,NC3
7381,ENST00000373605,ENSP00000362707.3,unlabeled,False,0,self_learning,NC3
7382,ENST00000373609,ENSP00000362711.1,val,True,0,self_learning,NC3
7383,ENST00000373615,ENSP00000362717.4,unlabeled,False,0,self_learning,NC3
7384,ENST00000373616,ENSP00000362718.5,unlabeled,False,0,self_learning,NC3
7385,ENST00000373624,ENSP00000362727.2,unlabeled,False,0,self_learning,NC3
7386,ENST00000373625,ENSP00000362728.3,test,True,0,self_learning,NC3
7387,ENST00000373640,0,unlabeled,False,0,self_learning,NC3
7388,ENST00000373644,ENSP00000362748.4,unlabeled,False,0,self_learning,NC3
7389,ENST00000373647,ENSP00000362751.4,val,True,0,self_learning,NC3
7390,ENST00000373655,ENSP00000362759.2,unlabeled,False,0,self_learning,NC3
7391,ENST00000373656,0,unlabeled,False,0,self_learning,NC3
7392,ENST00000373659,ENSP00000362763.3,unlabeled,False,0,self_learning,NC3
7393,ENST00000373664,ENSP00000362768.3,train,True,0,self_learning,NC3
7394,ENST00000373669,ENSP00000362773.3,unlabeled,False,0,self_learning,NC3
7395,ENST00000373670,ENSP00000362774.1,unlabeled,False,0,self_learning,NC3
7396,ENST00000373695,ENSP00000362799.1,unlabeled,False,0,self_learning,NC3
7397,ENST00000373699,ENSP00000362803.5,train,True,0,self_learning,NC3
7398,ENST00000373703,ENSP00000362807.4,val,True,0,self_learning,NC3
7399,ENST00000373709,ENSP00000362813.3,unlabeled,False,0,self_learning,NC3
7400,ENST00000373713,ENSP00000362817.2,unlabeled,False,0,self_learning,NC3
7401,ENST00000373714,ENSP00000362819.1,unlabeled,False,0,self_learning,NC3
7402,ENST00000373715,ENSP00000362820.5,unlabeled,False,0,self_learning,NC3
7403,ENST00000373719,ENSP00000362824.3,train,True,0,self_learning,NC3
7404,ENST00000373731,ENSP00000362836.2,unlabeled,False,0,self_learning,NC3
7405,ENST00000373736,ENSP00000362841.2,unlabeled,False,0,self_learning,NC3
7406,ENST00000373758,ENSP00000362863.4,test,True,0,self_learning,NC3
7407,ENST00000373765,ENSP00000362870.4,unlabeled,False,0,self_learning,NC3
7408,ENST00000373768,ENSP00000362873.3,val,True,0,self_learning,NC3
7409,ENST00000373783,ENSP00000362888.1,unlabeled,False,0,self_learning,NC3
7410,ENST00000373789,ENSP00000362894.3,train,True,0,self_learning,NC3
7411,ENST00000373791,ENSP00000362896.3,unlabeled,False,0,self_learning,NC3
7412,ENST00000373795,ENSP00000362900.4,val,True,0,self_learning,NC3
7413,ENST00000373818,ENSP00000362924.4,unlabeled,False,0,self_learning,NC3
7414,ENST00000373825,ENSP00000362931.2,train,True,0,self_learning,NC3
7415,ENST00000373829,ENSP00000362935.3,unlabeled,False,0,self_learning,NC3
7416,ENST00000373830,ENSP00000362936.3,train,True,0,self_learning,NC3
7417,ENST00000373833,ENSP00000362939.5,unlabeled,False,0,self_learning,NC3
7418,ENST00000373836,ENSP00000362942.3,train,True,0,self_learning,NC3
7419,ENST00000373840,ENSP00000362946.4,train,True,0,self_learning,NC3
7420,ENST00000373871,ENSP00000362978.3,train,True,0,self_learning,NC3
7421,ENST00000373874,ENSP00000362981.2,unlabeled,False,0,self_learning,NC3
7422,ENST00000373884,ENSP00000362991.5,train,True,0,self_learning,NC3
7423,ENST00000373886,ENSP00000362993.3,unlabeled,False,0,self_learning,NC3
7424,ENST00000373887,ENSP00000362994.3,unlabeled,False,0,self_learning,NC3
7425,ENST00000373894,ENSP00000363001.3,train,True,0,self_learning,NC3
7426,ENST00000373896,ENSP00000363003.3,unlabeled,False,0,self_learning,NC3
7427,ENST00000373910,ENSP00000363019.3,train,True,0,self_learning,NC3
7428,ENST00000373912,ENSP00000363021.3,unlabeled,False,0,self_learning,NC3
7429,ENST00000373913,ENSP00000363023.3,unlabeled,False,0,self_learning,NC3
7430,ENST00000373921,ENSP00000363031.3,unlabeled,False,0,self_learning,NC3
7431,ENST00000373930,ENSP00000363040.3,unlabeled,False,0,self_learning,NC3
7432,ENST00000373932,ENSP00000363043.3,unlabeled,False,0,self_learning,NC3
7433,ENST00000373935,ENSP00000363046.3,train,True,0,self_learning,NC3
7434,ENST00000373943,ENSP00000363054.4,train,True,0,self_learning,NC3
7435,ENST00000373944,ENSP00000363055.3,unlabeled,False,0,self_learning,NC3
7436,ENST00000373953,ENSP00000363064.3,unlabeled,False,0,self_learning,NC3
7437,ENST00000373960,ENSP00000363071.3,unlabeled,False,0,self_learning,NC3
7438,ENST00000373970,ENSP00000363081.3,unlabeled,False,0,self_learning,NC3
7439,ENST00000373991,ENSP00000363103.3,unlabeled,False,0,self_learning,NC3
7440,ENST00000374011,ENSP00000363123.2,unlabeled,False,0,self_learning,NC3
7441,ENST00000374012,ENSP00000363124.3,unlabeled,False,0,self_learning,NC3
7442,ENST00000374023,ENSP00000363135.3,train,True,0,self_learning,NC3
7443,ENST00000374037,ENSP00000363149.3,unlabeled,False,0,self_learning,NC3
7444,ENST00000374050,ENSP00000363162.3,train,True,0,self_learning,NC3
7445,ENST00000374051,ENSP00000363163.3,unlabeled,False,0,self_learning,NC3
7446,ENST00000374078,ENSP00000363191.1,unlabeled,False,0,self_learning,NC3
7447,ENST00000374080,ENSP00000363193.3,unlabeled,False,0,self_learning,NC3
7448,ENST00000374092,ENSP00000363205.3,train,True,0,self_learning,NC3
7449,ENST00000374103,ENSP00000363216.4,unlabeled,False,0,self_learning,NC3
7450,ENST00000374114,ENSP00000363228.3,unlabeled,False,0,self_learning,NC3
7451,ENST00000374135,ENSP00000363250.3,unlabeled,False,0,self_learning,NC3
7452,ENST00000374140,ENSP00000363255.2,unlabeled,False,0,self_learning,NC3
7453,ENST00000374142,ENSP00000363257.3,unlabeled,False,0,self_learning,NC3
7454,ENST00000374171,ENSP00000363286.4,unlabeled,False,0,self_learning,NC3
7455,ENST00000374176,ENSP00000363291.4,unlabeled,False,0,self_learning,NC3
7456,ENST00000374183,ENSP00000363298.4,unlabeled,False,0,self_learning,NC3
7457,ENST00000374199,ENSP00000363315.4,train,True,0,self_learning,NC3
7458,ENST00000374201,ENSP00000363317.3,unlabeled,False,0,self_learning,NC3
7459,ENST00000374212,ENSP00000363329.4,unlabeled,False,0,self_learning,NC3
7460,ENST00000374232,ENSP00000363349.3,train,True,0,self_learning,NC3
7461,ENST00000374242,ENSP00000363360.3,train,True,0,self_learning,NC3
7462,ENST00000374255,ENSP00000363373.2,unlabeled,False,0,self_learning,NC3
7463,ENST00000374259,ENSP00000363377.3,train,True,0,self_learning,NC3
7464,ENST00000374266,ENSP00000363384.5,train,True,0,self_learning,NC3
7465,ENST00000374270,ENSP00000363388.4,unlabeled,False,0,self_learning,NC3
7466,ENST00000374271,ENSP00000363389.4,unlabeled,False,0,self_learning,NC3
7467,ENST00000374273,ENSP00000363391.3,unlabeled,False,0,self_learning,NC3
7468,ENST00000374279,ENSP00000363397.3,unlabeled,False,0,self_learning,NC3
7469,ENST00000374280,ENSP00000363398.3,unlabeled,False,0,self_learning,NC3
7470,ENST00000374282,ENSP00000363400.3,train,True,0,self_learning,NC3
7471,ENST00000374293,ENSP00000363411.3,unlabeled,False,0,self_learning,NC3
7472,ENST00000374294,0,unlabeled,False,0,self_learning,NC3
7473,ENST00000374298,ENSP00000363416.4,unlabeled,False,0,self_learning,NC3
7474,ENST00000374299,ENSP00000363417.3,unlabeled,False,0,self_learning,NC3
7475,ENST00000374301,0,unlabeled,False,0,self_learning,NC3
7476,ENST00000374316,ENSP00000363435.4,train,True,0,self_learning,NC3
7477,ENST00000374338,ENSP00000363458.4,train,True,0,self_learning,NC3
7478,ENST00000374343,ENSP00000363463.4,train,True,0,self_learning,NC3
7479,ENST00000374358,ENSP00000363478.4,unlabeled,False,0,self_learning,NC3
7480,ENST00000374360,ENSP00000363480.3,unlabeled,False,0,self_learning,NC3
7481,ENST00000374362,ENSP00000363482.2,unlabeled,False,0,self_learning,NC3
7482,ENST00000374379,ENSP00000363500.4,unlabeled,False,0,self_learning,NC3
7483,ENST00000374385,ENSP00000363506.5,test,True,0,self_learning,NC3
7484,ENST00000374395,ENSP00000363516.3,unlabeled,False,0,self_learning,NC3
7485,ENST00000374399,ENSP00000363520.4,unlabeled,False,0,self_learning,NC3
7486,ENST00000374403,ENSP00000363524.3,val,True,0,self_learning,NC3
7487,ENST00000374412,ENSP00000363533.3,unlabeled,False,0,self_learning,NC3
7488,ENST00000374431,ENSP00000363553.3,unlabeled,False,0,self_learning,NC3
7489,ENST00000374435,0,unlabeled,False,0,self_learning,NC3
7490,ENST00000374436,ENSP00000363559.3,train,True,0,self_learning,NC3
7491,ENST00000374466,ENSP00000363590.3,unlabeled,False,0,self_learning,NC3
7492,ENST00000374467,ENSP00000363591.3,test,True,0,self_learning,NC3
7493,ENST00000374469,ENSP00000363593.2,unlabeled,False,0,self_learning,NC3
7494,ENST00000374490,ENSP00000363614.3,train,True,0,self_learning,NC3
7495,ENST00000374492,ENSP00000363616.3,unlabeled,False,0,self_learning,NC3
7496,ENST00000374514,ENSP00000363638.3,test,True,0,self_learning,NC3
7497,ENST00000374517,ENSP00000363641.5,train,True,0,self_learning,NC3
7498,ENST00000374518,ENSP00000363642.4,train,True,0,self_learning,NC3
7499,ENST00000374531,0,unlabeled,False,0,self_learning,NC3
7500,ENST00000374541,ENSP00000363667.1,unlabeled,False,0,self_learning,NC3
7501,ENST00000374552,ENSP00000363680.4,unlabeled,False,0,self_learning,NC3
7502,ENST00000374580,ENSP00000363708.4,unlabeled,False,0,self_learning,NC3
7503,ENST00000374586,ENSP00000363714.3,train,True,0,self_learning,NC3
7504,ENST00000374632,ENSP00000363763.3,train,True,0,self_learning,NC3
7505,ENST00000374647,ENSP00000363779.5,train,True,0,self_learning,NC3
7506,ENST00000374672,ENSP00000363804.4,unlabeled,False,0,self_learning,NC3
7507,ENST00000374690,ENSP00000363822.3,unlabeled,False,0,self_learning,NC3
7508,ENST00000374692,ENSP00000363824.3,train,True,0,self_learning,NC3
7509,ENST00000374695,ENSP00000363827.3,unlabeled,False,0,self_learning,NC3
7510,ENST00000374700,ENSP00000363832.2,unlabeled,False,0,self_learning,NC3
7511,ENST00000374704,ENSP00000363836.4,train,True,0,self_learning,NC3
7512,ENST00000374720,ENSP00000363852.3,unlabeled,False,0,self_learning,NC3
7513,ENST00000374736,ENSP00000363868.3,unlabeled,False,0,self_learning,NC3
7514,ENST00000374741,ENSP00000363873.3,unlabeled,False,0,self_learning,NC3
7515,ENST00000374748,ENSP00000363880.1,unlabeled,False,0,self_learning,NC3
7516,ENST00000374762,ENSP00000363894.3,unlabeled,False,0,self_learning,NC3
7517,ENST00000374767,ENSP00000363899.4,test,True,0,self_learning,NC3
7518,ENST00000374782,ENSP00000363914.3,unlabeled,False,0,self_learning,NC3
7519,ENST00000374789,ENSP00000363921.3,unlabeled,False,0,self_learning,NC3
7520,ENST00000374796,ENSP00000363929.2,train,True,0,self_learning,NC3
7521,ENST00000374810,ENSP00000363943.3,unlabeled,False,0,self_learning,NC3
7522,ENST00000374839,ENSP00000363972.3,train,True,0,self_learning,NC3
7523,ENST00000374840,ENSP00000363973.3,unlabeled,False,0,self_learning,NC3
7524,ENST00000374851,0,unlabeled,False,0,self_learning,NC3
7525,ENST00000374852,ENSP00000363985.3,train,True,0,self_learning,NC3
7526,ENST00000374865,ENSP00000363999.4,train,True,0,self_learning,NC3
7527,ENST00000374866,ENSP00000364000.3,unlabeled,False,0,self_learning,NC3
7528,ENST00000374869,ENSP00000364003.4,unlabeled,False,0,self_learning,NC3
7529,ENST00000374879,ENSP00000364013.4,unlabeled,False,0,self_learning,NC3
7530,ENST00000374884,0,unlabeled,False,0,self_learning,NC3
7531,ENST00000374893,ENSP00000364028.6,unlabeled,False,0,self_learning,NC3
7532,ENST00000374902,ENSP00000364037.4,train,True,0,self_learning,NC3
7533,ENST00000374922,0,unlabeled,False,0,self_learning,NC3
7534,ENST00000374980,ENSP00000364119.2,train,True,0,self_learning,NC3
7535,ENST00000374987,ENSP00000364126.3,unlabeled,False,0,self_learning,NC3
7536,ENST00000374994,ENSP00000364133.4,unlabeled,False,0,self_learning,NC3
7537,ENST00000375001,ENSP00000364140.3,unlabeled,False,0,self_learning,NC3
7538,ENST00000375006,ENSP00000364145.3,unlabeled,False,0,self_learning,NC3
7539,ENST00000375011,ENSP00000364150.3,train,True,0,self_learning,NC3
7540,ENST00000375053,ENSP00000364193.2,unlabeled,False,0,self_learning,NC3
7541,ENST00000375066,ENSP00000364207.5,unlabeled,False,0,self_learning,NC3
7542,ENST00000375078,ENSP00000364219.3,unlabeled,False,0,self_learning,NC3
7543,ENST00000375095,ENSP00000364236.3,unlabeled,False,0,self_learning,NC3
7544,ENST00000375119,ENSP00000364260.3,unlabeled,False,0,self_learning,NC3
7545,ENST00000375120,ENSP00000364261.3,train,True,0,self_learning,NC3
7546,ENST00000375123,ENSP00000364265.3,unlabeled,False,0,self_learning,NC3
7547,ENST00000375128,ENSP00000364270.5,train,True,0,self_learning,NC3
7548,ENST00000375135,ENSP00000364277.3,train,True,0,self_learning,NC3
7549,ENST00000375147,ENSP00000364289.3,train,True,0,self_learning,NC3
7550,ENST00000375151,ENSP00000364293.4,train,True,0,self_learning,NC3
7551,ENST00000375153,ENSP00000364295.3,train,True,0,self_learning,NC3
7552,ENST00000375180,ENSP00000364324.2,train,True,0,self_learning,NC3
7553,ENST00000375190,ENSP00000364336.4,unlabeled,False,0,self_learning,NC3
7554,ENST00000375213,ENSP00000364361.3,unlabeled,False,0,self_learning,NC3
7555,ENST00000375231,ENSP00000364379.1,unlabeled,False,0,self_learning,NC3
7556,ENST00000375234,ENSP00000364382.3,unlabeled,False,0,self_learning,NC3
7557,ENST00000375242,ENSP00000364390.3,unlabeled,False,0,self_learning,NC3
7558,ENST00000375249,ENSP00000364398.4,train,True,0,self_learning,NC3
7559,ENST00000375254,ENSP00000364403.3,val,True,0,self_learning,NC3
7560,ENST00000375255,ENSP00000364404.3,unlabeled,False,0,self_learning,NC3
7561,ENST00000375256,ENSP00000364405.4,unlabeled,False,0,self_learning,NC3
7562,ENST00000375299,ENSP00000364448.3,unlabeled,False,0,self_learning,NC3
7563,ENST00000375300,ENSP00000364449.1,unlabeled,False,0,self_learning,NC3
7564,ENST00000375327,ENSP00000364476.3,unlabeled,False,0,self_learning,NC3
7565,ENST00000375341,ENSP00000364490.3,train,True,0,self_learning,NC3
7566,ENST00000375344,0,unlabeled,False,0,self_learning,NC3
7567,ENST00000375365,ENSP00000364514.2,unlabeled,False,0,self_learning,NC3
7568,ENST00000375366,ENSP00000364515.3,unlabeled,False,0,self_learning,NC3
7569,ENST00000375370,ENSP00000364519.4,train,True,0,self_learning,NC3
7570,ENST00000375377,0,unlabeled,False,0,self_learning,NC3
7571,ENST00000375401,ENSP00000364550.4,test,True,0,self_learning,NC3
7572,ENST00000375406,ENSP00000364555.1,unlabeled,False,0,self_learning,NC3
7573,ENST00000375412,0,unlabeled,False,0,self_learning,NC3
7574,ENST00000375431,ENSP00000364580.3,unlabeled,False,0,self_learning,NC3
7575,ENST00000375440,ENSP00000364589.4,train,True,0,self_learning,NC3
7576,ENST00000375442,ENSP00000364591.4,unlabeled,False,0,self_learning,NC3
7577,ENST00000375446,ENSP00000364595.4,unlabeled,False,0,self_learning,NC3
7578,ENST00000375464,0,unlabeled,False,0,self_learning,NC3
7579,ENST00000375486,ENSP00000364635.4,unlabeled,False,0,self_learning,NC3
7580,ENST00000375495,0,unlabeled,False,0,self_learning,NC3
7581,ENST00000375499,ENSP00000364649.3,train,True,0,self_learning,NC3
7582,ENST00000375512,ENSP00000364662.3,unlabeled,False,0,self_learning,NC3
7583,ENST00000375533,ENSP00000364683.3,unlabeled,False,0,self_learning,NC3
7584,ENST00000375535,ENSP00000364685.3,unlabeled,False,0,self_learning,NC3
7585,ENST00000375541,ENSP00000364691.4,test,True,0,self_learning,NC3
7586,ENST00000375549,ENSP00000364699.3,train,True,0,self_learning,NC3
7587,ENST00000375571,ENSP00000364721.5,train,True,0,self_learning,NC3
7588,ENST00000375587,ENSP00000364737.3,unlabeled,False,0,self_learning,NC3
7589,ENST00000375592,ENSP00000364742.3,unlabeled,False,0,self_learning,NC3
7590,ENST00000375599,ENSP00000364749.2,unlabeled,False,0,self_learning,NC3
7591,ENST00000375604,ENSP00000364754.3,unlabeled,False,0,self_learning,NC3
7592,ENST00000375643,ENSP00000364794.3,unlabeled,False,0,self_learning,NC3
7593,ENST00000375662,ENSP00000364814.4,unlabeled,False,0,self_learning,NC3
7594,ENST00000375687,ENSP00000364839.4,test,True,0,self_learning,NC3
7595,ENST00000375708,ENSP00000364860.3,unlabeled,False,0,self_learning,NC3
7596,ENST00000375712,ENSP00000364864.3,train,True,0,self_learning,NC3
7597,ENST00000375722,ENSP00000364874.1,unlabeled,False,0,self_learning,NC3
7598,ENST00000375731,ENSP00000364883.5,train,True,0,self_learning,NC3
7599,ENST00000375734,ENSP00000364886.2,unlabeled,False,0,self_learning,NC3
7600,ENST00000375736,ENSP00000364888.4,unlabeled,False,0,self_learning,NC3
7601,ENST00000375746,ENSP00000364898.1,unlabeled,False,0,self_learning,NC3
7602,ENST00000375749,ENSP00000364902.3,train,True,0,self_learning,NC3
7603,ENST00000375759,ENSP00000364912.3,train,True,0,self_learning,NC3
7604,ENST00000375771,ENSP00000364926.1,unlabeled,False,0,self_learning,NC3
7605,ENST00000375790,ENSP00000364946.4,unlabeled,False,0,self_learning,NC3
7606,ENST00000375799,ENSP00000364956.3,unlabeled,False,0,self_learning,NC3
7607,ENST00000375807,ENSP00000364965.3,val,True,0,self_learning,NC3
7608,ENST00000375820,ENSP00000364979.4,val,True,0,self_learning,NC3
7609,ENST00000375826,ENSP00000364986.3,unlabeled,False,0,self_learning,NC3
7610,ENST00000375835,ENSP00000364995.4,unlabeled,False,0,self_learning,NC3
7611,ENST00000375846,ENSP00000365006.3,unlabeled,False,0,self_learning,NC3
7612,ENST00000375847,ENSP00000365007.3,train,True,0,self_learning,NC3
7613,ENST00000375856,ENSP00000365016.3,test,True,0,self_learning,NC3
7614,ENST00000375859,ENSP00000365019.3,test,True,0,self_learning,NC3
7615,ENST00000375898,ENSP00000365063.3,unlabeled,False,0,self_learning,NC3
7616,ENST00000375905,ENSP00000365070.4,unlabeled,False,0,self_learning,NC3
7617,ENST00000375915,ENSP00000365080.1,unlabeled,False,0,self_learning,NC3
7618,ENST00000375946,ENSP00000365113.4,unlabeled,False,0,self_learning,NC3
7619,ENST00000375963,ENSP00000365130.3,val,True,0,self_learning,NC3
7620,ENST00000375980,ENSP00000365147.4,train,True,0,self_learning,NC3
7621,ENST00000375991,ENSP00000365159.4,test,True,0,self_learning,NC3
7622,ENST00000375992,ENSP00000365160.3,train,True,0,self_learning,NC3
7623,ENST00000375994,ENSP00000365162.2,unlabeled,False,0,self_learning,NC3
7624,ENST00000376004,ENSP00000365172.4,unlabeled,False,0,self_learning,NC3
7625,ENST00000376006,ENSP00000365174.3,train,True,0,self_learning,NC3
7626,ENST00000376008,ENSP00000365176.1,unlabeled,False,0,self_learning,NC3
7627,ENST00000376030,ENSP00000365198.2,unlabeled,False,0,self_learning,NC3
7628,ENST00000376032,ENSP00000365200.4,train,True,0,self_learning,NC3
7629,ENST00000376033,ENSP00000365201.2,unlabeled,False,0,self_learning,NC3
7630,ENST00000376042,ENSP00000365210.1,unlabeled,False,0,self_learning,NC3
7631,ENST00000376062,ENSP00000365230.2,unlabeled,False,0,self_learning,NC3
7632,ENST00000376065,ENSP00000365233.4,train,True,0,self_learning,NC3
7633,ENST00000376083,ENSP00000365251.3,unlabeled,False,0,self_learning,NC3
7634,ENST00000376112,ENSP00000365280.3,unlabeled,False,0,self_learning,NC3
7635,ENST00000376148,ENSP00000365318.4,val,True,0,self_learning,NC3
7636,ENST00000376207,ENSP00000365380.4,unlabeled,False,0,self_learning,NC3
7637,ENST00000376215,ENSP00000365388.5,train,True,0,self_learning,NC3
7638,ENST00000376227,ENSP00000365401.3,train,True,0,self_learning,NC3
7639,ENST00000376234,ENSP00000365408.3,unlabeled,False,0,self_learning,NC3
7640,ENST00000376250,ENSP00000365426.1,unlabeled,False,0,self_learning,NC3
7641,ENST00000376257,ENSP00000365433.3,unlabeled,False,0,self_learning,NC3
7642,ENST00000376259,ENSP00000365435.3,unlabeled,False,0,self_learning,NC3
7643,ENST00000376265,ENSP00000365441.2,unlabeled,False,0,self_learning,NC3
7644,ENST00000376266,ENSP00000365442.5,unlabeled,False,0,self_learning,NC3
7645,ENST00000376281,ENSP00000365458.4,unlabeled,False,0,self_learning,NC3
7646,ENST00000376285,ENSP00000365462.1,train,True,0,self_learning,NC3
7647,ENST00000376300,ENSP00000365477.2,test,True,0,self_learning,NC3
7648,ENST00000376335,ENSP00000365514.3,train,True,0,self_learning,NC3
7649,ENST00000376344,ENSP00000365522.3,val,True,0,self_learning,NC3
7650,ENST00000376350,ENSP00000365528.2,unlabeled,False,0,self_learning,NC3
7651,ENST00000376351,ENSP00000365529.3,unlabeled,False,0,self_learning,NC3
7652,ENST00000376352,ENSP00000365530.2,val,True,0,self_learning,NC3
7653,ENST00000376355,ENSP00000365533.4,unlabeled,False,0,self_learning,NC3
7654,ENST00000376358,ENSP00000365536.3,unlabeled,False,0,self_learning,NC3
7655,ENST00000376371,0,unlabeled,False,0,self_learning,NC3
7656,ENST00000376395,ENSP00000365576.4,train,True,0,self_learning,NC3
7657,ENST00000376419,ENSP00000365601.4,unlabeled,False,0,self_learning,NC3
7658,ENST00000376423,ENSP00000365606.5,unlabeled,False,0,self_learning,NC3
7659,ENST00000376447,ENSP00000365630.3,test,True,0,self_learning,NC3
7660,ENST00000376454,ENSP00000365637.3,unlabeled,False,0,self_learning,NC3
7661,ENST00000376460,ENSP00000365643.1,unlabeled,False,0,self_learning,NC3
7662,ENST00000376499,ENSP00000365682.3,unlabeled,False,0,self_learning,NC3
7663,ENST00000376509,ENSP00000365692.4,unlabeled,False,0,self_learning,NC3
7664,ENST00000376510,ENSP00000365693.3,train,True,0,self_learning,NC3
7665,ENST00000376572,ENSP00000365756.3,unlabeled,False,0,self_learning,NC3
7666,ENST00000376573,ENSP00000365757.4,train,True,0,self_learning,NC3
7667,ENST00000376582,0,unlabeled,False,0,self_learning,NC3
7668,ENST00000376588,ENSP00000365773.3,train,True,0,self_learning,NC3
7669,ENST00000376592,ENSP00000365777.1,unlabeled,False,0,self_learning,NC3
7670,ENST00000376597,ENSP00000365782.4,unlabeled,False,0,self_learning,NC3
7671,ENST00000376649,ENSP00000365837.3,test,True,0,self_learning,NC3
7672,ENST00000376652,ENSP00000365840.4,val,True,0,self_learning,NC3
7673,ENST00000376663,ENSP00000365851.3,unlabeled,False,0,self_learning,NC3
7674,ENST00000376687,ENSP00000365877.4,test,True,0,self_learning,NC3
7675,ENST00000376701,ENSP00000365891.4,unlabeled,False,0,self_learning,NC3
7676,ENST00000376708,ENSP00000365898.1,unlabeled,False,0,self_learning,NC3
7677,ENST00000376718,ENSP00000365908.3,unlabeled,False,0,self_learning,NC3
7678,ENST00000376729,ENSP00000365919.5,unlabeled,False,0,self_learning,NC3
7679,ENST00000376736,ENSP00000365926.1,train,True,0,self_learning,NC3
7680,ENST00000376741,ENSP00000365931.4,train,True,0,self_learning,NC3
7681,ENST00000376745,ENSP00000365936.4,train,True,0,self_learning,NC3
7682,ENST00000376747,ENSP00000365938.3,val,True,0,self_learning,NC3
7683,ENST00000376752,0,unlabeled,False,0,self_learning,NC3
7684,ENST00000376759,ENSP00000365950.3,train,True,0,self_learning,NC3
7685,ENST00000376770,ENSP00000365961.1,unlabeled,False,0,self_learning,NC3
7686,ENST00000376771,ENSP00000365962.4,train,True,0,self_learning,NC3
7687,ENST00000376834,ENSP00000366030.3,train,True,0,self_learning,NC3
7688,ENST00000376836,ENSP00000366032.3,unlabeled,False,0,self_learning,NC3
7689,ENST00000376840,ENSP00000366036.4,unlabeled,False,0,self_learning,NC3
7690,ENST00000376854,0,unlabeled,False,0,self_learning,NC3
7691,ENST00000376874,ENSP00000366070.4,val,True,0,self_learning,NC3
7692,ENST00000376896,ENSP00000366093.2,unlabeled,False,0,self_learning,NC3
7693,ENST00000376901,ENSP00000366098.4,train,True,0,self_learning,NC3
7694,ENST00000376911,ENSP00000366109.1,unlabeled,False,0,self_learning,NC3
7695,ENST00000376926,ENSP00000482657.1,unlabeled,False,0,self_learning,NC3
7696,ENST00000376936,ENSP00000366135.4,train,True,0,self_learning,NC3
7697,ENST00000376945,ENSP00000366144.2,unlabeled,False,0,self_learning,NC3
7698,ENST00000376957,ENSP00000366156.2,train,True,0,self_learning,NC3
7699,ENST00000376958,ENSP00000366157.4,train,True,0,self_learning,NC3
7700,ENST00000376962,ENSP00000366161.5,train,True,0,self_learning,NC3
7701,ENST00000376980,ENSP00000366179.3,val,True,0,self_learning,NC3
7702,ENST00000376983,ENSP00000366182.3,train,True,0,self_learning,NC3
7703,ENST00000377022,ENSP00000366221.3,unlabeled,False,0,self_learning,NC3
7704,ENST00000377026,ENSP00000366225.4,unlabeled,False,0,self_learning,NC3
7705,ENST00000377038,ENSP00000366237.3,train,True,0,self_learning,NC3
7706,ENST00000377044,0,unlabeled,False,0,self_learning,NC3
7707,ENST00000377045,ENSP00000366244.4,train,True,0,self_learning,NC3
7708,ENST00000377047,ENSP00000366246.3,train,True,0,self_learning,NC3
7709,ENST00000377065,ENSP00000366265.4,unlabeled,False,0,self_learning,NC3
7710,ENST00000377067,ENSP00000366267.3,unlabeled,False,0,self_learning,NC3
7711,ENST00000377071,ENSP00000366271.3,train,True,0,self_learning,NC3
7712,ENST00000377072,ENSP00000366272.3,unlabeled,False,0,self_learning,NC3
7713,ENST00000377073,0,unlabeled,False,0,self_learning,NC3
7714,ENST00000377075,ENSP00000366275.2,train,True,0,self_learning,NC3
7715,ENST00000377086,ENSP00000366290.1,unlabeled,False,0,self_learning,NC3
7716,ENST00000377102,ENSP00000366306.1,unlabeled,False,0,self_learning,NC3
7717,ENST00000377103,ENSP00000366307.2,unlabeled,False,0,self_learning,NC3
7718,ENST00000377142,ENSP00000366347.4,unlabeled,False,0,self_learning,NC3
7719,ENST00000377182,ENSP00000366387.4,unlabeled,False,0,self_learning,NC3
7720,ENST00000377191,ENSP00000366396.3,train,True,0,self_learning,NC3
7721,ENST00000377205,ENSP00000366410.1,train,True,0,self_learning,NC3
7722,ENST00000377208,ENSP00000366413.4,unlabeled,False,0,self_learning,NC3
7723,ENST00000377223,ENSP00000366430.1,unlabeled,False,0,self_learning,NC3
7724,ENST00000377244,ENSP00000366452.3,test,True,0,self_learning,NC3
7725,ENST00000377245,ENSP00000366453.4,unlabeled,False,0,self_learning,NC3
7726,ENST00000377252,ENSP00000366460.3,unlabeled,False,0,self_learning,NC3
7727,ENST00000377255,ENSP00000366465.1,unlabeled,False,0,self_learning,NC3
7728,ENST00000377263,ENSP00000366474.1,unlabeled,False,0,self_learning,NC3
7729,ENST00000377264,ENSP00000366475.3,train,True,0,self_learning,NC3
7730,ENST00000377275,ENSP00000366487.3,val,True,0,self_learning,NC3
7731,ENST00000377294,ENSP00000366509.2,test,True,0,self_learning,NC3
7732,ENST00000377304,ENSP00000366519.4,test,True,0,self_learning,NC3
7733,ENST00000377325,ENSP00000366542.1,unlabeled,False,0,self_learning,NC3
7734,ENST00000377326,ENSP00000366543.3,unlabeled,False,0,self_learning,NC3
7735,ENST00000377340,ENSP00000366557.2,train,True,0,self_learning,NC3
7736,ENST00000377346,ENSP00000366563.4,unlabeled,False,0,self_learning,NC3
7737,ENST00000377386,ENSP00000366603.3,unlabeled,False,0,self_learning,NC3
7738,ENST00000377400,ENSP00000366617.5,val,True,0,self_learning,NC3
7739,ENST00000377403,ENSP00000366620.2,unlabeled,False,0,self_learning,NC3
7740,ENST00000377411,ENSP00000366628.4,unlabeled,False,0,self_learning,NC3
7741,ENST00000377452,ENSP00000366672.4,unlabeled,False,0,self_learning,NC3
7742,ENST00000377459,ENSP00000366679.2,unlabeled,False,0,self_learning,NC3
7743,ENST00000377474,ENSP00000366694.2,train,True,0,self_learning,NC3
7744,ENST00000377482,ENSP00000366702.5,unlabeled,False,0,self_learning,NC3
7745,ENST00000377524,ENSP00000366746.3,train,True,0,self_learning,NC3
7746,ENST00000377526,0,unlabeled,False,0,self_learning,NC3
7747,ENST00000377540,ENSP00000478589.1,unlabeled,False,0,self_learning,NC3
7748,ENST00000377560,0,unlabeled,False,0,self_learning,NC3
7749,ENST00000377561,ENSP00000478671.2,unlabeled,False,0,self_learning,NC3
7750,ENST00000377566,0,unlabeled,False,0,self_learning,NC3
7751,ENST00000377574,ENSP00000366797.1,unlabeled,False,0,self_learning,NC3
7752,ENST00000377575,ENSP00000366798.1,unlabeled,False,0,self_learning,NC3
7753,ENST00000377577,ENSP00000366800.5,train,True,0,self_learning,NC3
7754,ENST00000377602,ENSP00000366827.4,unlabeled,False,0,self_learning,NC3
7755,ENST00000377603,ENSP00000366828.4,unlabeled,False,0,self_learning,NC3
7756,ENST00000377604,ENSP00000366829.3,unlabeled,False,0,self_learning,NC3
7757,ENST00000377615,0,unlabeled,False,0,self_learning,NC3
7758,ENST00000377627,ENSP00000366854.3,unlabeled,False,0,self_learning,NC3
7759,ENST00000377636,ENSP00000366863.3,train,True,0,self_learning,NC3
7760,ENST00000377648,ENSP00000366876.4,unlabeled,False,0,self_learning,NC3
7761,ENST00000377658,ENSP00000366886.4,unlabeled,False,0,self_learning,NC3
7762,ENST00000377673,ENSP00000366901.5,unlabeled,False,0,self_learning,NC3
7763,ENST00000377674,ENSP00000366902.4,unlabeled,False,0,self_learning,NC3
7764,ENST00000377687,ENSP00000366915.4,unlabeled,False,0,self_learning,NC3
7765,ENST00000377694,ENSP00000366923.1,unlabeled,False,0,self_learning,NC3
7766,ENST00000377698,ENSP00000366927.3,train,True,0,self_learning,NC3
7767,ENST00000377705,ENSP00000366934.5,val,True,0,self_learning,NC3
7768,ENST00000377707,ENSP00000366936.3,val,True,0,self_learning,NC3
7769,ENST00000377708,ENSP00000366937.2,unlabeled,False,0,self_learning,NC3
7770,ENST00000377710,ENSP00000366939.5,train,True,0,self_learning,NC3
7771,ENST00000377716,ENSP00000366945.2,unlabeled,False,0,self_learning,NC3
7772,ENST00000377724,ENSP00000366953.3,train,True,0,self_learning,NC3
7773,ENST00000377767,ENSP00000366997.4,val,True,0,self_learning,NC3
7774,ENST00000377768,ENSP00000366998.3,unlabeled,False,0,self_learning,NC3
7775,ENST00000377782,ENSP00000367013.3,unlabeled,False,0,self_learning,NC3
7776,ENST00000377793,ENSP00000367024.4,train,True,0,self_learning,NC3
7777,ENST00000377798,ENSP00000367029.4,train,True,0,self_learning,NC3
7778,ENST00000377799,ENSP00000367030.3,unlabeled,False,0,self_learning,NC3
7779,ENST00000377803,0,unlabeled,False,0,self_learning,NC3
7780,ENST00000377807,ENSP00000367038.2,unlabeled,False,0,self_learning,NC3
7781,ENST00000377818,ENSP00000367049.3,train,True,0,self_learning,NC3
7782,ENST00000377833,ENSP00000367064.4,train,True,0,self_learning,NC3
7783,ENST00000377855,ENSP00000367086.2,train,True,0,self_learning,NC3
7784,ENST00000377865,ENSP00000367096.2,unlabeled,False,0,self_learning,NC3
7785,ENST00000377873,ENSP00000367104.3,unlabeled,False,0,self_learning,NC3
7786,ENST00000377890,ENSP00000367122.2,unlabeled,False,0,self_learning,NC3
7787,ENST00000377893,ENSP00000367125.2,unlabeled,False,0,self_learning,NC3
7788,ENST00000377918,ENSP00000367151.3,unlabeled,False,0,self_learning,NC3
7789,ENST00000377921,ENSP00000367154.3,unlabeled,False,0,self_learning,NC3
7790,ENST00000377939,ENSP00000367173.4,unlabeled,False,0,self_learning,NC3
7791,ENST00000377942,ENSP00000367177.3,unlabeled,False,0,self_learning,NC3
7792,ENST00000377957,0,unlabeled,False,0,self_learning,NC3
7793,ENST00000377960,ENSP00000367196.4,val,True,0,self_learning,NC3
7794,ENST00000377966,ENSP00000367202.3,unlabeled,False,0,self_learning,NC3
7795,ENST00000377990,0,unlabeled,False,0,self_learning,NC3
7796,ENST00000377991,ENSP00000367230.4,unlabeled,False,0,self_learning,NC3
7797,ENST00000378000,ENSP00000367239.1,train,True,0,self_learning,NC3
7798,ENST00000378026,ENSP00000367265.4,test,True,0,self_learning,NC3
7799,ENST00000378043,ENSP00000367282.4,unlabeled,False,0,self_learning,NC3
7800,ENST00000378045,ENSP00000367284.4,unlabeled,False,0,self_learning,NC3
7801,ENST00000378060,ENSP00000367299.3,train,True,0,self_learning,NC3
7802,ENST00000378061,ENSP00000367300.2,unlabeled,False,0,self_learning,NC3
7803,ENST00000378069,ENSP00000367309.4,unlabeled,False,0,self_learning,NC3
7804,ENST00000378075,ENSP00000367315.2,unlabeled,False,0,self_learning,NC3
7805,ENST00000378076,ENSP00000367316.3,unlabeled,False,0,self_learning,NC3
7806,ENST00000378078,ENSP00000367318.4,train,True,0,self_learning,NC3
7807,ENST00000378090,0,unlabeled,False,0,self_learning,NC3
7808,ENST00000378097,ENSP00000367337.1,unlabeled,False,0,self_learning,NC3
7809,ENST00000378103,ENSP00000367343.3,unlabeled,False,0,self_learning,NC3
7810,ENST00000378106,ENSP00000367346.5,unlabeled,False,0,self_learning,NC3
7811,ENST00000378116,ENSP00000367356.4,unlabeled,False,0,self_learning,NC3
7812,ENST00000378119,ENSP00000367359.4,unlabeled,False,0,self_learning,NC3
7813,ENST00000378156,ENSP00000367398.4,unlabeled,False,0,self_learning,NC3
7814,ENST00000378164,ENSP00000367406.2,unlabeled,False,0,self_learning,NC3
7815,ENST00000378165,ENSP00000367407.3,train,True,0,self_learning,NC3
7816,ENST00000378182,ENSP00000367424.3,unlabeled,False,0,self_learning,NC3
7817,ENST00000378198,ENSP00000367440.4,train,True,0,self_learning,NC3
7818,ENST00000378204,ENSP00000367446.3,unlabeled,False,0,self_learning,NC3
7819,ENST00000378209,ENSP00000367454.4,unlabeled,False,0,self_learning,NC3
7820,ENST00000378214,ENSP00000367459.3,unlabeled,False,0,self_learning,NC3
7821,ENST00000378230,ENSP00000367476.3,unlabeled,False,0,self_learning,NC3
7822,ENST00000378247,ENSP00000367494.3,unlabeled,False,0,self_learning,NC3
7823,ENST00000378251,ENSP00000367498.1,train,True,0,self_learning,NC3
7824,ENST00000378278,ENSP00000367527.2,unlabeled,False,0,self_learning,NC3
7825,ENST00000378295,ENSP00000367545.4,unlabeled,False,0,self_learning,NC3
7826,ENST00000378302,ENSP00000367552.2,unlabeled,False,0,self_learning,NC3
7827,ENST00000378313,0,unlabeled,False,0,self_learning,NC3
7828,ENST00000378319,ENSP00000367570.3,unlabeled,False,0,self_learning,NC3
7829,ENST00000378344,ENSP00000367595.2,train,True,0,self_learning,NC3
7830,ENST00000378364,ENSP00000367615.3,train,True,0,self_learning,NC3
7831,ENST00000378372,ENSP00000367623.3,val,True,0,self_learning,NC3
7832,ENST00000378378,ENSP00000367629.4,train,True,0,self_learning,NC3
7833,ENST00000378387,ENSP00000367638.3,unlabeled,False,0,self_learning,NC3
7834,ENST00000378392,ENSP00000367644.1,unlabeled,False,0,self_learning,NC3
7835,ENST00000378494,ENSP00000367755.3,train,True,0,self_learning,NC3
7836,ENST00000378495,ENSP00000367756.3,unlabeled,False,0,self_learning,NC3
7837,ENST00000378509,ENSP00000367770.4,train,True,0,self_learning,NC3
7838,ENST00000378526,ENSP00000367787.3,train,True,0,self_learning,NC3
7839,ENST00000378531,ENSP00000367792.3,unlabeled,False,0,self_learning,NC3
7840,ENST00000378533,ENSP00000367794.3,unlabeled,False,0,self_learning,NC3
7841,ENST00000378536,ENSP00000367797.4,unlabeled,False,0,self_learning,NC3
7842,ENST00000378546,0,unlabeled,False,0,self_learning,NC3
7843,ENST00000378553,ENSP00000367815.5,unlabeled,False,0,self_learning,NC3
7844,ENST00000378555,ENSP00000367817.3,train,True,0,self_learning,NC3
7845,ENST00000378567,ENSP00000367830.3,train,True,0,self_learning,NC3
7846,ENST00000378572,0,unlabeled,False,0,self_learning,NC3
7847,ENST00000378578,ENSP00000367841.4,unlabeled,False,0,self_learning,NC3
7848,ENST00000378585,ENSP00000367848.4,unlabeled,False,0,self_learning,NC3
7849,ENST00000378588,ENSP00000367851.4,unlabeled,False,0,self_learning,NC3
7850,ENST00000378609,ENSP00000367872.3,unlabeled,False,0,self_learning,NC3
7851,ENST00000378616,ENSP00000367879.3,unlabeled,False,0,self_learning,NC3
7852,ENST00000378617,ENSP00000367880.3,unlabeled,False,0,self_learning,NC3
7853,ENST00000378619,ENSP00000367882.4,unlabeled,False,0,self_learning,NC3
7854,ENST00000378623,ENSP00000367888.1,unlabeled,False,0,self_learning,NC3
7855,ENST00000378643,ENSP00000367910.4,train,True,0,self_learning,NC3
7856,ENST00000378644,ENSP00000367911.4,unlabeled,False,0,self_learning,NC3
7857,ENST00000378669,ENSP00000367938.1,unlabeled,False,0,self_learning,NC3
7858,ENST00000378670,ENSP00000367939.3,unlabeled,False,0,self_learning,NC3
7859,ENST00000378673,ENSP00000367942.2,unlabeled,False,0,self_learning,NC3
7860,ENST00000378693,0,unlabeled,False,0,self_learning,NC3
7861,ENST00000378700,ENSP00000367972.3,unlabeled,False,0,self_learning,NC3
7862,ENST00000378719,ENSP00000367991.2,train,True,0,self_learning,NC3
7863,ENST00000378720,ENSP00000367992.3,train,True,0,self_learning,NC3
7864,ENST00000378733,ENSP00000368007.4,unlabeled,False,0,self_learning,NC3
7865,ENST00000378743,ENSP00000368017.4,train,True,0,self_learning,NC3
7866,ENST00000378746,ENSP00000368020.3,unlabeled,False,0,self_learning,NC3
7867,ENST00000378750,ENSP00000368024.5,unlabeled,False,0,self_learning,NC3
7868,ENST00000378752,ENSP00000368027.3,unlabeled,False,0,self_learning,NC3
7869,ENST00000378755,ENSP00000368030.5,unlabeled,False,0,self_learning,NC3
7870,ENST00000378799,ENSP00000368076.6,unlabeled,False,0,self_learning,NC3
7871,ENST00000378802,ENSP00000368079.4,unlabeled,False,0,self_learning,NC3
7872,ENST00000378823,ENSP00000368100.4,train,True,0,self_learning,NC3
7873,ENST00000378825,ENSP00000368102.3,unlabeled,False,0,self_learning,NC3
7874,ENST00000378827,ENSP00000368104.3,unlabeled,False,0,self_learning,NC3
7875,ENST00000378842,ENSP00000368119.4,train,True,0,self_learning,NC3
7876,ENST00000378852,ENSP00000368129.3,train,True,0,self_learning,NC3
7877,ENST00000378863,ENSP00000368140.4,unlabeled,False,0,self_learning,NC3
7878,ENST00000378867,ENSP00000368144.3,unlabeled,False,0,self_learning,NC3
7879,ENST00000378891,ENSP00000368169.5,train,True,0,self_learning,NC3
7880,ENST00000378895,ENSP00000368173.4,train,True,0,self_learning,NC3
7881,ENST00000378933,ENSP00000368215.1,train,True,0,self_learning,NC3
7882,ENST00000378943,ENSP00000368226.3,unlabeled,False,0,self_learning,NC3
7883,ENST00000378961,ENSP00000368244.4,unlabeled,False,0,self_learning,NC3
7884,ENST00000378980,ENSP00000368265.3,unlabeled,False,0,self_learning,NC3
7885,ENST00000378988,ENSP00000368273.4,val,True,0,self_learning,NC3
7886,ENST00000379019,ENSP00000368305.4,train,True,0,self_learning,NC3
7887,ENST00000379028,ENSP00000368314.3,unlabeled,False,0,self_learning,NC3
7888,ENST00000379031,ENSP00000368318.5,val,True,0,self_learning,NC3
7889,ENST00000379034,ENSP00000368320.1,unlabeled,False,0,self_learning,NC3
7890,ENST00000379066,ENSP00000368356.1,unlabeled,False,0,self_learning,NC3
7891,ENST00000379079,ENSP00000368370.2,unlabeled,False,0,self_learning,NC3
7892,ENST00000379095,ENSP00000368389.4,train,True,0,self_learning,NC3
7893,ENST00000379097,ENSP00000368391.3,unlabeled,False,0,self_learning,NC3
7894,ENST00000379099,0,unlabeled,False,0,self_learning,NC3
7895,ENST00000379103,ENSP00000368397.2,unlabeled,False,0,self_learning,NC3
7896,ENST00000379144,ENSP00000368439.2,unlabeled,False,0,self_learning,NC3
7897,ENST00000379151,0,unlabeled,False,0,self_learning,NC3
7898,ENST00000379153,ENSP00000368450.3,unlabeled,False,0,self_learning,NC3
7899,ENST00000379155,ENSP00000368452.5,train,True,0,self_learning,NC3
7900,ENST00000379160,ENSP00000368458.3,unlabeled,False,0,self_learning,NC3
7901,ENST00000379161,ENSP00000368459.4,val,True,0,self_learning,NC3
7902,ENST00000379177,ENSP00000368475.1,unlabeled,False,0,self_learning,NC3
7903,ENST00000379179,0,unlabeled,False,0,self_learning,NC3
7904,ENST00000379198,ENSP00000368496.2,train,True,0,self_learning,NC3
7905,ENST00000379205,ENSP00000368503.4,unlabeled,False,0,self_learning,NC3
7906,ENST00000379214,ENSP00000368516.4,unlabeled,False,0,self_learning,NC3
7907,ENST00000379226,ENSP00000368528.4,test,True,0,self_learning,NC3
7908,ENST00000379236,ENSP00000368538.3,unlabeled,False,0,self_learning,NC3
7909,ENST00000379245,ENSP00000368547.4,train,True,0,self_learning,NC3
7910,ENST00000379263,ENSP00000368565.3,train,True,0,self_learning,NC3
7911,ENST00000379286,ENSP00000368588.2,unlabeled,False,0,self_learning,NC3
7912,ENST00000379287,ENSP00000368589.3,val,True,0,self_learning,NC3
7913,ENST00000379333,ENSP00000368637.1,unlabeled,False,0,self_learning,NC3
7914,ENST00000379341,ENSP00000368646.4,train,True,0,self_learning,NC3
7915,ENST00000379359,ENSP00000368664.3,unlabeled,False,0,self_learning,NC3
7916,ENST00000379361,ENSP00000368666.4,unlabeled,False,0,self_learning,NC3
7917,ENST00000379370,ENSP00000368678.2,train,True,0,self_learning,NC3
7918,ENST00000379374,ENSP00000368682.4,train,True,0,self_learning,NC3
7919,ENST00000379378,ENSP00000368686.3,train,True,0,self_learning,NC3
7920,ENST00000379380,ENSP00000368688.4,test,True,0,self_learning,NC3
7921,ENST00000379388,ENSP00000368698.2,unlabeled,False,0,self_learning,NC3
7922,ENST00000379391,ENSP00000368701.3,unlabeled,False,0,self_learning,NC3
7923,ENST00000379400,ENSP00000368710.3,test,True,0,self_learning,NC3
7924,ENST00000379406,ENSP00000368716.3,train,True,0,self_learning,NC3
7925,ENST00000379410,ENSP00000368720.3,unlabeled,False,0,self_learning,NC3
7926,ENST00000379419,ENSP00000368730.4,unlabeled,False,0,self_learning,NC3
7927,ENST00000379426,0,unlabeled,False,0,self_learning,NC3
7928,ENST00000379446,ENSP00000368759.5,unlabeled,False,0,self_learning,NC3
7929,ENST00000379453,ENSP00000368766.4,unlabeled,False,0,self_learning,NC3
7930,ENST00000379454,ENSP00000368767.4,train,True,0,self_learning,NC3
7931,ENST00000379458,ENSP00000368771.5,unlabeled,False,0,self_learning,NC3
7932,ENST00000379460,ENSP00000368773.2,unlabeled,False,0,self_learning,NC3
7933,ENST00000379480,ENSP00000368793.3,unlabeled,False,0,self_learning,NC3
7934,ENST00000379483,ENSP00000368797.3,train,True,0,self_learning,NC3
7935,ENST00000379484,ENSP00000368798.5,unlabeled,False,0,self_learning,NC3
7936,ENST00000379485,0,unlabeled,False,0,self_learning,NC3
7937,ENST00000379487,ENSP00000368801.3,train,True,0,self_learning,NC3
7938,ENST00000379510,ENSP00000368824.3,unlabeled,False,0,self_learning,NC3
7939,ENST00000379516,ENSP00000368831.2,unlabeled,False,0,self_learning,NC3
7940,ENST00000379520,ENSP00000368835.3,unlabeled,False,0,self_learning,NC3
7941,ENST00000379540,ENSP00000368856.3,test,True,0,self_learning,NC3
7942,ENST00000379542,0,unlabeled,False,0,self_learning,NC3
7943,ENST00000379554,ENSP00000368872.3,unlabeled,False,0,self_learning,NC3
7944,ENST00000379561,ENSP00000368880.4,train,True,0,self_learning,NC3
7945,ENST00000379562,ENSP00000368881.3,train,True,0,self_learning,NC3
7946,ENST00000379565,ENSP00000368884.3,test,True,0,self_learning,NC3
7947,ENST00000379589,ENSP00000368908.3,unlabeled,False,0,self_learning,NC3
7948,ENST00000379600,ENSP00000368920.3,train,True,0,self_learning,NC3
7949,ENST00000379607,ENSP00000368927.5,train,True,0,self_learning,NC3
7950,ENST00000379638,ENSP00000368959.4,train,True,0,self_learning,NC3
7951,ENST00000379644,ENSP00000368965.4,unlabeled,False,0,self_learning,NC3
7952,ENST00000379651,ENSP00000368972.3,unlabeled,False,0,self_learning,NC3
7953,ENST00000379655,ENSP00000368976.4,unlabeled,False,0,self_learning,NC3
7954,ENST00000379660,ENSP00000368981.4,unlabeled,False,0,self_learning,NC3
7955,ENST00000379661,ENSP00000368982.3,train,True,0,self_learning,NC3
7956,ENST00000379671,ENSP00000368993.3,unlabeled,False,0,self_learning,NC3
7957,ENST00000379672,ENSP00000368994.5,unlabeled,False,0,self_learning,NC3
7958,ENST00000379692,ENSP00000369014.4,unlabeled,False,0,self_learning,NC3
7959,ENST00000379715,ENSP00000369038.5,train,True,0,self_learning,NC3
7960,ENST00000379719,ENSP00000369042.3,train,True,0,self_learning,NC3
7961,ENST00000379751,ENSP00000369075.4,train,True,0,self_learning,NC3
7962,ENST00000379757,ENSP00000369081.4,train,True,0,self_learning,NC3
7963,ENST00000379774,ENSP00000369099.4,unlabeled,False,0,self_learning,NC3
7964,ENST00000379775,ENSP00000369100.4,unlabeled,False,0,self_learning,NC3
7965,ENST00000379786,ENSP00000369112.4,unlabeled,False,0,self_learning,NC3
7966,ENST00000379802,ENSP00000369129.3,train,True,0,self_learning,NC3
7967,ENST00000379803,ENSP00000369131.1,test,True,0,self_learning,NC3
7968,ENST00000379817,ENSP00000369145.2,unlabeled,False,0,self_learning,NC3
7969,ENST00000379834,ENSP00000369162.2,train,True,0,self_learning,NC3
7970,ENST00000379847,ENSP00000369176.3,test,True,0,self_learning,NC3
7971,ENST00000379883,ENSP00000369213.2,unlabeled,False,0,self_learning,NC3
7972,ENST00000379887,ENSP00000369217.4,train,True,0,self_learning,NC3
7973,ENST00000379919,ENSP00000369251.4,unlabeled,False,0,self_learning,NC3
7974,ENST00000379936,ENSP00000369268.2,unlabeled,False,0,self_learning,NC3
7975,ENST00000379938,ENSP00000369270.2,train,True,0,self_learning,NC3
7976,ENST00000379942,ENSP00000369274.4,train,True,0,self_learning,NC3
7977,ENST00000379958,ENSP00000369292.2,unlabeled,False,0,self_learning,NC3
7978,ENST00000379977,0,unlabeled,False,0,self_learning,NC3
7979,ENST00000379979,ENSP00000369314.4,unlabeled,False,0,self_learning,NC3
7980,ENST00000379982,ENSP00000369318.3,unlabeled,False,0,self_learning,NC3
7981,ENST00000379992,ENSP00000369328.1,unlabeled,False,0,self_learning,NC3
7982,ENST00000379999,ENSP00000369335.5,train,True,0,self_learning,NC3
7983,ENST00000380006,ENSP00000369343.2,unlabeled,False,0,self_learning,NC3
7984,ENST00000380009,ENSP00000369346.4,unlabeled,False,0,self_learning,NC3
7985,ENST00000380034,ENSP00000369373.3,unlabeled,False,0,self_learning,NC3
7986,ENST00000380043,ENSP00000369382.3,unlabeled,False,0,self_learning,NC3
7987,ENST00000380044,ENSP00000369383.1,unlabeled,False,0,self_learning,NC3
7988,ENST00000380050,ENSP00000369390.3,unlabeled,False,0,self_learning,NC3
7989,ENST00000380051,ENSP00000369391.2,train,True,0,self_learning,NC3
7990,ENST00000380056,ENSP00000369396.3,unlabeled,False,0,self_learning,NC3
7991,ENST00000380060,ENSP00000369400.3,unlabeled,False,0,self_learning,NC3
7992,ENST00000380071,ENSP00000369411.3,val,True,0,self_learning,NC3
7993,ENST00000380087,ENSP00000369427.3,train,True,0,self_learning,NC3
7994,ENST00000380094,ENSP00000369436.4,unlabeled,False,0,self_learning,NC3
7995,ENST00000380097,ENSP00000369440.3,unlabeled,False,0,self_learning,NC3
7996,ENST00000380113,ENSP00000369456.3,train,True,0,self_learning,NC3
7997,ENST00000380122,ENSP00000369465.5,val,True,0,self_learning,NC3
7998,ENST00000380130,ENSP00000369473.2,unlabeled,False,0,self_learning,NC3
7999,ENST00000380155,ENSP00000369500.3,train,True,0,self_learning,NC3
8000,ENST00000380183,ENSP00000369530.4,unlabeled,False,0,self_learning,NC3
8001,ENST00000380191,ENSP00000369538.4,test,True,0,self_learning,NC3
8002,ENST00000380198,ENSP00000369545.2,unlabeled,False,0,self_learning,NC3
8003,ENST00000380243,ENSP00000369592.4,train,True,0,self_learning,NC3
8004,ENST00000380249,ENSP00000369599.1,train,True,0,self_learning,NC3
8005,ENST00000380254,ENSP00000369604.2,unlabeled,False,0,self_learning,NC3
8006,ENST00000380266,ENSP00000369618.3,unlabeled,False,0,self_learning,NC3
8007,ENST00000380274,ENSP00000369627.1,unlabeled,False,0,self_learning,NC3
8008,ENST00000380283,ENSP00000369636.5,unlabeled,False,0,self_learning,NC3
8009,ENST00000380320,ENSP00000369677.4,unlabeled,False,0,self_learning,NC3
8010,ENST00000380324,ENSP00000369681.3,train,True,0,self_learning,NC3
8011,ENST00000380325,ENSP00000369682.3,train,True,0,self_learning,NC3
8012,ENST00000380338,ENSP00000369695.4,train,True,0,self_learning,NC3
8013,ENST00000380345,0,unlabeled,False,0,self_learning,NC3
8014,ENST00000380358,ENSP00000369716.4,unlabeled,False,0,self_learning,NC3
8015,ENST00000380359,ENSP00000369717.3,unlabeled,False,0,self_learning,NC3
8016,ENST00000380379,ENSP00000369739.5,train,True,0,self_learning,NC3
8017,ENST00000380394,ENSP00000369757.4,val,True,0,self_learning,NC3
8018,ENST00000380412,ENSP00000369777.5,test,True,0,self_learning,NC3
8019,ENST00000380421,ENSP00000369786.3,unlabeled,False,0,self_learning,NC3
8020,ENST00000380445,ENSP00000369810.3,test,True,0,self_learning,NC3
8021,ENST00000380450,ENSP00000369816.4,unlabeled,False,0,self_learning,NC3
8022,ENST00000380492,ENSP00000369860.3,train,True,0,self_learning,NC3
8023,ENST00000380502,ENSP00000369871.3,train,True,0,self_learning,NC3
8024,ENST00000380516,ENSP00000369887.2,train,True,0,self_learning,NC3
8025,ENST00000380518,ENSP00000369889.3,unlabeled,False,0,self_learning,NC3
8026,ENST00000380523,ENSP00000369895.4,unlabeled,False,0,self_learning,NC3
8027,ENST00000380527,ENSP00000369899.1,train,True,0,self_learning,NC3
8028,ENST00000380534,0,unlabeled,False,0,self_learning,NC3
8029,ENST00000380548,ENSP00000369921.4,unlabeled,False,0,self_learning,NC3
8030,ENST00000380573,ENSP00000369947.3,unlabeled,False,0,self_learning,NC3
8031,ENST00000380579,ENSP00000369953.1,unlabeled,False,0,self_learning,NC3
8032,ENST00000380607,ENSP00000369981.4,train,True,0,self_learning,NC3
8033,ENST00000380615,ENSP00000369989.3,unlabeled,False,0,self_learning,NC3
8034,ENST00000380629,ENSP00000370003.2,unlabeled,False,0,self_learning,NC3
8035,ENST00000380639,ENSP00000370013.4,train,True,0,self_learning,NC3
8036,ENST00000380647,ENSP00000370021.3,unlabeled,False,0,self_learning,NC3
8037,ENST00000380649,ENSP00000370023.3,unlabeled,False,0,self_learning,NC3
8038,ENST00000380672,ENSP00000370047.3,test,True,0,self_learning,NC3
8039,ENST00000380680,ENSP00000370055.4,train,True,0,self_learning,NC3
8040,ENST00000380698,ENSP00000370074.4,train,True,0,self_learning,NC3
8041,ENST00000380701,0,unlabeled,False,0,self_learning,NC3
8042,ENST00000380702,ENSP00000370078.3,unlabeled,False,0,self_learning,NC3
8043,ENST00000380737,ENSP00000370113.3,unlabeled,False,0,self_learning,NC3
8044,ENST00000380738,ENSP00000370114.4,test,True,0,self_learning,NC3
8045,ENST00000380739,ENSP00000370115.5,train,True,0,self_learning,NC3
8046,ENST00000380749,ENSP00000370125.5,train,True,0,self_learning,NC3
8047,ENST00000380752,ENSP00000370128.5,train,True,0,self_learning,NC3
8048,ENST00000380762,ENSP00000370139.4,unlabeled,False,0,self_learning,NC3
8049,ENST00000380770,ENSP00000370147.2,unlabeled,False,0,self_learning,NC3
8050,ENST00000380773,ENSP00000370150.4,unlabeled,False,0,self_learning,NC3
8051,ENST00000380815,ENSP00000370194.4,train,True,0,self_learning,NC3
8052,ENST00000380817,ENSP00000370196.2,unlabeled,False,0,self_learning,NC3
8053,ENST00000380833,ENSP00000370213.4,unlabeled,False,0,self_learning,NC3
8054,ENST00000380834,ENSP00000370214.2,unlabeled,False,0,self_learning,NC3
8055,ENST00000380842,ENSP00000370222.4,unlabeled,False,0,self_learning,NC3
8056,ENST00000380843,ENSP00000370223.4,unlabeled,False,0,self_learning,NC3
8057,ENST00000380871,ENSP00000370253.4,unlabeled,False,0,self_learning,NC3
8058,ENST00000380903,ENSP00000370288.2,train,True,0,self_learning,NC3
8059,ENST00000380913,ENSP00000370299.3,unlabeled,False,0,self_learning,NC3
8060,ENST00000380943,ENSP00000370330.2,unlabeled,False,0,self_learning,NC3
8061,ENST00000380958,ENSP00000370345.3,test,True,0,self_learning,NC3
8062,ENST00000380985,ENSP00000370372.5,val,True,0,self_learning,NC3
8063,ENST00000380986,ENSP00000370373.4,train,True,0,self_learning,NC3
8064,ENST00000380989,ENSP00000370377.2,train,True,0,self_learning,NC3
8065,ENST00000381006,ENSP00000370394.3,train,True,0,self_learning,NC3
8066,ENST00000381007,ENSP00000370395.4,train,True,0,self_learning,NC3
8067,ENST00000381020,ENSP00000370408.6,val,True,0,self_learning,NC3
8068,ENST00000381031,ENSP00000370419.3,train,True,0,self_learning,NC3
8069,ENST00000381033,ENSP00000370421.4,unlabeled,False,0,self_learning,NC3
8070,ENST00000381042,ENSP00000370430.4,train,True,0,self_learning,NC3
8071,ENST00000381055,ENSP00000370443.3,unlabeled,False,0,self_learning,NC3
8072,ENST00000381070,ENSP00000370460.2,test,True,0,self_learning,NC3
8073,ENST00000381116,ENSP00000370508.1,unlabeled,False,0,self_learning,NC3
8074,ENST00000381125,ENSP00000370517.4,unlabeled,False,0,self_learning,NC3
8075,ENST00000381132,ENSP00000370524.2,unlabeled,False,0,self_learning,NC3
8076,ENST00000381134,ENSP00000370526.3,unlabeled,False,0,self_learning,NC3
8077,ENST00000381150,ENSP00000370542.1,unlabeled,False,0,self_learning,NC3
8078,ENST00000381151,ENSP00000370543.3,test,True,0,self_learning,NC3
8079,ENST00000381163,ENSP00000370555.3,train,True,0,self_learning,NC3
8080,ENST00000381165,ENSP00000370557.3,unlabeled,False,0,self_learning,NC3
8081,ENST00000381176,ENSP00000370568.4,unlabeled,False,0,self_learning,NC3
8082,ENST00000381213,ENSP00000370611.3,unlabeled,False,0,self_learning,NC3
8083,ENST00000381227,ENSP00000370625.1,unlabeled,False,0,self_learning,NC3
8084,ENST00000381249,ENSP00000370648.3,val,True,0,self_learning,NC3
8085,ENST00000381254,ENSP00000370653.2,unlabeled,False,0,self_learning,NC3
8086,ENST00000381271,ENSP00000370671.2,train,True,0,self_learning,NC3
8087,ENST00000381280,ENSP00000370680.4,unlabeled,False,0,self_learning,NC3
8088,ENST00000381295,ENSP00000370695.2,train,True,0,self_learning,NC3
8089,ENST00000381298,ENSP00000370698.2,unlabeled,False,0,self_learning,NC3
8090,ENST00000381318,ENSP00000370719.3,train,True,0,self_learning,NC3
8091,ENST00000381323,ENSP00000370724.3,unlabeled,False,0,self_learning,NC3
8092,ENST00000381334,ENSP00000370736.5,train,True,0,self_learning,NC3
8093,ENST00000381340,ENSP00000370744.3,train,True,0,self_learning,NC3
8094,ENST00000381342,ENSP00000370746.3,unlabeled,False,0,self_learning,NC3
8095,ENST00000381346,ENSP00000370750.4,train,True,0,self_learning,NC3
8096,ENST00000381359,ENSP00000370764.1,unlabeled,False,0,self_learning,NC3
8097,ENST00000381365,0,unlabeled,False,0,self_learning,NC3
8098,ENST00000381410,ENSP00000370817.4,unlabeled,False,0,self_learning,NC3
8099,ENST00000381431,ENSP00000370839.6,unlabeled,False,0,self_learning,NC3
8100,ENST00000381458,ENSP00000370867.5,unlabeled,False,0,self_learning,NC3
8101,ENST00000381473,ENSP00000370882.3,unlabeled,False,0,self_learning,NC3
8102,ENST00000381480,0,unlabeled,False,0,self_learning,NC3
8103,ENST00000381482,ENSP00000370891.3,train,True,0,self_learning,NC3
8104,ENST00000381486,ENSP00000370896.2,unlabeled,False,0,self_learning,NC3
8105,ENST00000381501,ENSP00000370912.3,unlabeled,False,0,self_learning,NC3
8106,ENST00000381525,ENSP00000370936.3,unlabeled,False,0,self_learning,NC3
8107,ENST00000381527,ENSP00000370938.3,test,True,0,self_learning,NC3
8108,ENST00000381554,ENSP00000370966.3,train,True,0,self_learning,NC3
8109,ENST00000381568,0,unlabeled,False,0,self_learning,NC3
8110,ENST00000381569,ENSP00000370981.1,unlabeled,False,0,self_learning,NC3
8111,ENST00000381571,ENSP00000370984.4,train,True,0,self_learning,NC3
8112,ENST00000381585,0,unlabeled,False,0,self_learning,NC3
8113,ENST00000381588,ENSP00000371000.4,unlabeled,False,0,self_learning,NC3
8114,ENST00000381591,ENSP00000371003.1,unlabeled,False,0,self_learning,NC3
8115,ENST00000381627,ENSP00000371040.3,unlabeled,False,0,self_learning,NC3
8116,ENST00000381638,ENSP00000371051.2,train,True,0,self_learning,NC3
8117,ENST00000381647,0,unlabeled,False,0,self_learning,NC3
8118,ENST00000381652,ENSP00000371067.4,unlabeled,False,0,self_learning,NC3
8119,ENST00000381655,ENSP00000371070.2,unlabeled,False,0,self_learning,NC3
8120,ENST00000381661,ENSP00000371077.3,unlabeled,False,0,self_learning,NC3
8121,ENST00000381668,ENSP00000371084.5,unlabeled,False,0,self_learning,NC3
8122,ENST00000381669,ENSP00000371085.3,unlabeled,False,0,self_learning,NC3
8123,ENST00000381685,ENSP00000371101.5,train,True,0,self_learning,NC3
8124,ENST00000381714,ENSP00000371133.3,unlabeled,False,0,self_learning,NC3
8125,ENST00000381733,ENSP00000371152.4,train,True,0,self_learning,NC3
8126,ENST00000381750,ENSP00000371169.4,val,True,0,self_learning,NC3
8127,ENST00000381774,ENSP00000371193.4,train,True,0,self_learning,NC3
8128,ENST00000381795,ENSP00000371214.6,unlabeled,False,0,self_learning,NC3
8129,ENST00000381808,ENSP00000371229.3,unlabeled,False,0,self_learning,NC3
8130,ENST00000381809,ENSP00000371230.3,test,True,0,self_learning,NC3
8131,ENST00000381831,ENSP00000371253.3,unlabeled,False,0,self_learning,NC3
8132,ENST00000381844,ENSP00000371267.4,unlabeled,False,0,self_learning,NC3
8133,ENST00000381848,ENSP00000371272.2,unlabeled,False,0,self_learning,NC3
8134,ENST00000381854,ENSP00000371278.3,test,True,0,self_learning,NC3
8135,ENST00000381861,ENSP00000371285.3,unlabeled,False,0,self_learning,NC3
8136,ENST00000381873,ENSP00000371297.3,unlabeled,False,0,self_learning,NC3
8137,ENST00000381883,ENSP00000371307.2,unlabeled,False,0,self_learning,NC3
8138,ENST00000381884,ENSP00000371308.4,unlabeled,False,0,self_learning,NC3
8139,ENST00000381894,0,unlabeled,False,0,self_learning,NC3
8140,ENST00000381920,ENSP00000371345.3,unlabeled,False,0,self_learning,NC3
8141,ENST00000381937,ENSP00000371362.4,train,True,0,self_learning,NC3
8142,ENST00000381962,ENSP00000371388.4,train,True,0,self_learning,NC3
8143,ENST00000381967,ENSP00000371393.4,train,True,0,self_learning,NC3
8144,ENST00000381989,ENSP00000371419.3,train,True,0,self_learning,NC3
8145,ENST00000382004,ENSP00000371434.3,unlabeled,False,0,self_learning,NC3
8146,ENST00000382038,ENSP00000371469.2,unlabeled,False,0,self_learning,NC3
8147,ENST00000382041,ENSP00000371472.3,unlabeled,False,0,self_learning,NC3
8148,ENST00000382068,0,unlabeled,False,0,self_learning,NC3
8149,ENST00000382095,ENSP00000371527.4,unlabeled,False,0,self_learning,NC3
8150,ENST00000382100,ENSP00000371532.2,test,True,0,self_learning,NC3
8151,ENST00000382103,ENSP00000371535.2,unlabeled,False,0,self_learning,NC3
8152,ENST00000382114,ENSP00000371548.4,unlabeled,False,0,self_learning,NC3
8153,ENST00000382142,ENSP00000371577.3,train,True,0,self_learning,NC3
8154,ENST00000382151,ENSP00000371586.2,unlabeled,False,0,self_learning,NC3
8155,ENST00000382159,ENSP00000371594.2,val,True,0,self_learning,NC3
8156,ENST00000382172,ENSP00000371607.3,val,True,0,self_learning,NC3
8157,ENST00000382199,ENSP00000371634.3,unlabeled,False,0,self_learning,NC3
8158,ENST00000382203,ENSP00000371638.1,train,True,0,self_learning,NC3
8159,ENST00000382247,0,unlabeled,False,0,self_learning,NC3
8160,ENST00000382252,ENSP00000477706.1,train,True,0,self_learning,NC3
8161,ENST00000382258,ENSP00000371693.4,unlabeled,False,0,self_learning,NC3
8162,ENST00000382275,0,unlabeled,False,0,self_learning,NC3
8163,ENST00000382291,ENSP00000371728.3,unlabeled,False,0,self_learning,NC3
8164,ENST00000382292,ENSP00000371729.3,unlabeled,False,0,self_learning,NC3
8165,ENST00000382348,ENSP00000371785.1,unlabeled,False,0,self_learning,NC3
8166,ENST00000382349,ENSP00000371786.4,unlabeled,False,0,self_learning,NC3
8167,ENST00000382353,ENSP00000371790.5,unlabeled,False,0,self_learning,NC3
8168,ENST00000382361,ENSP00000371798.3,train,True,0,self_learning,NC3
8169,ENST00000382363,ENSP00000371800.3,unlabeled,False,0,self_learning,NC3
8170,ENST00000382368,ENSP00000371805.3,val,True,0,self_learning,NC3
8171,ENST00000382374,ENSP00000371811.4,train,True,0,self_learning,NC3
8172,ENST00000382409,ENSP00000371846.3,unlabeled,False,0,self_learning,NC3
8173,ENST00000382422,ENSP00000371859.2,train,True,0,self_learning,NC3
8174,ENST00000382438,ENSP00000371875.5,unlabeled,False,0,self_learning,NC3
8175,ENST00000382448,0,unlabeled,False,0,self_learning,NC3
8176,ENST00000382518,ENSP00000371958.1,unlabeled,False,0,self_learning,NC3
8177,ENST00000382545,ENSP00000371985.3,unlabeled,False,0,self_learning,NC3
8178,ENST00000382554,ENSP00000371994.3,unlabeled,False,0,self_learning,NC3
8179,ENST00000382564,ENSP00000372005.2,train,True,0,self_learning,NC3
8180,ENST00000382592,ENSP00000372035.4,unlabeled,False,0,self_learning,NC3
8181,ENST00000382599,ENSP00000372042.4,unlabeled,False,0,self_learning,NC3
8182,ENST00000382713,ENSP00000372160.5,unlabeled,False,0,self_learning,NC3
8183,ENST00000382723,ENSP00000372170.4,unlabeled,False,0,self_learning,NC3
8184,ENST00000382745,ENSP00000372193.4,test,True,0,self_learning,NC3
8185,ENST00000382751,ENSP00000372199.3,train,True,0,self_learning,NC3
8186,ENST00000382753,0,unlabeled,False,0,self_learning,NC3
8187,ENST00000382758,ENSP00000372206.1,unlabeled,False,0,self_learning,NC3
8188,ENST00000382774,ENSP00000372224.4,unlabeled,False,0,self_learning,NC3
8189,ENST00000382824,ENSP00000372274.2,unlabeled,False,0,self_learning,NC3
8190,ENST00000382839,ENSP00000372290.3,unlabeled,False,0,self_learning,NC3
8191,ENST00000382844,ENSP00000372295.1,unlabeled,False,0,self_learning,NC3
8192,ENST00000382862,ENSP00000372313.3,unlabeled,False,0,self_learning,NC3
8193,ENST00000382882,ENSP00000372335.4,unlabeled,False,0,self_learning,NC3
8194,ENST00000382895,ENSP00000372351.3,unlabeled,False,0,self_learning,NC3
8195,ENST00000382936,0,unlabeled,False,0,self_learning,NC3
8196,ENST00000383018,ENSP00000372482.3,unlabeled,False,0,self_learning,NC3
8197,ENST00000383180,0,unlabeled,False,0,self_learning,NC3
8198,ENST00000383202,ENSP00000372689.2,train,True,0,self_learning,NC3
8199,ENST00000383233,ENSP00000372720.3,unlabeled,False,0,self_learning,NC3
8200,ENST00000383366,ENSP00000372857.4,unlabeled,False,0,self_learning,NC3
8201,ENST00000383432,ENSP00000372924.3,train,True,0,self_learning,NC3
8202,ENST00000383463,ENSP00000372955.3,unlabeled,False,0,self_learning,NC3
8203,ENST00000383657,ENSP00000373153.5,test,True,0,self_learning,NC3
8204,ENST00000383678,ENSP00000373176.2,train,True,0,self_learning,NC3
8205,ENST00000383693,ENSP00000373191.3,unlabeled,False,0,self_learning,NC3
8206,ENST00000383738,ENSP00000373244.2,unlabeled,False,0,self_learning,NC3
8207,ENST00000383763,ENSP00000373272.3,unlabeled,False,0,self_learning,NC3
8208,ENST00000383767,ENSP00000373277.2,unlabeled,False,0,self_learning,NC3
8209,ENST00000383768,ENSP00000373278.2,unlabeled,False,0,self_learning,NC3
8210,ENST00000383788,ENSP00000373298.3,unlabeled,False,0,self_learning,NC3
8211,ENST00000383791,ENSP00000373301.3,test,True,0,self_learning,NC3
8212,ENST00000383794,ENSP00000373304.3,test,True,0,self_learning,NC3
8213,ENST00000383811,0,unlabeled,False,0,self_learning,NC3
8214,ENST00000383814,ENSP00000373325.3,unlabeled,False,0,self_learning,NC3
8215,ENST00000383836,ENSP00000373347.3,unlabeled,False,0,self_learning,NC3
8216,ENST00000383847,ENSP00000373360.2,unlabeled,False,0,self_learning,NC3
8217,ENST00000388712,ENSP00000373364.3,test,True,0,self_learning,NC3
8218,ENST00000388718,ENSP00000373370.4,unlabeled,False,0,self_learning,NC3
8219,ENST00000388747,ENSP00000373399.4,unlabeled,False,0,self_learning,NC3
8220,ENST00000388752,ENSP00000373404.3,train,True,0,self_learning,NC3
8221,ENST00000388820,ENSP00000373472.4,unlabeled,False,0,self_learning,NC3
8222,ENST00000388822,ENSP00000373474.3,train,True,0,self_learning,NC3
8223,ENST00000388825,ENSP00000373477.4,unlabeled,False,0,self_learning,NC3
8224,ENST00000388833,ENSP00000373485.3,unlabeled,False,0,self_learning,NC3
8225,ENST00000388837,ENSP00000373489.2,train,True,0,self_learning,NC3
8226,ENST00000388901,ENSP00000373553.5,train,True,0,self_learning,NC3
8227,ENST00000388923,ENSP00000373575.3,unlabeled,False,0,self_learning,NC3
8228,ENST00000388942,0,unlabeled,False,0,self_learning,NC3
8229,ENST00000388948,ENSP00000373600.3,unlabeled,False,0,self_learning,NC3
8230,ENST00000388988,ENSP00000373640.4,unlabeled,False,0,self_learning,NC3
8231,ENST00000388995,ENSP00000373647.5,train,True,0,self_learning,NC3
8232,ENST00000389005,ENSP00000373657.4,train,True,0,self_learning,NC3
8233,ENST00000389017,0,unlabeled,False,0,self_learning,NC3
8234,ENST00000389022,ENSP00000373674.4,unlabeled,False,0,self_learning,NC3
8235,ENST00000389032,ENSP00000373684.3,train,True,0,self_learning,NC3
8236,ENST00000389044,ENSP00000373696.4,unlabeled,False,0,self_learning,NC3
8237,ENST00000389054,ENSP00000373706.4,train,True,0,self_learning,NC3
8238,ENST00000389063,ENSP00000373715.2,train,True,0,self_learning,NC3
8239,ENST00000389074,0,unlabeled,False,0,self_learning,NC3
8240,ENST00000389082,ENSP00000373734.5,unlabeled,False,0,self_learning,NC3
8241,ENST00000389120,ENSP00000373772.3,train,True,0,self_learning,NC3
8242,ENST00000389125,ENSP00000373777.3,unlabeled,False,0,self_learning,NC3
8243,ENST00000389131,ENSP00000373783.3,unlabeled,False,0,self_learning,NC3
8244,ENST00000389156,ENSP00000373808.4,unlabeled,False,0,self_learning,NC3
8245,ENST00000389175,ENSP00000373827.4,unlabeled,False,0,self_learning,NC3
8246,ENST00000389221,0,unlabeled,False,0,self_learning,NC3
8247,ENST00000389231,ENSP00000373883.5,unlabeled,False,0,self_learning,NC3
8248,ENST00000389266,ENSP00000373918.3,unlabeled,False,0,self_learning,NC3
8249,ENST00000389286,ENSP00000373937.4,unlabeled,False,0,self_learning,NC3
8250,ENST00000389297,ENSP00000373948.4,unlabeled,False,0,self_learning,NC3
8251,ENST00000389301,ENSP00000373952.3,unlabeled,False,0,self_learning,NC3
8252,ENST00000389341,ENSP00000373992.3,unlabeled,False,0,self_learning,NC3
8253,ENST00000389363,ENSP00000374014.2,unlabeled,False,0,self_learning,NC3
8254,ENST00000389384,ENSP00000374035.3,unlabeled,False,0,self_learning,NC3
8255,ENST00000389386,0,unlabeled,False,0,self_learning,NC3
8256,ENST00000389394,ENSP00000374045.3,unlabeled,False,0,self_learning,NC3
8257,ENST00000389418,ENSP00000374069.4,unlabeled,False,0,self_learning,NC3
8258,ENST00000389420,ENSP00000374071.3,unlabeled,False,0,self_learning,NC3
8259,ENST00000389484,ENSP00000374135.3,unlabeled,False,0,self_learning,NC3
8260,ENST00000389501,ENSP00000374152.4,train,True,0,self_learning,NC3
8261,ENST00000389506,ENSP00000374157.5,unlabeled,False,0,self_learning,NC3
8262,ENST00000389532,ENSP00000374183.4,unlabeled,False,0,self_learning,NC3
8263,ENST00000389561,ENSP00000374212.2,train,True,0,self_learning,NC3
8264,ENST00000389617,ENSP00000374268.4,unlabeled,False,0,self_learning,NC3
8265,ENST00000389622,0,unlabeled,False,0,self_learning,NC3
8266,ENST00000389658,ENSP00000374309.3,train,True,0,self_learning,NC3
8267,ENST00000389677,ENSP00000374328.4,unlabeled,False,0,self_learning,NC3
8268,ENST00000389682,ENSP00000374332.3,train,True,0,self_learning,NC3
8269,ENST00000389704,ENSP00000374354.3,train,True,0,self_learning,NC3
8270,ENST00000389707,ENSP00000374357.4,unlabeled,False,0,self_learning,NC3
8271,ENST00000389709,ENSP00000374359.3,unlabeled,False,0,self_learning,NC3
8272,ENST00000389737,0,unlabeled,False,0,self_learning,NC3
8273,ENST00000389744,ENSP00000374394.3,unlabeled,False,0,self_learning,NC3
8274,ENST00000389749,ENSP00000374399.4,test,True,0,self_learning,NC3
8275,ENST00000389793,ENSP00000374443.2,unlabeled,False,0,self_learning,NC3
8276,ENST00000389798,ENSP00000374448.3,unlabeled,False,0,self_learning,NC3
8277,ENST00000389817,ENSP00000374467.4,unlabeled,False,0,self_learning,NC3
8278,ENST00000389834,ENSP00000374484.4,unlabeled,False,0,self_learning,NC3
8279,ENST00000389840,ENSP00000374490.6,unlabeled,False,0,self_learning,NC3
8280,ENST00000389857,ENSP00000374507.6,unlabeled,False,0,self_learning,NC3
8281,ENST00000389879,ENSP00000374529.5,val,True,0,self_learning,NC3
8282,ENST00000389912,ENSP00000374562.5,val,True,0,self_learning,NC3
8283,ENST00000389915,0,unlabeled,False,0,self_learning,NC3
8284,ENST00000389916,ENSP00000374566.4,unlabeled,False,0,self_learning,NC3
8285,ENST00000389934,0,unlabeled,False,0,self_learning,NC3
8286,ENST00000389960,ENSP00000374610.4,unlabeled,False,0,self_learning,NC3
8287,ENST00000390645,ENSP00000375057.2,unlabeled,False,0,self_learning,NC3
8288,ENST00000390654,ENSP00000375069.3,unlabeled,False,0,self_learning,NC3
8289,ENST00000390658,ENSP00000375073.2,unlabeled,False,0,self_learning,NC3
8290,ENST00000391440,0,unlabeled,False,0,self_learning,NC3
8291,ENST00000391701,ENSP00000375582.1,unlabeled,False,0,self_learning,NC3
8292,ENST00000391705,ENSP00000375586.3,unlabeled,False,0,self_learning,NC3
8293,ENST00000391713,ENSP00000375593.1,unlabeled,False,0,self_learning,NC3
8294,ENST00000391720,ENSP00000375600.5,unlabeled,False,0,self_learning,NC3
8295,ENST00000391769,ENSP00000375649.2,unlabeled,False,0,self_learning,NC3
8296,ENST00000391777,0,unlabeled,False,0,self_learning,NC3
8297,ENST00000391802,ENSP00000375678.1,unlabeled,False,0,self_learning,NC3
8298,ENST00000391833,ENSP00000375709.1,unlabeled,False,0,self_learning,NC3
8299,ENST00000391842,0,unlabeled,False,0,self_learning,NC3
8300,ENST00000391851,ENSP00000375724.4,unlabeled,False,0,self_learning,NC3
8301,ENST00000391857,ENSP00000375730.4,train,True,0,self_learning,NC3
8302,ENST00000391860,ENSP00000375733.2,test,True,0,self_learning,NC3
8303,ENST00000391884,ENSP00000375756.1,unlabeled,False,0,self_learning,NC3
8304,ENST00000391890,ENSP00000375761.4,unlabeled,False,0,self_learning,NC3
8305,ENST00000391911,ENSP00000375778.1,unlabeled,False,0,self_learning,NC3
8306,ENST00000391916,ENSP00000375783.2,unlabeled,False,0,self_learning,NC3
8307,ENST00000391945,ENSP00000375809.4,unlabeled,False,0,self_learning,NC3
8308,ENST00000391946,ENSP00000375810.2,unlabeled,False,0,self_learning,NC3
8309,ENST00000391958,0,unlabeled,False,0,self_learning,NC3
8310,ENST00000391973,ENSP00000375834.2,unlabeled,False,0,self_learning,NC3
8311,ENST00000391975,0,unlabeled,False,0,self_learning,NC3
8312,ENST00000391984,ENSP00000375844.2,unlabeled,False,0,self_learning,NC3
8313,ENST00000392002,0,unlabeled,False,0,self_learning,NC3
8314,ENST00000392006,ENSP00000375863.2,train,True,0,self_learning,NC3
8315,ENST00000392028,ENSP00000375882.3,unlabeled,False,0,self_learning,NC3
8316,ENST00000392038,ENSP00000375892.2,train,True,0,self_learning,NC3
8317,ENST00000392062,ENSP00000375914.2,unlabeled,False,0,self_learning,NC3
8318,ENST00000392070,ENSP00000375922.3,unlabeled,False,0,self_learning,NC3
8319,ENST00000392102,ENSP00000375951.1,train,True,0,self_learning,NC3
8320,ENST00000392133,ENSP00000375978.3,unlabeled,False,0,self_learning,NC3
8321,ENST00000392142,ENSP00000375986.4,val,True,0,self_learning,NC3
8322,ENST00000392173,0,unlabeled,False,0,self_learning,NC3
8323,ENST00000392185,ENSP00000376024.3,unlabeled,False,0,self_learning,NC3
8324,ENST00000392209,0,unlabeled,False,0,self_learning,NC3
8325,ENST00000392238,ENSP00000376071.2,val,True,0,self_learning,NC3
8326,ENST00000392246,ENSP00000376077.2,unlabeled,False,0,self_learning,NC3
8327,ENST00000392271,ENSP00000376097.2,train,True,0,self_learning,NC3
8328,ENST00000392283,0,unlabeled,False,0,self_learning,NC3
8329,ENST00000392325,ENSP00000376139.4,train,True,0,self_learning,NC3
8330,ENST00000392328,ENSP00000376141.1,unlabeled,False,0,self_learning,NC3
8331,ENST00000392329,ENSP00000376142.2,train,True,0,self_learning,NC3
8332,ENST00000392343,ENSP00000376154.3,unlabeled,False,0,self_learning,NC3
8333,ENST00000392358,ENSP00000376167.2,unlabeled,False,0,self_learning,NC3
8334,ENST00000392359,ENSP00000376168.3,val,True,0,self_learning,NC3
8335,ENST00000392370,ENSP00000376177.3,unlabeled,False,0,self_learning,NC3
8336,ENST00000392373,ENSP00000376178.2,train,True,0,self_learning,NC3
8337,ENST00000392386,ENSP00000376188.2,unlabeled,False,0,self_learning,NC3
8338,ENST00000392396,ENSP00000376197.3,unlabeled,False,0,self_learning,NC3
8339,ENST00000392403,ENSP00000376204.3,unlabeled,False,0,self_learning,NC3
8340,ENST00000392452,ENSP00000376246.2,train,True,0,self_learning,NC3
8341,ENST00000392455,ENSP00000376249.4,unlabeled,False,0,self_learning,NC3
8342,ENST00000392465,ENSP00000376258.3,train,True,0,self_learning,NC3
8343,ENST00000392476,ENSP00000376268.2,unlabeled,False,0,self_learning,NC3
8344,ENST00000392477,ENSP00000376269.2,train,True,0,self_learning,NC3
8345,ENST00000392481,ENSP00000376272.2,train,True,0,self_learning,NC3
8346,ENST00000392485,ENSP00000376276.2,unlabeled,False,0,self_learning,NC3
8347,ENST00000392490,ENSP00000376280.1,unlabeled,False,0,self_learning,NC3
8348,ENST00000392509,ENSP00000376297.2,unlabeled,False,0,self_learning,NC3
8349,ENST00000392518,ENSP00000376303.4,unlabeled,False,0,self_learning,NC3
8350,ENST00000392519,0,unlabeled,False,0,self_learning,NC3
8351,ENST00000392521,ENSP00000376306.2,train,True,0,self_learning,NC3
8352,ENST00000392522,0,unlabeled,False,0,self_learning,NC3
8353,ENST00000392533,ENSP00000376317.3,unlabeled,False,0,self_learning,NC3
8354,ENST00000392539,ENSP00000376322.3,train,True,0,self_learning,NC3
8355,ENST00000392547,ENSP00000376330.2,unlabeled,False,0,self_learning,NC3
8356,ENST00000392562,ENSP00000376345.1,train,True,0,self_learning,NC3
8357,ENST00000392568,ENSP00000376349.2,unlabeled,False,0,self_learning,NC3
8358,ENST00000392588,ENSP00000376367.1,unlabeled,False,0,self_learning,NC3
8359,ENST00000392634,ENSP00000376410.4,unlabeled,False,0,self_learning,NC3
8360,ENST00000392644,ENSP00000376417.4,unlabeled,False,0,self_learning,NC3
8361,ENST00000392647,ENSP00000376419.2,unlabeled,False,0,self_learning,NC3
8362,ENST00000392650,ENSP00000376421.3,val,True,0,self_learning,NC3
8363,ENST00000392672,0,unlabeled,False,0,self_learning,NC3
8364,ENST00000392676,ENSP00000376443.2,unlabeled,False,0,self_learning,NC3
8365,ENST00000392701,ENSP00000376465.3,unlabeled,False,0,self_learning,NC3
8366,ENST00000392708,ENSP00000376472.3,train,True,0,self_learning,NC3
8367,ENST00000392711,ENSP00000376475.1,unlabeled,False,0,self_learning,NC3
8368,ENST00000392745,ENSP00000376500.3,unlabeled,False,0,self_learning,NC3
8369,ENST00000392750,ENSP00000376506.2,train,True,0,self_learning,NC3
8370,ENST00000392766,ENSP00000376519.2,unlabeled,False,0,self_learning,NC3
8371,ENST00000392769,ENSP00000376522.2,unlabeled,False,0,self_learning,NC3
8372,ENST00000392783,ENSP00000376534.2,unlabeled,False,0,self_learning,NC3
8373,ENST00000392811,ENSP00000376558.2,unlabeled,False,0,self_learning,NC3
8374,ENST00000392818,ENSP00000376565.3,unlabeled,False,0,self_learning,NC3
8375,ENST00000392825,ENSP00000376570.3,unlabeled,False,0,self_learning,NC3
8376,ENST00000392827,0,unlabeled,False,0,self_learning,NC3
8377,ENST00000392837,0,unlabeled,False,0,self_learning,NC3
8378,ENST00000392863,0,unlabeled,False,0,self_learning,NC3
8379,ENST00000392869,ENSP00000376608.1,unlabeled,False,0,self_learning,NC3
8380,ENST00000392870,ENSP00000376609.2,unlabeled,False,0,self_learning,NC3
8381,ENST00000392872,ENSP00000376611.3,val,True,0,self_learning,NC3
8382,ENST00000392876,ENSP00000376615.3,train,True,0,self_learning,NC3
8383,ENST00000392920,ENSP00000376652.3,unlabeled,False,0,self_learning,NC3
8384,ENST00000392951,ENSP00000376678.4,unlabeled,False,0,self_learning,NC3
8385,ENST00000392959,ENSP00000376686.1,unlabeled,False,0,self_learning,NC3
8386,ENST00000392976,ENSP00000376702.1,unlabeled,False,0,self_learning,NC3
8387,ENST00000392979,ENSP00000376705.3,unlabeled,False,0,self_learning,NC3
8388,ENST00000392993,ENSP00000418001.1,unlabeled,False,0,self_learning,NC3
8389,ENST00000393033,ENSP00000376753.3,unlabeled,False,0,self_learning,NC3
8390,ENST00000393035,ENSP00000376755.2,unlabeled,False,0,self_learning,NC3
8391,ENST00000393045,ENSP00000376765.2,unlabeled,False,0,self_learning,NC3
8392,ENST00000393047,ENSP00000376767.3,train,True,0,self_learning,NC3
8393,ENST00000393085,ENSP00000376800.3,test,True,0,self_learning,NC3
8394,ENST00000393092,ENSP00000376807.3,unlabeled,False,0,self_learning,NC3
8395,ENST00000393094,ENSP00000376808.2,unlabeled,False,0,self_learning,NC3
8396,ENST00000393106,ENSP00000376818.2,unlabeled,False,0,self_learning,NC3
8397,ENST00000393119,ENSP00000376827.2,unlabeled,False,0,self_learning,NC3
8398,ENST00000393132,ENSP00000376840.2,unlabeled,False,0,self_learning,NC3
8399,ENST00000393167,ENSP00000376872.3,unlabeled,False,0,self_learning,NC3
8400,ENST00000393190,ENSP00000376886.1,unlabeled,False,0,self_learning,NC3
8401,ENST00000393193,0,unlabeled,False,0,self_learning,NC3
8402,ENST00000393203,ENSP00000376899.2,train,True,0,self_learning,NC3
8403,ENST00000393208,ENSP00000376903.2,unlabeled,False,0,self_learning,NC3
8404,ENST00000393217,ENSP00000376910.2,unlabeled,False,0,self_learning,NC3
8405,ENST00000393218,ENSP00000376911.2,train,True,0,self_learning,NC3
8406,ENST00000393229,ENSP00000376921.3,unlabeled,False,0,self_learning,NC3
8407,ENST00000393230,ENSP00000376922.2,unlabeled,False,0,self_learning,NC3
8408,ENST00000393261,ENSP00000376945.3,unlabeled,False,0,self_learning,NC3
8409,ENST00000393276,ENSP00000376957.3,unlabeled,False,0,self_learning,NC3
8410,ENST00000393295,ENSP00000376973.4,unlabeled,False,0,self_learning,NC3
8411,ENST00000393316,ENSP00000376992.3,unlabeled,False,0,self_learning,NC3
8412,ENST00000393328,ENSP00000377001.2,unlabeled,False,0,self_learning,NC3
8413,ENST00000393346,ENSP00000377015.3,train,True,0,self_learning,NC3
8414,ENST00000393359,ENSP00000377027.2,train,True,0,self_learning,NC3
8415,ENST00000393366,ENSP00000377033.2,unlabeled,False,0,self_learning,NC3
8416,ENST00000393371,ENSP00000377037.2,unlabeled,False,0,self_learning,NC3
8417,ENST00000393381,ENSP00000406598.1,train,True,0,self_learning,NC3
8418,ENST00000393386,ENSP00000377047.2,unlabeled,False,0,self_learning,NC3
8419,ENST00000393405,ENSP00000377059.2,unlabeled,False,0,self_learning,NC3
8420,ENST00000393408,ENSP00000377060.3,unlabeled,False,0,self_learning,NC3
8421,ENST00000393437,ENSP00000377086.3,unlabeled,False,0,self_learning,NC3
8422,ENST00000393451,ENSP00000377097.3,unlabeled,False,0,self_learning,NC3
8423,ENST00000393473,ENSP00000377115.2,unlabeled,False,0,self_learning,NC3
8424,ENST00000393483,ENSP00000377123.3,unlabeled,False,0,self_learning,NC3
8425,ENST00000393537,ENSP00000377170.4,unlabeled,False,0,self_learning,NC3
8426,ENST00000393545,ENSP00000377176.4,unlabeled,False,0,self_learning,NC3
8427,ENST00000393562,ENSP00000377192.3,unlabeled,False,0,self_learning,NC3
8428,ENST00000393593,ENSP00000377218.3,unlabeled,False,0,self_learning,NC3
8429,ENST00000393599,ENSP00000377224.1,unlabeled,False,0,self_learning,NC3
8430,ENST00000393600,ENSP00000377225.3,train,True,0,self_learning,NC3
8431,ENST00000393623,ENSP00000377245.1,unlabeled,False,0,self_learning,NC3
8432,ENST00000393630,ENSP00000377250.4,unlabeled,False,0,self_learning,NC3
8433,ENST00000393640,ENSP00000377257.4,unlabeled,False,0,self_learning,NC3
8434,ENST00000393674,ENSP00000377280.2,unlabeled,False,0,self_learning,NC3
8435,ENST00000393677,ENSP00000377282.3,unlabeled,False,0,self_learning,NC3
8436,ENST00000393693,ENSP00000377296.2,unlabeled,False,0,self_learning,NC3
8437,ENST00000393695,ENSP00000377298.4,train,True,0,self_learning,NC3
8438,ENST00000393700,ENSP00000377303.3,train,True,0,self_learning,NC3
8439,ENST00000393708,ENSP00000377311.4,unlabeled,False,0,self_learning,NC3
8440,ENST00000393743,ENSP00000377344.3,unlabeled,False,0,self_learning,NC3
8441,ENST00000393760,ENSP00000377357.1,unlabeled,False,0,self_learning,NC3
8442,ENST00000393784,ENSP00000377374.3,train,True,0,self_learning,NC3
8443,ENST00000393791,ENSP00000377380.3,unlabeled,False,0,self_learning,NC3
8444,ENST00000393792,0,unlabeled,False,0,self_learning,NC3
8445,ENST00000393796,ENSP00000377385.4,unlabeled,False,0,self_learning,NC3
8446,ENST00000393801,ENSP00000377390.3,train,True,0,self_learning,NC3
8447,ENST00000393812,ENSP00000377401.3,train,True,0,self_learning,NC3
8448,ENST00000393818,ENSP00000377406.1,unlabeled,False,0,self_learning,NC3
8449,ENST00000393825,ENSP00000377411.1,unlabeled,False,0,self_learning,NC3
8450,ENST00000393829,ENSP00000377415.2,unlabeled,False,0,self_learning,NC3
8451,ENST00000393860,ENSP00000377440.3,unlabeled,False,0,self_learning,NC3
8452,ENST00000393868,ENSP00000377446.2,train,True,0,self_learning,NC3
8453,ENST00000393883,ENSP00000377461.1,unlabeled,False,0,self_learning,NC3
8454,ENST00000393892,ENSP00000377470.2,train,True,0,self_learning,NC3
8455,ENST00000393909,ENSP00000377486.2,unlabeled,False,0,self_learning,NC3
8456,ENST00000393913,ENSP00000377490.3,unlabeled,False,0,self_learning,NC3
8457,ENST00000393927,ENSP00000377504.3,unlabeled,False,0,self_learning,NC3
8458,ENST00000393931,ENSP00000377508.3,unlabeled,False,0,self_learning,NC3
8459,ENST00000393950,ENSP00000377522.2,unlabeled,False,0,self_learning,NC3
8460,ENST00000393956,ENSP00000377528.4,unlabeled,False,0,self_learning,NC3
8461,ENST00000393964,ENSP00000377536.1,unlabeled,False,0,self_learning,NC3
8462,ENST00000393976,ENSP00000377546.1,unlabeled,False,0,self_learning,NC3
8463,ENST00000393997,ENSP00000377566.3,unlabeled,False,0,self_learning,NC3
8464,ENST00000394009,ENSP00000377577.3,unlabeled,False,0,self_learning,NC3
8465,ENST00000394030,ENSP00000377598.4,train,True,0,self_learning,NC3
8466,ENST00000394052,ENSP00000377616.3,unlabeled,False,0,self_learning,NC3
8467,ENST00000394053,ENSP00000377617.2,test,True,0,self_learning,NC3
8468,ENST00000394056,ENSP00000377620.2,unlabeled,False,0,self_learning,NC3
8469,ENST00000394070,ENSP00000377633.2,train,True,0,self_learning,NC3
8470,ENST00000394077,ENSP00000377640.3,test,True,0,self_learning,NC3
8471,ENST00000394095,ENSP00000377655.2,unlabeled,False,0,self_learning,NC3
8472,ENST00000394109,ENSP00000377668.3,unlabeled,False,0,self_learning,NC3
8473,ENST00000394123,ENSP00000377681.3,unlabeled,False,0,self_learning,NC3
8474,ENST00000394128,ENSP00000377686.2,unlabeled,False,0,self_learning,NC3
8475,ENST00000394132,ENSP00000377690.2,unlabeled,False,0,self_learning,NC3
8476,ENST00000394140,ENSP00000377696.3,train,True,0,self_learning,NC3
8477,ENST00000394147,ENSP00000377703.1,train,True,0,self_learning,NC3
8478,ENST00000394152,ENSP00000377708.2,test,True,0,self_learning,NC3
8479,ENST00000394162,ENSP00000377717.1,unlabeled,False,0,self_learning,NC3
8480,ENST00000394163,ENSP00000377718.2,unlabeled,False,0,self_learning,NC3
8481,ENST00000394166,ENSP00000377721.3,train,True,0,self_learning,NC3
8482,ENST00000394169,ENSP00000377724.1,unlabeled,False,0,self_learning,NC3
8483,ENST00000394170,ENSP00000377725.2,unlabeled,False,0,self_learning,NC3
8484,ENST00000394175,ENSP00000377729.2,unlabeled,False,0,self_learning,NC3
8485,ENST00000394186,ENSP00000377740.3,unlabeled,False,0,self_learning,NC3
8486,ENST00000394196,ENSP00000377747.4,test,True,0,self_learning,NC3
8487,ENST00000394203,ENSP00000377753.3,unlabeled,False,0,self_learning,NC3
8488,ENST00000394222,ENSP00000377769.3,unlabeled,False,0,self_learning,NC3
8489,ENST00000394224,ENSP00000377771.3,unlabeled,False,0,self_learning,NC3
8490,ENST00000394231,ENSP00000377778.3,train,True,0,self_learning,NC3
8491,ENST00000394235,ENSP00000377782.1,unlabeled,False,0,self_learning,NC3
8492,ENST00000394236,ENSP00000377783.3,unlabeled,False,0,self_learning,NC3
8493,ENST00000394249,ENSP00000377793.3,train,True,0,self_learning,NC3
8494,ENST00000394252,ENSP00000377796.3,test,True,0,self_learning,NC3
8495,ENST00000394253,ENSP00000377797.2,unlabeled,False,0,self_learning,NC3
8496,ENST00000394264,ENSP00000377807.5,train,True,0,self_learning,NC3
8497,ENST00000394272,ENSP00000377814.4,unlabeled,False,0,self_learning,NC3
8498,ENST00000394282,ENSP00000377823.4,unlabeled,False,0,self_learning,NC3
8499,ENST00000394295,ENSP00000377833.4,train,True,0,self_learning,NC3
8500,ENST00000394303,ENSP00000377840.3,train,True,0,self_learning,NC3
8501,ENST00000394308,ENSP00000377845.3,unlabeled,False,0,self_learning,NC3
8502,ENST00000394323,0,unlabeled,False,0,self_learning,NC3
8503,ENST00000394334,ENSP00000377867.2,unlabeled,False,0,self_learning,NC3
8504,ENST00000394391,ENSP00000377914.4,train,True,0,self_learning,NC3
8505,ENST00000394412,ENSP00000377934.3,unlabeled,False,0,self_learning,NC3
8506,ENST00000394422,ENSP00000377944.3,train,True,0,self_learning,NC3
8507,ENST00000394427,0,unlabeled,False,0,self_learning,NC3
8508,ENST00000394434,ENSP00000377954.2,train,True,0,self_learning,NC3
8509,ENST00000394440,ENSP00000377958.3,train,True,0,self_learning,NC3
8510,ENST00000394456,ENSP00000377969.3,val,True,0,self_learning,NC3
8511,ENST00000394458,0,unlabeled,False,0,self_learning,NC3
8512,ENST00000394480,ENSP00000377990.1,unlabeled,False,0,self_learning,NC3
8513,ENST00000394485,ENSP00000377995.4,unlabeled,False,0,self_learning,NC3
8514,ENST00000394507,ENSP00000378015.1,unlabeled,False,0,self_learning,NC3
8515,ENST00000394532,ENSP00000378040.3,train,True,0,self_learning,NC3
8516,ENST00000394553,ENSP00000378056.1,unlabeled,False,0,self_learning,NC3
8517,ENST00000394555,ENSP00000378058.2,unlabeled,False,0,self_learning,NC3
8518,ENST00000394576,0,unlabeled,False,0,self_learning,NC3
8519,ENST00000394607,ENSP00000378105.3,train,True,0,self_learning,NC3
8520,ENST00000394609,ENSP00000378107.2,unlabeled,False,0,self_learning,NC3
8521,ENST00000394621,ENSP00000378119.2,unlabeled,False,0,self_learning,NC3
8522,ENST00000394636,ENSP00000378132.4,unlabeled,False,0,self_learning,NC3
8523,ENST00000394650,ENSP00000378145.4,val,True,0,self_learning,NC3
8524,ENST00000394657,ENSP00000378152.6,unlabeled,False,0,self_learning,NC3
8525,ENST00000394668,ENSP00000378163.2,test,True,0,self_learning,NC3
8526,ENST00000394684,ENSP00000378176.4,unlabeled,False,0,self_learning,NC3
8527,ENST00000394685,ENSP00000378177.3,unlabeled,False,0,self_learning,NC3
8528,ENST00000394703,ENSP00000378193.5,train,True,0,self_learning,NC3
8529,ENST00000394705,0,unlabeled,False,0,self_learning,NC3
8530,ENST00000394708,ENSP00000378198.2,train,True,0,self_learning,NC3
8531,ENST00000394709,ENSP00000378199.1,unlabeled,False,0,self_learning,NC3
8532,ENST00000394718,ENSP00000378207.3,unlabeled,False,0,self_learning,NC3
8533,ENST00000394730,ENSP00000378218.3,unlabeled,False,0,self_learning,NC3
8534,ENST00000394747,ENSP00000378230.1,unlabeled,False,0,self_learning,NC3
8535,ENST00000394752,ENSP00000378235.2,train,True,0,self_learning,NC3
8536,ENST00000394754,ENSP00000378236.1,unlabeled,False,0,self_learning,NC3
8537,ENST00000394767,0,unlabeled,False,0,self_learning,NC3
8538,ENST00000394780,ENSP00000378260.3,val,True,0,self_learning,NC3
8539,ENST00000394785,ENSP00000378265.3,unlabeled,False,0,self_learning,NC3
8540,ENST00000394795,ENSP00000378275.2,unlabeled,False,0,self_learning,NC3
8541,ENST00000394797,ENSP00000378276.4,unlabeled,False,0,self_learning,NC3
8542,ENST00000394805,ENSP00000378284.3,unlabeled,False,0,self_learning,NC3
8543,ENST00000394809,ENSP00000378288.4,train,True,0,self_learning,NC3
8544,ENST00000394815,ENSP00000378292.2,unlabeled,False,0,self_learning,NC3
8545,ENST00000394833,ENSP00000378310.2,unlabeled,False,0,self_learning,NC3
8546,ENST00000394836,ENSP00000378313.2,unlabeled,False,0,self_learning,NC3
8547,ENST00000394854,ENSP00000378323.3,unlabeled,False,0,self_learning,NC3
8548,ENST00000394858,ENSP00000378327.2,unlabeled,False,0,self_learning,NC3
8549,ENST00000394859,ENSP00000378328.3,unlabeled,False,0,self_learning,NC3
8550,ENST00000394885,ENSP00000378349.3,unlabeled,False,0,self_learning,NC3
8551,ENST00000394886,ENSP00000378350.2,val,True,0,self_learning,NC3
8552,ENST00000394894,ENSP00000378356.3,val,True,0,self_learning,NC3
8553,ENST00000394908,ENSP00000378368.3,unlabeled,False,0,self_learning,NC3
8554,ENST00000394919,ENSP00000378377.1,unlabeled,False,0,self_learning,NC3
8555,ENST00000394936,ENSP00000378394.3,train,True,0,self_learning,NC3
8556,ENST00000394942,ENSP00000378399.2,unlabeled,False,0,self_learning,NC3
8557,ENST00000394947,ENSP00000378402.3,unlabeled,False,0,self_learning,NC3
8558,ENST00000394951,ENSP00000378405.1,unlabeled,False,0,self_learning,NC3
8559,ENST00000394955,ENSP00000378408.2,unlabeled,False,0,self_learning,NC3
8560,ENST00000394963,ENSP00000378414.4,train,True,0,self_learning,NC3
8561,ENST00000394965,ENSP00000378416.2,unlabeled,False,0,self_learning,NC3
8562,ENST00000394967,ENSP00000378418.2,unlabeled,False,0,self_learning,NC3
8563,ENST00000394975,ENSP00000378426.2,val,True,0,self_learning,NC3
8564,ENST00000394976,ENSP00000378427.3,unlabeled,False,0,self_learning,NC3
8565,ENST00000394991,ENSP00000378442.4,unlabeled,False,0,self_learning,NC3
8566,ENST00000395003,ENSP00000378451.1,unlabeled,False,0,self_learning,NC3
8567,ENST00000395040,ENSP00000378481.1,unlabeled,False,0,self_learning,NC3
8568,ENST00000395042,ENSP00000378483.1,unlabeled,False,0,self_learning,NC3
8569,ENST00000395047,ENSP00000378487.2,unlabeled,False,0,self_learning,NC3
8570,ENST00000395052,ENSP00000378492.3,unlabeled,False,0,self_learning,NC3
8571,ENST00000395076,ENSP00000378514.4,unlabeled,False,0,self_learning,NC3
8572,ENST00000395104,ENSP00000378536.1,unlabeled,False,0,self_learning,NC3
8573,ENST00000395123,ENSP00000378555.2,unlabeled,False,0,self_learning,NC3
8574,ENST00000395125,ENSP00000378557.1,train,True,0,self_learning,NC3
8575,ENST00000395159,ENSP00000378588.2,unlabeled,False,0,self_learning,NC3
8576,ENST00000395176,ENSP00000378605.1,unlabeled,False,0,self_learning,NC3
8577,ENST00000395184,ENSP00000378611.1,unlabeled,False,0,self_learning,NC3
8578,ENST00000395245,ENSP00000378666.3,unlabeled,False,0,self_learning,NC3
8579,ENST00000395254,ENSP00000378674.3,unlabeled,False,0,self_learning,NC3
8580,ENST00000395284,ENSP00000378699.3,val,True,0,self_learning,NC3
8581,ENST00000395307,0,unlabeled,False,0,self_learning,NC3
8582,ENST00000395310,ENSP00000378721.2,unlabeled,False,0,self_learning,NC3
8583,ENST00000395314,ENSP00000378725.3,unlabeled,False,0,self_learning,NC3
8584,ENST00000395321,ENSP00000378731.2,train,True,0,self_learning,NC3
8585,ENST00000395323,ENSP00000378733.3,unlabeled,False,0,self_learning,NC3
8586,ENST00000395324,ENSP00000378734.2,unlabeled,False,0,self_learning,NC3
8587,ENST00000395325,ENSP00000378735.3,unlabeled,False,0,self_learning,NC3
8588,ENST00000395326,ENSP00000378736.3,unlabeled,False,0,self_learning,NC3
8589,ENST00000395334,ENSP00000378743.2,train,True,0,self_learning,NC3
8590,ENST00000395340,ENSP00000378749.1,unlabeled,False,0,self_learning,NC3
8591,ENST00000395353,ENSP00000378760.1,unlabeled,False,0,self_learning,NC3
8592,ENST00000395366,ENSP00000378769.2,unlabeled,False,0,self_learning,NC3
8593,ENST00000395384,ENSP00000378782.4,unlabeled,False,0,self_learning,NC3
8594,ENST00000395395,ENSP00000378792.2,unlabeled,False,0,self_learning,NC3
8595,ENST00000395407,ENSP00000378803.2,unlabeled,False,0,self_learning,NC3
8596,ENST00000395422,ENSP00000378812.3,train,True,0,self_learning,NC3
8597,ENST00000395443,ENSP00000378830.2,unlabeled,False,0,self_learning,NC3
8598,ENST00000395468,ENSP00000378851.3,test,True,0,self_learning,NC3
8599,ENST00000395471,ENSP00000378854.3,unlabeled,False,0,self_learning,NC3
8600,ENST00000395474,0,unlabeled,False,0,self_learning,NC3
8601,ENST00000395503,ENSP00000378879.5,unlabeled,False,0,self_learning,NC3
8602,ENST00000395544,ENSP00000378914.4,unlabeled,False,0,self_learning,NC3
8603,ENST00000395547,ENSP00000378917.2,train,True,0,self_learning,NC3
8604,ENST00000395550,ENSP00000378920.2,train,True,0,self_learning,NC3
8605,ENST00000395587,ENSP00000378953.1,unlabeled,False,0,self_learning,NC3
8606,ENST00000395598,0,unlabeled,False,0,self_learning,NC3
8607,ENST00000395601,ENSP00000378965.3,unlabeled,False,0,self_learning,NC3
8608,ENST00000395631,ENSP00000378993.2,unlabeled,False,0,self_learning,NC3
8609,ENST00000395650,ENSP00000379011.2,unlabeled,False,0,self_learning,NC3
8610,ENST00000395686,ENSP00000379042.3,test,True,0,self_learning,NC3
8611,ENST00000395694,0,unlabeled,False,0,self_learning,NC3
8612,ENST00000395699,ENSP00000379051.2,train,True,0,self_learning,NC3
8613,ENST00000395718,ENSP00000379068.2,unlabeled,False,0,self_learning,NC3
8614,ENST00000395744,ENSP00000379093.3,unlabeled,False,0,self_learning,NC3
8615,ENST00000395748,ENSP00000379097.3,unlabeled,False,0,self_learning,NC3
8616,ENST00000395762,ENSP00000379111.2,unlabeled,False,0,self_learning,NC3
8617,ENST00000395783,ENSP00000379129.1,unlabeled,False,0,self_learning,NC3
8618,ENST00000395787,ENSP00000379133.3,test,True,0,self_learning,NC3
8619,ENST00000395797,0,unlabeled,False,0,self_learning,NC3
8620,ENST00000395799,ENSP00000379144.3,train,True,0,self_learning,NC3
8621,ENST00000395809,ENSP00000379154.1,unlabeled,False,0,self_learning,NC3
8622,ENST00000395825,ENSP00000379169.3,unlabeled,False,0,self_learning,NC3
8623,ENST00000395833,ENSP00000379175.3,unlabeled,False,0,self_learning,NC3
8624,ENST00000395840,ENSP00000379181.2,unlabeled,False,0,self_learning,NC3
8625,ENST00000395842,ENSP00000379183.2,unlabeled,False,0,self_learning,NC3
8626,ENST00000395860,ENSP00000379201.2,unlabeled,False,0,self_learning,NC3
8627,ENST00000395863,ENSP00000379204.3,unlabeled,False,0,self_learning,NC3
8628,ENST00000395876,ENSP00000379216.2,unlabeled,False,0,self_learning,NC3
8629,ENST00000395878,ENSP00000379217.3,train,True,0,self_learning,NC3
8630,ENST00000395879,ENSP00000379218.1,unlabeled,False,0,self_learning,NC3
8631,ENST00000395891,ENSP00000379228.1,unlabeled,False,0,self_learning,NC3
8632,ENST00000395906,ENSP00000379242.4,unlabeled,False,0,self_learning,NC3
8633,ENST00000395923,ENSP00000379256.1,unlabeled,False,0,self_learning,NC3
8634,ENST00000395925,ENSP00000379258.3,unlabeled,False,0,self_learning,NC3
8635,ENST00000395930,ENSP00000379263.1,unlabeled,False,0,self_learning,NC3
8636,ENST00000395957,ENSP00000379287.2,unlabeled,False,0,self_learning,NC3
8637,ENST00000395965,ENSP00000379294.3,train,True,0,self_learning,NC3
8638,ENST00000395987,0,unlabeled,False,0,self_learning,NC3
8639,ENST00000396005,ENSP00000379326.3,unlabeled,False,0,self_learning,NC3
8640,ENST00000396009,ENSP00000379330.3,unlabeled,False,0,self_learning,NC3
8641,ENST00000396024,ENSP00000379342.3,unlabeled,False,0,self_learning,NC3
8642,ENST00000396026,0,unlabeled,False,0,self_learning,NC3
8643,ENST00000396033,ENSP00000379350.2,unlabeled,False,0,self_learning,NC3
8644,ENST00000396049,ENSP00000379364.3,unlabeled,False,0,self_learning,NC3
8645,ENST00000396052,ENSP00000379367.2,unlabeled,False,0,self_learning,NC3
8646,ENST00000396057,ENSP00000379369.4,unlabeled,False,0,self_learning,NC3
8647,ENST00000396060,ENSP00000379372.2,unlabeled,False,0,self_learning,NC3
8648,ENST00000396065,ENSP00000379377.1,unlabeled,False,0,self_learning,NC3
8649,ENST00000396076,ENSP00000379386.1,unlabeled,False,0,self_learning,NC3
8650,ENST00000396077,0,unlabeled,False,0,self_learning,NC3
8651,ENST00000396081,ENSP00000379390.1,train,True,0,self_learning,NC3
8652,ENST00000396083,ENSP00000379392.2,test,True,0,self_learning,NC3
8653,ENST00000396124,ENSP00000379430.4,unlabeled,False,0,self_learning,NC3
8654,ENST00000396128,0,unlabeled,False,0,self_learning,NC3
8655,ENST00000396137,ENSP00000379441.4,train,True,0,self_learning,NC3
8656,ENST00000396153,ENSP00000379457.2,val,True,0,self_learning,NC3
8657,ENST00000396154,0,unlabeled,False,0,self_learning,NC3
8658,ENST00000396161,0,unlabeled,False,0,self_learning,NC3
8659,ENST00000396168,ENSP00000379471.1,unlabeled,False,0,self_learning,NC3
8660,ENST00000396197,ENSP00000379500.2,train,True,0,self_learning,NC3
8661,ENST00000396203,ENSP00000379506.2,train,True,0,self_learning,NC3
8662,ENST00000396209,ENSP00000379512.1,train,True,0,self_learning,NC3
8663,ENST00000396212,ENSP00000379515.2,unlabeled,False,0,self_learning,NC3
8664,ENST00000396265,ENSP00000379563.4,train,True,0,self_learning,NC3
8665,ENST00000396307,ENSP00000379601.2,unlabeled,False,0,self_learning,NC3
8666,ENST00000396330,ENSP00000379621.2,unlabeled,False,0,self_learning,NC3
8667,ENST00000396334,ENSP00000379625.4,unlabeled,False,0,self_learning,NC3
8668,ENST00000396356,ENSP00000379644.3,unlabeled,False,0,self_learning,NC3
8669,ENST00000396373,ENSP00000379658.3,train,True,0,self_learning,NC3
8670,ENST00000396396,ENSP00000379678.1,train,True,0,self_learning,NC3
8671,ENST00000396398,ENSP00000379680.3,unlabeled,False,0,self_learning,NC3
8672,ENST00000396403,0,unlabeled,False,0,self_learning,NC3
8673,ENST00000396408,0,unlabeled,False,0,self_learning,NC3
8674,ENST00000396418,ENSP00000379696.2,unlabeled,False,0,self_learning,NC3
8675,ENST00000396426,ENSP00000379704.3,unlabeled,False,0,self_learning,NC3
8676,ENST00000396432,ENSP00000379709.2,unlabeled,False,0,self_learning,NC3
8677,ENST00000396444,ENSP00000379721.3,unlabeled,False,0,self_learning,NC3
8678,ENST00000396478,0,unlabeled,False,0,self_learning,NC3
8679,ENST00000396505,ENSP00000379762.2,unlabeled,False,0,self_learning,NC3
8680,ENST00000396516,ENSP00000379773.2,test,True,0,self_learning,NC3
8681,ENST00000396554,ENSP00000379802.3,unlabeled,False,0,self_learning,NC3
8682,ENST00000396560,ENSP00000379808.2,unlabeled,False,0,self_learning,NC3
8683,ENST00000396578,ENSP00000379823.3,unlabeled,False,0,self_learning,NC3
8684,ENST00000396591,ENSP00000379836.3,test,True,0,self_learning,NC3
8685,ENST00000396593,ENSP00000379838.2,unlabeled,False,0,self_learning,NC3
8686,ENST00000396596,ENSP00000379842.1,unlabeled,False,0,self_learning,NC3
8687,ENST00000396600,ENSP00000379845.2,unlabeled,False,0,self_learning,NC3
8688,ENST00000396602,ENSP00000379847.2,train,True,0,self_learning,NC3
8689,ENST00000396625,ENSP00000379866.3,train,True,0,self_learning,NC3
8690,ENST00000396634,0,unlabeled,False,0,self_learning,NC3
8691,ENST00000396651,ENSP00000379888.3,val,True,0,self_learning,NC3
8692,ENST00000396654,ENSP00000379891.2,unlabeled,False,0,self_learning,NC3
8693,ENST00000396659,ENSP00000379895.3,unlabeled,False,0,self_learning,NC3
8694,ENST00000396663,ENSP00000379898.1,unlabeled,False,0,self_learning,NC3
8695,ENST00000396667,ENSP00000379901.2,unlabeled,False,0,self_learning,NC3
8696,ENST00000396679,ENSP00000379911.1,train,True,0,self_learning,NC3
8697,ENST00000396684,ENSP00000379915.2,unlabeled,False,0,self_learning,NC3
8698,ENST00000396703,ENSP00000379931.1,train,True,0,self_learning,NC3
8699,ENST00000396705,ENSP00000379933.4,unlabeled,False,0,self_learning,NC3
8700,ENST00000396706,ENSP00000379934.2,unlabeled,False,0,self_learning,NC3
8701,ENST00000396720,ENSP00000379946.2,unlabeled,False,0,self_learning,NC3
8702,ENST00000396738,ENSP00000379964.2,unlabeled,False,0,self_learning,NC3
8703,ENST00000396751,ENSP00000379975.2,unlabeled,False,0,self_learning,NC3
8704,ENST00000396801,ENSP00000380019.3,unlabeled,False,0,self_learning,NC3
8705,ENST00000396811,ENSP00000380026.2,unlabeled,False,0,self_learning,NC3
8706,ENST00000396825,ENSP00000380037.3,train,True,0,self_learning,NC3
8707,ENST00000396832,ENSP00000380044.1,unlabeled,False,0,self_learning,NC3
8708,ENST00000396842,ENSP00000380054.2,train,True,0,self_learning,NC3
8709,ENST00000396852,ENSP00000380061.4,unlabeled,False,0,self_learning,NC3
8710,ENST00000396857,ENSP00000380066.1,unlabeled,False,0,self_learning,NC3
8711,ENST00000396861,ENSP00000380070.1,unlabeled,False,0,self_learning,NC3
8712,ENST00000396862,0,unlabeled,False,0,self_learning,NC3
8713,ENST00000396865,ENSP00000380074.2,train,True,0,self_learning,NC3
8714,ENST00000396878,0,unlabeled,False,0,self_learning,NC3
8715,ENST00000396879,ENSP00000380088.3,unlabeled,False,0,self_learning,NC3
8716,ENST00000396901,ENSP00000380109.1,unlabeled,False,0,self_learning,NC3
8717,ENST00000396912,ENSP00000380120.1,unlabeled,False,0,self_learning,NC3
8718,ENST00000396954,ENSP00000380157.3,train,True,0,self_learning,NC3
8719,ENST00000396958,ENSP00000380159.3,unlabeled,False,0,self_learning,NC3
8720,ENST00000396965,ENSP00000380165.1,train,True,0,self_learning,NC3
8721,ENST00000396976,ENSP00000380174.2,unlabeled,False,0,self_learning,NC3
8722,ENST00000396987,ENSP00000380184.3,val,True,0,self_learning,NC3
8723,ENST00000397033,ENSP00000380227.2,train,True,0,self_learning,NC3
8724,ENST00000397041,ENSP00000380234.3,unlabeled,False,0,self_learning,NC3
8725,ENST00000397049,ENSP00000380242.2,unlabeled,False,0,self_learning,NC3
8726,ENST00000397062,ENSP00000380252.3,unlabeled,False,0,self_learning,NC3
8727,ENST00000397066,ENSP00000380256.4,unlabeled,False,0,self_learning,NC3
8728,ENST00000397081,ENSP00000380271.3,unlabeled,False,0,self_learning,NC3
8729,ENST00000397092,ENSP00000380281.1,unlabeled,False,0,self_learning,NC3
8730,ENST00000397095,ENSP00000380283.1,unlabeled,False,0,self_learning,NC3
8731,ENST00000397098,ENSP00000380286.3,unlabeled,False,0,self_learning,NC3
8732,ENST00000397111,ENSP00000380300.5,unlabeled,False,0,self_learning,NC3
8733,ENST00000397133,ENSP00000380322.1,train,True,0,self_learning,NC3
8734,ENST00000397146,0,unlabeled,False,0,self_learning,NC3
8735,ENST00000397149,ENSP00000380336.3,val,True,0,self_learning,NC3
8736,ENST00000397154,ENSP00000380340.3,unlabeled,False,0,self_learning,NC3
8737,ENST00000397163,ENSP00000380349.3,unlabeled,False,0,self_learning,NC3
8738,ENST00000397166,ENSP00000380352.2,test,True,0,self_learning,NC3
8739,ENST00000397183,ENSP00000380367.2,unlabeled,False,0,self_learning,NC3
8740,ENST00000397195,ENSP00000380378.4,unlabeled,False,0,self_learning,NC3
8741,ENST00000397196,ENSP00000380379.2,unlabeled,False,0,self_learning,NC3
8742,ENST00000397225,ENSP00000380402.2,unlabeled,False,0,self_learning,NC3
8743,ENST00000397238,ENSP00000380413.2,train,True,0,self_learning,NC3
8744,ENST00000397256,0,unlabeled,False,0,self_learning,NC3
8745,ENST00000397281,ENSP00000380451.2,unlabeled,False,0,self_learning,NC3
8746,ENST00000397292,ENSP00000380460.3,val,True,0,self_learning,NC3
8747,ENST00000397299,ENSP00000380467.4,unlabeled,False,0,self_learning,NC3
8748,ENST00000397312,ENSP00000380479.2,unlabeled,False,0,self_learning,NC3
8749,ENST00000397356,ENSP00000380514.3,train,True,0,self_learning,NC3
8750,ENST00000397358,ENSP00000380516.3,unlabeled,False,0,self_learning,NC3
8751,ENST00000397375,ENSP00000380531.3,unlabeled,False,0,self_learning,NC3
8752,ENST00000397404,ENSP00000380553.1,unlabeled,False,0,self_learning,NC3
8753,ENST00000397410,ENSP00000380557.3,train,True,0,self_learning,NC3
8754,ENST00000397412,ENSP00000380559.2,unlabeled,False,0,self_learning,NC3
8755,ENST00000397420,ENSP00000380565.3,unlabeled,False,0,self_learning,NC3
8756,ENST00000397457,ENSP00000380598.2,train,True,0,self_learning,NC3
8757,ENST00000397463,ENSP00000380605.2,unlabeled,False,0,self_learning,NC3
8758,ENST00000397496,ENSP00000380633.3,unlabeled,False,0,self_learning,NC3
8759,ENST00000397501,ENSP00000380638.1,unlabeled,False,0,self_learning,NC3
8760,ENST00000397525,ENSP00000380659.1,unlabeled,False,0,self_learning,NC3
8761,ENST00000397527,ENSP00000380661.1,unlabeled,False,0,self_learning,NC3
8762,ENST00000397545,ENSP00000380679.4,unlabeled,False,0,self_learning,NC3
8763,ENST00000397558,0,unlabeled,False,0,self_learning,NC3
8764,ENST00000397560,ENSP00000380692.2,unlabeled,False,0,self_learning,NC3
8765,ENST00000397572,ENSP00000380702.2,unlabeled,False,0,self_learning,NC3
8766,ENST00000397581,0,unlabeled,False,0,self_learning,NC3
8767,ENST00000397583,ENSP00000380713.3,unlabeled,False,0,self_learning,NC3
8768,ENST00000397588,ENSP00000380718.3,unlabeled,False,0,self_learning,NC3
8769,ENST00000397609,ENSP00000380734.2,val,True,0,self_learning,NC3
8770,ENST00000397621,ENSP00000380746.1,unlabeled,False,0,self_learning,NC3
8771,ENST00000397622,ENSP00000380747.2,test,True,0,self_learning,NC3
8772,ENST00000397637,ENSP00000380759.1,unlabeled,False,0,self_learning,NC3
8773,ENST00000397640,ENSP00000380762.1,unlabeled,False,0,self_learning,NC3
8774,ENST00000397641,ENSP00000380763.2,train,True,0,self_learning,NC3
8775,ENST00000397659,ENSP00000380779.4,unlabeled,False,0,self_learning,NC3
8776,ENST00000397676,ENSP00000380793.3,test,True,0,self_learning,NC3
8777,ENST00000397677,ENSP00000380794.1,unlabeled,False,0,self_learning,NC3
8778,ENST00000397714,ENSP00000380826.2,unlabeled,False,0,self_learning,NC3
8779,ENST00000397728,ENSP00000380837.2,unlabeled,False,0,self_learning,NC3
8780,ENST00000397732,0,unlabeled,False,0,self_learning,NC3
8781,ENST00000397762,ENSP00000380869.1,train,True,0,self_learning,NC3
8782,ENST00000397764,0,unlabeled,False,0,self_learning,NC3
8783,ENST00000397766,ENSP00000380872.2,unlabeled,False,0,self_learning,NC3
8784,ENST00000397771,ENSP00000380877.2,train,True,0,self_learning,NC3
8785,ENST00000397778,ENSP00000380880.2,unlabeled,False,0,self_learning,NC3
8786,ENST00000397786,ENSP00000380888.2,train,True,0,self_learning,NC3
8787,ENST00000397801,ENSP00000380903.1,unlabeled,False,0,self_learning,NC3
8788,ENST00000397802,ENSP00000380904.3,train,True,0,self_learning,NC3
8789,ENST00000397809,ENSP00000380911.4,train,True,0,self_learning,NC3
8790,ENST00000397820,0,unlabeled,False,0,self_learning,NC3
8791,ENST00000397821,ENSP00000380921.3,unlabeled,False,0,self_learning,NC3
8792,ENST00000397826,ENSP00000380926.3,unlabeled,False,0,self_learning,NC3
8793,ENST00000397843,ENSP00000380942.2,unlabeled,False,0,self_learning,NC3
8794,ENST00000397861,ENSP00000380959.2,unlabeled,False,0,self_learning,NC3
8795,ENST00000397885,ENSP00000380982.2,train,True,0,self_learning,NC3
8796,ENST00000397899,ENSP00000380996.2,unlabeled,False,0,self_learning,NC3
8797,ENST00000397901,ENSP00000380998.3,unlabeled,False,0,self_learning,NC3
8798,ENST00000397910,ENSP00000381008.2,unlabeled,False,0,self_learning,NC3
8799,ENST00000397940,ENSP00000381032.1,unlabeled,False,0,self_learning,NC3
8800,ENST00000397942,ENSP00000381034.3,unlabeled,False,0,self_learning,NC3
8801,ENST00000397944,ENSP00000381036.3,unlabeled,False,0,self_learning,NC3
8802,ENST00000397968,ENSP00000381058.2,unlabeled,False,0,self_learning,NC3
8803,ENST00000397977,ENSP00000381064.3,train,True,0,self_learning,NC3
8804,ENST00000398004,ENSP00000381089.2,test,True,0,self_learning,NC3
8805,ENST00000398015,ENSP00000381097.3,unlabeled,False,0,self_learning,NC3
8806,ENST00000398016,ENSP00000381098.3,unlabeled,False,0,self_learning,NC3
8807,ENST00000398022,ENSP00000381104.2,train,True,0,self_learning,NC3
8808,ENST00000398027,ENSP00000381109.2,unlabeled,False,0,self_learning,NC3
8809,ENST00000398052,ENSP00000381129.4,unlabeled,False,0,self_learning,NC3
8810,ENST00000398055,ENSP00000381132.4,unlabeled,False,0,self_learning,NC3
8811,ENST00000398073,ENSP00000381148.2,unlabeled,False,0,self_learning,NC3
8812,ENST00000398075,ENSP00000381150.2,unlabeled,False,0,self_learning,NC3
8813,ENST00000398092,ENSP00000438507.1,unlabeled,False,0,self_learning,NC3
8814,ENST00000398117,ENSP00000381185.1,unlabeled,False,0,self_learning,NC3
8815,ENST00000398130,ENSP00000381198.2,unlabeled,False,0,self_learning,NC3
8816,ENST00000398136,ENSP00000381204.2,unlabeled,False,0,self_learning,NC3
8817,ENST00000398148,ENSP00000381216.2,train,True,0,self_learning,NC3
8818,ENST00000398153,ENSP00000381220.1,val,True,0,self_learning,NC3
8819,ENST00000398208,ENSP00000381266.2,train,True,0,self_learning,NC3
8820,ENST00000398209,ENSP00000381267.3,unlabeled,False,0,self_learning,NC3
8821,ENST00000398226,ENSP00000381282.3,unlabeled,False,0,self_learning,NC3
8822,ENST00000398316,ENSP00000381362.3,unlabeled,False,0,self_learning,NC3
8823,ENST00000398319,ENSP00000381364.2,unlabeled,False,0,self_learning,NC3
8824,ENST00000398322,0,unlabeled,False,0,self_learning,NC3
8825,ENST00000398333,0,unlabeled,False,0,self_learning,NC3
8826,ENST00000398392,ENSP00000381429.2,train,True,0,self_learning,NC3
8827,ENST00000398399,ENSP00000381436.2,unlabeled,False,0,self_learning,NC3
8828,ENST00000398411,ENSP00000381448.1,unlabeled,False,0,self_learning,NC3
8829,ENST00000398473,ENSP00000381490.2,unlabeled,False,0,self_learning,NC3
8830,ENST00000398484,ENSP00000381498.2,unlabeled,False,0,self_learning,NC3
8831,ENST00000398485,ENSP00000381499.2,unlabeled,False,0,self_learning,NC3
8832,ENST00000398514,ENSP00000381526.3,unlabeled,False,0,self_learning,NC3
8833,ENST00000398532,ENSP00000381543.3,train,True,0,self_learning,NC3
8834,ENST00000398540,ENSP00000381549.3,unlabeled,False,0,self_learning,NC3
8835,ENST00000398545,ENSP00000381553.3,unlabeled,False,0,self_learning,NC3
8836,ENST00000398559,ENSP00000381567.2,unlabeled,False,0,self_learning,NC3
8837,ENST00000398568,ENSP00000381574.2,unlabeled,False,0,self_learning,NC3
8838,ENST00000398571,ENSP00000381577.2,train,True,0,self_learning,NC3
8839,ENST00000398576,ENSP00000381581.1,unlabeled,False,0,self_learning,NC3
8840,ENST00000398587,0,unlabeled,False,0,self_learning,NC3
8841,ENST00000398594,ENSP00000381594.3,unlabeled,False,0,self_learning,NC3
8842,ENST00000398606,ENSP00000381607.3,train,True,0,self_learning,NC3
8843,ENST00000398612,0,unlabeled,False,0,self_learning,NC3
8844,ENST00000398637,ENSP00000381634.4,unlabeled,False,0,self_learning,NC3
8845,ENST00000398665,ENSP00000381657.3,unlabeled,False,0,self_learning,NC3
8846,ENST00000398675,ENSP00000381666.3,train,True,0,self_learning,NC3
8847,ENST00000398706,ENSP00000381693.2,train,True,0,self_learning,NC3
8848,ENST00000398712,ENSP00000381698.2,train,True,0,self_learning,NC3
8849,ENST00000398733,ENSP00000381717.3,unlabeled,False,0,self_learning,NC3
8850,ENST00000398752,ENSP00000381736.5,train,True,0,self_learning,NC3
8851,ENST00000398793,ENSP00000381773.2,unlabeled,False,0,self_learning,NC3
8852,ENST00000398805,ENSP00000381785.3,train,True,0,self_learning,NC3
8853,ENST00000398838,ENSP00000381818.4,unlabeled,False,0,self_learning,NC3
8854,ENST00000398844,ENSP00000381823.2,train,True,0,self_learning,NC3
8855,ENST00000398864,ENSP00000381840.3,train,True,0,self_learning,NC3
8856,ENST00000398868,ENSP00000381844.3,test,True,0,self_learning,NC3
8857,ENST00000398884,ENSP00000381859.3,val,True,0,self_learning,NC3
8858,ENST00000398888,ENSP00000381863.2,unlabeled,False,0,self_learning,NC3
8859,ENST00000398955,ENSP00000381928.1,train,True,0,self_learning,NC3
8860,ENST00000399004,ENSP00000381970.2,unlabeled,False,0,self_learning,NC3
8861,ENST00000399006,ENSP00000381971.2,unlabeled,False,0,self_learning,NC3
8862,ENST00000399017,ENSP00000381981.2,unlabeled,False,0,self_learning,NC3
8863,ENST00000399022,ENSP00000381984.3,unlabeled,False,0,self_learning,NC3
8864,ENST00000399050,ENSP00000382004.5,train,True,0,self_learning,NC3
8865,ENST00000399061,ENSP00000382015.2,train,True,0,self_learning,NC3
8866,ENST00000399069,ENSP00000382021.3,train,True,0,self_learning,NC3
8867,ENST00000399084,0,unlabeled,False,0,self_learning,NC3
8868,ENST00000399100,ENSP00000382051.2,unlabeled,False,0,self_learning,NC3
8869,ENST00000399120,ENSP00000382071.1,unlabeled,False,0,self_learning,NC3
8870,ENST00000399138,ENSP00000382091.4,train,True,0,self_learning,NC3
8871,ENST00000399151,ENSP00000382104.3,unlabeled,False,0,self_learning,NC3
8872,ENST00000399167,ENSP00000382120.2,unlabeled,False,0,self_learning,NC3
8873,ENST00000399187,ENSP00000382140.1,unlabeled,False,0,self_learning,NC3
8874,ENST00000399215,ENSP00000382163.1,unlabeled,False,0,self_learning,NC3
8875,ENST00000399218,ENSP00000382165.3,unlabeled,False,0,self_learning,NC3
8876,ENST00000399232,0,unlabeled,False,0,self_learning,NC3
8877,ENST00000399262,ENSP00000382204.2,unlabeled,False,0,self_learning,NC3
8878,ENST00000399277,ENSP00000382218.1,unlabeled,False,0,self_learning,NC3
8879,ENST00000399302,0,unlabeled,False,0,self_learning,NC3
8880,ENST00000399312,ENSP00000382250.2,train,True,0,self_learning,NC3
8881,ENST00000399332,ENSP00000382269.1,train,True,0,self_learning,NC3
8882,ENST00000399334,ENSP00000382271.3,unlabeled,False,0,self_learning,NC3
8883,ENST00000399410,ENSP00000382342.3,unlabeled,False,0,self_learning,NC3
8884,ENST00000399448,ENSP00000382376.1,unlabeled,False,0,self_learning,NC3
8885,ENST00000399451,ENSP00000382379.2,unlabeled,False,0,self_learning,NC3
8886,ENST00000399503,ENSP00000382423.3,unlabeled,False,0,self_learning,NC3
8887,ENST00000399583,ENSP00000382492.3,unlabeled,False,0,self_learning,NC3
8888,ENST00000399598,ENSP00000382507.2,train,True,0,self_learning,NC3
8889,ENST00000399672,ENSP00000382580.1,unlabeled,False,0,self_learning,NC3
8890,ENST00000399703,ENSP00000382610.4,unlabeled,False,0,self_learning,NC3
8891,ENST00000399722,ENSP00000382628.2,unlabeled,False,0,self_learning,NC3
8892,ENST00000399728,ENSP00000382633.1,train,True,0,self_learning,NC3
8893,ENST00000399744,ENSP00000382648.4,unlabeled,False,0,self_learning,NC3
8894,ENST00000399775,ENSP00000382675.2,unlabeled,False,0,self_learning,NC3
8895,ENST00000399788,ENSP00000382688.2,train,True,0,self_learning,NC3
8896,ENST00000399793,ENSP00000382691.2,unlabeled,False,0,self_learning,NC3
8897,ENST00000399794,ENSP00000446099.1,train,True,0,self_learning,NC3
8898,ENST00000399799,ENSP00000382697.1,train,True,0,self_learning,NC3
8899,ENST00000399808,ENSP00000382707.4,unlabeled,False,0,self_learning,NC3
8900,ENST00000399810,0,unlabeled,False,0,self_learning,NC3
8901,ENST00000399816,ENSP00000382713.3,unlabeled,False,0,self_learning,NC3
8902,ENST00000399820,ENSP00000382717.3,train,True,0,self_learning,NC3
8903,ENST00000399878,ENSP00000382767.3,unlabeled,False,0,self_learning,NC3
8904,ENST00000399892,ENSP00000382779.1,test,True,0,self_learning,NC3
8905,ENST00000399921,ENSP00000382805.1,unlabeled,False,0,self_learning,NC3
8906,ENST00000399932,0,unlabeled,False,0,self_learning,NC3
8907,ENST00000399933,ENSP00000382815.3,unlabeled,False,0,self_learning,NC3
8908,ENST00000400068,ENSP00000382941.4,unlabeled,False,0,self_learning,NC3
8909,ENST00000400093,ENSP00000382965.3,unlabeled,False,0,self_learning,NC3
8910,ENST00000400137,ENSP00000383003.4,unlabeled,False,0,self_learning,NC3
8911,ENST00000400198,ENSP00000383059.3,train,True,0,self_learning,NC3
8912,ENST00000400206,0,unlabeled,False,0,self_learning,NC3
8913,ENST00000400237,ENSP00000383096.1,unlabeled,False,0,self_learning,NC3
8914,ENST00000400256,ENSP00000383115.3,test,True,0,self_learning,NC3
8915,ENST00000400288,ENSP00000383145.2,unlabeled,False,0,self_learning,NC3
8916,ENST00000400314,ENSP00000383168.1,unlabeled,False,0,self_learning,NC3
8917,ENST00000400324,ENSP00000383178.3,train,True,0,self_learning,NC3
8918,ENST00000400345,ENSP00000383199.2,train,True,0,self_learning,NC3
8919,ENST00000400359,ENSP00000383212.4,unlabeled,False,0,self_learning,NC3
8920,ENST00000400382,ENSP00000383232.1,unlabeled,False,0,self_learning,NC3
8921,ENST00000400384,ENSP00000383234.1,unlabeled,False,0,self_learning,NC3
8922,ENST00000400451,ENSP00000383301.2,unlabeled,False,0,self_learning,NC3
8923,ENST00000400485,ENSP00000383333.1,train,True,0,self_learning,NC3
8924,ENST00000400521,ENSP00000383365.1,train,True,0,self_learning,NC3
8925,ENST00000400546,ENSP00000383392.1,unlabeled,False,0,self_learning,NC3
8926,ENST00000400577,ENSP00000383421.3,unlabeled,False,0,self_learning,NC3
8927,ENST00000400606,ENSP00000383449.2,unlabeled,False,0,self_learning,NC3
8928,ENST00000400788,ENSP00000383594.3,train,True,0,self_learning,NC3
8929,ENST00000400809,ENSP00000383611.3,train,True,0,self_learning,NC3
8930,ENST00000400900,0,unlabeled,False,0,self_learning,NC3
8931,ENST00000401026,0,unlabeled,False,0,self_learning,NC3
8932,ENST00000401061,ENSP00000383840.4,train,True,0,self_learning,NC3
8933,ENST00000401073,0,unlabeled,False,0,self_learning,NC3
8934,ENST00000401088,ENSP00000383866.4,train,True,0,self_learning,NC3
8935,ENST00000401408,ENSP00000384869.1,unlabeled,False,0,self_learning,NC3
8936,ENST00000401507,ENSP00000385622.3,unlabeled,False,0,self_learning,NC3
8937,ENST00000401525,ENSP00000384945.3,unlabeled,False,0,self_learning,NC3
8938,ENST00000401528,ENSP00000385300.1,unlabeled,False,0,self_learning,NC3
8939,ENST00000401533,ENSP00000384593.1,unlabeled,False,0,self_learning,NC3
8940,ENST00000401548,ENSP00000384115.3,unlabeled,False,0,self_learning,NC3
8941,ENST00000401558,ENSP00000384863.2,unlabeled,False,0,self_learning,NC3
8942,ENST00000401604,ENSP00000384200.4,train,True,0,self_learning,NC3
8943,ENST00000401642,0,unlabeled,False,0,self_learning,NC3
8944,ENST00000401695,ENSP00000385958.3,val,True,0,self_learning,NC3
8945,ENST00000401707,ENSP00000385787.2,test,True,0,self_learning,NC3
8946,ENST00000401752,ENSP00000385235.1,unlabeled,False,0,self_learning,NC3
8947,ENST00000401850,ENSP00000384794.1,unlabeled,False,0,self_learning,NC3
8948,ENST00000401867,ENSP00000384999.1,unlabeled,False,0,self_learning,NC3
8949,ENST00000401878,0,unlabeled,False,0,self_learning,NC3
8950,ENST00000401949,ENSP00000385770.1,unlabeled,False,0,self_learning,NC3
8951,ENST00000401950,ENSP00000384651.3,train,True,0,self_learning,NC3
8952,ENST00000401959,ENSP00000383949.1,unlabeled,False,0,self_learning,NC3
8953,ENST00000402038,ENSP00000384408.3,unlabeled,False,0,self_learning,NC3
8954,ENST00000402050,0,unlabeled,False,0,self_learning,NC3
8955,ENST00000402142,ENSP00000385019.3,unlabeled,False,0,self_learning,NC3
8956,ENST00000402198,ENSP00000385852.2,unlabeled,False,0,self_learning,NC3
8957,ENST00000402291,ENSP00000385579.1,unlabeled,False,0,self_learning,NC3
8958,ENST00000402297,0,unlabeled,False,0,self_learning,NC3
8959,ENST00000402394,ENSP00000385452.1,unlabeled,False,0,self_learning,NC3
8960,ENST00000402395,ENSP00000384564.1,train,True,0,self_learning,NC3
8961,ENST00000402418,ENSP00000385312.3,unlabeled,False,0,self_learning,NC3
8962,ENST00000402508,ENSP00000385398.1,unlabeled,False,0,self_learning,NC3
8963,ENST00000402673,ENSP00000385432.2,unlabeled,False,0,self_learning,NC3
8964,ENST00000402676,ENSP00000384537.2,val,True,0,self_learning,NC3
8965,ENST00000402738,ENSP00000385684.1,unlabeled,False,0,self_learning,NC3
8966,ENST00000402744,ENSP00000386104.4,train,True,0,self_learning,NC3
8967,ENST00000402774,ENSP00000385990.3,unlabeled,False,0,self_learning,NC3
8968,ENST00000402825,0,unlabeled,False,0,self_learning,NC3
8969,ENST00000402868,ENSP00000384629.3,train,True,0,self_learning,NC3
8970,ENST00000402918,ENSP00000385277.1,unlabeled,False,0,self_learning,NC3
8971,ENST00000402924,ENSP00000385757.1,unlabeled,False,0,self_learning,NC3
8972,ENST00000403058,ENSP00000384004.1,unlabeled,False,0,self_learning,NC3
8973,ENST00000403092,ENSP00000384763.1,unlabeled,False,0,self_learning,NC3
8974,ENST00000403245,0,unlabeled,False,0,self_learning,NC3
8975,ENST00000403299,ENSP00000384570.1,unlabeled,False,0,self_learning,NC3
8976,ENST00000403305,0,unlabeled,False,0,self_learning,NC3
8977,ENST00000403376,0,unlabeled,False,0,self_learning,NC3
8978,ENST00000403437,ENSP00000384330.2,unlabeled,False,0,self_learning,NC3
8979,ENST00000403458,0,unlabeled,False,0,self_learning,NC3
8980,ENST00000403550,ENSP00000385561.1,unlabeled,False,0,self_learning,NC3
8981,ENST00000403610,ENSP00000384604.3,unlabeled,False,0,self_learning,NC3
8982,ENST00000403627,0,unlabeled,False,0,self_learning,NC3
8983,ENST00000403633,ENSP00000386023.2,unlabeled,False,0,self_learning,NC3
8984,ENST00000403660,0,unlabeled,False,0,self_learning,NC3
8985,ENST00000403666,ENSP00000384313.1,unlabeled,False,0,self_learning,NC3
8986,ENST00000403707,ENSP00000385807.3,unlabeled,False,0,self_learning,NC3
8987,ENST00000403714,ENSP00000384081.3,unlabeled,False,0,self_learning,NC3
8988,ENST00000403729,ENSP00000385575.2,unlabeled,False,0,self_learning,NC3
8989,ENST00000403733,ENSP00000384222.3,unlabeled,False,0,self_learning,NC3
8990,ENST00000403751,ENSP00000384597.3,unlabeled,False,0,self_learning,NC3
8991,ENST00000403766,ENSP00000383911.3,train,True,0,self_learning,NC3
8992,ENST00000403825,ENSP00000384477.3,unlabeled,False,0,self_learning,NC3
8993,ENST00000403892,ENSP00000385828.3,unlabeled,False,0,self_learning,NC3
8994,ENST00000403903,ENSP00000384434.3,unlabeled,False,0,self_learning,NC3
8995,ENST00000403915,ENSP00000385968.1,unlabeled,False,0,self_learning,NC3
8996,ENST00000403994,0,unlabeled,False,0,self_learning,NC3
8997,ENST00000404072,ENSP00000385205.3,train,True,0,self_learning,NC3
8998,ENST00000404125,ENSP00000384211.1,train,True,0,self_learning,NC3
8999,ENST00000404138,ENSP00000384527.1,unlabeled,False,0,self_learning,NC3
9000,ENST00000404141,ENSP00000384048.1,train,True,0,self_learning,NC3
9001,ENST00000404249,0,unlabeled,False,0,self_learning,NC3
9002,ENST00000404366,ENSP00000384296.2,train,True,0,self_learning,NC3
9003,ENST00000404390,ENSP00000384534.3,unlabeled,False,0,self_learning,NC3
9004,ENST00000404537,ENSP00000385636.1,train,True,0,self_learning,NC3
9005,ENST00000404568,ENSP00000384621.3,unlabeled,False,0,self_learning,NC3
9006,ENST00000404743,ENSP00000383901.3,unlabeled,False,0,self_learning,NC3
9007,ENST00000404767,ENSP00000385722.3,train,True,0,self_learning,NC3
9008,ENST00000404795,ENSP00000383909.3,unlabeled,False,0,self_learning,NC3
9009,ENST00000404801,0,unlabeled,False,0,self_learning,NC3
9010,ENST00000404826,ENSP00000385899.2,unlabeled,False,0,self_learning,NC3
9011,ENST00000404914,ENSP00000384259.3,train,True,0,self_learning,NC3
9012,ENST00000404922,ENSP00000384169.3,unlabeled,False,0,self_learning,NC3
9013,ENST00000404933,ENSP00000385746.2,val,True,0,self_learning,NC3
9014,ENST00000404991,ENSP00000384700.2,unlabeled,False,0,self_learning,NC3
9015,ENST00000405006,ENSP00000385995.4,unlabeled,False,0,self_learning,NC3
9016,ENST00000405141,ENSP00000385097.1,unlabeled,False,0,self_learning,NC3
9017,ENST00000405148,0,unlabeled,False,0,self_learning,NC3
9018,ENST00000405154,ENSP00000384491.1,unlabeled,False,0,self_learning,NC3
9019,ENST00000405204,ENSP00000384867.2,unlabeled,False,0,self_learning,NC3
9020,ENST00000405260,ENSP00000384016.1,unlabeled,False,0,self_learning,NC3
9021,ENST00000405303,ENSP00000385347.2,train,True,0,self_learning,NC3
9022,ENST00000405308,ENSP00000385451.2,unlabeled,False,0,self_learning,NC3
9023,ENST00000405315,ENSP00000385923.3,unlabeled,False,0,self_learning,NC3
9024,ENST00000405335,ENSP00000385285.1,unlabeled,False,0,self_learning,NC3
9025,ENST00000405375,ENSP00000384849.1,unlabeled,False,0,self_learning,NC3
9026,ENST00000405413,ENSP00000384262.2,unlabeled,False,0,self_learning,NC3
9027,ENST00000405415,0,unlabeled,False,0,self_learning,NC3
9028,ENST00000405430,ENSP00000384269.1,unlabeled,False,0,self_learning,NC3
9029,ENST00000405460,ENSP00000384582.2,unlabeled,False,0,self_learning,NC3
9030,ENST00000405493,ENSP00000384521.2,unlabeled,False,0,self_learning,NC3
9031,ENST00000405510,ENSP00000385740.1,unlabeled,False,0,self_learning,NC3
9032,ENST00000405598,ENSP00000386087.1,unlabeled,False,0,self_learning,NC3
9033,ENST00000405623,ENSP00000384092.1,unlabeled,False,0,self_learning,NC3
9034,ENST00000405640,ENSP00000384924.1,unlabeled,False,0,self_learning,NC3
9035,ENST00000405659,ENSP00000385357.1,unlabeled,False,0,self_learning,NC3
9036,ENST00000405666,ENSP00000384851.1,unlabeled,False,0,self_learning,NC3
9037,ENST00000405709,ENSP00000384966.2,unlabeled,False,0,self_learning,NC3
9038,ENST00000405727,ENSP00000384189.2,train,True,0,self_learning,NC3
9039,ENST00000405858,0,unlabeled,False,0,self_learning,NC3
9040,ENST00000405894,ENSP00000385893.3,unlabeled,False,0,self_learning,NC3
9041,ENST00000405954,ENSP00000385885.2,unlabeled,False,0,self_learning,NC3
9042,ENST00000406189,ENSP00000385610.3,train,True,0,self_learning,NC3
9043,ENST00000406226,ENSP00000384615.1,unlabeled,False,0,self_learning,NC3
9044,ENST00000406246,ENSP00000384273.3,train,True,0,self_learning,NC3
9045,ENST00000406256,ENSP00000384363.3,unlabeled,False,0,self_learning,NC3
9046,ENST00000406323,ENSP00000384553.3,unlabeled,False,0,self_learning,NC3
9047,ENST00000406361,0,unlabeled,False,0,self_learning,NC3
9048,ENST00000406384,ENSP00000386004.1,unlabeled,False,0,self_learning,NC3
9049,ENST00000406397,ENSP00000384719.1,unlabeled,False,0,self_learning,NC3
9050,ENST00000406432,ENSP00000384830.1,unlabeled,False,0,self_learning,NC3
9051,ENST00000406452,ENSP00000385927.3,test,True,0,self_learning,NC3
9052,ENST00000406462,ENSP00000385510.1,unlabeled,False,0,self_learning,NC3
9053,ENST00000406470,ENSP00000385651.2,unlabeled,False,0,self_learning,NC3
9054,ENST00000406581,ENSP00000386105.2,unlabeled,False,0,self_learning,NC3
9055,ENST00000406606,ENSP00000385362.3,unlabeled,False,0,self_learning,NC3
9056,ENST00000406610,ENSP00000385848.2,unlabeled,False,0,self_learning,NC3
9057,ENST00000406797,ENSP00000385749.1,unlabeled,False,0,self_learning,NC3
9058,ENST00000406869,ENSP00000385334.1,unlabeled,False,0,self_learning,NC3
9059,ENST00000406870,ENSP00000384371.2,unlabeled,False,0,self_learning,NC3
9060,ENST00000406875,ENSP00000385571.3,unlabeled,False,0,self_learning,NC3
9061,ENST00000406877,ENSP00000383986.3,train,True,0,self_learning,NC3
9062,ENST00000406902,ENSP00000385689.1,unlabeled,False,0,self_learning,NC3
9063,ENST00000406925,ENSP00000384474.2,unlabeled,False,0,self_learning,NC3
9064,ENST00000406938,ENSP00000384400.3,unlabeled,False,0,self_learning,NC3
9065,ENST00000407008,ENSP00000384625.3,unlabeled,False,0,self_learning,NC3
9066,ENST00000407010,ENSP00000385478.2,unlabeled,False,0,self_learning,NC3
9067,ENST00000407106,ENSP00000385080.1,unlabeled,False,0,self_learning,NC3
9068,ENST00000407149,0,unlabeled,False,0,self_learning,NC3
9069,ENST00000407184,0,unlabeled,False,0,self_learning,NC3
9070,ENST00000407249,ENSP00000464036.2,unlabeled,False,0,self_learning,NC3
9071,ENST00000407280,ENSP00000384886.1,train,True,0,self_learning,NC3
9072,ENST00000407315,ENSP00000385006.1,train,True,0,self_learning,NC3
9073,ENST00000407319,ENSP00000383913.2,unlabeled,False,0,self_learning,NC3
9074,ENST00000407418,ENSP00000384490.3,val,True,0,self_learning,NC3
9075,ENST00000407426,ENSP00000384302.3,val,True,0,self_learning,NC3
9076,ENST00000407471,ENSP00000386076.3,unlabeled,False,0,self_learning,NC3
9077,ENST00000407479,ENSP00000385905.1,unlabeled,False,0,self_learning,NC3
9078,ENST00000407528,ENSP00000384575.2,unlabeled,False,0,self_learning,NC3
9079,ENST00000407540,ENSP00000383894.3,unlabeled,False,0,self_learning,NC3
9080,ENST00000407559,ENSP00000384290.3,train,True,0,self_learning,NC3
9081,ENST00000407573,ENSP00000384364.1,unlabeled,False,0,self_learning,NC3
9082,ENST00000407595,0,unlabeled,False,0,self_learning,NC3
9083,ENST00000407627,ENSP00000385269.1,unlabeled,False,0,self_learning,NC3
9084,ENST00000407689,ENSP00000384183.4,unlabeled,False,0,self_learning,NC3
9085,ENST00000407690,ENSP00000384421.1,unlabeled,False,0,self_learning,NC3
9086,ENST00000407775,ENSP00000384179.2,unlabeled,False,0,self_learning,NC3
9087,ENST00000407847,ENSP00000384725.3,unlabeled,False,0,self_learning,NC3
9088,ENST00000407925,ENSP00000384091.1,unlabeled,False,0,self_learning,NC3
9089,ENST00000407991,ENSP00000385026.1,unlabeled,False,0,self_learning,NC3
9090,ENST00000408888,ENSP00000386226.3,test,True,0,self_learning,NC3
9091,ENST00000408903,ENSP00000386227.3,unlabeled,False,0,self_learning,NC3
9092,ENST00000408923,ENSP00000386229.3,unlabeled,False,0,self_learning,NC3
9093,ENST00000408925,0,unlabeled,False,0,self_learning,NC3
9094,ENST00000408927,ENSP00000386153.4,unlabeled,False,0,self_learning,NC3
9095,ENST00000408931,ENSP00000386170.3,unlabeled,False,0,self_learning,NC3
9096,ENST00000408939,ENSP00000386181.2,unlabeled,False,0,self_learning,NC3
9097,ENST00000408946,ENSP00000386156.2,train,True,0,self_learning,NC3
9098,ENST00000408953,0,unlabeled,False,0,self_learning,NC3
9099,ENST00000408954,ENSP00000386135.3,unlabeled,False,0,self_learning,NC3
9100,ENST00000408965,ENSP00000386165.3,unlabeled,False,0,self_learning,NC3
9101,ENST00000408991,0,unlabeled,False,0,self_learning,NC3
9102,ENST00000409012,ENSP00000387100.4,unlabeled,False,0,self_learning,NC3
9103,ENST00000409014,ENSP00000386915.1,unlabeled,False,0,self_learning,NC3
9104,ENST00000409031,ENSP00000386531.1,unlabeled,False,0,self_learning,NC3
9105,ENST00000409085,ENSP00000386456.3,unlabeled,False,0,self_learning,NC3
9106,ENST00000409086,ENSP00000386766.3,train,True,0,self_learning,NC3
9107,ENST00000409093,ENSP00000386357.1,unlabeled,False,0,self_learning,NC3
9108,ENST00000409105,ENSP00000386651.1,unlabeled,False,0,self_learning,NC3
9109,ENST00000409109,ENSP00000387334.1,unlabeled,False,0,self_learning,NC3
9110,ENST00000409122,ENSP00000386452.1,unlabeled,False,0,self_learning,NC3
9111,ENST00000409134,ENSP00000387123.3,unlabeled,False,0,self_learning,NC3
9112,ENST00000409140,ENSP00000386730.3,unlabeled,False,0,self_learning,NC3
9113,ENST00000409150,ENSP00000386292.3,unlabeled,False,0,self_learning,NC3
9114,ENST00000409155,ENSP00000386284.3,val,True,0,self_learning,NC3
9115,ENST00000409170,ENSP00000386655.4,unlabeled,False,0,self_learning,NC3
9116,ENST00000409175,ENSP00000386830.1,unlabeled,False,0,self_learning,NC3
9117,ENST00000409177,ENSP00000386892.3,train,True,0,self_learning,NC3
9118,ENST00000409186,0,unlabeled,False,0,self_learning,NC3
9119,ENST00000409212,ENSP00000386862.1,train,True,0,self_learning,NC3
9120,ENST00000409235,ENSP00000386962.3,unlabeled,False,0,self_learning,NC3
9121,ENST00000409293,ENSP00000386557.3,unlabeled,False,0,self_learning,NC3
9122,ENST00000409299,ENSP00000386385.3,unlabeled,False,0,self_learning,NC3
9123,ENST00000409333,ENSP00000386636.1,train,True,0,self_learning,NC3
9124,ENST00000409344,ENSP00000386248.3,unlabeled,False,0,self_learning,NC3
9125,ENST00000409379,ENSP00000386239.3,train,True,0,self_learning,NC3
9126,ENST00000409404,ENSP00000387040.2,unlabeled,False,0,self_learning,NC3
9127,ENST00000409406,ENSP00000386894.1,unlabeled,False,0,self_learning,NC3
9128,ENST00000409413,ENSP00000386499.3,unlabeled,False,0,self_learning,NC3
9129,ENST00000409418,ENSP00000386722.4,unlabeled,False,0,self_learning,NC3
9130,ENST00000409466,ENSP00000386302.2,unlabeled,False,0,self_learning,NC3
9131,ENST00000409501,ENSP00000387019.3,unlabeled,False,0,self_learning,NC3
9132,ENST00000409508,ENSP00000475939.1,unlabeled,False,0,self_learning,NC3
9133,ENST00000409535,ENSP00000386520.1,train,True,0,self_learning,NC3
9134,ENST00000409540,ENSP00000387294.3,unlabeled,False,0,self_learning,NC3
9135,ENST00000409544,ENSP00000386433.1,unlabeled,False,0,self_learning,NC3
9136,ENST00000409548,ENSP00000387185.2,unlabeled,False,0,self_learning,NC3
9137,ENST00000409556,ENSP00000386660.1,unlabeled,False,0,self_learning,NC3
9138,ENST00000409573,ENSP00000386488.1,train,True,0,self_learning,NC3
9139,ENST00000409579,ENSP00000386834.1,unlabeled,False,0,self_learning,NC3
9140,ENST00000409580,ENSP00000386289.1,unlabeled,False,0,self_learning,NC3
9141,ENST00000409587,ENSP00000387050.1,unlabeled,False,0,self_learning,NC3
9142,ENST00000409599,ENSP00000387211.1,unlabeled,False,0,self_learning,NC3
9143,ENST00000409618,ENSP00000386710.1,unlabeled,False,0,self_learning,NC3
9144,ENST00000409624,ENSP00000386857.1,unlabeled,False,0,self_learning,NC3
9145,ENST00000409642,0,unlabeled,False,0,self_learning,NC3
9146,ENST00000409663,ENSP00000386574.3,unlabeled,False,0,self_learning,NC3
9147,ENST00000409668,ENSP00000387292.1,unlabeled,False,0,self_learning,NC3
9148,ENST00000409672,ENSP00000386306.1,unlabeled,False,0,self_learning,NC3
9149,ENST00000409678,ENSP00000387310.3,unlabeled,False,0,self_learning,NC3
9150,ENST00000409682,ENSP00000386541.3,val,True,0,self_learning,NC3
9151,ENST00000409687,ENSP00000386348.3,train,True,0,self_learning,NC3
9152,ENST00000409746,ENSP00000387261.4,train,True,0,self_learning,NC3
9153,ENST00000409753,0,unlabeled,False,0,self_learning,NC3
9154,ENST00000409757,ENSP00000386921.4,unlabeled,False,0,self_learning,NC3
9155,ENST00000409784,ENSP00000387286.3,unlabeled,False,0,self_learning,NC3
9156,ENST00000409785,ENSP00000386738.3,unlabeled,False,0,self_learning,NC3
9157,ENST00000409789,ENSP00000386277.1,unlabeled,False,0,self_learning,NC3
9158,ENST00000409790,ENSP00000387122.1,train,True,0,self_learning,NC3
9159,ENST00000409806,ENSP00000386616.3,unlabeled,False,0,self_learning,NC3
9160,ENST00000409817,ENSP00000386884.1,unlabeled,False,0,self_learning,NC3
9161,ENST00000409850,ENSP00000387164.1,unlabeled,False,0,self_learning,NC3
9162,ENST00000409852,ENSP00000387159.1,unlabeled,False,0,self_learning,NC3
9163,ENST00000409858,ENSP00000386935.3,train,True,0,self_learning,NC3
9164,ENST00000409860,ENSP00000386528.1,unlabeled,False,0,self_learning,NC3
9165,ENST00000409871,ENSP00000386764.1,unlabeled,False,0,self_learning,NC3
9166,ENST00000409883,ENSP00000386264.2,train,True,0,self_learning,NC3
9167,ENST00000409885,0,unlabeled,False,0,self_learning,NC3
9168,ENST00000409900,ENSP00000386741.4,train,True,0,self_learning,NC3
9169,ENST00000409906,ENSP00000386652.5,train,True,0,self_learning,NC3
9170,ENST00000409931,ENSP00000387165.3,unlabeled,False,0,self_learning,NC3
9171,ENST00000409936,ENSP00000386543.1,test,True,0,self_learning,NC3
9172,ENST00000409939,ENSP00000386538.3,val,True,0,self_learning,NC3
9173,ENST00000409947,ENSP00000387246.1,train,True,0,self_learning,NC3
9174,ENST00000409990,ENSP00000387078.3,unlabeled,False,0,self_learning,NC3
9175,ENST00000409993,ENSP00000386597.2,train,True,0,self_learning,NC3
9176,ENST00000410009,ENSP00000386378.3,unlabeled,False,0,self_learning,NC3
9177,ENST00000410016,ENSP00000386498.1,unlabeled,False,0,self_learning,NC3
9178,ENST00000410020,ENSP00000386881.3,unlabeled,False,0,self_learning,NC3
9179,ENST00000410022,ENSP00000387219.3,train,True,0,self_learning,NC3
9180,ENST00000410042,0,unlabeled,False,0,self_learning,NC3
9181,ENST00000410053,ENSP00000387006.3,val,True,0,self_learning,NC3
9182,ENST00000410066,0,unlabeled,False,0,self_learning,NC3
9183,ENST00000410092,ENSP00000387226.3,unlabeled,False,0,self_learning,NC3
9184,ENST00000411486,ENSP00000414109.1,val,True,0,self_learning,NC3
9185,ENST00000411646,0,unlabeled,False,0,self_learning,NC3
9186,ENST00000411948,ENSP00000406327.2,unlabeled,False,0,self_learning,NC3
9187,ENST00000412055,ENSP00000392511.1,unlabeled,False,0,self_learning,NC3
9188,ENST00000412232,ENSP00000406367.2,unlabeled,False,0,self_learning,NC3
9189,ENST00000412278,0,unlabeled,False,0,self_learning,NC3
9190,ENST00000412356,ENSP00000415283.1,unlabeled,False,0,self_learning,NC3
9191,ENST00000412389,ENSP00000394976.1,unlabeled,False,0,self_learning,NC3
9192,ENST00000412391,0,unlabeled,False,0,self_learning,NC3
9193,ENST00000412401,ENSP00000394178.2,unlabeled,False,0,self_learning,NC3
9194,ENST00000412584,ENSP00000400401.2,unlabeled,False,0,self_learning,NC3
9195,ENST00000412585,0,unlabeled,False,0,self_learning,NC3
9196,ENST00000412622,ENSP00000405292.1,unlabeled,False,0,self_learning,NC3
9197,ENST00000412716,ENSP00000394699.2,unlabeled,False,0,self_learning,NC3
9198,ENST00000412723,ENSP00000413405.1,unlabeled,False,0,self_learning,NC3
9199,ENST00000412770,ENSP00000414202.1,train,True,0,self_learning,NC3
9200,ENST00000412830,ENSP00000387365.3,val,True,0,self_learning,NC3
9201,ENST00000413034,ENSP00000395340.2,unlabeled,False,0,self_learning,NC3
9202,ENST00000413052,ENSP00000399797.2,unlabeled,False,0,self_learning,NC3
9203,ENST00000413219,ENSP00000411771.2,unlabeled,False,0,self_learning,NC3
9204,ENST00000413366,ENSP00000408695.3,test,True,0,self_learning,NC3
9205,ENST00000413369,ENSP00000393222.2,train,True,0,self_learning,NC3
9206,ENST00000413473,ENSP00000406144.2,unlabeled,False,0,self_learning,NC3
9207,ENST00000413687,ENSP00000392105.2,unlabeled,False,0,self_learning,NC3
9208,ENST00000413817,ENSP00000391524.2,unlabeled,False,0,self_learning,NC3
9209,ENST00000413834,ENSP00000400168.1,train,True,0,self_learning,NC3
9210,ENST00000414097,ENSP00000404854.2,train,True,0,self_learning,NC3
9211,ENST00000414183,ENSP00000400142.2,train,True,0,self_learning,NC3
9212,ENST00000414202,ENSP00000416696.2,unlabeled,False,0,self_learning,NC3
9213,ENST00000414416,ENSP00000485216.1,unlabeled,False,0,self_learning,NC3
9214,ENST00000414429,0,unlabeled,False,0,self_learning,NC3
9215,ENST00000414468,0,unlabeled,False,0,self_learning,NC3
9216,ENST00000414487,ENSP00000400591.2,val,True,0,self_learning,NC3
9217,ENST00000414542,0,unlabeled,False,0,self_learning,NC3
9218,ENST00000414645,ENSP00000389630.2,unlabeled,False,0,self_learning,NC3
9219,ENST00000414773,ENSP00000392782.1,train,True,0,self_learning,NC3
9220,ENST00000414820,ENSP00000410470.2,unlabeled,False,0,self_learning,NC3
9221,ENST00000415083,ENSP00000414516.2,train,True,0,self_learning,NC3
9222,ENST00000415136,ENSP00000399457.3,test,True,0,self_learning,NC3
9223,ENST00000415149,ENSP00000408358.2,unlabeled,False,0,self_learning,NC3
9224,ENST00000415167,ENSP00000398028.2,unlabeled,False,0,self_learning,NC3
9225,ENST00000415229,ENSP00000400057.2,train,True,0,self_learning,NC3
9226,ENST00000415259,ENSP00000396628.1,unlabeled,False,0,self_learning,NC3
9227,ENST00000415807,ENSP00000411242.2,unlabeled,False,0,self_learning,NC3
9228,ENST00000415876,ENSP00000395797.2,unlabeled,False,0,self_learning,NC3
9229,ENST00000415913,ENSP00000390265.1,unlabeled,False,0,self_learning,NC3
9230,ENST00000415914,ENSP00000400500.2,unlabeled,False,0,self_learning,NC3
9231,ENST00000415949,ENSP00000388337.1,unlabeled,False,0,self_learning,NC3
9232,ENST00000416007,ENSP00000399718.2,train,True,0,self_learning,NC3
9233,ENST00000416167,ENSP00000414497.2,unlabeled,False,0,self_learning,NC3
9234,ENST00000416247,ENSP00000451866.1,unlabeled,False,0,self_learning,NC3
9235,ENST00000416274,ENSP00000398124.2,unlabeled,False,0,self_learning,NC3
9236,ENST00000416288,0,unlabeled,False,0,self_learning,NC3
9237,ENST00000416314,ENSP00000402390.1,unlabeled,False,0,self_learning,NC3
9238,ENST00000416321,0,unlabeled,False,0,self_learning,NC3
9239,ENST00000416569,ENSP00000416707.2,unlabeled,False,0,self_learning,NC3
9240,ENST00000416614,ENSP00000405068.2,train,True,0,self_learning,NC3
9241,ENST00000416649,ENSP00000389059.2,unlabeled,False,0,self_learning,NC3
9242,ENST00000416904,ENSP00000409463.2,train,True,0,self_learning,NC3
9243,ENST00000417098,ENSP00000401112.1,unlabeled,False,0,self_learning,NC3
9244,ENST00000417201,0,unlabeled,False,0,self_learning,NC3
9245,ENST00000417220,ENSP00000395951.2,unlabeled,False,0,self_learning,NC3
9246,ENST00000417257,ENSP00000403067.1,unlabeled,False,0,self_learning,NC3
9247,ENST00000417314,ENSP00000401878.2,train,True,0,self_learning,NC3
9248,ENST00000417368,ENSP00000403768.2,unlabeled,False,0,self_learning,NC3
9249,ENST00000417443,0,unlabeled,False,0,self_learning,NC3
9250,ENST00000417456,0,unlabeled,False,0,self_learning,NC3
9251,ENST00000417564,ENSP00000392066.2,unlabeled,False,0,self_learning,NC3
9252,ENST00000417647,ENSP00000396301.2,train,True,0,self_learning,NC3
9253,ENST00000417669,ENSP00000388137.1,unlabeled,False,0,self_learning,NC3
9254,ENST00000417775,ENSP00000399805.1,train,True,0,self_learning,NC3
9255,ENST00000417816,ENSP00000393896.2,train,True,0,self_learning,NC3
9256,ENST00000417826,ENSP00000391692.2,unlabeled,False,0,self_learning,NC3
9257,ENST00000417856,ENSP00000399403.1,unlabeled,False,0,self_learning,NC3
9258,ENST00000417956,ENSP00000404834.3,unlabeled,False,0,self_learning,NC3
9259,ENST00000418100,ENSP00000413411.2,unlabeled,False,0,self_learning,NC3
9260,ENST00000418115,ENSP00000400175.1,unlabeled,False,0,self_learning,NC3
9261,ENST00000418265,0,unlabeled,False,0,self_learning,NC3
9262,ENST00000418331,ENSP00000400010.2,unlabeled,False,0,self_learning,NC3
9263,ENST00000418388,0,unlabeled,False,0,self_learning,NC3
9264,ENST00000418458,ENSP00000395772.1,train,True,0,self_learning,NC3
9265,ENST00000418476,ENSP00000407487.2,unlabeled,False,0,self_learning,NC3
9266,ENST00000418511,0,unlabeled,False,0,self_learning,NC3
9267,ENST00000418543,ENSP00000402653.3,train,True,0,self_learning,NC3
9268,ENST00000418577,0,unlabeled,False,0,self_learning,NC3
9269,ENST00000418596,ENSP00000393667.2,unlabeled,False,0,self_learning,NC3
9270,ENST00000418776,0,unlabeled,False,0,self_learning,NC3
9271,ENST00000418929,ENSP00000394510.1,train,True,0,self_learning,NC3
9272,ENST00000419060,ENSP00000418661.1,unlabeled,False,0,self_learning,NC3
9273,ENST00000419119,ENSP00000410811.1,unlabeled,False,0,self_learning,NC3
9274,ENST00000419234,ENSP00000403524.3,train,True,0,self_learning,NC3
9275,ENST00000419421,0,unlabeled,False,0,self_learning,NC3
9276,ENST00000419445,ENSP00000404676.1,test,True,0,self_learning,NC3
9277,ENST00000419474,0,unlabeled,False,0,self_learning,NC3
9278,ENST00000419554,ENSP00000415336.2,unlabeled,False,0,self_learning,NC3
9279,ENST00000419617,ENSP00000390500.2,unlabeled,False,0,self_learning,NC3
9280,ENST00000419673,ENSP00000392660.2,unlabeled,False,0,self_learning,NC3
9281,ENST00000419743,ENSP00000393154.2,unlabeled,False,0,self_learning,NC3
9282,ENST00000419755,0,unlabeled,False,0,self_learning,NC3
9283,ENST00000419869,ENSP00000392270.2,unlabeled,False,0,self_learning,NC3
9284,ENST00000420124,ENSP00000398837.2,train,True,0,self_learning,NC3
9285,ENST00000420220,0,unlabeled,False,0,self_learning,NC3
9286,ENST00000420283,ENSP00000410943.1,unlabeled,False,0,self_learning,NC3
9287,ENST00000420353,ENSP00000399465.1,val,True,0,self_learning,NC3
9288,ENST00000420613,ENSP00000415436.3,unlabeled,False,0,self_learning,NC3
9289,ENST00000420696,ENSP00000405890.2,train,True,0,self_learning,NC3
9290,ENST00000420702,ENSP00000395232.1,unlabeled,False,0,self_learning,NC3
9291,ENST00000420826,ENSP00000405965.2,train,True,0,self_learning,NC3
9292,ENST00000420843,ENSP00000409581.2,val,True,0,self_learning,NC3
9293,ENST00000420878,0,unlabeled,False,0,self_learning,NC3
9294,ENST00000420993,ENSP00000410088.2,unlabeled,False,0,self_learning,NC3
9295,ENST00000421025,ENSP00000416809.1,unlabeled,False,0,self_learning,NC3
9296,ENST00000421176,0,unlabeled,False,0,self_learning,NC3
9297,ENST00000421177,ENSP00000388823.2,unlabeled,False,0,self_learning,NC3
9298,ENST00000421351,ENSP00000397157.2,unlabeled,False,0,self_learning,NC3
9299,ENST00000421367,ENSP00000410964.2,train,True,0,self_learning,NC3
9300,ENST00000421491,ENSP00000463233.1,unlabeled,False,0,self_learning,NC3
9301,ENST00000421798,0,unlabeled,False,0,self_learning,NC3
9302,ENST00000421807,ENSP00000413937.2,train,True,0,self_learning,NC3
9303,ENST00000421812,0,unlabeled,False,0,self_learning,NC3
9304,ENST00000421828,0,unlabeled,False,0,self_learning,NC3
9305,ENST00000421832,ENSP00000390011.1,train,True,0,self_learning,NC3
9306,ENST00000421852,ENSP00000406885.1,train,True,0,self_learning,NC3
9307,ENST00000421952,ENSP00000390590.2,unlabeled,False,0,self_learning,NC3
9308,ENST00000421967,0,unlabeled,False,0,self_learning,NC3
9309,ENST00000421999,ENSP00000410396.2,train,True,0,self_learning,NC3
9310,ENST00000422003,ENSP00000403925.2,train,True,0,self_learning,NC3
9311,ENST00000422285,ENSP00000394382.2,unlabeled,False,0,self_learning,NC3
9312,ENST00000422424,ENSP00000387471.2,train,True,0,self_learning,NC3
9313,ENST00000422440,ENSP00000388658.2,train,True,0,self_learning,NC3
9314,ENST00000422453,ENSP00000410619.3,val,True,0,self_learning,NC3
9315,ENST00000422466,ENSP00000398744.3,unlabeled,False,0,self_learning,NC3
9316,ENST00000422514,ENSP00000389103.2,val,True,0,self_learning,NC3
9317,ENST00000422516,0,unlabeled,False,0,self_learning,NC3
9318,ENST00000422556,ENSP00000416799.1,train,True,0,self_learning,NC3
9319,ENST00000422689,ENSP00000406318.2,unlabeled,False,0,self_learning,NC3
9320,ENST00000422725,0,unlabeled,False,0,self_learning,NC3
9321,ENST00000423059,ENSP00000406482.2,unlabeled,False,0,self_learning,NC3
9322,ENST00000423313,ENSP00000462172.1,unlabeled,False,0,self_learning,NC3
9323,ENST00000423345,ENSP00000408342.2,unlabeled,False,0,self_learning,NC3
9324,ENST00000423391,ENSP00000416706.1,unlabeled,False,0,self_learning,NC3
9325,ENST00000423407,ENSP00000392795.3,unlabeled,False,0,self_learning,NC3
9326,ENST00000423484,ENSP00000400852.1,unlabeled,False,0,self_learning,NC3
9327,ENST00000423485,ENSP00000411532.1,train,True,0,self_learning,NC3
9328,ENST00000423656,ENSP00000393183.2,test,True,0,self_learning,NC3
9329,ENST00000423729,ENSP00000413064.2,test,True,0,self_learning,NC3
9330,ENST00000423777,ENSP00000396954.1,unlabeled,False,0,self_learning,NC3
9331,ENST00000423902,ENSP00000392028.1,test,True,0,self_learning,NC3
9332,ENST00000424011,ENSP00000400482.2,unlabeled,False,0,self_learning,NC3
9333,ENST00000424014,ENSP00000416250.2,train,True,0,self_learning,NC3
9334,ENST00000424061,ENSP00000399136.2,unlabeled,False,0,self_learning,NC3
9335,ENST00000424086,ENSP00000402661.1,unlabeled,False,0,self_learning,NC3
9336,ENST00000424173,ENSP00000389610.2,unlabeled,False,0,self_learning,NC3
9337,ENST00000424248,0,unlabeled,False,0,self_learning,NC3
9338,ENST00000424280,ENSP00000411253.1,unlabeled,False,0,self_learning,NC3
9339,ENST00000424479,ENSP00000392553.2,unlabeled,False,0,self_learning,NC3
9340,ENST00000424542,ENSP00000408005.2,train,True,0,self_learning,NC3
9341,ENST00000424576,ENSP00000403172.2,train,True,0,self_learning,NC3
9342,ENST00000424583,ENSP00000402154.2,unlabeled,False,0,self_learning,NC3
9343,ENST00000424728,ENSP00000401306.1,unlabeled,False,0,self_learning,NC3
9344,ENST00000424749,0,unlabeled,False,0,self_learning,NC3
9345,ENST00000424785,0,unlabeled,False,0,self_learning,NC3
9346,ENST00000424789,ENSP00000387593.2,unlabeled,False,0,self_learning,NC3
9347,ENST00000424830,ENSP00000396452.2,train,True,0,self_learning,NC3
9348,ENST00000424848,ENSP00000397087.3,train,True,0,self_learning,NC3
9349,ENST00000424952,ENSP00000395502.2,unlabeled,False,0,self_learning,NC3
9350,ENST00000424985,0,unlabeled,False,0,self_learning,NC3
9351,ENST00000425042,ENSP00000413520.2,unlabeled,False,0,self_learning,NC3
9352,ENST00000425133,0,unlabeled,False,0,self_learning,NC3
9353,ENST00000425164,0,unlabeled,False,0,self_learning,NC3
9354,ENST00000425202,0,unlabeled,False,0,self_learning,NC3
9355,ENST00000425248,ENSP00000402346.2,train,True,0,self_learning,NC3
9356,ENST00000425354,ENSP00000388510.2,unlabeled,False,0,self_learning,NC3
9357,ENST00000425407,ENSP00000392309.2,unlabeled,False,0,self_learning,NC3
9358,ENST00000425441,ENSP00000416263.2,unlabeled,False,0,self_learning,NC3
9359,ENST00000425534,ENSP00000393324.2,train,True,0,self_learning,NC3
9360,ENST00000425673,ENSP00000392906.2,unlabeled,False,0,self_learning,NC3
9361,ENST00000425675,ENSP00000401726.1,unlabeled,False,0,self_learning,NC3
9362,ENST00000425690,0,unlabeled,False,0,self_learning,NC3
9363,ENST00000425699,ENSP00000393275.1,unlabeled,False,0,self_learning,NC3
9364,ENST00000425876,ENSP00000410561.1,unlabeled,False,0,self_learning,NC3
9365,ENST00000426077,0,unlabeled,False,0,self_learning,NC3
9366,ENST00000426154,ENSP00000409068.1,unlabeled,False,0,self_learning,NC3
9367,ENST00000426197,0,unlabeled,False,0,self_learning,NC3
9368,ENST00000426216,ENSP00000398076.2,train,True,0,self_learning,NC3
9369,ENST00000426333,ENSP00000392094.1,unlabeled,False,0,self_learning,NC3
9370,ENST00000426395,ENSP00000410798.2,unlabeled,False,0,self_learning,NC3
9371,ENST00000426455,ENSP00000400359.1,unlabeled,False,0,self_learning,NC3
9372,ENST00000426508,ENSP00000406012.2,train,True,0,self_learning,NC3
9373,ENST00000426546,0,unlabeled,False,0,self_learning,NC3
9374,ENST00000426595,ENSP00000390331.1,train,True,0,self_learning,NC3
9375,ENST00000426677,ENSP00000410339.1,test,True,0,self_learning,NC3
9376,ENST00000426739,0,unlabeled,False,0,self_learning,NC3
9377,ENST00000426820,ENSP00000407442.3,train,True,0,self_learning,NC3
9378,ENST00000426836,ENSP00000389810.1,val,True,0,self_learning,NC3
9379,ENST00000426923,ENSP00000399700.2,unlabeled,False,0,self_learning,NC3
9380,ENST00000426955,ENSP00000398688.2,unlabeled,False,0,self_learning,NC3
9381,ENST00000427159,ENSP00000396673.2,train,True,0,self_learning,NC3
9382,ENST00000427177,ENSP00000391249.1,train,True,0,self_learning,NC3
9383,ENST00000427199,ENSP00000415139.3,unlabeled,False,0,self_learning,NC3
9384,ENST00000427314,ENSP00000404190.2,unlabeled,False,0,self_learning,NC3
9385,ENST00000427482,ENSP00000391372.2,unlabeled,False,0,self_learning,NC3
9386,ENST00000427569,ENSP00000400870.1,unlabeled,False,0,self_learning,NC3
9387,ENST00000427575,ENSP00000398882.1,train,True,0,self_learning,NC3
9388,ENST00000427587,ENSP00000398502.3,unlabeled,False,0,self_learning,NC3
9389,ENST00000427624,ENSP00000405699.1,unlabeled,False,0,self_learning,NC3
9390,ENST00000427836,ENSP00000417003.2,unlabeled,False,0,self_learning,NC3
9391,ENST00000427926,ENSP00000441158.1,unlabeled,False,0,self_learning,NC3
9392,ENST00000427939,ENSP00000416558.2,unlabeled,False,0,self_learning,NC3
9393,ENST00000427980,ENSP00000415822.2,unlabeled,False,0,self_learning,NC3
9394,ENST00000428082,0,unlabeled,False,0,self_learning,NC3
9395,ENST00000428135,ENSP00000398789.2,unlabeled,False,0,self_learning,NC3
9396,ENST00000428202,ENSP00000410216.2,val,True,0,self_learning,NC3
9397,ENST00000428216,ENSP00000401980.2,train,True,0,self_learning,NC3
9398,ENST00000428239,ENSP00000393139.1,train,True,0,self_learning,NC3
9399,ENST00000428311,0,unlabeled,False,0,self_learning,NC3
9400,ENST00000428390,ENSP00000478384.2,unlabeled,False,0,self_learning,NC3
9401,ENST00000428443,ENSP00000415332.2,train,True,0,self_learning,NC3
9402,ENST00000428468,ENSP00000407168.1,unlabeled,False,0,self_learning,NC3
9403,ENST00000428559,ENSP00000416583.2,train,True,0,self_learning,NC3
9404,ENST00000428675,ENSP00000402861.1,unlabeled,False,0,self_learning,NC3
9405,ENST00000428726,ENSP00000398632.2,unlabeled,False,0,self_learning,NC3
9406,ENST00000428746,ENSP00000388725.2,test,True,0,self_learning,NC3
9407,ENST00000428826,ENSP00000404658.1,unlabeled,False,0,self_learning,NC3
9408,ENST00000428847,ENSP00000403293.2,unlabeled,False,0,self_learning,NC3
9409,ENST00000428879,ENSP00000389060.1,unlabeled,False,0,self_learning,NC3
9410,ENST00000428931,ENSP00000389445.1,unlabeled,False,0,self_learning,NC3
9411,ENST00000429029,ENSP00000397556.2,unlabeled,False,0,self_learning,NC3
9412,ENST00000429154,0,unlabeled,False,0,self_learning,NC3
9413,ENST00000429238,ENSP00000394107.2,unlabeled,False,0,self_learning,NC3
9414,ENST00000429260,ENSP00000395281.2,unlabeled,False,0,self_learning,NC3
9415,ENST00000429344,ENSP00000415078.1,unlabeled,False,0,self_learning,NC3
9416,ENST00000429433,ENSP00000411268.2,unlabeled,False,0,self_learning,NC3
9417,ENST00000429584,ENSP00000389381.2,unlabeled,False,0,self_learning,NC3
9418,ENST00000429591,0,unlabeled,False,0,self_learning,NC3
9419,ENST00000429604,0,unlabeled,False,0,self_learning,NC3
9420,ENST00000429642,ENSP00000401879.2,test,True,0,self_learning,NC3
9421,ENST00000429644,ENSP00000410833.2,test,True,0,self_learning,NC3
9422,ENST00000429709,ENSP00000397552.2,train,True,0,self_learning,NC3
9423,ENST00000429711,ENSP00000416429.2,unlabeled,False,0,self_learning,NC3
9424,ENST00000429722,ENSP00000398181.1,unlabeled,False,0,self_learning,NC3
9425,ENST00000429772,ENSP00000400471.2,unlabeled,False,0,self_learning,NC3
9426,ENST00000429845,ENSP00000395849.2,unlabeled,False,0,self_learning,NC3
9427,ENST00000429927,ENSP00000412365.2,unlabeled,False,0,self_learning,NC3
9428,ENST00000429985,0,unlabeled,False,0,self_learning,NC3
9429,ENST00000430046,ENSP00000393776.2,train,True,0,self_learning,NC3
9430,ENST00000430092,0,unlabeled,False,0,self_learning,NC3
9431,ENST00000430121,ENSP00000407301.2,unlabeled,False,0,self_learning,NC3
9432,ENST00000430223,ENSP00000407087.2,unlabeled,False,0,self_learning,NC3
9433,ENST00000430256,ENSP00000394390.1,unlabeled,False,0,self_learning,NC3
9434,ENST00000430297,0,unlabeled,False,0,self_learning,NC3
9435,ENST00000430350,ENSP00000399376.2,unlabeled,False,0,self_learning,NC3
9436,ENST00000430385,0,unlabeled,False,0,self_learning,NC3
9437,ENST00000430430,ENSP00000387462.1,train,True,0,self_learning,NC3
9438,ENST00000430479,ENSP00000405327.1,unlabeled,False,0,self_learning,NC3
9439,ENST00000430580,0,unlabeled,False,0,self_learning,NC3
9440,ENST00000430710,ENSP00000406288.3,unlabeled,False,0,self_learning,NC3
9441,ENST00000430715,ENSP00000398178.1,unlabeled,False,0,self_learning,NC3
9442,ENST00000430850,0,unlabeled,False,0,self_learning,NC3
9443,ENST00000430889,ENSP00000399808.2,unlabeled,False,0,self_learning,NC3
9444,ENST00000431216,0,unlabeled,False,0,self_learning,NC3
9445,ENST00000431232,ENSP00000401338.2,unlabeled,False,0,self_learning,NC3
9446,ENST00000431350,ENSP00000411099.2,test,True,0,self_learning,NC3
9447,ENST00000431388,ENSP00000400184.2,unlabeled,False,0,self_learning,NC3
9448,ENST00000431473,ENSP00000414330.2,unlabeled,False,0,self_learning,NC3
9449,ENST00000431561,ENSP00000395723.3,unlabeled,False,0,self_learning,NC3
9450,ENST00000431679,0,unlabeled,False,0,self_learning,NC3
9451,ENST00000431683,ENSP00000396615.2,unlabeled,False,0,self_learning,NC3
9452,ENST00000431802,0,unlabeled,False,0,self_learning,NC3
9453,ENST00000431843,ENSP00000403104.2,unlabeled,False,0,self_learning,NC3
9454,ENST00000431932,ENSP00000396830.2,unlabeled,False,0,self_learning,NC3
9455,ENST00000431975,ENSP00000405252.2,unlabeled,False,0,self_learning,NC3
9456,ENST00000432056,0,unlabeled,False,0,self_learning,NC3
9457,ENST00000432094,ENSP00000480218.1,unlabeled,False,0,self_learning,NC3
9458,ENST00000432126,ENSP00000396225.2,unlabeled,False,0,self_learning,NC3
9459,ENST00000432176,ENSP00000403396.2,train,True,0,self_learning,NC3
9460,ENST00000432329,ENSP00000387699.2,val,True,0,self_learning,NC3
9461,ENST00000432561,ENSP00000392395.2,unlabeled,False,0,self_learning,NC3
9462,ENST00000432641,ENSP00000414066.2,train,True,0,self_learning,NC3
9463,ENST00000432648,ENSP00000392678.3,unlabeled,False,0,self_learning,NC3
9464,ENST00000432825,0,unlabeled,False,0,self_learning,NC3
9465,ENST00000432901,ENSP00000397881.2,train,True,0,self_learning,NC3
9466,ENST00000432920,ENSP00000414068.2,unlabeled,False,0,self_learning,NC3
9467,ENST00000432999,ENSP00000398106.2,unlabeled,False,0,self_learning,NC3
9468,ENST00000433055,ENSP00000389356.1,unlabeled,False,0,self_learning,NC3
9469,ENST00000433060,ENSP00000387739.2,train,True,0,self_learning,NC3
9470,ENST00000433078,ENSP00000398083.1,unlabeled,False,0,self_learning,NC3
9471,ENST00000433197,ENSP00000401445.2,unlabeled,False,0,self_learning,NC3
9472,ENST00000433211,ENSP00000389714.1,unlabeled,False,0,self_learning,NC3
9473,ENST00000433282,ENSP00000399834.3,unlabeled,False,0,self_learning,NC3
9474,ENST00000433351,ENSP00000387654.2,val,True,0,self_learning,NC3
9475,ENST00000433529,ENSP00000401371.2,train,True,0,self_learning,NC3
9476,ENST00000433642,0,unlabeled,False,0,self_learning,NC3
9477,ENST00000433688,ENSP00000482180.1,unlabeled,False,0,self_learning,NC3
9478,ENST00000433765,ENSP00000409378.2,unlabeled,False,0,self_learning,NC3
9479,ENST00000433866,ENSP00000392896.2,test,True,0,self_learning,NC3
9480,ENST00000433867,ENSP00000393978.1,unlabeled,False,0,self_learning,NC3
9481,ENST00000433881,ENSP00000398870.1,unlabeled,False,0,self_learning,NC3
9482,ENST00000433922,ENSP00000397249.2,train,True,0,self_learning,NC3
9483,ENST00000433931,0,unlabeled,False,0,self_learning,NC3
9484,ENST00000434291,0,unlabeled,False,0,self_learning,NC3
9485,ENST00000434316,ENSP00000389399.2,unlabeled,False,0,self_learning,NC3
9486,ENST00000434325,ENSP00000388565.2,unlabeled,False,0,self_learning,NC3
9487,ENST00000434377,ENSP00000415520.2,unlabeled,False,0,self_learning,NC3
9488,ENST00000434410,ENSP00000404843.1,unlabeled,False,0,self_learning,NC3
9489,ENST00000434415,0,unlabeled,False,0,self_learning,NC3
9490,ENST00000434436,ENSP00000412302.2,train,True,0,self_learning,NC3
9491,ENST00000434505,ENSP00000413165.1,unlabeled,False,0,self_learning,NC3
9492,ENST00000434507,ENSP00000416787.1,unlabeled,False,0,self_learning,NC3
9493,ENST00000434634,ENSP00000387982.3,unlabeled,False,0,self_learning,NC3
9494,ENST00000434704,ENSP00000389870.2,unlabeled,False,0,self_learning,NC3
9495,ENST00000434715,ENSP00000408910.3,train,True,0,self_learning,NC3
9496,ENST00000434748,ENSP00000396160.2,val,True,0,self_learning,NC3
9497,ENST00000434752,0,unlabeled,False,0,self_learning,NC3
9498,ENST00000434758,0,unlabeled,False,0,self_learning,NC3
9499,ENST00000434772,0,unlabeled,False,0,self_learning,NC3
9500,ENST00000434821,ENSP00000405004.1,unlabeled,False,0,self_learning,NC3
9501,ENST00000434837,ENSP00000402584.2,unlabeled,False,0,self_learning,NC3
9502,ENST00000435029,ENSP00000387875.3,unlabeled,False,0,self_learning,NC3
9503,ENST00000435041,ENSP00000451261.1,train,True,0,self_learning,NC3
9504,ENST00000435064,ENSP00000413493.2,unlabeled,False,0,self_learning,NC3
9505,ENST00000435070,ENSP00000391774.2,unlabeled,False,0,self_learning,NC3
9506,ENST00000435205,0,unlabeled,False,0,self_learning,NC3
9507,ENST00000435213,ENSP00000396205.2,unlabeled,False,0,self_learning,NC3
9508,ENST00000435224,ENSP00000410157.2,unlabeled,False,0,self_learning,NC3
9509,ENST00000435456,ENSP00000390722.2,train,True,0,self_learning,NC3
9510,ENST00000435504,ENSP00000391447.3,train,True,0,self_learning,NC3
9511,ENST00000435505,ENSP00000408002.2,train,True,0,self_learning,NC3
9512,ENST00000435506,ENSP00000389948.2,train,True,0,self_learning,NC3
9513,ENST00000435607,ENSP00000396320.1,unlabeled,False,0,self_learning,NC3
9514,ENST00000435634,ENSP00000398597.1,train,True,0,self_learning,NC3
9515,ENST00000435706,ENSP00000396704.2,unlabeled,False,0,self_learning,NC3
9516,ENST00000435765,ENSP00000391211.1,unlabeled,False,0,self_learning,NC3
9517,ENST00000435817,ENSP00000399259.2,unlabeled,False,0,self_learning,NC3
9518,ENST00000435873,0,unlabeled,False,0,self_learning,NC3
9519,ENST00000435893,ENSP00000399587.2,unlabeled,False,0,self_learning,NC3
9520,ENST00000435989,0,unlabeled,False,0,self_learning,NC3
9521,ENST00000436063,ENSP00000411010.2,test,True,0,self_learning,NC3
9522,ENST00000436066,ENSP00000389787.2,train,True,0,self_learning,NC3
9523,ENST00000436106,ENSP00000397394.1,unlabeled,False,0,self_learning,NC3
9524,ENST00000436120,0,unlabeled,False,0,self_learning,NC3
9525,ENST00000436302,ENSP00000388275.2,unlabeled,False,0,self_learning,NC3
9526,ENST00000436390,ENSP00000392316.1,train,True,0,self_learning,NC3
9527,ENST00000436587,ENSP00000389176.2,unlabeled,False,0,self_learning,NC3
9528,ENST00000436636,ENSP00000399511.2,unlabeled,False,0,self_learning,NC3
9529,ENST00000436697,0,unlabeled,False,0,self_learning,NC3
9530,ENST00000436784,ENSP00000389175.2,unlabeled,False,0,self_learning,NC3
9531,ENST00000436874,ENSP00000410083.1,train,True,0,self_learning,NC3
9532,ENST00000436884,0,unlabeled,False,0,self_learning,NC3
9533,ENST00000436909,ENSP00000396995.3,unlabeled,False,0,self_learning,NC3
9534,ENST00000436978,ENSP00000394794.1,train,True,0,self_learning,NC3
9535,ENST00000437043,ENSP00000400376.3,unlabeled,False,0,self_learning,NC3
9536,ENST00000437150,ENSP00000394842.2,train,True,0,self_learning,NC3
9537,ENST00000437553,0,unlabeled,False,0,self_learning,NC3
9538,ENST00000437633,ENSP00000404179.1,test,True,0,self_learning,NC3
9539,ENST00000437723,0,unlabeled,False,0,self_learning,NC3
9540,ENST00000437807,ENSP00000388909.2,unlabeled,False,0,self_learning,NC3
9541,ENST00000437809,ENSP00000396117.1,unlabeled,False,0,self_learning,NC3
9542,ENST00000438032,ENSP00000403039.2,test,True,0,self_learning,NC3
9543,ENST00000438146,ENSP00000413035.2,train,True,0,self_learning,NC3
9544,ENST00000438251,0,unlabeled,False,0,self_learning,NC3
9545,ENST00000438323,ENSP00000395590.2,unlabeled,False,0,self_learning,NC3
9546,ENST00000438331,ENSP00000398610.1,unlabeled,False,0,self_learning,NC3
9547,ENST00000438419,ENSP00000409231.2,train,True,0,self_learning,NC3
9548,ENST00000438447,ENSP00000402033.1,unlabeled,False,0,self_learning,NC3
9549,ENST00000438528,0,unlabeled,False,0,self_learning,NC3
9550,ENST00000438607,ENSP00000397843.2,train,True,0,self_learning,NC3
9551,ENST00000438747,ENSP00000388464.2,train,True,0,self_learning,NC3
9552,ENST00000438796,ENSP00000399751.2,unlabeled,False,0,self_learning,NC3
9553,ENST00000438828,ENSP00000414644.1,unlabeled,False,0,self_learning,NC3
9554,ENST00000438911,0,unlabeled,False,0,self_learning,NC3
9555,ENST00000438998,0,unlabeled,False,0,self_learning,NC3
9556,ENST00000439062,0,unlabeled,False,0,self_learning,NC3
9557,ENST00000439096,0,unlabeled,False,0,self_learning,NC3
9558,ENST00000439128,ENSP00000408020.2,unlabeled,False,0,self_learning,NC3
9559,ENST00000439174,ENSP00000400717.2,test,True,0,self_learning,NC3
9560,ENST00000439351,ENSP00000414398.1,unlabeled,False,0,self_learning,NC3
9561,ENST00000439374,ENSP00000475845.1,unlabeled,False,0,self_learning,NC3
9562,ENST00000439399,ENSP00000400459.2,unlabeled,False,0,self_learning,NC3
9563,ENST00000439424,ENSP00000411851.2,unlabeled,False,0,self_learning,NC3
9564,ENST00000439461,ENSP00000409652.1,unlabeled,False,0,self_learning,NC3
9565,ENST00000439741,ENSP00000391668.2,unlabeled,False,0,self_learning,NC3
9566,ENST00000439785,ENSP00000403441.1,unlabeled,False,0,self_learning,NC3
9567,ENST00000439838,ENSP00000415178.1,unlabeled,False,0,self_learning,NC3
9568,ENST00000439922,ENSP00000391877.2,unlabeled,False,0,self_learning,NC3
9569,ENST00000439977,ENSP00000409555.2,train,True,0,self_learning,NC3
9570,ENST00000440121,ENSP00000410882.1,unlabeled,False,0,self_learning,NC3
9571,ENST00000440155,ENSP00000407262.2,unlabeled,False,0,self_learning,NC3
9572,ENST00000440172,ENSP00000406661.1,unlabeled,False,0,self_learning,NC3
9573,ENST00000440314,ENSP00000409382.2,unlabeled,False,0,self_learning,NC3
9574,ENST00000440428,ENSP00000402949.2,unlabeled,False,0,self_learning,NC3
9575,ENST00000440460,ENSP00000394352.3,test,True,0,self_learning,NC3
9576,ENST00000440859,ENSP00000401277.2,unlabeled,False,0,self_learning,NC3
9577,ENST00000440863,ENSP00000400312.2,unlabeled,False,0,self_learning,NC3
9578,ENST00000440890,ENSP00000401907.2,unlabeled,False,0,self_learning,NC3
9579,ENST00000440940,ENSP00000402510.2,unlabeled,False,0,self_learning,NC3
9580,ENST00000440944,0,unlabeled,False,0,self_learning,NC3
9581,ENST00000441174,ENSP00000409016.3,train,True,0,self_learning,NC3
9582,ENST00000441222,ENSP00000407818.2,unlabeled,False,0,self_learning,NC3
9583,ENST00000441248,0,unlabeled,False,0,self_learning,NC3
9584,ENST00000441310,ENSP00000406490.3,unlabeled,False,0,self_learning,NC3
9585,ENST00000441339,ENSP00000412482.2,unlabeled,False,0,self_learning,NC3
9586,ENST00000441443,ENSP00000397099.3,unlabeled,False,0,self_learning,NC3
9587,ENST00000441448,ENSP00000402338.2,train,True,0,self_learning,NC3
9588,ENST00000441493,ENSP00000416015.2,train,True,0,self_learning,NC3
9589,ENST00000441711,ENSP00000413619.2,train,True,0,self_learning,NC3
9590,ENST00000441802,ENSP00000406229.2,unlabeled,False,0,self_learning,NC3
9591,ENST00000441843,ENSP00000391747.1,unlabeled,False,0,self_learning,NC3
9592,ENST00000442039,0,unlabeled,False,0,self_learning,NC3
9593,ENST00000442218,ENSP00000415998.2,unlabeled,False,0,self_learning,NC3
9594,ENST00000442241,ENSP00000413572.3,val,True,0,self_learning,NC3
9595,ENST00000442253,ENSP00000406197.2,unlabeled,False,0,self_learning,NC3
9596,ENST00000442267,ENSP00000411197.2,train,True,0,self_learning,NC3
9597,ENST00000442287,ENSP00000399851.2,train,True,0,self_learning,NC3
9598,ENST00000442371,ENSP00000415454.1,unlabeled,False,0,self_learning,NC3
9599,ENST00000442628,ENSP00000414055.2,unlabeled,False,0,self_learning,NC3
9600,ENST00000442697,ENSP00000404381.2,train,True,0,self_learning,NC3
9601,ENST00000442738,ENSP00000403852.2,unlabeled,False,0,self_learning,NC3
9602,ENST00000442744,ENSP00000388107.1,unlabeled,False,0,self_learning,NC3
9603,ENST00000442789,ENSP00000393392.2,unlabeled,False,0,self_learning,NC3
9604,ENST00000442898,ENSP00000485627.1,unlabeled,False,0,self_learning,NC3
9605,ENST00000442986,ENSP00000412363.1,unlabeled,False,0,self_learning,NC3
9606,ENST00000443029,0,unlabeled,False,0,self_learning,NC3
9607,ENST00000443119,0,unlabeled,False,0,self_learning,NC3
9608,ENST00000443124,ENSP00000393722.1,unlabeled,False,0,self_learning,NC3
9609,ENST00000443185,ENSP00000394757.2,train,True,0,self_learning,NC3
9610,ENST00000443314,ENSP00000388713.1,train,True,0,self_learning,NC3
9611,ENST00000443585,0,unlabeled,False,0,self_learning,NC3
9612,ENST00000443597,ENSP00000390932.2,unlabeled,False,0,self_learning,NC3
9613,ENST00000443617,ENSP00000390158.2,train,True,0,self_learning,NC3
9614,ENST00000443632,ENSP00000387757.2,train,True,0,self_learning,NC3
9615,ENST00000443659,ENSP00000393785.2,unlabeled,False,0,self_learning,NC3
9616,ENST00000443698,ENSP00000404122.1,train,True,0,self_learning,NC3
9617,ENST00000443824,ENSP00000401264.1,unlabeled,False,0,self_learning,NC3
9618,ENST00000443905,ENSP00000393835.2,unlabeled,False,0,self_learning,NC3
9619,ENST00000443950,ENSP00000400433.2,unlabeled,False,0,self_learning,NC3
9620,ENST00000443968,ENSP00000413976.2,unlabeled,False,0,self_learning,NC3
9621,ENST00000444129,ENSP00000416739.2,test,True,0,self_learning,NC3
9622,ENST00000444149,0,unlabeled,False,0,self_learning,NC3
9623,ENST00000444376,ENSP00000393151.2,test,True,0,self_learning,NC3
9624,ENST00000444387,ENSP00000406026.2,unlabeled,False,0,self_learning,NC3
9625,ENST00000444469,0,unlabeled,False,0,self_learning,NC3
9626,ENST00000444614,0,unlabeled,False,0,self_learning,NC3
9627,ENST00000444766,ENSP00000414237.3,test,True,0,self_learning,NC3
9628,ENST00000444836,ENSP00000416338.1,unlabeled,False,0,self_learning,NC3
9629,ENST00000444870,0,unlabeled,False,0,self_learning,NC3
9630,ENST00000445061,ENSP00000405620.1,unlabeled,False,0,self_learning,NC3
9631,ENST00000445193,ENSP00000412894.2,unlabeled,False,0,self_learning,NC3
9632,ENST00000445224,0,unlabeled,False,0,self_learning,NC3
9633,ENST00000445355,ENSP00000453302.1,unlabeled,False,0,self_learning,NC3
9634,ENST00000445478,ENSP00000394085.2,train,True,0,self_learning,NC3
9635,ENST00000445632,0,unlabeled,False,0,self_learning,NC3
9636,ENST00000445716,ENSP00000398401.1,train,True,0,self_learning,NC3
9637,ENST00000445922,ENSP00000391713.2,train,True,0,self_learning,NC3
9638,ENST00000445927,0,unlabeled,False,0,self_learning,NC3
9639,ENST00000446041,ENSP00000401938.2,unlabeled,False,0,self_learning,NC3
9640,ENST00000446044,ENSP00000396467.1,unlabeled,False,0,self_learning,NC3
9641,ENST00000446108,ENSP00000388638.1,unlabeled,False,0,self_learning,NC3
9642,ENST00000446113,ENSP00000400113.2,unlabeled,False,0,self_learning,NC3
9643,ENST00000446157,ENSP00000410910.2,unlabeled,False,0,self_learning,NC3
9644,ENST00000446176,ENSP00000413625.1,unlabeled,False,0,self_learning,NC3
9645,ENST00000446231,ENSP00000402515.3,train,True,0,self_learning,NC3
9646,ENST00000446284,ENSP00000416158.2,train,True,0,self_learning,NC3
9647,ENST00000446378,ENSP00000394770.2,unlabeled,False,0,self_learning,NC3
9648,ENST00000446465,ENSP00000400839.2,unlabeled,False,0,self_learning,NC3
9649,ENST00000446488,ENSP00000400476.2,unlabeled,False,0,self_learning,NC3
9650,ENST00000446510,0,unlabeled,False,0,self_learning,NC3
9651,ENST00000446526,ENSP00000414624.2,train,True,0,self_learning,NC3
9652,ENST00000447017,ENSP00000393511.2,unlabeled,False,0,self_learning,NC3
9653,ENST00000447079,ENSP00000398880.4,train,True,0,self_learning,NC3
9654,ENST00000447092,ENSP00000401853.1,unlabeled,False,0,self_learning,NC3
9655,ENST00000447116,0,unlabeled,False,0,self_learning,NC3
9656,ENST00000447204,ENSP00000410269.2,unlabeled,False,0,self_learning,NC3
9657,ENST00000447353,ENSP00000391504.1,unlabeled,False,0,self_learning,NC3
9658,ENST00000447513,ENSP00000407922.2,unlabeled,False,0,self_learning,NC3
9659,ENST00000447630,ENSP00000401115.1,unlabeled,False,0,self_learning,NC3
9660,ENST00000447648,ENSP00000404923.2,unlabeled,False,0,self_learning,NC3
9661,ENST00000447654,ENSP00000399888.1,unlabeled,False,0,self_learning,NC3
9662,ENST00000447712,ENSP00000400162.2,unlabeled,False,0,self_learning,NC3
9663,ENST00000447740,ENSP00000391248.2,unlabeled,False,0,self_learning,NC3
9664,ENST00000447750,ENSP00000394071.2,train,True,0,self_learning,NC3
9665,ENST00000447838,ENSP00000396771.2,unlabeled,False,0,self_learning,NC3
9666,ENST00000447869,ENSP00000416750.1,unlabeled,False,0,self_learning,NC3
9667,ENST00000447906,ENSP00000395487.2,train,True,0,self_learning,NC3
9668,ENST00000447944,ENSP00000400646.2,unlabeled,False,0,self_learning,NC3
9669,ENST00000447966,ENSP00000400228.3,unlabeled,False,0,self_learning,NC3
9670,ENST00000448108,ENSP00000410409.2,unlabeled,False,0,self_learning,NC3
9671,ENST00000448120,ENSP00000410051.2,unlabeled,False,0,self_learning,NC3
9672,ENST00000448223,ENSP00000404092.2,test,True,0,self_learning,NC3
9673,ENST00000448276,ENSP00000392617.2,train,True,0,self_learning,NC3
9674,ENST00000448372,ENSP00000394791.2,unlabeled,False,0,self_learning,NC3
9675,ENST00000448504,ENSP00000407193.2,unlabeled,False,0,self_learning,NC3
9676,ENST00000448552,ENSP00000408367.3,val,True,0,self_learning,NC3
9677,ENST00000448612,ENSP00000416289.1,unlabeled,False,0,self_learning,NC3
9678,ENST00000448666,ENSP00000410992.3,train,True,0,self_learning,NC3
9679,ENST00000448696,ENSP00000418018.2,unlabeled,False,0,self_learning,NC3
9680,ENST00000448775,ENSP00000405577.2,unlabeled,False,0,self_learning,NC3
9681,ENST00000448803,ENSP00000410198.2,unlabeled,False,0,self_learning,NC3
9682,ENST00000448903,ENSP00000413234.3,train,True,0,self_learning,NC3
9683,ENST00000449058,ENSP00000394466.2,test,True,0,self_learning,NC3
9684,ENST00000449105,ENSP00000390625.3,train,True,0,self_learning,NC3
9685,ENST00000449193,ENSP00000410041.2,unlabeled,False,0,self_learning,NC3
9686,ENST00000449250,0,unlabeled,False,0,self_learning,NC3
9687,ENST00000449309,0,unlabeled,False,0,self_learning,NC3
9688,ENST00000449549,0,unlabeled,False,0,self_learning,NC3
9689,ENST00000449592,ENSP00000404991.2,unlabeled,False,0,self_learning,NC3
9690,ENST00000449606,ENSP00000395196.2,unlabeled,False,0,self_learning,NC3
9691,ENST00000449692,ENSP00000409681.3,unlabeled,False,0,self_learning,NC3
9692,ENST00000449726,ENSP00000397947.1,unlabeled,False,0,self_learning,NC3
9693,ENST00000449802,ENSP00000399903.1,unlabeled,False,0,self_learning,NC3
9694,ENST00000449825,ENSP00000391255.1,train,True,0,self_learning,NC3
9695,ENST00000449850,0,unlabeled,False,0,self_learning,NC3
9696,ENST00000450043,ENSP00000396527.2,train,True,0,self_learning,NC3
9697,ENST00000450053,ENSP00000415034.2,unlabeled,False,0,self_learning,NC3
9698,ENST00000450114,ENSP00000402084.2,train,True,0,self_learning,NC3
9699,ENST00000450142,ENSP00000389168.2,train,True,0,self_learning,NC3
9700,ENST00000450169,ENSP00000410758.2,unlabeled,False,0,self_learning,NC3
9701,ENST00000450195,0,unlabeled,False,0,self_learning,NC3
9702,ENST00000450295,ENSP00000416523.1,unlabeled,False,0,self_learning,NC3
9703,ENST00000450361,ENSP00000394331.2,unlabeled,False,0,self_learning,NC3
9704,ENST00000450525,ENSP00000395641.3,unlabeled,False,0,self_learning,NC3
9705,ENST00000450593,ENSP00000398629.1,unlabeled,False,0,self_learning,NC3
9706,ENST00000450736,ENSP00000390564.2,unlabeled,False,0,self_learning,NC3
9707,ENST00000451024,ENSP00000451945.1,unlabeled,False,0,self_learning,NC3
9708,ENST00000451047,0,unlabeled,False,0,self_learning,NC3
9709,ENST00000451127,0,unlabeled,False,0,self_learning,NC3
9710,ENST00000451137,ENSP00000398736.2,unlabeled,False,0,self_learning,NC3
9711,ENST00000451188,0,unlabeled,False,0,self_learning,NC3
9712,ENST00000451315,ENSP00000405674.2,train,True,0,self_learning,NC3
9713,ENST00000451321,ENSP00000415433.2,unlabeled,False,0,self_learning,NC3
9714,ENST00000451436,ENSP00000415242.3,unlabeled,False,0,self_learning,NC3
9715,ENST00000451493,ENSP00000414147.1,unlabeled,False,0,self_learning,NC3
9716,ENST00000451604,ENSP00000398273.2,unlabeled,False,0,self_learning,NC3
9717,ENST00000451682,ENSP00000389631.1,train,True,0,self_learning,NC3
9718,ENST00000451882,0,unlabeled,False,0,self_learning,NC3
9719,ENST00000451997,0,unlabeled,False,0,self_learning,NC3
9720,ENST00000452015,ENSP00000408288.3,unlabeled,False,0,self_learning,NC3
9721,ENST00000452027,ENSP00000414302.2,train,True,0,self_learning,NC3
9722,ENST00000452088,ENSP00000406893.1,unlabeled,False,0,self_learning,NC3
9723,ENST00000452089,0,unlabeled,False,0,self_learning,NC3
9724,ENST00000452145,0,unlabeled,False,0,self_learning,NC3
9725,ENST00000452400,ENSP00000399968.2,train,True,0,self_learning,NC3
9726,ENST00000452633,ENSP00000396045.1,unlabeled,False,0,self_learning,NC3
9727,ENST00000452733,ENSP00000408236.2,unlabeled,False,0,self_learning,NC3
9728,ENST00000452790,ENSP00000394316.2,test,True,0,self_learning,NC3
9729,ENST00000452803,ENSP00000389792.1,unlabeled,False,0,self_learning,NC3
9730,ENST00000452918,ENSP00000389380.1,unlabeled,False,0,self_learning,NC3
9731,ENST00000453097,ENSP00000405812.2,unlabeled,False,0,self_learning,NC3
9732,ENST00000453153,ENSP00000400513.2,test,True,0,self_learning,NC3
9733,ENST00000453190,ENSP00000398368.2,unlabeled,False,0,self_learning,NC3
9734,ENST00000453304,ENSP00000406022.1,unlabeled,False,0,self_learning,NC3
9735,ENST00000453318,ENSP00000414521.2,unlabeled,False,0,self_learning,NC3
9736,ENST00000453321,ENSP00000389998.3,unlabeled,False,0,self_learning,NC3
9737,ENST00000453372,ENSP00000410734.1,unlabeled,False,0,self_learning,NC3
9738,ENST00000453386,ENSP00000416959.2,train,True,0,self_learning,NC3
9739,ENST00000453396,0,unlabeled,False,0,self_learning,NC3
9740,ENST00000453908,ENSP00000403476.2,unlabeled,False,0,self_learning,NC3
9741,ENST00000454158,ENSP00000398778.2,unlabeled,False,0,self_learning,NC3
9742,ENST00000454214,ENSP00000407336.1,unlabeled,False,0,self_learning,NC3
9743,ENST00000454366,ENSP00000415430.1,val,True,0,self_learning,NC3
9744,ENST00000454402,ENSP00000408295.2,train,True,0,self_learning,NC3
9745,ENST00000454545,ENSP00000412524.1,unlabeled,False,0,self_learning,NC3
9746,ENST00000454652,ENSP00000395012.1,unlabeled,False,0,self_learning,NC3
9747,ENST00000454679,ENSP00000412763.3,unlabeled,False,0,self_learning,NC3
9748,ENST00000454744,ENSP00000468376.1,unlabeled,False,0,self_learning,NC3
9749,ENST00000454765,ENSP00000415030.2,unlabeled,False,0,self_learning,NC3
9750,ENST00000455140,ENSP00000393313.1,test,True,0,self_learning,NC3
9751,ENST00000455146,ENSP00000397441.2,train,True,0,self_learning,NC3
9752,ENST00000455516,ENSP00000406546.2,unlabeled,False,0,self_learning,NC3
9753,ENST00000455537,ENSP00000408979.2,unlabeled,False,0,self_learning,NC3
9754,ENST00000455566,ENSP00000399970.2,train,True,0,self_learning,NC3
9755,ENST00000455584,ENSP00000402644.2,unlabeled,False,0,self_learning,NC3
9756,ENST00000455600,ENSP00000393922.1,unlabeled,False,0,self_learning,NC3
9757,ENST00000455783,0,unlabeled,False,0,self_learning,NC3
9758,ENST00000455784,ENSP00000391311.2,train,True,0,self_learning,NC3
9759,ENST00000455833,0,unlabeled,False,0,self_learning,NC3
9760,ENST00000455884,ENSP00000401477.2,unlabeled,False,0,self_learning,NC3
9761,ENST00000455915,ENSP00000401470.2,train,True,0,self_learning,NC3
9762,ENST00000456283,0,unlabeled,False,0,self_learning,NC3
9763,ENST00000456324,ENSP00000400391.1,train,True,0,self_learning,NC3
9764,ENST00000456397,ENSP00000416050.2,unlabeled,False,0,self_learning,NC3
9765,ENST00000456430,ENSP00000387641.2,train,True,0,self_learning,NC3
9766,ENST00000456556,ENSP00000403302.1,unlabeled,False,0,self_learning,NC3
9767,ENST00000456783,ENSP00000413660.2,unlabeled,False,0,self_learning,NC3
9768,ENST00000456790,0,unlabeled,False,0,self_learning,NC3
9769,ENST00000456829,ENSP00000407726.2,unlabeled,False,0,self_learning,NC3
9770,ENST00000456909,ENSP00000389383.1,train,True,0,self_learning,NC3
9771,ENST00000456935,ENSP00000395473.2,test,True,0,self_learning,NC3
9772,ENST00000456936,ENSP00000405926.3,unlabeled,False,0,self_learning,NC3
9773,ENST00000457010,ENSP00000399561.2,unlabeled,False,0,self_learning,NC3
9774,ENST00000457052,ENSP00000402674.3,unlabeled,False,0,self_learning,NC3
9775,ENST00000457056,ENSP00000403226.1,unlabeled,False,0,self_learning,NC3
9776,ENST00000457167,ENSP00000406463.2,test,True,0,self_learning,NC3
9777,ENST00000457308,ENSP00000405111.2,train,True,0,self_learning,NC3
9778,ENST00000457354,ENSP00000393316.2,train,True,0,self_learning,NC3
9779,ENST00000457408,ENSP00000404042.2,val,True,0,self_learning,NC3
9780,ENST00000457416,0,unlabeled,False,0,self_learning,NC3
9781,ENST00000457500,ENSP00000411821.2,train,True,0,self_learning,NC3
9782,ENST00000457542,ENSP00000397570.2,unlabeled,False,0,self_learning,NC3
9783,ENST00000457543,ENSP00000455585.1,unlabeled,False,0,self_learning,NC3
9784,ENST00000457714,ENSP00000392500.1,unlabeled,False,0,self_learning,NC3
9785,ENST00000457749,ENSP00000397693.2,unlabeled,False,0,self_learning,NC3
9786,ENST00000457928,ENSP00000413251.3,val,True,0,self_learning,NC3
9787,ENST00000458013,ENSP00000400333.2,train,True,0,self_learning,NC3
9788,ENST00000458035,0,unlabeled,False,0,self_learning,NC3
9789,ENST00000458198,ENSP00000394183.2,train,True,0,self_learning,NC3
9790,ENST00000458385,0,unlabeled,False,0,self_learning,NC3
9791,ENST00000458420,ENSP00000402460.2,unlabeled,False,0,self_learning,NC3
9792,ENST00000458537,ENSP00000415243.3,unlabeled,False,0,self_learning,NC3
9793,ENST00000458549,ENSP00000414786.2,unlabeled,False,0,self_learning,NC3
9794,ENST00000458591,ENSP00000390783.2,train,True,0,self_learning,NC3
9795,ENST00000458694,ENSP00000404911.1,unlabeled,False,0,self_learning,NC3
9796,ENST00000458705,ENSP00000387713.2,unlabeled,False,0,self_learning,NC3
9797,ENST00000460006,ENSP00000419879.1,train,True,0,self_learning,NC3
9798,ENST00000460241,0,unlabeled,False,0,self_learning,NC3
9799,ENST00000460469,ENSP00000419004.1,unlabeled,False,0,self_learning,NC3
9800,ENST00000460680,ENSP00000417132.1,train,True,0,self_learning,NC3
9801,ENST00000460843,ENSP00000417980.1,train,True,0,self_learning,NC3
9802,ENST00000460851,ENSP00000417229.1,val,True,0,self_learning,NC3
9803,ENST00000461166,ENSP00000420612.1,unlabeled,False,0,self_learning,NC3
9804,ENST00000461685,ENSP00000418210.1,train,True,0,self_learning,NC3
9805,ENST00000461745,ENSP00000417164.1,unlabeled,False,0,self_learning,NC3
9806,ENST00000461783,ENSP00000437188.2,unlabeled,False,0,self_learning,NC3
9807,ENST00000461988,ENSP00000419970.1,unlabeled,False,0,self_learning,NC3
9808,ENST00000462138,ENSP00000417773.1,unlabeled,False,0,self_learning,NC3
9809,ENST00000462322,ENSP00000454370.1,unlabeled,False,0,self_learning,NC3
9810,ENST00000462576,ENSP00000495273.1,unlabeled,False,0,self_learning,NC3
9811,ENST00000462683,ENSP00000417573.1,unlabeled,False,0,self_learning,NC3
9812,ENST00000462790,ENSP00000425864.1,unlabeled,False,0,self_learning,NC3
9813,ENST00000463117,ENSP00000440689.1,unlabeled,False,0,self_learning,NC3
9814,ENST00000463745,ENSP00000419619.1,unlabeled,False,0,self_learning,NC3
9815,ENST00000464356,ENSP00000476788.1,unlabeled,False,0,self_learning,NC3
9816,ENST00000464488,0,unlabeled,False,0,self_learning,NC3
9817,ENST00000464506,ENSP00000420127.1,train,True,0,self_learning,NC3
9818,ENST00000464845,ENSP00000417763.1,train,True,0,self_learning,NC3
9819,ENST00000464847,0,unlabeled,False,0,self_learning,NC3
9820,ENST00000465127,ENSP00000417050.1,unlabeled,False,0,self_learning,NC3
9821,ENST00000465139,ENSP00000417864.2,train,True,0,self_learning,NC3
9822,ENST00000465148,ENSP00000435373.2,unlabeled,False,0,self_learning,NC3
9823,ENST00000465271,ENSP00000420443.1,val,True,0,self_learning,NC3
9824,ENST00000465301,ENSP00000419786.2,unlabeled,False,0,self_learning,NC3
9825,ENST00000465530,ENSP00000419395.1,unlabeled,False,0,self_learning,NC3
9826,ENST00000465804,ENSP00000419465.1,train,True,0,self_learning,NC3
9827,ENST00000465828,0,unlabeled,False,0,self_learning,NC3
9828,ENST00000465995,ENSP00000417548.1,test,True,0,self_learning,NC3
9829,ENST00000466202,0,unlabeled,False,0,self_learning,NC3
9830,ENST00000466436,ENSP00000417697.1,unlabeled,False,0,self_learning,NC3
9831,ENST00000466444,ENSP00000420357.2,train,True,0,self_learning,NC3
9832,ENST00000466490,ENSP00000418401.1,unlabeled,False,0,self_learning,NC3
9833,ENST00000466681,ENSP00000419370.1,train,True,0,self_learning,NC3
9834,ENST00000466830,ENSP00000418348.1,train,True,0,self_learning,NC3
9835,ENST00000467125,0,unlabeled,False,0,self_learning,NC3
9836,ENST00000467211,0,unlabeled,False,0,self_learning,NC3
9837,ENST00000467460,ENSP00000419975.1,unlabeled,False,0,self_learning,NC3
9838,ENST00000467482,ENSP00000417161.1,unlabeled,False,0,self_learning,NC3
9839,ENST00000467728,ENSP00000420656.1,unlabeled,False,0,self_learning,NC3
9840,ENST00000467909,ENSP00000432789.1,unlabeled,False,0,self_learning,NC3
9841,ENST00000467963,ENSP00000419765.1,train,True,0,self_learning,NC3
9842,ENST00000468148,ENSP00000417610.1,unlabeled,False,0,self_learning,NC3
9843,ENST00000468812,ENSP00000419425.1,train,True,0,self_learning,NC3
9844,ENST00000469044,ENSP00000419413.1,train,True,0,self_learning,NC3
9845,ENST00000469257,ENSP00000419449.1,unlabeled,False,0,self_learning,NC3
9846,ENST00000469408,ENSP00000417402.1,unlabeled,False,0,self_learning,NC3
9847,ENST00000469520,ENSP00000446828.1,unlabeled,False,0,self_learning,NC3
9848,ENST00000470229,ENSP00000418234.2,unlabeled,False,0,self_learning,NC3
9849,ENST00000470360,0,unlabeled,False,0,self_learning,NC3
9850,ENST00000470487,ENSP00000417354.1,test,True,0,self_learning,NC3
9851,ENST00000470495,ENSP00000417207.1,unlabeled,False,0,self_learning,NC3
9852,ENST00000470557,ENSP00000464327.1,unlabeled,False,0,self_learning,NC3
9853,ENST00000470747,ENSP00000421799.3,unlabeled,False,0,self_learning,NC3
9854,ENST00000471115,0,unlabeled,False,0,self_learning,NC3
9855,ENST00000471181,ENSP00000418960.2,unlabeled,False,0,self_learning,NC3
9856,ENST00000471389,ENSP00000418823.1,train,True,0,self_learning,NC3
9857,ENST00000471696,ENSP00000418910.1,train,True,0,self_learning,NC3
9858,ENST00000471841,ENSP00000420617.1,unlabeled,False,0,self_learning,NC3
9859,ENST00000472174,ENSP00000431605.1,unlabeled,False,0,self_learning,NC3
9860,ENST00000472186,ENSP00000420293.1,unlabeled,False,0,self_learning,NC3
9861,ENST00000472487,ENSP00000418734.1,train,True,0,self_learning,NC3
9862,ENST00000472726,ENSP00000439065.2,unlabeled,False,0,self_learning,NC3
9863,ENST00000472745,0,unlabeled,False,0,self_learning,NC3
9864,ENST00000472886,ENSP00000418901.1,unlabeled,False,0,self_learning,NC3
9865,ENST00000473092,ENSP00000418674.1,unlabeled,False,0,self_learning,NC3
9866,ENST00000473183,ENSP00000418748.2,unlabeled,False,0,self_learning,NC3
9867,ENST00000473363,0,unlabeled,False,0,self_learning,NC3
9868,ENST00000473414,ENSP00000419475.1,train,True,0,self_learning,NC3
9869,ENST00000473559,0,unlabeled,False,0,self_learning,NC3
9870,ENST00000473835,ENSP00000418563.1,train,True,0,self_learning,NC3
9871,ENST00000473989,ENSP00000418648.2,train,True,0,self_learning,NC3
9872,ENST00000474035,0,unlabeled,False,0,self_learning,NC3
9873,ENST00000474289,ENSP00000434908.1,unlabeled,False,0,self_learning,NC3
9874,ENST00000474524,ENSP00000417235.1,unlabeled,False,0,self_learning,NC3
9875,ENST00000474627,ENSP00000417190.2,train,True,0,self_learning,NC3
9876,ENST00000474718,0,unlabeled,False,0,self_learning,NC3
9877,ENST00000474759,ENSP00000419101.1,unlabeled,False,0,self_learning,NC3
9878,ENST00000474879,ENSP00000424381.1,train,True,0,self_learning,NC3
9879,ENST00000474889,ENSP00000418112.1,train,True,0,self_learning,NC3
9880,ENST00000475092,0,unlabeled,False,0,self_learning,NC3
9881,ENST00000475153,ENSP00000420418.1,unlabeled,False,0,self_learning,NC3
9882,ENST00000475243,ENSP00000417175.1,train,True,0,self_learning,NC3
9883,ENST00000475381,ENSP00000418571.4,unlabeled,False,0,self_learning,NC3
9884,ENST00000475390,ENSP00000420091.1,unlabeled,False,0,self_learning,NC3
9885,ENST00000475866,0,unlabeled,False,0,self_learning,NC3
9886,ENST00000476279,ENSP00000419087.1,unlabeled,False,0,self_learning,NC3
9887,ENST00000476371,ENSP00000420714.1,train,True,0,self_learning,NC3
9888,ENST00000476379,ENSP00000417960.2,unlabeled,False,0,self_learning,NC3
9889,ENST00000476781,ENSP00000417602.1,train,True,0,self_learning,NC3
9890,ENST00000476832,ENSP00000417764.1,test,True,0,self_learning,NC3
9891,ENST00000476907,ENSP00000419607.1,unlabeled,False,0,self_learning,NC3
9892,ENST00000476993,ENSP00000417185.1,unlabeled,False,0,self_learning,NC3
9893,ENST00000477224,ENSP00000419195.1,train,True,0,self_learning,NC3
9894,ENST00000477305,ENSP00000481593.1,train,True,0,self_learning,NC3
9895,ENST00000477313,ENSP00000417138.1,unlabeled,False,0,self_learning,NC3
9896,ENST00000477616,ENSP00000434241.1,unlabeled,False,0,self_learning,NC3
9897,ENST00000477703,ENSP00000417806.1,unlabeled,False,0,self_learning,NC3
9898,ENST00000477717,ENSP00000417583.1,unlabeled,False,0,self_learning,NC3
9899,ENST00000477737,ENSP00000417955.1,unlabeled,False,0,self_learning,NC3
9900,ENST00000477853,ENSP00000420608.1,unlabeled,False,0,self_learning,NC3
9901,ENST00000477892,ENSP00000419088.1,unlabeled,False,0,self_learning,NC3
9902,ENST00000478244,ENSP00000417706.1,unlabeled,False,0,self_learning,NC3
9903,ENST00000478753,ENSP00000418669.3,train,True,0,self_learning,NC3
9904,ENST00000479035,ENSP00000420311.2,test,True,0,self_learning,NC3
9905,ENST00000479054,ENSP00000418232.1,unlabeled,False,0,self_learning,NC3
9906,ENST00000479209,ENSP00000420076.1,unlabeled,False,0,self_learning,NC3
9907,ENST00000479665,ENSP00000419371.1,train,True,0,self_learning,NC3
9908,ENST00000479870,0,unlabeled,False,0,self_learning,NC3
9909,ENST00000479950,ENSP00000420484.1,unlabeled,False,0,self_learning,NC3
9910,ENST00000479961,0,unlabeled,False,0,self_learning,NC3
9911,ENST00000480456,ENSP00000420419.1,unlabeled,False,0,self_learning,NC3
9912,ENST00000480502,0,unlabeled,False,0,self_learning,NC3
9913,ENST00000480687,ENSP00000418565.1,unlabeled,False,0,self_learning,NC3
9914,ENST00000480945,ENSP00000417748.1,unlabeled,False,0,self_learning,NC3
9915,ENST00000481138,0,unlabeled,False,0,self_learning,NC3
9916,ENST00000481195,ENSP00000418447.1,unlabeled,False,0,self_learning,NC3
9917,ENST00000481247,ENSP00000418751.1,unlabeled,False,0,self_learning,NC3
9918,ENST00000481490,ENSP00000420405.2,unlabeled,False,0,self_learning,NC3
9919,ENST00000481508,ENSP00000419665.1,unlabeled,False,0,self_learning,NC3
9920,ENST00000481533,0,unlabeled,False,0,self_learning,NC3
9921,ENST00000481752,ENSP00000417273.1,train,True,0,self_learning,NC3
9922,ENST00000481909,0,unlabeled,False,0,self_learning,NC3
9923,ENST00000482796,ENSP00000417556.2,unlabeled,False,0,self_learning,NC3
9924,ENST00000483063,ENSP00000420176.1,train,True,0,self_learning,NC3
9925,ENST00000483209,ENSP00000420161.1,train,True,0,self_learning,NC3
9926,ENST00000483233,ENSP00000420065.1,unlabeled,False,0,self_learning,NC3
9927,ENST00000483273,ENSP00000485401.1,unlabeled,False,0,self_learning,NC3
9928,ENST00000483466,ENSP00000420323.1,unlabeled,False,0,self_learning,NC3
9929,ENST00000483725,0,unlabeled,False,0,self_learning,NC3
9930,ENST00000484259,ENSP00000419243.2,val,True,0,self_learning,NC3
9931,ENST00000484302,ENSP00000420009.2,unlabeled,False,0,self_learning,NC3
9932,ENST00000484457,ENSP00000417601.1,train,True,0,self_learning,NC3
9933,ENST00000484800,ENSP00000418268.1,test,True,0,self_learning,NC3
9934,ENST00000484973,0,unlabeled,False,0,self_learning,NC3
9935,ENST00000485079,0,unlabeled,False,0,self_learning,NC3
9936,ENST00000485303,ENSP00000418070.1,train,True,0,self_learning,NC3
9937,ENST00000485419,ENSP00000420182.1,unlabeled,False,0,self_learning,NC3
9938,ENST00000485511,ENSP00000417963.1,train,True,0,self_learning,NC3
9939,ENST00000485614,0,unlabeled,False,0,self_learning,NC3
9940,ENST00000485713,ENSP00000419412.1,unlabeled,False,0,self_learning,NC3
9941,ENST00000485972,ENSP00000419782.1,val,True,0,self_learning,NC3
9942,ENST00000486111,ENSP00000420599.1,unlabeled,False,0,self_learning,NC3
9943,ENST00000486347,ENSP00000419592.1,unlabeled,False,0,self_learning,NC3
9944,ENST00000486442,ENSP00000420659.1,unlabeled,False,0,self_learning,NC3
9945,ENST00000486685,ENSP00000483872.1,unlabeled,False,0,self_learning,NC3
9946,ENST00000486715,ENSP00000419038.1,train,True,0,self_learning,NC3
9947,ENST00000486975,0,unlabeled,False,0,self_learning,NC3
9948,ENST00000487099,ENSP00000420267.1,train,True,0,self_learning,NC3
9949,ENST00000487270,ENSP00000419471.1,unlabeled,False,0,self_learning,NC3
9950,ENST00000487273,ENSP00000419446.2,train,True,0,self_learning,NC3
9951,ENST00000487519,ENSP00000420588.1,train,True,0,self_learning,NC3
9952,ENST00000487577,ENSP00000498844.1,unlabeled,False,0,self_learning,NC3
9953,ENST00000487903,ENSP00000420387.1,unlabeled,False,0,self_learning,NC3
9954,ENST00000488300,ENSP00000420465.1,unlabeled,False,0,self_learning,NC3
9955,ENST00000488423,ENSP00000419599.1,train,True,0,self_learning,NC3
9956,ENST00000488633,ENSP00000418287.1,train,True,0,self_learning,NC3
9957,ENST00000488653,0,unlabeled,False,0,self_learning,NC3
9958,ENST00000488788,0,unlabeled,False,0,self_learning,NC3
9959,ENST00000489294,ENSP00000420270.1,unlabeled,False,0,self_learning,NC3
9960,ENST00000489418,ENSP00000417686.1,unlabeled,False,0,self_learning,NC3
9961,ENST00000489711,ENSP00000417085.1,unlabeled,False,0,self_learning,NC3
9962,ENST00000489835,ENSP00000419296.2,unlabeled,False,0,self_learning,NC3
9963,ENST00000490035,ENSP00000419000.1,unlabeled,False,0,self_learning,NC3
9964,ENST00000490107,ENSP00000419184.2,train,True,0,self_learning,NC3
9965,ENST00000490491,0,unlabeled,False,0,self_learning,NC3
9966,ENST00000490531,ENSP00000420477.2,unlabeled,False,0,self_learning,NC3
9967,ENST00000490605,0,unlabeled,False,0,self_learning,NC3
9968,ENST00000491143,ENSP00000419185.2,unlabeled,False,0,self_learning,NC3
9969,ENST00000491306,ENSP00000418082.1,train,True,0,self_learning,NC3
9970,ENST00000491415,ENSP00000419005.1,train,True,0,self_learning,NC3
9971,ENST00000491431,ENSP00000417470.1,unlabeled,False,0,self_learning,NC3
9972,ENST00000491614,ENSP00000419628.1,unlabeled,False,0,self_learning,NC3
9973,ENST00000491935,ENSP00000478877.1,train,True,0,self_learning,NC3
9974,ENST00000492112,ENSP00000420195.1,train,True,0,self_learning,NC3
9975,ENST00000492406,ENSP00000417654.1,unlabeled,False,0,self_learning,NC3
9976,ENST00000492450,0,unlabeled,False,0,self_learning,NC3
9977,ENST00000492590,ENSP00000418582.1,unlabeled,False,0,self_learning,NC3
9978,ENST00000492807,ENSP00000424095.1,unlabeled,False,0,self_learning,NC3
9979,ENST00000493111,0,unlabeled,False,0,self_learning,NC3
9980,ENST00000493196,ENSP00000418693.1,unlabeled,False,0,self_learning,NC3
9981,ENST00000493442,ENSP00000417581.1,unlabeled,False,0,self_learning,NC3
9982,ENST00000493763,ENSP00000418221.3,unlabeled,False,0,self_learning,NC3
9983,ENST00000493960,ENSP00000417509.2,unlabeled,False,0,self_learning,NC3
9984,ENST00000494383,0,unlabeled,False,0,self_learning,NC3
9985,ENST00000494481,0,unlabeled,False,0,self_learning,NC3
9986,ENST00000494664,ENSP00000418803.1,train,True,0,self_learning,NC3
9987,ENST00000494774,ENSP00000419992.1,unlabeled,False,0,self_learning,NC3
9988,ENST00000495075,ENSP00000418008.1,unlabeled,False,0,self_learning,NC3
9989,ENST00000495186,ENSP00000417052.1,unlabeled,False,0,self_learning,NC3
9990,ENST00000495273,ENSP00000420637.1,unlabeled,False,0,self_learning,NC3
9991,ENST00000495313,0,unlabeled,False,0,self_learning,NC3
9992,ENST00000495461,ENSP00000418813.1,train,True,0,self_learning,NC3
9993,ENST00000495514,ENSP00000418663.1,unlabeled,False,0,self_learning,NC3
9994,ENST00000495880,ENSP00000417183.1,unlabeled,False,0,self_learning,NC3
9995,ENST00000495893,ENSP00000420294.1,train,True,0,self_learning,NC3
9996,ENST00000496391,ENSP00000419270.1,unlabeled,False,0,self_learning,NC3
9997,ENST00000496455,ENSP00000419851.1,test,True,0,self_learning,NC3
9998,ENST00000496613,ENSP00000419654.1,unlabeled,False,0,self_learning,NC3
9999,ENST00000496770,ENSP00000476320.1,unlabeled,False,0,self_learning,NC3
10000,ENST00000496811,ENSP00000417078.1,val,True,0,self_learning,NC3
10001,ENST00000496820,0,unlabeled,False,0,self_learning,NC3
10002,ENST00000497194,0,unlabeled,False,0,self_learning,NC3
10003,ENST00000497473,ENSP00000417580.1,train,True,0,self_learning,NC3
10004,ENST00000497524,ENSP00000419422.1,unlabeled,False,0,self_learning,NC3
10005,ENST00000497547,ENSP00000417464.1,train,True,0,self_learning,NC3
10006,ENST00000497571,ENSP00000419923.1,unlabeled,False,0,self_learning,NC3
10007,ENST00000498165,ENSP00000417659.1,train,True,0,self_learning,NC3
10008,ENST00000498285,ENSP00000464383.1,train,True,0,self_learning,NC3
10009,ENST00000498508,ENSP00000420283.2,unlabeled,False,0,self_learning,NC3
10010,ENST00000498682,0,unlabeled,False,0,self_learning,NC3
10011,ENST00000498707,ENSP00000418735.1,unlabeled,False,0,self_learning,NC3
10012,ENST00000498907,ENSP00000427514.1,test,True,0,self_learning,NC3
10013,ENST00000498926,ENSP00000438465.1,train,True,0,self_learning,NC3
10014,ENST00000499023,ENSP00000424417.1,train,True,0,self_learning,NC3
10015,ENST00000499247,ENSP00000427695.1,unlabeled,False,0,self_learning,NC3
10016,ENST00000499536,0,unlabeled,False,0,self_learning,NC3
10017,ENST00000499666,ENSP00000424183.1,train,True,0,self_learning,NC3
10018,ENST00000500337,ENSP00000426067.1,unlabeled,False,0,self_learning,NC3
10019,ENST00000500893,ENSP00000484056.1,train,True,0,self_learning,NC3
10020,ENST00000501748,ENSP00000445979.1,unlabeled,False,0,self_learning,NC3
10021,ENST00000502346,ENSP00000424707.1,unlabeled,False,0,self_learning,NC3
10022,ENST00000502484,ENSP00000423094.2,unlabeled,False,0,self_learning,NC3
10023,ENST00000502486,ENSP00000421169.1,unlabeled,False,0,self_learning,NC3
10024,ENST00000502492,ENSP00000421380.1,train,True,0,self_learning,NC3
10025,ENST00000502717,ENSP00000421917.1,unlabeled,False,0,self_learning,NC3
10026,ENST00000502732,ENSP00000427562.1,train,True,0,self_learning,NC3
10027,ENST00000502773,ENSP00000422464.1,unlabeled,False,0,self_learning,NC3
10028,ENST00000502798,ENSP00000423541.2,unlabeled,False,0,self_learning,NC3
10029,ENST00000502935,ENSP00000421566.1,test,True,0,self_learning,NC3
10030,ENST00000502978,0,unlabeled,False,0,self_learning,NC3
10031,ENST00000503004,ENSP00000421226.1,unlabeled,False,0,self_learning,NC3
10032,ENST00000503176,ENSP00000420927.1,unlabeled,False,0,self_learning,NC3
10033,ENST00000503335,ENSP00000423354.2,unlabeled,False,0,self_learning,NC3
10034,ENST00000503362,ENSP00000427463.1,train,True,0,self_learning,NC3
10035,ENST00000503462,0,unlabeled,False,0,self_learning,NC3
10036,ENST00000503506,ENSP00000421934.2,unlabeled,False,0,self_learning,NC3
10037,ENST00000503585,ENSP00000423881.1,unlabeled,False,0,self_learning,NC3
10038,ENST00000503731,ENSP00000424544.1,train,True,0,self_learning,NC3
10039,ENST00000503752,ENSP00000420860.1,unlabeled,False,0,self_learning,NC3
10040,ENST00000503771,ENSP00000422431.1,unlabeled,False,0,self_learning,NC3
10041,ENST00000503780,ENSP00000423153.1,unlabeled,False,0,self_learning,NC3
10042,ENST00000503787,ENSP00000423822.1,train,True,0,self_learning,NC3
10043,ENST00000503804,ENSP00000421405.1,unlabeled,False,0,self_learning,NC3
10044,ENST00000504087,ENSP00000425658.1,test,True,0,self_learning,NC3
10045,ENST00000504110,0,unlabeled,False,0,self_learning,NC3
10046,ENST00000504154,ENSP00000422591.1,unlabeled,False,0,self_learning,NC3
10047,ENST00000504156,ENSP00000425634.1,unlabeled,False,0,self_learning,NC3
10048,ENST00000504169,ENSP00000427108.1,train,True,0,self_learning,NC3
10049,ENST00000504273,ENSP00000426255.1,unlabeled,False,0,self_learning,NC3
10050,ENST00000504329,0,unlabeled,False,0,self_learning,NC3
10051,ENST00000504595,ENSP00000423630.1,unlabeled,False,0,self_learning,NC3
10052,ENST00000504764,0,unlabeled,False,0,self_learning,NC3
10053,ENST00000504771,ENSP00000422245.1,unlabeled,False,0,self_learning,NC3
10054,ENST00000504898,ENSP00000425031.1,unlabeled,False,0,self_learning,NC3
10055,ENST00000504904,ENSP00000439402.1,unlabeled,False,0,self_learning,NC3
10056,ENST00000504924,ENSP00000433427.1,train,True,0,self_learning,NC3
10057,ENST00000504942,ENSP00000427018.3,unlabeled,False,0,self_learning,NC3
10058,ENST00000504953,ENSP00000425570.1,unlabeled,False,0,self_learning,NC3
10059,ENST00000504986,ENSP00000422473.1,unlabeled,False,0,self_learning,NC3
10060,ENST00000505139,ENSP00000426741.1,unlabeled,False,0,self_learning,NC3
10061,ENST00000505242,0,unlabeled,False,0,self_learning,NC3
10062,ENST00000505416,ENSP00000424730.1,unlabeled,False,0,self_learning,NC3
10063,ENST00000505459,ENSP00000424870.1,train,True,0,self_learning,NC3
10064,ENST00000505490,0,unlabeled,False,0,self_learning,NC3
10065,ENST00000505560,ENSP00000426848.1,test,True,0,self_learning,NC3
10066,ENST00000505658,ENSP00000425092.1,unlabeled,False,0,self_learning,NC3
10067,ENST00000505747,ENSP00000423933.1,train,True,0,self_learning,NC3
10068,ENST00000505790,ENSP00000423161.1,unlabeled,False,0,self_learning,NC3
10069,ENST00000506113,ENSP00000425394.1,unlabeled,False,0,self_learning,NC3
10070,ENST00000506184,ENSP00000421202.2,unlabeled,False,0,self_learning,NC3
10071,ENST00000506351,ENSP00000425118.2,unlabeled,False,0,self_learning,NC3
10072,ENST00000506447,ENSP00000427550.1,unlabeled,False,0,self_learning,NC3
10073,ENST00000506502,ENSP00000475384.1,unlabeled,False,0,self_learning,NC3
10074,ENST00000506577,ENSP00000425915.1,unlabeled,False,0,self_learning,NC3
10075,ENST00000506720,0,unlabeled,False,0,self_learning,NC3
10076,ENST00000506729,ENSP00000421339.1,unlabeled,False,0,self_learning,NC3
10077,ENST00000506757,ENSP00000424424.1,unlabeled,False,0,self_learning,NC3
10078,ENST00000506784,ENSP00000423665.1,train,True,0,self_learning,NC3
10079,ENST00000507110,ENSP00000424328.1,train,True,0,self_learning,NC3
10080,ENST00000507166,0,unlabeled,False,0,self_learning,NC3
10081,ENST00000507489,ENSP00000422037.1,unlabeled,False,0,self_learning,NC3
10082,ENST00000507606,0,unlabeled,False,0,self_learning,NC3
10083,ENST00000507668,ENSP00000426237.3,unlabeled,False,0,self_learning,NC3
10084,ENST00000507747,ENSP00000426906.1,unlabeled,False,0,self_learning,NC3
10085,ENST00000507754,ENSP00000423673.1,train,True,0,self_learning,NC3
10086,ENST00000507866,ENSP00000422185.2,unlabeled,False,0,self_learning,NC3
10087,ENST00000508064,ENSP00000421736.2,unlabeled,False,0,self_learning,NC3
10088,ENST00000508177,ENSP00000423674.1,unlabeled,False,0,self_learning,NC3
10089,ENST00000508190,ENSP00000423861.1,unlabeled,False,0,self_learning,NC3
10090,ENST00000508192,ENSP00000425765.1,unlabeled,False,0,self_learning,NC3
10091,ENST00000508394,ENSP00000424191.1,train,True,0,self_learning,NC3
10092,ENST00000508775,ENSP00000426455.2,unlabeled,False,0,self_learning,NC3
10093,ENST00000508821,ENSP00000424123.1,unlabeled,False,0,self_learning,NC3
10094,ENST00000508987,ENSP00000423399.1,unlabeled,False,0,self_learning,NC3
10095,ENST00000509111,0,unlabeled,False,0,self_learning,NC3
10096,ENST00000509430,ENSP00000427004.1,train,True,0,self_learning,NC3
10097,ENST00000509479,ENSP00000421180.1,unlabeled,False,0,self_learning,NC3
10098,ENST00000509504,ENSP00000421315.2,unlabeled,False,0,self_learning,NC3
10099,ENST00000509578,ENSP00000425759.1,train,True,0,self_learning,NC3
10100,ENST00000509634,ENSP00000421246.1,unlabeled,False,0,self_learning,NC3
10101,ENST00000509852,ENSP00000423302.1,unlabeled,False,0,self_learning,NC3
10102,ENST00000509910,ENSP00000425107.1,val,True,0,self_learning,NC3
10103,ENST00000510025,ENSP00000424940.3,val,True,0,self_learning,NC3
10104,ENST00000510461,ENSP00000421985.1,unlabeled,False,0,self_learning,NC3
10105,ENST00000510508,0,unlabeled,False,0,self_learning,NC3
10106,ENST00000510585,0,unlabeled,False,0,self_learning,NC3
10107,ENST00000510708,ENSP00000425048.1,val,True,0,self_learning,NC3
10108,ENST00000510994,ENSP00000421842.1,unlabeled,False,0,self_learning,NC3
10109,ENST00000511216,ENSP00000425130.1,unlabeled,False,0,self_learning,NC3
10110,ENST00000511320,ENSP00000421926.1,unlabeled,False,0,self_learning,NC3
10111,ENST00000511367,ENSP00000425979.2,test,True,0,self_learning,NC3
10112,ENST00000511437,ENSP00000422338.1,unlabeled,False,0,self_learning,NC3
10113,ENST00000511455,ENSP00000427130.2,unlabeled,False,0,self_learning,NC3
10114,ENST00000511600,ENSP00000426503.1,unlabeled,False,0,self_learning,NC3
10115,ENST00000511685,ENSP00000424226.1,unlabeled,False,0,self_learning,NC3
10116,ENST00000511817,ENSP00000421491.1,test,True,0,self_learning,NC3
10117,ENST00000511833,ENSP00000428878.1,unlabeled,False,0,self_learning,NC3
10118,ENST00000511885,ENSP00000435506.1,unlabeled,False,0,self_learning,NC3
10119,ENST00000511912,ENSP00000426638.1,train,True,0,self_learning,NC3
10120,ENST00000512104,0,unlabeled,False,0,self_learning,NC3
10121,ENST00000512123,ENSP00000422834.2,train,True,0,self_learning,NC3
10122,ENST00000512132,ENSP00000426193.1,unlabeled,False,0,self_learning,NC3
10123,ENST00000512194,0,unlabeled,False,0,self_learning,NC3
10124,ENST00000512261,0,unlabeled,False,0,self_learning,NC3
10125,ENST00000512729,ENSP00000422581.2,unlabeled,False,0,self_learning,NC3
10126,ENST00000512733,ENSP00000421981.1,unlabeled,False,0,self_learning,NC3
10127,ENST00000512783,ENSP00000421544.1,unlabeled,False,0,self_learning,NC3
10128,ENST00000512805,ENSP00000426909.1,train,True,0,self_learning,NC3
10129,ENST00000512944,ENSP00000425587.1,unlabeled,False,0,self_learning,NC3
10130,ENST00000513000,ENSP00000425487.1,unlabeled,False,0,self_learning,NC3
10131,ENST00000513140,ENSP00000426018.1,unlabeled,False,0,self_learning,NC3
10132,ENST00000513200,0,unlabeled,False,0,self_learning,NC3
10133,ENST00000513209,ENSP00000476742.1,unlabeled,False,0,self_learning,NC3
10134,ENST00000513312,ENSP00000426359.1,unlabeled,False,0,self_learning,NC3
10135,ENST00000513440,ENSP00000426983.1,unlabeled,False,0,self_learning,NC3
10136,ENST00000513458,ENSP00000427401.3,train,True,0,self_learning,NC3
10137,ENST00000513610,ENSP00000421280.1,unlabeled,False,0,self_learning,NC3
10138,ENST00000513963,0,unlabeled,False,0,self_learning,NC3
10139,ENST00000513973,ENSP00000424874.1,unlabeled,False,0,self_learning,NC3
10140,ENST00000514199,ENSP00000424566.1,unlabeled,False,0,self_learning,NC3
10141,ENST00000514226,ENSP00000422947.1,unlabeled,False,0,self_learning,NC3
10142,ENST00000514251,ENSP00000426387.1,unlabeled,False,0,self_learning,NC3
10143,ENST00000514277,ENSP00000426964.1,unlabeled,False,0,self_learning,NC3
10144,ENST00000514667,ENSP00000426948.1,test,True,0,self_learning,NC3
10145,ENST00000514747,0,unlabeled,False,0,self_learning,NC3
10146,ENST00000514819,0,unlabeled,False,0,self_learning,NC3
10147,ENST00000514917,ENSP00000423309.4,unlabeled,False,0,self_learning,NC3
10148,ENST00000515030,ENSP00000422607.1,unlabeled,False,0,self_learning,NC3
10149,ENST00000515098,ENSP00000420875.1,unlabeled,False,0,self_learning,NC3
10150,ENST00000515560,ENSP00000423917.1,unlabeled,False,0,self_learning,NC3
10151,ENST00000515604,0,unlabeled,False,0,self_learning,NC3
10152,ENST00000515673,ENSP00000425840.1,unlabeled,False,0,self_learning,NC3
10153,ENST00000515780,ENSP00000420919.1,unlabeled,False,0,self_learning,NC3
10154,ENST00000515837,0,unlabeled,False,0,self_learning,NC3
10155,ENST00000517294,0,unlabeled,False,0,self_learning,NC3
10156,ENST00000517309,ENSP00000430548.1,train,True,0,self_learning,NC3
10157,ENST00000517434,0,unlabeled,False,0,self_learning,NC3
10158,ENST00000517490,ENSP00000477590.1,train,True,0,self_learning,NC3
10159,ENST00000517492,ENSP00000429407.1,unlabeled,False,0,self_learning,NC3
10160,ENST00000517562,0,unlabeled,False,0,self_learning,NC3
10161,ENST00000517608,ENSP00000428813.2,unlabeled,False,0,self_learning,NC3
10162,ENST00000517876,ENSP00000430493.1,train,True,0,self_learning,NC3
10163,ENST00000517956,ENSP00000428205.1,unlabeled,False,0,self_learning,NC3
10164,ENST00000517970,ENSP00000427793.1,unlabeled,False,0,self_learning,NC3
10165,ENST00000518137,ENSP00000429190.1,unlabeled,False,0,self_learning,NC3
10166,ENST00000518149,ENSP00000428341.1,unlabeled,False,0,self_learning,NC3
10167,ENST00000518156,ENSP00000428480.2,train,True,0,self_learning,NC3
10168,ENST00000518322,ENSP00000429367.1,val,True,0,self_learning,NC3
10169,ENST00000518325,0,unlabeled,False,0,self_learning,NC3
10170,ENST00000518421,ENSP00000428787.1,unlabeled,False,0,self_learning,NC3
10171,ENST00000518568,ENSP00000428612.1,unlabeled,False,0,self_learning,NC3
10172,ENST00000518698,ENSP00000427820.1,unlabeled,False,0,self_learning,NC3
10173,ENST00000518721,ENSP00000429900.1,test,True,0,self_learning,NC3
10174,ENST00000518738,ENSP00000430282.1,unlabeled,False,0,self_learning,NC3
10175,ENST00000519065,ENSP00000430432.1,train,True,0,self_learning,NC3
10176,ENST00000519289,0,unlabeled,False,0,self_learning,NC3
10177,ENST00000519374,ENSP00000429690.1,unlabeled,False,0,self_learning,NC3
10178,ENST00000519449,ENSP00000428968.1,unlabeled,False,0,self_learning,NC3
10179,ENST00000519560,ENSP00000430333.2,unlabeled,False,0,self_learning,NC3
10180,ENST00000519638,ENSP00000428112.1,test,True,0,self_learning,NC3
10181,ENST00000519676,ENSP00000429168.1,test,True,0,self_learning,NC3
10182,ENST00000519728,ENSP00000428924.1,train,True,0,self_learning,NC3
10183,ENST00000519824,ENSP00000429150.1,unlabeled,False,0,self_learning,NC3
10184,ENST00000519948,0,unlabeled,False,0,self_learning,NC3
10185,ENST00000519973,ENSP00000429200.1,unlabeled,False,0,self_learning,NC3
10186,ENST00000520164,ENSP00000430241.1,unlabeled,False,0,self_learning,NC3
10187,ENST00000520262,ENSP00000429754.1,unlabeled,False,0,self_learning,NC3
10188,ENST00000520309,ENSP00000427882.1,train,True,0,self_learning,NC3
10189,ENST00000520311,ENSP00000428388.1,unlabeled,False,0,self_learning,NC3
10190,ENST00000520347,ENSP00000430823.1,unlabeled,False,0,self_learning,NC3
10191,ENST00000520358,ENSP00000429993.2,unlabeled,False,0,self_learning,NC3
10192,ENST00000520429,ENSP00000428982.1,test,True,0,self_learning,NC3
10193,ENST00000520509,ENSP00000429089.1,unlabeled,False,0,self_learning,NC3
10194,ENST00000520539,ENSP00000429084.1,train,True,0,self_learning,NC3
10195,ENST00000520694,0,unlabeled,False,0,self_learning,NC3
10196,ENST00000520727,ENSP00000427831.1,unlabeled,False,0,self_learning,NC3
10197,ENST00000520810,ENSP00000430684.1,train,True,0,self_learning,NC3
10198,ENST00000520948,ENSP00000428321.1,unlabeled,False,0,self_learning,NC3
10199,ENST00000521022,ENSP00000429065.1,test,True,0,self_learning,NC3
10200,ENST00000521072,ENSP00000427929.1,unlabeled,False,0,self_learning,NC3
10201,ENST00000521180,ENSP00000428540.1,unlabeled,False,0,self_learning,NC3
10202,ENST00000521262,ENSP00000427788.1,unlabeled,False,0,self_learning,NC3
10203,ENST00000521288,ENSP00000429274.2,train,True,0,self_learning,NC3
10204,ENST00000521291,ENSP00000428085.1,unlabeled,False,0,self_learning,NC3
10205,ENST00000521374,ENSP00000430947.2,unlabeled,False,0,self_learning,NC3
10206,ENST00000521381,ENSP00000428056.1,unlabeled,False,0,self_learning,NC3
10207,ENST00000521389,ENSP00000430237.1,unlabeled,False,0,self_learning,NC3
10208,ENST00000521400,ENSP00000430269.1,val,True,0,self_learning,NC3
10209,ENST00000521476,ENSP00000428223.1,unlabeled,False,0,self_learning,NC3
10210,ENST00000521508,ENSP00000430236.1,train,True,0,self_learning,NC3
10211,ENST00000521545,ENSP00000428409.1,unlabeled,False,0,self_learning,NC3
10212,ENST00000521580,ENSP00000428585.1,unlabeled,False,0,self_learning,NC3
10213,ENST00000521604,ENSP00000428426.2,train,True,0,self_learning,NC3
10214,ENST00000521688,ENSP00000429986.1,train,True,0,self_learning,NC3
10215,ENST00000521764,ENSP00000427802.1,unlabeled,False,0,self_learning,NC3
10216,ENST00000521776,ENSP00000428619.1,unlabeled,False,0,self_learning,NC3
10217,ENST00000521861,ENSP00000429931.1,unlabeled,False,0,self_learning,NC3
10218,ENST00000521871,ENSP00000428646.1,unlabeled,False,0,self_learning,NC3
10219,ENST00000521988,0,unlabeled,False,0,self_learning,NC3
10220,ENST00000522006,0,unlabeled,False,0,self_learning,NC3
10221,ENST00000522111,ENSP00000429216.2,unlabeled,False,0,self_learning,NC3
10222,ENST00000522212,0,unlabeled,False,0,self_learning,NC3
10223,ENST00000522362,ENSP00000429344.1,unlabeled,False,0,self_learning,NC3
10224,ENST00000522452,0,unlabeled,False,0,self_learning,NC3
10225,ENST00000522526,0,unlabeled,False,0,self_learning,NC3
10226,ENST00000522684,ENSP00000429911.1,unlabeled,False,0,self_learning,NC3
10227,ENST00000522781,ENSP00000429763.1,unlabeled,False,0,self_learning,NC3
10228,ENST00000523016,ENSP00000429707.1,unlabeled,False,0,self_learning,NC3
10229,ENST00000523037,ENSP00000431040.1,unlabeled,False,0,self_learning,NC3
10230,ENST00000523111,ENSP00000428209.1,unlabeled,False,0,self_learning,NC3
10231,ENST00000523189,ENSP00000427975.1,val,True,0,self_learning,NC3
10232,ENST00000523207,ENSP00000430846.1,unlabeled,False,0,self_learning,NC3
10233,ENST00000523266,ENSP00000427866.1,unlabeled,False,0,self_learning,NC3
10234,ENST00000523374,ENSP00000429148.1,unlabeled,False,0,self_learning,NC3
10235,ENST00000523377,ENSP00000430025.1,train,True,0,self_learning,NC3
10236,ENST00000523505,ENSP00000430897.2,unlabeled,False,0,self_learning,NC3
10237,ENST00000523638,0,unlabeled,False,0,self_learning,NC3
10238,ENST00000523731,ENSP00000430338.1,train,True,0,self_learning,NC3
10239,ENST00000523771,ENSP00000429655.1,unlabeled,False,0,self_learning,NC3
10240,ENST00000523983,ENSP00000428765.2,unlabeled,False,0,self_learning,NC3
10241,ENST00000524087,0,unlabeled,False,0,self_learning,NC3
10242,ENST00000524142,ENSP00000430598.1,unlabeled,False,0,self_learning,NC3
10243,ENST00000524189,ENSP00000427900.1,test,True,0,self_learning,NC3
10244,ENST00000524300,ENSP00000428756.1,train,True,0,self_learning,NC3
10245,ENST00000524325,ENSP00000428763.2,unlabeled,False,0,self_learning,NC3
10246,ENST00000524391,ENSP00000435954.1,unlabeled,False,0,self_learning,NC3
10247,ENST00000524413,ENSP00000434887.1,unlabeled,False,0,self_learning,NC3
10248,ENST00000524558,ENSP00000434412.1,unlabeled,False,0,self_learning,NC3
10249,ENST00000524625,ENSP00000433543.1,unlabeled,False,0,self_learning,NC3
10250,ENST00000524717,ENSP00000434552.1,unlabeled,False,0,self_learning,NC3
10251,ENST00000524782,ENSP00000434442.1,unlabeled,False,0,self_learning,NC3
10252,ENST00000524796,0,unlabeled,False,0,self_learning,NC3
10253,ENST00000524803,ENSP00000432487.1,train,True,0,self_learning,NC3
10254,ENST00000524821,ENSP00000436621.1,unlabeled,False,0,self_learning,NC3
10255,ENST00000524871,ENSP00000435637.1,unlabeled,False,0,self_learning,NC3
10256,ENST00000524913,0,unlabeled,False,0,self_learning,NC3
10257,ENST00000524958,0,unlabeled,False,0,self_learning,NC3
10258,ENST00000524981,ENSP00000431759.5,unlabeled,False,0,self_learning,NC3
10259,ENST00000525074,ENSP00000433102.1,train,True,0,self_learning,NC3
10260,ENST00000525239,ENSP00000432119.1,unlabeled,False,0,self_learning,NC3
10261,ENST00000525428,ENSP00000433919.1,unlabeled,False,0,self_learning,NC3
10262,ENST00000525451,ENSP00000432660.1,unlabeled,False,0,self_learning,NC3
10263,ENST00000525621,ENSP00000431885.1,test,True,0,self_learning,NC3
10264,ENST00000525634,ENSP00000435777.1,train,True,0,self_learning,NC3
10265,ENST00000525754,ENSP00000433071.1,unlabeled,False,0,self_learning,NC3
10266,ENST00000525815,ENSP00000436785.1,train,True,0,self_learning,NC3
10267,ENST00000526060,ENSP00000436984.1,unlabeled,False,0,self_learning,NC3
10268,ENST00000526117,ENSP00000436930.1,unlabeled,False,0,self_learning,NC3
10269,ENST00000526355,ENSP00000431245.2,unlabeled,False,0,self_learning,NC3
10270,ENST00000526415,ENSP00000431808.1,val,True,0,self_learning,NC3
10271,ENST00000526639,ENSP00000432595.2,unlabeled,False,0,self_learning,NC3
10272,ENST00000526683,ENSP00000434359.1,unlabeled,False,0,self_learning,NC3
10273,ENST00000526991,ENSP00000432279.1,test,True,0,self_learning,NC3
10274,ENST00000526995,ENSP00000433623.1,unlabeled,False,0,self_learning,NC3
10275,ENST00000527087,ENSP00000435838.1,unlabeled,False,0,self_learning,NC3
10276,ENST00000527275,ENSP00000435350.1,unlabeled,False,0,self_learning,NC3
10277,ENST00000527323,ENSP00000431984.1,unlabeled,False,0,self_learning,NC3
10278,ENST00000527478,0,unlabeled,False,0,self_learning,NC3
10279,ENST00000527524,ENSP00000435648.2,unlabeled,False,0,self_learning,NC3
10280,ENST00000527670,ENSP00000432511.1,val,True,0,self_learning,NC3
10281,ENST00000527729,0,unlabeled,False,0,self_learning,NC3
10282,ENST00000527733,ENSP00000433146.2,unlabeled,False,0,self_learning,NC3
10283,ENST00000527786,ENSP00000433488.2,unlabeled,False,0,self_learning,NC3
10284,ENST00000527879,ENSP00000435619.1,unlabeled,False,0,self_learning,NC3
10285,ENST00000527881,ENSP00000434847.1,test,True,0,self_learning,NC3
10286,ENST00000527958,ENSP00000435289.1,train,True,0,self_learning,NC3
10287,ENST00000528080,ENSP00000433126.1,unlabeled,False,0,self_learning,NC3
10288,ENST00000528157,ENSP00000432799.3,val,True,0,self_learning,NC3
10289,ENST00000528266,0,unlabeled,False,0,self_learning,NC3
10290,ENST00000528372,ENSP00000432724.1,unlabeled,False,0,self_learning,NC3
10291,ENST00000528405,0,unlabeled,False,0,self_learning,NC3
10292,ENST00000528416,ENSP00000436901.1,val,True,0,self_learning,NC3
10293,ENST00000528542,ENSP00000432334.1,unlabeled,False,0,self_learning,NC3
10294,ENST00000528655,ENSP00000436607.1,unlabeled,False,0,self_learning,NC3
10295,ENST00000528667,ENSP00000436541.2,unlabeled,False,0,self_learning,NC3
10296,ENST00000528673,ENSP00000431821.1,unlabeled,False,0,self_learning,NC3
10297,ENST00000528848,ENSP00000473553.1,unlabeled,False,0,self_learning,NC3
10298,ENST00000528896,ENSP00000436773.2,unlabeled,False,0,self_learning,NC3
10299,ENST00000528919,ENSP00000435565.1,unlabeled,False,0,self_learning,NC3
10300,ENST00000529006,ENSP00000432786.1,train,True,0,self_learning,NC3
10301,ENST00000529010,ENSP00000436455.1,unlabeled,False,0,self_learning,NC3
10302,ENST00000529032,ENSP00000432327.1,unlabeled,False,0,self_learning,NC3
10303,ENST00000529230,ENSP00000432768.1,val,True,0,self_learning,NC3
10304,ENST00000529308,ENSP00000431876.1,unlabeled,False,0,self_learning,NC3
10305,ENST00000529382,ENSP00000437216.1,unlabeled,False,0,self_learning,NC3
10306,ENST00000529415,ENSP00000434849.1,unlabeled,False,0,self_learning,NC3
10307,ENST00000529487,0,unlabeled,False,0,self_learning,NC3
10308,ENST00000529555,0,unlabeled,False,0,self_learning,NC3
10309,ENST00000529564,0,unlabeled,False,0,self_learning,NC3
10310,ENST00000529681,ENSP00000436812.1,unlabeled,False,0,self_learning,NC3
10311,ENST00000529803,ENSP00000436376.1,unlabeled,False,0,self_learning,NC3
10312,ENST00000529844,0,unlabeled,False,0,self_learning,NC3
10313,ENST00000529983,ENSP00000436604.2,train,True,0,self_learning,NC3
10314,ENST00000530028,ENSP00000431162.2,unlabeled,False,0,self_learning,NC3
10315,ENST00000530054,ENSP00000432614.1,unlabeled,False,0,self_learning,NC3
10316,ENST00000530349,0,unlabeled,False,0,self_learning,NC3
10317,ENST00000530393,ENSP00000432504.1,unlabeled,False,0,self_learning,NC3
10318,ENST00000530676,ENSP00000435797.1,unlabeled,False,0,self_learning,NC3
10319,ENST00000530705,ENSP00000431872.2,unlabeled,False,0,self_learning,NC3
10320,ENST00000530758,ENSP00000432472.1,train,True,0,self_learning,NC3
10321,ENST00000530797,ENSP00000431240.1,unlabeled,False,0,self_learning,NC3
10322,ENST00000530878,ENSP00000431586.1,unlabeled,False,0,self_learning,NC3
10323,ENST00000531072,0,unlabeled,False,0,self_learning,NC3
10324,ENST00000531120,ENSP00000436049.1,train,True,0,self_learning,NC3
10325,ENST00000531188,ENSP00000434643.1,unlabeled,False,0,self_learning,NC3
10326,ENST00000531224,ENSP00000435210.1,val,True,0,self_learning,NC3
10327,ENST00000531323,ENSP00000432692.1,unlabeled,False,0,self_learning,NC3
10328,ENST00000531380,ENSP00000434034.1,unlabeled,False,0,self_learning,NC3
10329,ENST00000531433,ENSP00000433302.1,unlabeled,False,0,self_learning,NC3
10330,ENST00000531743,0,unlabeled,False,0,self_learning,NC3
10331,ENST00000531837,0,unlabeled,False,0,self_learning,NC3
10332,ENST00000531839,ENSP00000431165.1,unlabeled,False,0,self_learning,NC3
10333,ENST00000531909,0,unlabeled,False,0,self_learning,NC3
10334,ENST00000532090,ENSP00000454303.1,train,True,0,self_learning,NC3
10335,ENST00000532097,0,unlabeled,False,0,self_learning,NC3
10336,ENST00000532208,0,unlabeled,False,0,self_learning,NC3
10337,ENST00000532219,0,unlabeled,False,0,self_learning,NC3
10338,ENST00000532297,ENSP00000436679.1,unlabeled,False,0,self_learning,NC3
10339,ENST00000532414,ENSP00000432845.1,train,True,0,self_learning,NC3
10340,ENST00000532437,ENSP00000437271.1,train,True,0,self_learning,NC3
10341,ENST00000532485,ENSP00000434480.1,unlabeled,False,0,self_learning,NC3
10342,ENST00000532498,ENSP00000433816.2,unlabeled,False,0,self_learning,NC3
10343,ENST00000532636,ENSP00000437125.1,unlabeled,False,0,self_learning,NC3
10344,ENST00000532692,ENSP00000432305.1,unlabeled,False,0,self_learning,NC3
10345,ENST00000532828,ENSP00000433773.1,unlabeled,False,0,self_learning,NC3
10346,ENST00000532868,ENSP00000436273.2,unlabeled,False,0,self_learning,NC3
10347,ENST00000532942,0,unlabeled,False,0,self_learning,NC3
10348,ENST00000532967,0,unlabeled,False,0,self_learning,NC3
10349,ENST00000532971,ENSP00000431287.1,unlabeled,False,0,self_learning,NC3
10350,ENST00000533028,ENSP00000433849.1,unlabeled,False,0,self_learning,NC3
10351,ENST00000533050,ENSP00000433343.1,train,True,0,self_learning,NC3
10352,ENST00000533099,ENSP00000432886.1,unlabeled,False,0,self_learning,NC3
10353,ENST00000533166,ENSP00000433760.1,unlabeled,False,0,self_learning,NC3
10354,ENST00000533244,ENSP00000436318.1,train,True,0,self_learning,NC3
10355,ENST00000533256,ENSP00000435585.1,unlabeled,False,0,self_learning,NC3
10356,ENST00000533342,0,unlabeled,False,0,self_learning,NC3
10357,ENST00000533448,ENSP00000433490.1,unlabeled,False,0,self_learning,NC3
10358,ENST00000533473,0,unlabeled,False,0,self_learning,NC3
10359,ENST00000533486,ENSP00000435189.1,unlabeled,False,0,self_learning,NC3
10360,ENST00000533490,ENSP00000437289.2,unlabeled,False,0,self_learning,NC3
10361,ENST00000533544,ENSP00000434056.1,unlabeled,False,0,self_learning,NC3
10362,ENST00000533601,0,unlabeled,False,0,self_learning,NC3
10363,ENST00000533608,ENSP00000431173.2,unlabeled,False,0,self_learning,NC3
10364,ENST00000533626,ENSP00000431800.1,unlabeled,False,0,self_learning,NC3
10365,ENST00000533655,ENSP00000435421.1,unlabeled,False,0,self_learning,NC3
10366,ENST00000533682,ENSP00000434995.1,unlabeled,False,0,self_learning,NC3
10367,ENST00000533854,ENSP00000436836.1,unlabeled,False,0,self_learning,NC3
10368,ENST00000533895,ENSP00000433446.1,unlabeled,False,0,self_learning,NC3
10369,ENST00000533940,0,unlabeled,False,0,self_learning,NC3
10370,ENST00000534000,ENSP00000434142.1,unlabeled,False,0,self_learning,NC3
10371,ENST00000534025,ENSP00000433361.1,train,True,0,self_learning,NC3
10372,ENST00000534064,ENSP00000434466.1,unlabeled,False,0,self_learning,NC3
10373,ENST00000534070,ENSP00000435371.1,unlabeled,False,0,self_learning,NC3
10374,ENST00000534127,ENSP00000433528.1,train,True,0,self_learning,NC3
10375,ENST00000534312,0,unlabeled,False,0,self_learning,NC3
10376,ENST00000534355,ENSP00000434511.1,train,True,0,self_learning,NC3
10377,ENST00000534548,ENSP00000433681.3,val,True,0,self_learning,NC3
10378,ENST00000534898,ENSP00000440915.2,train,True,0,self_learning,NC3
10379,ENST00000534928,ENSP00000443113.2,test,True,0,self_learning,NC3
10380,ENST00000534941,0,unlabeled,False,0,self_learning,NC3
10381,ENST00000534947,ENSP00000446039.1,unlabeled,False,0,self_learning,NC3
10382,ENST00000534961,ENSP00000445725.1,unlabeled,False,0,self_learning,NC3
10383,ENST00000535366,ENSP00000437402.1,unlabeled,False,0,self_learning,NC3
10384,ENST00000535373,ENSP00000441953.1,test,True,0,self_learning,NC3
10385,ENST00000535431,0,unlabeled,False,0,self_learning,NC3
10386,ENST00000535453,ENSP00000442954.1,unlabeled,False,0,self_learning,NC3
10387,ENST00000535456,ENSP00000444628.1,train,True,0,self_learning,NC3
10388,ENST00000535601,ENSP00000442699.1,unlabeled,False,0,self_learning,NC3
10389,ENST00000535923,ENSP00000441875.1,val,True,0,self_learning,NC3
10390,ENST00000535992,ENSP00000440613.1,unlabeled,False,0,self_learning,NC3
10391,ENST00000536178,ENSP00000440273.3,unlabeled,False,0,self_learning,NC3
10392,ENST00000536254,ENSP00000441838.1,unlabeled,False,0,self_learning,NC3
10393,ENST00000536300,ENSP00000438209.1,unlabeled,False,0,self_learning,NC3
10394,ENST00000536386,ENSP00000439392.1,val,True,0,self_learning,NC3
10395,ENST00000536435,ENSP00000444412.3,unlabeled,False,0,self_learning,NC3
10396,ENST00000536438,ENSP00000444810.1,train,True,0,self_learning,NC3
10397,ENST00000536441,ENSP00000441927.1,train,True,0,self_learning,NC3
10398,ENST00000536459,ENSP00000444812.1,unlabeled,False,0,self_learning,NC3
10399,ENST00000536549,ENSP00000445622.1,unlabeled,False,0,self_learning,NC3
10400,ENST00000536551,0,unlabeled,False,0,self_learning,NC3
10401,ENST00000536681,ENSP00000443291.2,unlabeled,False,0,self_learning,NC3
10402,ENST00000536716,ENSP00000444215.1,unlabeled,False,0,self_learning,NC3
10403,ENST00000536769,ENSP00000441543.1,unlabeled,False,0,self_learning,NC3
10404,ENST00000536814,0,unlabeled,False,0,self_learning,NC3
10405,ENST00000536831,ENSP00000446184.2,unlabeled,False,0,self_learning,NC3
10406,ENST00000537025,ENSP00000438483.2,unlabeled,False,0,self_learning,NC3
10407,ENST00000537328,ENSP00000443216.1,train,True,0,self_learning,NC3
10408,ENST00000537505,ENSP00000445408.2,test,True,0,self_learning,NC3
10409,ENST00000537686,ENSP00000438085.3,train,True,0,self_learning,NC3
10410,ENST00000537690,0,unlabeled,False,0,self_learning,NC3
10411,ENST00000537866,0,unlabeled,False,0,self_learning,NC3
10412,ENST00000537909,ENSP00000437790.1,unlabeled,False,0,self_learning,NC3
10413,ENST00000538183,ENSP00000446252.1,unlabeled,False,0,self_learning,NC3
10414,ENST00000538320,ENSP00000442060.1,unlabeled,False,0,self_learning,NC3
10415,ENST00000538771,ENSP00000444935.1,train,True,0,self_learning,NC3
10416,ENST00000538780,ENSP00000443292.1,unlabeled,False,0,self_learning,NC3
10417,ENST00000538906,ENSP00000440149.1,unlabeled,False,0,self_learning,NC3
10418,ENST00000538922,ENSP00000437940.2,unlabeled,False,0,self_learning,NC3
10419,ENST00000538936,ENSP00000439245.3,train,True,0,self_learning,NC3
10420,ENST00000538976,ENSP00000437808.1,unlabeled,False,0,self_learning,NC3
10421,ENST00000539111,ENSP00000442563.2,test,True,0,self_learning,NC3
10422,ENST00000539247,ENSP00000444537.1,unlabeled,False,0,self_learning,NC3
10423,ENST00000539276,ENSP00000440045.2,train,True,0,self_learning,NC3
10424,ENST00000539465,ENSP00000444411.1,unlabeled,False,0,self_learning,NC3
10425,ENST00000539479,ENSP00000444430.2,unlabeled,False,0,self_learning,NC3
10426,ENST00000539517,ENSP00000438875.2,unlabeled,False,0,self_learning,NC3
10427,ENST00000539526,0,unlabeled,False,0,self_learning,NC3
10428,ENST00000539589,ENSP00000440945.1,train,True,0,self_learning,NC3
10429,ENST00000539644,ENSP00000441405.1,unlabeled,False,0,self_learning,NC3
10430,ENST00000539719,ENSP00000446335.1,unlabeled,False,0,self_learning,NC3
10431,ENST00000539827,ENSP00000439937.1,unlabeled,False,0,self_learning,NC3
10432,ENST00000539867,ENSP00000440207.1,unlabeled,False,0,self_learning,NC3
10433,ENST00000539896,ENSP00000442658.1,unlabeled,False,0,self_learning,NC3
10434,ENST00000539909,ENSP00000443965.2,train,True,0,self_learning,NC3
10435,ENST00000540096,ENSP00000457704.2,unlabeled,False,0,self_learning,NC3
10436,ENST00000540163,ENSP00000439918.1,unlabeled,False,0,self_learning,NC3
10437,ENST00000540200,ENSP00000475924.2,train,True,0,self_learning,NC3
10438,ENST00000540288,ENSP00000443631.1,train,True,0,self_learning,NC3
10439,ENST00000540385,ENSP00000439913.1,train,True,0,self_learning,NC3
10440,ENST00000540393,ENSP00000439688.2,unlabeled,False,0,self_learning,NC3
10441,ENST00000540509,ENSP00000443160.2,unlabeled,False,0,self_learning,NC3
10442,ENST00000540549,ENSP00000442788.1,unlabeled,False,0,self_learning,NC3
10443,ENST00000540656,0,unlabeled,False,0,self_learning,NC3
10444,ENST00000540732,ENSP00000443246.1,unlabeled,False,0,self_learning,NC3
10445,ENST00000540757,ENSP00000441755.1,unlabeled,False,0,self_learning,NC3
10446,ENST00000541135,ENSP00000443130.1,unlabeled,False,0,self_learning,NC3
10447,ENST00000541212,ENSP00000440485.1,test,True,0,self_learning,NC3
10448,ENST00000541231,0,unlabeled,False,0,self_learning,NC3
10449,ENST00000541323,ENSP00000444211.1,unlabeled,False,0,self_learning,NC3
10450,ENST00000541515,0,unlabeled,False,0,self_learning,NC3
10451,ENST00000541595,0,unlabeled,False,0,self_learning,NC3
10452,ENST00000541638,ENSP00000442478.2,unlabeled,False,0,self_learning,NC3
10453,ENST00000541640,ENSP00000441369.1,unlabeled,False,0,self_learning,NC3
10454,ENST00000541669,ENSP00000437783.1,unlabeled,False,0,self_learning,NC3
10455,ENST00000541714,ENSP00000439278.1,unlabeled,False,0,self_learning,NC3
10456,ENST00000541718,ENSP00000439807.1,unlabeled,False,0,self_learning,NC3
10457,ENST00000541778,ENSP00000443150.1,val,True,0,self_learning,NC3
10458,ENST00000541961,ENSP00000440502.1,unlabeled,False,0,self_learning,NC3
10459,ENST00000541970,ENSP00000439467.1,train,True,0,self_learning,NC3
10460,ENST00000542236,ENSP00000438273.1,unlabeled,False,0,self_learning,NC3
10461,ENST00000542267,ENSP00000437464.2,unlabeled,False,0,self_learning,NC3
10462,ENST00000542447,ENSP00000439176.1,unlabeled,False,0,self_learning,NC3
10463,ENST00000542475,0,unlabeled,False,0,self_learning,NC3
10464,ENST00000542507,ENSP00000444660.1,test,True,0,self_learning,NC3
10465,ENST00000542527,ENSP00000454926.1,unlabeled,False,0,self_learning,NC3
10466,ENST00000542554,ENSP00000444278.1,train,True,0,self_learning,NC3
10467,ENST00000542575,ENSP00000444408.1,train,True,0,self_learning,NC3
10468,ENST00000542587,ENSP00000443256.1,unlabeled,False,0,self_learning,NC3
10469,ENST00000542678,ENSP00000440288.1,unlabeled,False,0,self_learning,NC3
10470,ENST00000542735,ENSP00000445366.1,unlabeled,False,0,self_learning,NC3
10471,ENST00000542802,ENSP00000441214.1,unlabeled,False,0,self_learning,NC3
10472,ENST00000542859,ENSP00000445043.2,unlabeled,False,0,self_learning,NC3
10473,ENST00000542893,ENSP00000439068.2,unlabeled,False,0,self_learning,NC3
10474,ENST00000542965,ENSP00000441641.2,unlabeled,False,0,self_learning,NC3
10475,ENST00000543039,ENSP00000443957.1,unlabeled,False,0,self_learning,NC3
10476,ENST00000543086,ENSP00000438546.1,unlabeled,False,0,self_learning,NC3
10477,ENST00000543095,0,unlabeled,False,0,self_learning,NC3
10478,ENST00000543160,0,unlabeled,False,0,self_learning,NC3
10479,ENST00000543227,ENSP00000437616.1,unlabeled,False,0,self_learning,NC3
10480,ENST00000543264,ENSP00000446058.1,unlabeled,False,0,self_learning,NC3
10481,ENST00000543341,ENSP00000445162.1,val,True,0,self_learning,NC3
10482,ENST00000543473,ENSP00000443988.1,train,True,0,self_learning,NC3
10483,ENST00000543494,ENSP00000480527.1,unlabeled,False,0,self_learning,NC3
10484,ENST00000543571,ENSP00000437550.1,unlabeled,False,0,self_learning,NC3
10485,ENST00000543610,ENSP00000437532.1,unlabeled,False,0,self_learning,NC3
10486,ENST00000543662,ENSP00000439170.1,val,True,0,self_learning,NC3
10487,ENST00000543669,ENSP00000443333.1,unlabeled,False,0,self_learning,NC3
10488,ENST00000543753,0,unlabeled,False,0,self_learning,NC3
10489,ENST00000543774,ENSP00000456933.2,train,True,0,self_learning,NC3
10490,ENST00000543796,ENSP00000446215.1,unlabeled,False,0,self_learning,NC3
10491,ENST00000543872,ENSP00000438748.2,train,True,0,self_learning,NC3
10492,ENST00000543927,ENSP00000444433.1,train,True,0,self_learning,NC3
10493,ENST00000544017,ENSP00000445806.2,train,True,0,self_learning,NC3
10494,ENST00000544040,ENSP00000440542.2,unlabeled,False,0,self_learning,NC3
10495,ENST00000544301,ENSP00000446007.1,unlabeled,False,0,self_learning,NC3
10496,ENST00000544381,ENSP00000446395.2,unlabeled,False,0,self_learning,NC3
10497,ENST00000544440,ENSP00000444596.2,unlabeled,False,0,self_learning,NC3
10498,ENST00000544612,ENSP00000440396.1,unlabeled,False,0,self_learning,NC3
10499,ENST00000544844,ENSP00000438349.2,val,True,0,self_learning,NC3
10500,ENST00000544855,0,unlabeled,False,0,self_learning,NC3
10501,ENST00000544916,ENSP00000437659.1,unlabeled,False,0,self_learning,NC3
10502,ENST00000545005,0,unlabeled,False,0,self_learning,NC3
10503,ENST00000545121,ENSP00000441980.1,val,True,0,self_learning,NC3
10504,ENST00000545127,ENSP00000443795.1,train,True,0,self_learning,NC3
10505,ENST00000545145,ENSP00000442053.2,unlabeled,False,0,self_learning,NC3
10506,ENST00000545279,ENSP00000441954.2,train,True,0,self_learning,NC3
10507,ENST00000545336,ENSP00000438040.1,unlabeled,False,0,self_learning,NC3
10508,ENST00000545377,ENSP00000441913.1,unlabeled,False,0,self_learning,NC3
10509,ENST00000545558,ENSP00000441140.1,unlabeled,False,0,self_learning,NC3
10510,ENST00000545606,ENSP00000442318.1,train,True,0,self_learning,NC3
10511,ENST00000545661,ENSP00000441481.1,unlabeled,False,0,self_learning,NC3
10512,ENST00000545712,ENSP00000445920.1,train,True,0,self_learning,NC3
10513,ENST00000545797,ENSP00000442973.1,unlabeled,False,0,self_learning,NC3
10514,ENST00000546034,ENSP00000440329.1,unlabeled,False,0,self_learning,NC3
10515,ENST00000546087,ENSP00000442920.1,unlabeled,False,0,self_learning,NC3
10516,ENST00000546354,ENSP00000442304.1,unlabeled,False,0,self_learning,NC3
10517,ENST00000546361,ENSP00000439856.2,unlabeled,False,0,self_learning,NC3
10518,ENST00000546378,ENSP00000446680.1,unlabeled,False,0,self_learning,NC3
10519,ENST00000546455,ENSP00000446688.1,unlabeled,False,0,self_learning,NC3
10520,ENST00000546463,ENSP00000448762.2,test,True,0,self_learning,NC3
10521,ENST00000546500,ENSP00000448617.1,train,True,0,self_learning,NC3
10522,ENST00000546504,ENSP00000449544.1,unlabeled,False,0,self_learning,NC3
10523,ENST00000546591,ENSP00000449026.1,unlabeled,False,0,self_learning,NC3
10524,ENST00000546815,ENSP00000449386.2,val,True,0,self_learning,NC3
10525,ENST00000546837,ENSP00000447000.1,unlabeled,False,0,self_learning,NC3
10526,ENST00000546840,ENSP00000450353.4,unlabeled,False,0,self_learning,NC3
10527,ENST00000546954,ENSP00000449795.1,test,True,0,self_learning,NC3
10528,ENST00000546970,ENSP00000446913.1,unlabeled,False,0,self_learning,NC3
10529,ENST00000547167,ENSP00000448419.1,unlabeled,False,0,self_learning,NC3
10530,ENST00000547302,0,unlabeled,False,0,self_learning,NC3
10531,ENST00000547315,0,unlabeled,False,0,self_learning,NC3
10532,ENST00000547378,ENSP00000447056.1,unlabeled,False,0,self_learning,NC3
10533,ENST00000547379,ENSP00000448071.1,unlabeled,False,0,self_learning,NC3
10534,ENST00000547525,ENSP00000448047.1,unlabeled,False,0,self_learning,NC3
10535,ENST00000547530,ENSP00000448387.2,train,True,0,self_learning,NC3
10536,ENST00000547754,ENSP00000448955.1,unlabeled,False,0,self_learning,NC3
10537,ENST00000547776,ENSP00000449629.2,unlabeled,False,0,self_learning,NC3
10538,ENST00000547838,ENSP00000447353.1,unlabeled,False,0,self_learning,NC3
10539,ENST00000548058,ENSP00000449535.1,val,True,0,self_learning,NC3
10540,ENST00000548065,ENSP00000447433.1,unlabeled,False,0,self_learning,NC3
10541,ENST00000548125,0,unlabeled,False,0,self_learning,NC3
10542,ENST00000548198,ENSP00000447873.1,unlabeled,False,0,self_learning,NC3
10543,ENST00000548293,ENSP00000448101.1,unlabeled,False,0,self_learning,NC3
10544,ENST00000548553,ENSP00000448785.1,unlabeled,False,0,self_learning,NC3
10545,ENST00000548729,ENSP00000447852.1,unlabeled,False,0,self_learning,NC3
10546,ENST00000548861,ENSP00000449770.3,unlabeled,False,0,self_learning,NC3
10547,ENST00000549117,ENSP00000447730.1,test,True,0,self_learning,NC3
10548,ENST00000549318,ENSP00000446743.1,unlabeled,False,0,self_learning,NC3
10549,ENST00000549441,ENSP00000446830.1,unlabeled,False,0,self_learning,NC3
10550,ENST00000549578,ENSP00000447058.1,unlabeled,False,0,self_learning,NC3
10551,ENST00000549621,ENSP00000448289.1,unlabeled,False,0,self_learning,NC3
10552,ENST00000549701,ENSP00000450399.1,train,True,0,self_learning,NC3
10553,ENST00000549920,ENSP00000447001.1,unlabeled,False,0,self_learning,NC3
10554,ENST00000549987,ENSP00000447121.2,unlabeled,False,0,self_learning,NC3
10555,ENST00000550104,ENSP00000446576.2,train,True,0,self_learning,NC3
10556,ENST00000550389,ENSP00000447241.1,unlabeled,False,0,self_learning,NC3
10557,ENST00000550412,ENSP00000447650.1,unlabeled,False,0,self_learning,NC3
10558,ENST00000550746,ENSP00000448182.1,unlabeled,False,0,self_learning,NC3
10559,ENST00000550765,ENSP00000449751.1,unlabeled,False,0,self_learning,NC3
10560,ENST00000550804,ENSP00000449960.1,test,True,0,self_learning,NC3
10561,ENST00000550831,ENSP00000450377.1,unlabeled,False,0,self_learning,NC3
10562,ENST00000551018,ENSP00000447942.1,unlabeled,False,0,self_learning,NC3
10563,ENST00000551150,ENSP00000449328.1,test,True,0,self_learning,NC3
10564,ENST00000551171,ENSP00000449079.1,unlabeled,False,0,self_learning,NC3
10565,ENST00000551295,ENSP00000447006.1,train,True,0,self_learning,NC3
10566,ENST00000551404,ENSP00000449381.2,train,True,0,self_learning,NC3
10567,ENST00000551659,0,unlabeled,False,0,self_learning,NC3
10568,ENST00000551765,ENSP00000446872.1,unlabeled,False,0,self_learning,NC3
10569,ENST00000551806,ENSP00000450281.1,train,True,0,self_learning,NC3
10570,ENST00000551812,ENSP00000446880.1,train,True,0,self_learning,NC3
10571,ENST00000551956,ENSP00000448220.1,unlabeled,False,0,self_learning,NC3
10572,ENST00000551964,ENSP00000448165.2,val,True,0,self_learning,NC3
10573,ENST00000552014,ENSP00000447091.1,unlabeled,False,0,self_learning,NC3
10574,ENST00000552029,ENSP00000447651.1,unlabeled,False,0,self_learning,NC3
10575,ENST00000552242,ENSP00000448801.2,unlabeled,False,0,self_learning,NC3
10576,ENST00000552283,ENSP00000448054.1,train,True,0,self_learning,NC3
10577,ENST00000552360,0,unlabeled,False,0,self_learning,NC3
10578,ENST00000552551,ENSP00000447566.1,unlabeled,False,0,self_learning,NC3
10579,ENST00000552695,ENSP00000446479.1,unlabeled,False,0,self_learning,NC3
10580,ENST00000552739,0,unlabeled,False,0,self_learning,NC3
10581,ENST00000552810,ENSP00000448012.1,unlabeled,False,0,self_learning,NC3
10582,ENST00000552951,0,unlabeled,False,0,self_learning,NC3
10583,ENST00000553066,ENSP00000450385.1,unlabeled,False,0,self_learning,NC3
10584,ENST00000553127,ENSP00000448228.1,unlabeled,False,0,self_learning,NC3
10585,ENST00000553264,ENSP00000451974.1,train,True,0,self_learning,NC3
10586,ENST00000553380,ENSP00000452552.1,unlabeled,False,0,self_learning,NC3
10587,ENST00000553456,ENSP00000450962.3,unlabeled,False,0,self_learning,NC3
10588,ENST00000553458,ENSP00000450436.1,train,True,0,self_learning,NC3
10589,ENST00000553521,ENSP00000452123.1,unlabeled,False,0,self_learning,NC3
10590,ENST00000553530,ENSP00000452331.1,unlabeled,False,0,self_learning,NC3
10591,ENST00000553532,ENSP00000450607.1,train,True,0,self_learning,NC3
10592,ENST00000553612,ENSP00000452454.1,train,True,0,self_learning,NC3
10593,ENST00000553645,ENSP00000452037.1,train,True,0,self_learning,NC3
10594,ENST00000553851,ENSP00000451962.2,unlabeled,False,0,self_learning,NC3
10595,ENST00000553888,ENSP00000452181.1,unlabeled,False,0,self_learning,NC3
10596,ENST00000553935,0,unlabeled,False,0,self_learning,NC3
10597,ENST00000554015,ENSP00000451000.1,unlabeled,False,0,self_learning,NC3
10598,ENST00000554335,ENSP00000452535.1,unlabeled,False,0,self_learning,NC3
10599,ENST00000554581,ENSP00000451828.1,unlabeled,False,0,self_learning,NC3
10600,ENST00000554643,ENSP00000451406.1,unlabeled,False,0,self_learning,NC3
10601,ENST00000554659,ENSP00000450731.1,test,True,0,self_learning,NC3
10602,ENST00000554684,ENSP00000450864.1,unlabeled,False,0,self_learning,NC3
10603,ENST00000554880,ENSP00000452133.1,unlabeled,False,0,self_learning,NC3
10604,ENST00000554914,0,unlabeled,False,0,self_learning,NC3
10605,ENST00000555044,ENSP00000451763.2,unlabeled,False,0,self_learning,NC3
10606,ENST00000555074,0,unlabeled,False,0,self_learning,NC3
10607,ENST00000555265,ENSP00000451162.1,unlabeled,False,0,self_learning,NC3
10608,ENST00000555309,0,unlabeled,False,0,self_learning,NC3
10609,ENST00000555447,ENSP00000450857.1,unlabeled,False,0,self_learning,NC3
10610,ENST00000555567,ENSP00000451040.1,unlabeled,False,0,self_learning,NC3
10611,ENST00000555619,ENSP00000451112.2,unlabeled,False,0,self_learning,NC3
10612,ENST00000555818,ENSP00000450832.1,unlabeled,False,0,self_learning,NC3
10613,ENST00000555835,ENSP00000452245.1,unlabeled,False,0,self_learning,NC3
10614,ENST00000555846,ENSP00000452522.1,unlabeled,False,0,self_learning,NC3
10615,ENST00000555938,ENSP00000452549.1,unlabeled,False,0,self_learning,NC3
10616,ENST00000555993,ENSP00000451263.2,unlabeled,False,0,self_learning,NC3
10617,ENST00000556095,ENSP00000451188.1,unlabeled,False,0,self_learning,NC3
10618,ENST00000556143,ENSP00000450742.1,unlabeled,False,0,self_learning,NC3
10619,ENST00000556230,ENSP00000495033.1,unlabeled,False,0,self_learning,NC3
10620,ENST00000556278,ENSP00000451792.1,unlabeled,False,0,self_learning,NC3
10621,ENST00000556347,ENSP00000452401.1,unlabeled,False,0,self_learning,NC3
10622,ENST00000556440,ENSP00000450461.2,train,True,0,self_learning,NC3
10623,ENST00000556492,ENSP00000452521.1,train,True,0,self_learning,NC3
10624,ENST00000556529,ENSP00000450524.1,train,True,0,self_learning,NC3
10625,ENST00000556564,ENSP00000452414.1,unlabeled,False,0,self_learning,NC3
10626,ENST00000556816,ENSP00000452007.1,train,True,0,self_learning,NC3
10627,ENST00000556922,ENSP00000451560.1,unlabeled,False,0,self_learning,NC3
10628,ENST00000556994,ENSP00000451818.1,unlabeled,False,0,self_learning,NC3
10629,ENST00000557008,ENSP00000452479.1,unlabeled,False,0,self_learning,NC3
10630,ENST00000557016,ENSP00000451080.1,train,True,0,self_learning,NC3
10631,ENST00000557342,ENSP00000450909.1,train,True,0,self_learning,NC3
10632,ENST00000557385,ENSP00000450969.1,train,True,0,self_learning,NC3
10633,ENST00000557413,ENSP00000450567.1,unlabeled,False,0,self_learning,NC3
10634,ENST00000557540,ENSP00000450584.2,unlabeled,False,0,self_learning,NC3
10635,ENST00000557597,ENSP00000451117.1,unlabeled,False,0,self_learning,NC3
10636,ENST00000557943,ENSP00000452762.1,train,True,0,self_learning,NC3
10637,ENST00000558017,ENSP00000452793.1,unlabeled,False,0,self_learning,NC3
10638,ENST00000558311,ENSP00000453801.1,unlabeled,False,0,self_learning,NC3
10639,ENST00000558518,ENSP00000454071.1,unlabeled,False,0,self_learning,NC3
10640,ENST00000558530,0,unlabeled,False,0,self_learning,NC3
10641,ENST00000558939,ENSP00000452871.1,unlabeled,False,0,self_learning,NC3
10642,ENST00000559000,0,unlabeled,False,0,self_learning,NC3
10643,ENST00000559228,ENSP00000452885.1,unlabeled,False,0,self_learning,NC3
10644,ENST00000559239,ENSP00000452792.1,unlabeled,False,0,self_learning,NC3
10645,ENST00000559717,ENSP00000452948.1,unlabeled,False,0,self_learning,NC3
10646,ENST00000559844,ENSP00000453785.1,train,True,0,self_learning,NC3
10647,ENST00000560079,ENSP00000452877.2,unlabeled,False,0,self_learning,NC3
10648,ENST00000560601,0,unlabeled,False,0,self_learning,NC3
10649,ENST00000560626,ENSP00000452796.2,unlabeled,False,0,self_learning,NC3
10650,ENST00000560846,ENSP00000454101.1,unlabeled,False,0,self_learning,NC3
10651,ENST00000560869,ENSP00000452634.2,unlabeled,False,0,self_learning,NC3
10652,ENST00000561100,ENSP00000453076.1,unlabeled,False,0,self_learning,NC3
10653,ENST00000561208,ENSP00000453793.1,train,True,0,self_learning,NC3
10654,ENST00000561293,0,unlabeled,False,0,self_learning,NC3
10655,ENST00000561311,ENSP00000453508.1,unlabeled,False,0,self_learning,NC3
10656,ENST00000561734,ENSP00000455026.1,unlabeled,False,0,self_learning,NC3
10657,ENST00000561878,0,unlabeled,False,0,self_learning,NC3
10658,ENST00000562103,0,unlabeled,False,0,self_learning,NC3
10659,ENST00000562336,ENSP00000457513.1,unlabeled,False,0,self_learning,NC3
10660,ENST00000562435,ENSP00000455169.1,unlabeled,False,0,self_learning,NC3
10661,ENST00000562532,ENSP00000477059.1,unlabeled,False,0,self_learning,NC3
10662,ENST00000562767,0,unlabeled,False,0,self_learning,NC3
10663,ENST00000562787,ENSP00000457810.1,unlabeled,False,0,self_learning,NC3
10664,ENST00000562855,ENSP00000474621.2,unlabeled,False,0,self_learning,NC3
10665,ENST00000562949,ENSP00000457718.1,unlabeled,False,0,self_learning,NC3
10666,ENST00000562955,ENSP00000457168.1,unlabeled,False,0,self_learning,NC3
10667,ENST00000563197,ENSP00000457016.1,unlabeled,False,0,self_learning,NC3
10668,ENST00000563281,ENSP00000454545.1,val,True,0,self_learning,NC3
10669,ENST00000563290,ENSP00000454973.1,train,True,0,self_learning,NC3
10670,ENST00000563468,ENSP00000454351.1,unlabeled,False,0,self_learning,NC3
10671,ENST00000563496,0,unlabeled,False,0,self_learning,NC3
10672,ENST00000563588,ENSP00000455607.1,unlabeled,False,0,self_learning,NC3
10673,ENST00000563634,ENSP00000454500.1,unlabeled,False,0,self_learning,NC3
10674,ENST00000563694,ENSP00000456335.1,unlabeled,False,0,self_learning,NC3
10675,ENST00000564065,ENSP00000454562.1,unlabeled,False,0,self_learning,NC3
10676,ENST00000564079,ENSP00000456648.2,unlabeled,False,0,self_learning,NC3
10677,ENST00000564080,ENSP00000455047.1,unlabeled,False,0,self_learning,NC3
10678,ENST00000564088,ENSP00000457870.1,unlabeled,False,0,self_learning,NC3
10679,ENST00000564104,ENSP00000462435.1,val,True,0,self_learning,NC3
10680,ENST00000564138,ENSP00000482457.1,train,True,0,self_learning,NC3
10681,ENST00000564536,0,unlabeled,False,0,self_learning,NC3
10682,ENST00000564543,ENSP00000455547.1,unlabeled,False,0,self_learning,NC3
10683,ENST00000564644,ENSP00000454852.1,unlabeled,False,0,self_learning,NC3
10684,ENST00000564831,ENSP00000457539.1,unlabeled,False,0,self_learning,NC3
10685,ENST00000564996,0,unlabeled,False,0,self_learning,NC3
10686,ENST00000565263,ENSP00000455229.1,train,True,0,self_learning,NC3
10687,ENST00000565468,ENSP00000456594.1,unlabeled,False,0,self_learning,NC3
10688,ENST00000565624,0,unlabeled,False,0,self_learning,NC3
10689,ENST00000565659,ENSP00000458018.1,unlabeled,False,0,self_learning,NC3
10690,ENST00000565678,ENSP00000457723.1,val,True,0,self_learning,NC3
10691,ENST00000566029,ENSP00000457466.1,unlabeled,False,0,self_learning,NC3
10692,ENST00000566157,ENSP00000457258.1,val,True,0,self_learning,NC3
10693,ENST00000566228,ENSP00000456480.1,train,True,0,self_learning,NC3
10694,ENST00000566339,ENSP00000457206.1,unlabeled,False,0,self_learning,NC3
10695,ENST00000566423,ENSP00000455625.1,unlabeled,False,0,self_learning,NC3
10696,ENST00000566454,ENSP00000455064.1,unlabeled,False,0,self_learning,NC3
10697,ENST00000566594,0,unlabeled,False,0,self_learning,NC3
10698,ENST00000566621,ENSP00000455397.1,unlabeled,False,0,self_learning,NC3
10699,ENST00000566780,ENSP00000457230.1,unlabeled,False,0,self_learning,NC3
10700,ENST00000566848,ENSP00000457492.1,unlabeled,False,0,self_learning,NC3
10701,ENST00000566855,0,unlabeled,False,0,self_learning,NC3
10702,ENST00000567020,ENSP00000454408.1,unlabeled,False,0,self_learning,NC3
10703,ENST00000567078,ENSP00000454746.2,test,True,0,self_learning,NC3
10704,ENST00000567180,ENSP00000476384.1,train,True,0,self_learning,NC3
10705,ENST00000567759,ENSP00000455265.1,train,True,0,self_learning,NC3
10706,ENST00000567887,0,unlabeled,False,0,self_learning,NC3
10707,ENST00000567970,0,unlabeled,False,0,self_learning,NC3
10708,ENST00000568000,ENSP00000455785.1,unlabeled,False,0,self_learning,NC3
10709,ENST00000568028,0,unlabeled,False,0,self_learning,NC3
10710,ENST00000568223,ENSP00000455068.1,unlabeled,False,0,self_learning,NC3
10711,ENST00000568344,ENSP00000478637.1,unlabeled,False,0,self_learning,NC3
10712,ENST00000568479,ENSP00000498864.1,train,True,0,self_learning,NC3
10713,ENST00000568546,ENSP00000454836.1,train,True,0,self_learning,NC3
10714,ENST00000568606,ENSP00000456019.1,unlabeled,False,0,self_learning,NC3
10715,ENST00000568665,0,unlabeled,False,0,self_learning,NC3
10716,ENST00000568879,0,unlabeled,False,0,self_learning,NC3
10717,ENST00000568954,ENSP00000457991.1,unlabeled,False,0,self_learning,NC3
10718,ENST00000569317,ENSP00000455561.1,unlabeled,False,0,self_learning,NC3
10719,ENST00000569529,ENSP00000454380.1,unlabeled,False,0,self_learning,NC3
10720,ENST00000569669,ENSP00000455106.1,test,True,0,self_learning,NC3
10721,ENST00000569691,0,unlabeled,False,0,self_learning,NC3
10722,ENST00000569795,ENSP00000456348.1,unlabeled,False,0,self_learning,NC3
10723,ENST00000570010,ENSP00000457044.1,unlabeled,False,0,self_learning,NC3
10724,ENST00000570054,ENSP00000461295.3,unlabeled,False,0,self_learning,NC3
10725,ENST00000570101,ENSP00000454646.1,train,True,0,self_learning,NC3
10726,ENST00000570137,ENSP00000476295.1,unlabeled,False,0,self_learning,NC3
10727,ENST00000570319,ENSP00000458770.1,unlabeled,False,0,self_learning,NC3
10728,ENST00000570440,ENSP00000493467.1,unlabeled,False,0,self_learning,NC3
10729,ENST00000570495,ENSP00000460547.1,unlabeled,False,0,self_learning,NC3
10730,ENST00000570628,ENSP00000458986.1,unlabeled,False,0,self_learning,NC3
10731,ENST00000571133,ENSP00000460871.1,train,True,0,self_learning,NC3
10732,ENST00000571252,0,unlabeled,False,0,self_learning,NC3
10733,ENST00000571688,ENSP00000459533.1,unlabeled,False,0,self_learning,NC3
10734,ENST00000571730,0,unlabeled,False,0,self_learning,NC3
10735,ENST00000571995,ENSP00000461785.1,unlabeled,False,0,self_learning,NC3
10736,ENST00000572195,ENSP00000461388.1,train,True,0,self_learning,NC3
10737,ENST00000572447,ENSP00000459235.1,unlabeled,False,0,self_learning,NC3
10738,ENST00000572449,0,unlabeled,False,0,self_learning,NC3
10739,ENST00000572681,0,unlabeled,False,0,self_learning,NC3
10740,ENST00000573315,0,unlabeled,False,0,self_learning,NC3
10741,ENST00000573584,ENSP00000458954.1,train,True,0,self_learning,NC3
10742,ENST00000574322,ENSP00000460683.1,unlabeled,False,0,self_learning,NC3
10743,ENST00000574367,ENSP00000459775.1,unlabeled,False,0,self_learning,NC3
10744,ENST00000574538,ENSP00000458290.1,unlabeled,False,0,self_learning,NC3
10745,ENST00000574946,ENSP00000460825.1,unlabeled,False,0,self_learning,NC3
10746,ENST00000574980,ENSP00000460639.1,unlabeled,False,0,self_learning,NC3
10747,ENST00000575158,ENSP00000459174.1,unlabeled,False,0,self_learning,NC3
10748,ENST00000575195,0,unlabeled,False,0,self_learning,NC3
10749,ENST00000575734,ENSP00000465638.1,unlabeled,False,0,self_learning,NC3
10750,ENST00000575779,0,unlabeled,False,0,self_learning,NC3
10751,ENST00000575842,0,unlabeled,False,0,self_learning,NC3
10752,ENST00000575882,ENSP00000460823.1,train,True,0,self_learning,NC3
10753,ENST00000576222,0,unlabeled,False,0,self_learning,NC3
10754,ENST00000576409,0,unlabeled,False,0,self_learning,NC3
10755,ENST00000576479,ENSP00000460236.1,unlabeled,False,0,self_learning,NC3
10756,ENST00000576634,ENSP00000460850.1,unlabeled,False,0,self_learning,NC3
10757,ENST00000576655,0,unlabeled,False,0,self_learning,NC3
10758,ENST00000576742,ENSP00000461518.2,unlabeled,False,0,self_learning,NC3
10759,ENST00000577222,ENSP00000464342.1,unlabeled,False,0,self_learning,NC3
10760,ENST00000577660,0,unlabeled,False,0,self_learning,NC3
10761,ENST00000577745,ENSP00000464231.1,train,True,0,self_learning,NC3
10762,ENST00000577809,ENSP00000464275.1,train,True,0,self_learning,NC3
10763,ENST00000577830,ENSP00000462717.1,unlabeled,False,0,self_learning,NC3
10764,ENST00000577985,ENSP00000464635.1,unlabeled,False,0,self_learning,NC3
10765,ENST00000578049,ENSP00000463393.1,val,True,0,self_learning,NC3
10766,ENST00000578454,ENSP00000463027.1,train,True,0,self_learning,NC3
10767,ENST00000578681,ENSP00000464050.1,val,True,0,self_learning,NC3
10768,ENST00000578921,ENSP00000461945.2,train,True,0,self_learning,NC3
10769,ENST00000579016,ENSP00000462333.1,train,True,0,self_learning,NC3
10770,ENST00000579408,ENSP00000463842.1,unlabeled,False,0,self_learning,NC3
10771,ENST00000579436,ENSP00000462099.1,unlabeled,False,0,self_learning,NC3
10772,ENST00000579849,ENSP00000463245.1,unlabeled,False,0,self_learning,NC3
10773,ENST00000579991,ENSP00000477310.1,train,True,0,self_learning,NC3
10774,ENST00000580018,ENSP00000464522.3,val,True,0,self_learning,NC3
10775,ENST00000580059,0,unlabeled,False,0,self_learning,NC3
10776,ENST00000580155,ENSP00000463653.1,unlabeled,False,0,self_learning,NC3
10777,ENST00000580732,ENSP00000464162.1,unlabeled,False,0,self_learning,NC3
10778,ENST00000581066,ENSP00000461930.1,test,True,0,self_learning,NC3
10779,ENST00000581193,ENSP00000463559.1,unlabeled,False,0,self_learning,NC3
10780,ENST00000581208,ENSP00000462337.1,unlabeled,False,0,self_learning,NC3
10781,ENST00000581216,ENSP00000462963.1,val,True,0,self_learning,NC3
10782,ENST00000581312,ENSP00000462729.1,test,True,0,self_learning,NC3
10783,ENST00000581322,ENSP00000464006.1,train,True,0,self_learning,NC3
10784,ENST00000581347,0,unlabeled,False,0,self_learning,NC3
10785,ENST00000581492,ENSP00000463051.1,unlabeled,False,0,self_learning,NC3
10786,ENST00000581521,ENSP00000463794.1,unlabeled,False,0,self_learning,NC3
10787,ENST00000581977,ENSP00000464030.1,unlabeled,False,0,self_learning,NC3
10788,ENST00000582401,ENSP00000462521.1,train,True,0,self_learning,NC3
10789,ENST00000582441,0,unlabeled,False,0,self_learning,NC3
10790,ENST00000582693,ENSP00000463650.1,unlabeled,False,0,self_learning,NC3
10791,ENST00000582783,0,unlabeled,False,0,self_learning,NC3
10792,ENST00000583088,ENSP00000463778.1,unlabeled,False,0,self_learning,NC3
10793,ENST00000583313,ENSP00000463058.2,unlabeled,False,0,self_learning,NC3
10794,ENST00000583509,ENSP00000463574.1,train,True,0,self_learning,NC3
10795,ENST00000583535,ENSP00000464317.1,unlabeled,False,0,self_learning,NC3
10796,ENST00000583866,0,unlabeled,False,0,self_learning,NC3
10797,ENST00000583931,ENSP00000463154.1,test,True,0,self_learning,NC3
10798,ENST00000584164,ENSP00000463784.1,train,True,0,self_learning,NC3
10799,ENST00000584307,ENSP00000462468.1,unlabeled,False,0,self_learning,NC3
10800,ENST00000584436,ENSP00000462154.4,train,True,0,self_learning,NC3
10801,ENST00000584437,ENSP00000463069.1,unlabeled,False,0,self_learning,NC3
10802,ENST00000584667,ENSP00000462116.1,unlabeled,False,0,self_learning,NC3
10803,ENST00000584895,0,unlabeled,False,0,self_learning,NC3
10804,ENST00000585124,ENSP00000463999.1,unlabeled,False,0,self_learning,NC3
10805,ENST00000585313,0,unlabeled,False,0,self_learning,NC3
10806,ENST00000585316,ENSP00000462269.1,unlabeled,False,0,self_learning,NC3
10807,ENST00000585482,ENSP00000468032.2,test,True,0,self_learning,NC3
10808,ENST00000585527,ENSP00000467753.2,unlabeled,False,0,self_learning,NC3
10809,ENST00000585580,ENSP00000466477.1,unlabeled,False,0,self_learning,NC3
10810,ENST00000585603,ENSP00000465213.1,train,True,0,self_learning,NC3
10811,ENST00000585661,0,unlabeled,False,0,self_learning,NC3
10812,ENST00000585809,ENSP00000476117.3,train,True,0,self_learning,NC3
10813,ENST00000585916,ENSP00000465676.1,train,True,0,self_learning,NC3
10814,ENST00000585933,ENSP00000466022.2,unlabeled,False,0,self_learning,NC3
10815,ENST00000585934,ENSP00000468612.1,unlabeled,False,0,self_learning,NC3
10816,ENST00000586012,ENSP00000466514.1,unlabeled,False,0,self_learning,NC3
10817,ENST00000586178,ENSP00000468304.1,unlabeled,False,0,self_learning,NC3
10818,ENST00000586534,ENSP00000467024.1,unlabeled,False,0,self_learning,NC3
10819,ENST00000586569,ENSP00000465500.1,unlabeled,False,0,self_learning,NC3
10820,ENST00000586572,0,unlabeled,False,0,self_learning,NC3
10821,ENST00000586582,ENSP00000467290.1,unlabeled,False,0,self_learning,NC3
10822,ENST00000586600,ENSP00000465776.1,unlabeled,False,0,self_learning,NC3
10823,ENST00000586602,ENSP00000468643.1,unlabeled,False,0,self_learning,NC3
10824,ENST00000586790,0,unlabeled,False,0,self_learning,NC3
10825,ENST00000587091,ENSP00000465734.1,train,True,0,self_learning,NC3
10826,ENST00000587230,ENSP00000466298.1,train,True,0,self_learning,NC3
10827,ENST00000587250,ENSP00000466680.1,unlabeled,False,0,self_learning,NC3
10828,ENST00000587252,0,unlabeled,False,0,self_learning,NC3
10829,ENST00000587304,0,unlabeled,False,0,self_learning,NC3
10830,ENST00000587459,0,unlabeled,False,0,self_learning,NC3
10831,ENST00000587652,ENSP00000465231.1,unlabeled,False,0,self_learning,NC3
10832,ENST00000587708,ENSP00000468411.1,unlabeled,False,0,self_learning,NC3
10833,ENST00000587834,ENSP00000468633.1,val,True,0,self_learning,NC3
10834,ENST00000588012,ENSP00000465443.1,unlabeled,False,0,self_learning,NC3
10835,ENST00000588030,ENSP00000468788.1,unlabeled,False,0,self_learning,NC3
10836,ENST00000588072,ENSP00000465894.1,unlabeled,False,0,self_learning,NC3
10837,ENST00000588173,ENSP00000465617.1,unlabeled,False,0,self_learning,NC3
10838,ENST00000588212,0,unlabeled,False,0,self_learning,NC3
10839,ENST00000588234,ENSP00000465432.1,train,True,0,self_learning,NC3
10840,ENST00000588258,ENSP00000466121.1,unlabeled,False,0,self_learning,NC3
10841,ENST00000588268,ENSP00000467931.1,unlabeled,False,0,self_learning,NC3
10842,ENST00000588649,ENSP00000465759.2,train,True,0,self_learning,NC3
10843,ENST00000588735,ENSP00000466598.2,unlabeled,False,0,self_learning,NC3
10844,ENST00000588750,ENSP00000465356.1,train,True,0,self_learning,NC3
10845,ENST00000588776,ENSP00000465883.2,unlabeled,False,0,self_learning,NC3
10846,ENST00000588790,0,unlabeled,False,0,self_learning,NC3
10847,ENST00000588815,ENSP00000464849.1,unlabeled,False,0,self_learning,NC3
10848,ENST00000588981,ENSP00000467176.1,unlabeled,False,0,self_learning,NC3
10849,ENST00000588982,ENSP00000468782.1,unlabeled,False,0,self_learning,NC3
10850,ENST00000589097,0,unlabeled,False,0,self_learning,NC3
10851,ENST00000589258,0,unlabeled,False,0,self_learning,NC3
10852,ENST00000589332,ENSP00000466500.1,unlabeled,False,0,self_learning,NC3
10853,ENST00000589334,0,unlabeled,False,0,self_learning,NC3
10854,ENST00000589666,ENSP00000464893.1,train,True,0,self_learning,NC3
10855,ENST00000589838,ENSP00000465461.1,unlabeled,False,0,self_learning,NC3
10856,ENST00000589913,ENSP00000464813.1,unlabeled,False,0,self_learning,NC3
10857,ENST00000590071,ENSP00000466953.2,unlabeled,False,0,self_learning,NC3
10858,ENST00000590083,ENSP00000465260.1,unlabeled,False,0,self_learning,NC3
10859,ENST00000590089,ENSP00000465121.1,unlabeled,False,0,self_learning,NC3
10860,ENST00000590151,ENSP00000466259.1,unlabeled,False,0,self_learning,NC3
10861,ENST00000590202,ENSP00000464872.2,unlabeled,False,0,self_learning,NC3
10862,ENST00000590247,ENSP00000466214.1,train,True,0,self_learning,NC3
10863,ENST00000590261,ENSP00000468156.1,unlabeled,False,0,self_learning,NC3
10864,ENST00000590474,ENSP00000468348.1,train,True,0,self_learning,NC3
10865,ENST00000590720,ENSP00000466794.1,unlabeled,False,0,self_learning,NC3
10866,ENST00000590918,ENSP00000467494.1,unlabeled,False,0,self_learning,NC3
10867,ENST00000591022,ENSP00000468678.1,unlabeled,False,0,self_learning,NC3
10868,ENST00000591035,ENSP00000468280.1,unlabeled,False,0,self_learning,NC3
10869,ENST00000591046,ENSP00000466907.1,unlabeled,False,0,self_learning,NC3
10870,ENST00000591090,ENSP00000466379.1,unlabeled,False,0,self_learning,NC3
10871,ENST00000591340,0,unlabeled,False,0,self_learning,NC3
10872,ENST00000591344,ENSP00000464976.1,unlabeled,False,0,self_learning,NC3
10873,ENST00000591399,ENSP00000467579.1,unlabeled,False,0,self_learning,NC3
10874,ENST00000591416,ENSP00000467017.1,unlabeled,False,0,self_learning,NC3
10875,ENST00000591455,ENSP00000465665.1,unlabeled,False,0,self_learning,NC3
10876,ENST00000591470,ENSP00000466845.1,test,True,0,self_learning,NC3
10877,ENST00000591504,ENSP00000466690.1,unlabeled,False,0,self_learning,NC3
10878,ENST00000591680,ENSP00000467556.1,val,True,0,self_learning,NC3
10879,ENST00000591834,ENSP00000466174.1,unlabeled,False,0,self_learning,NC3
10880,ENST00000591889,ENSP00000468040.1,unlabeled,False,0,self_learning,NC3
10881,ENST00000591899,ENSP00000467262.1,unlabeled,False,0,self_learning,NC3
10882,ENST00000591998,ENSP00000467723.1,unlabeled,False,0,self_learning,NC3
10883,ENST00000592062,ENSP00000466967.1,unlabeled,False,0,self_learning,NC3
10884,ENST00000592141,ENSP00000466818.2,train,True,0,self_learning,NC3
10885,ENST00000592179,ENSP00000468354.1,unlabeled,False,0,self_learning,NC3
10886,ENST00000592502,ENSP00000468049.1,unlabeled,False,0,self_learning,NC3
10887,ENST00000592524,ENSP00000467201.1,unlabeled,False,0,self_learning,NC3
10888,ENST00000592574,ENSP00000468367.1,unlabeled,False,0,self_learning,NC3
10889,ENST00000592740,ENSP00000468690.1,unlabeled,False,0,self_learning,NC3
10890,ENST00000592782,ENSP00000468424.1,unlabeled,False,0,self_learning,NC3
10891,ENST00000592813,ENSP00000465435.1,unlabeled,False,0,self_learning,NC3
10892,ENST00000592875,0,unlabeled,False,0,self_learning,NC3
10893,ENST00000593039,0,unlabeled,False,0,self_learning,NC3
10894,ENST00000593135,ENSP00000465992.1,train,True,0,self_learning,NC3
10895,ENST00000593690,ENSP00000469413.1,unlabeled,False,0,self_learning,NC3
10896,ENST00000593726,ENSP00000469686.1,unlabeled,False,0,self_learning,NC3
10897,ENST00000593767,0,unlabeled,False,0,self_learning,NC3
10898,ENST00000593829,ENSP00000469468.2,unlabeled,False,0,self_learning,NC3
10899,ENST00000593873,0,unlabeled,False,0,self_learning,NC3
10900,ENST00000594009,ENSP00000469613.1,unlabeled,False,0,self_learning,NC3
10901,ENST00000594059,0,unlabeled,False,0,self_learning,NC3
10902,ENST00000594199,ENSP00000468980.1,unlabeled,False,0,self_learning,NC3
10903,ENST00000594295,0,unlabeled,False,0,self_learning,NC3
10904,ENST00000594369,ENSP00000472802.1,unlabeled,False,0,self_learning,NC3
10905,ENST00000594374,ENSP00000472698.1,unlabeled,False,0,self_learning,NC3
10906,ENST00000594436,ENSP00000470129.1,unlabeled,False,0,self_learning,NC3
10907,ENST00000594442,0,unlabeled,False,0,self_learning,NC3
10908,ENST00000594617,ENSP00000469696.1,unlabeled,False,0,self_learning,NC3
10909,ENST00000594663,ENSP00000472415.1,unlabeled,False,0,self_learning,NC3
10910,ENST00000594664,ENSP00000470087.1,unlabeled,False,0,self_learning,NC3
10911,ENST00000594684,0,unlabeled,False,0,self_learning,NC3
10912,ENST00000594797,ENSP00000470539.1,train,True,0,self_learning,NC3
10913,ENST00000594800,ENSP00000470246.1,unlabeled,False,0,self_learning,NC3
10914,ENST00000594814,ENSP00000469759.1,unlabeled,False,0,self_learning,NC3
10915,ENST00000595090,ENSP00000473172.1,train,True,0,self_learning,NC3
10916,ENST00000595358,ENSP00000471454.1,unlabeled,False,0,self_learning,NC3
10917,ENST00000595562,0,unlabeled,False,0,self_learning,NC3
10918,ENST00000595607,0,unlabeled,False,0,self_learning,NC3
10919,ENST00000595618,ENSP00000471457.1,unlabeled,False,0,self_learning,NC3
10920,ENST00000595635,ENSP00000473091.1,unlabeled,False,0,self_learning,NC3
10921,ENST00000595646,0,unlabeled,False,0,self_learning,NC3
10922,ENST00000595661,ENSP00000472808.1,unlabeled,False,0,self_learning,NC3
10923,ENST00000595676,0,unlabeled,False,0,self_learning,NC3
10924,ENST00000595753,ENSP00000470652.1,unlabeled,False,0,self_learning,NC3
10925,ENST00000595790,0,unlabeled,False,0,self_learning,NC3
10926,ENST00000595948,ENSP00000472474.1,unlabeled,False,0,self_learning,NC3
10927,ENST00000595962,ENSP00000471754.1,unlabeled,False,0,self_learning,NC3
10928,ENST00000596046,ENSP00000472985.1,unlabeled,False,0,self_learning,NC3
10929,ENST00000596148,ENSP00000470262.1,test,True,0,self_learning,NC3
10930,ENST00000596217,ENSP00000471191.1,unlabeled,False,0,self_learning,NC3
10931,ENST00000596251,ENSP00000471512.1,unlabeled,False,0,self_learning,NC3
10932,ENST00000596358,ENSP00000470034.1,train,True,0,self_learning,NC3
10933,ENST00000596400,0,unlabeled,False,0,self_learning,NC3
10934,ENST00000596586,ENSP00000468837.1,unlabeled,False,0,self_learning,NC3
10935,ENST00000596731,ENSP00000468969.1,unlabeled,False,0,self_learning,NC3
10936,ENST00000596755,0,unlabeled,False,0,self_learning,NC3
10937,ENST00000596831,0,unlabeled,False,0,self_learning,NC3
10938,ENST00000597188,0,unlabeled,False,0,self_learning,NC3
10939,ENST00000597198,ENSP00000469113.1,unlabeled,False,0,self_learning,NC3
10940,ENST00000597229,ENSP00000472305.1,unlabeled,False,0,self_learning,NC3
10941,ENST00000597252,ENSP00000470239.1,unlabeled,False,0,self_learning,NC3
10942,ENST00000597279,ENSP00000469194.1,unlabeled,False,0,self_learning,NC3
10943,ENST00000597410,0,unlabeled,False,0,self_learning,NC3
10944,ENST00000597436,ENSP00000471455.1,train,True,0,self_learning,NC3
10945,ENST00000597658,0,unlabeled,False,0,self_learning,NC3
10946,ENST00000597850,0,unlabeled,False,0,self_learning,NC3
10947,ENST00000597959,0,unlabeled,False,0,self_learning,NC3
10948,ENST00000597960,ENSP00000471700.1,unlabeled,False,0,self_learning,NC3
10949,ENST00000597961,ENSP00000472710.1,unlabeled,False,0,self_learning,NC3
10950,ENST00000598088,ENSP00000469158.1,unlabeled,False,0,self_learning,NC3
10951,ENST00000598234,0,unlabeled,False,0,self_learning,NC3
10952,ENST00000598249,ENSP00000469242.1,unlabeled,False,0,self_learning,NC3
10953,ENST00000598361,0,unlabeled,False,0,self_learning,NC3
10954,ENST00000598409,0,unlabeled,False,0,self_learning,NC3
10955,ENST00000598418,ENSP00000468956.2,unlabeled,False,0,self_learning,NC3
10956,ENST00000598441,ENSP00000472998.1,train,True,0,self_learning,NC3
10957,ENST00000598519,ENSP00000469591.1,unlabeled,False,0,self_learning,NC3
10958,ENST00000598523,ENSP00000469332.1,unlabeled,False,0,self_learning,NC3
10959,ENST00000598742,ENSP00000470972.1,train,True,0,self_learning,NC3
10960,ENST00000598935,ENSP00000472761.1,unlabeled,False,0,self_learning,NC3
10961,ENST00000599117,ENSP00000470252.1,unlabeled,False,0,self_learning,NC3
10962,ENST00000599174,ENSP00000469474.1,unlabeled,False,0,self_learning,NC3
10963,ENST00000599218,ENSP00000470248.1,unlabeled,False,0,self_learning,NC3
10964,ENST00000599312,0,unlabeled,False,0,self_learning,NC3
10965,ENST00000599538,ENSP00000469880.1,unlabeled,False,0,self_learning,NC3
10966,ENST00000599612,ENSP00000469836.2,train,True,0,self_learning,NC3
10967,ENST00000599632,ENSP00000473233.1,unlabeled,False,0,self_learning,NC3
10968,ENST00000599672,ENSP00000470560.1,train,True,0,self_learning,NC3
10969,ENST00000599921,ENSP00000469473.1,unlabeled,False,0,self_learning,NC3
10970,ENST00000600132,ENSP00000471252.1,unlabeled,False,0,self_learning,NC3
10971,ENST00000600228,ENSP00000471000.1,unlabeled,False,0,self_learning,NC3
10972,ENST00000600245,ENSP00000469029.1,unlabeled,False,0,self_learning,NC3
10973,ENST00000600324,0,unlabeled,False,0,self_learning,NC3
10974,ENST00000600328,0,unlabeled,False,0,self_learning,NC3
10975,ENST00000600449,ENSP00000471932.1,unlabeled,False,0,self_learning,NC3
10976,ENST00000600490,ENSP00000470879.1,unlabeled,False,0,self_learning,NC3
10977,ENST00000601048,ENSP00000473185.1,unlabeled,False,0,self_learning,NC3
10978,ENST00000601098,ENSP00000472600.2,unlabeled,False,0,self_learning,NC3
10979,ENST00000601460,0,unlabeled,False,0,self_learning,NC3
10980,ENST00000601693,ENSP00000469582.1,unlabeled,False,0,self_learning,NC3
10981,ENST00000601808,0,unlabeled,False,0,self_learning,NC3
10982,ENST00000602063,0,unlabeled,False,0,self_learning,NC3
10983,ENST00000602094,0,unlabeled,False,0,self_learning,NC3
10984,ENST00000602117,ENSP00000471536.1,unlabeled,False,0,self_learning,NC3
10985,ENST00000602142,ENSP00000472929.1,unlabeled,False,0,self_learning,NC3
10986,ENST00000602212,ENSP00000469142.1,unlabeled,False,0,self_learning,NC3
10987,ENST00000602390,0,unlabeled,False,0,self_learning,NC3
10988,ENST00000602402,ENSP00000473631.1,train,True,0,self_learning,NC3
10989,ENST00000602676,ENSP00000473381.1,unlabeled,False,0,self_learning,NC3
10990,ENST00000602710,ENSP00000473623.1,unlabeled,False,0,self_learning,NC3
10991,ENST00000602795,0,unlabeled,False,0,self_learning,NC3
10992,ENST00000602845,0,unlabeled,False,0,self_learning,NC3
10993,ENST00000602925,ENSP00000473565.1,unlabeled,False,0,self_learning,NC3
10994,ENST00000603017,ENSP00000474230.1,unlabeled,False,0,self_learning,NC3
10995,ENST00000603300,ENSP00000475084.1,unlabeled,False,0,self_learning,NC3
10996,ENST00000603700,0,unlabeled,False,0,self_learning,NC3
10997,ENST00000603798,ENSP00000475068.1,unlabeled,False,0,self_learning,NC3
10998,ENST00000603928,0,unlabeled,False,0,self_learning,NC3
10999,ENST00000604000,ENSP00000474487.3,train,True,0,self_learning,NC3
11000,ENST00000604011,0,unlabeled,False,0,self_learning,NC3
11001,ENST00000604458,ENSP00000474534.1,train,True,0,self_learning,NC3
11002,ENST00000604534,ENSP00000475025.1,unlabeled,False,0,self_learning,NC3
11003,ENST00000604957,0,unlabeled,False,0,self_learning,NC3
11004,ENST00000605788,ENSP00000474710.2,unlabeled,False,0,self_learning,NC3
11005,ENST00000605895,ENSP00000475168.1,train,True,0,self_learning,NC3
11006,ENST00000606025,0,unlabeled,False,0,self_learning,NC3
11007,ENST00000606080,ENSP00000476145.1,unlabeled,False,0,self_learning,NC3
11008,ENST00000606117,ENSP00000476228.1,unlabeled,False,0,self_learning,NC3
11009,ENST00000606162,ENSP00000482445.1,unlabeled,False,0,self_learning,NC3
11010,ENST00000606183,ENSP00000489796.1,unlabeled,False,0,self_learning,NC3
11011,ENST00000606214,ENSP00000475727.1,train,True,0,self_learning,NC3
11012,ENST00000606320,ENSP00000475489.1,train,True,0,self_learning,NC3
11013,ENST00000606498,ENSP00000475700.1,unlabeled,False,0,self_learning,NC3
11014,ENST00000606505,ENSP00000476252.1,unlabeled,False,0,self_learning,NC3
11015,ENST00000606589,0,unlabeled,False,0,self_learning,NC3
11016,ENST00000606738,ENSP00000476820.1,unlabeled,False,0,self_learning,NC3
11017,ENST00000606812,ENSP00000475676.1,unlabeled,False,0,self_learning,NC3
11018,ENST00000606888,0,unlabeled,False,0,self_learning,NC3
11019,ENST00000606910,0,unlabeled,False,0,self_learning,NC3
11020,ENST00000607016,ENSP00000476119.1,train,True,0,self_learning,NC3
11021,ENST00000607124,ENSP00000476136.1,unlabeled,False,0,self_learning,NC3
11022,ENST00000607197,ENSP00000475750.1,test,True,0,self_learning,NC3
11023,ENST00000607357,0,unlabeled,False,0,self_learning,NC3
11024,ENST00000607484,ENSP00000476140.1,unlabeled,False,0,self_learning,NC3
11025,ENST00000607544,0,unlabeled,False,0,self_learning,NC3
11026,ENST00000607772,ENSP00000475915.1,unlabeled,False,0,self_learning,NC3
11027,ENST00000607778,ENSP00000476100.1,unlabeled,False,0,self_learning,NC3
11028,ENST00000608362,ENSP00000497298.1,unlabeled,False,0,self_learning,NC3
11029,ENST00000608872,ENSP00000476369.1,unlabeled,False,0,self_learning,NC3
11030,ENST00000608933,ENSP00000477341.1,unlabeled,False,0,self_learning,NC3
11031,ENST00000608999,ENSP00000476755.1,unlabeled,False,0,self_learning,NC3
11032,ENST00000609117,ENSP00000477344.1,unlabeled,False,0,self_learning,NC3
11033,ENST00000609129,ENSP00000476499.1,unlabeled,False,0,self_learning,NC3
11034,ENST00000609261,0,unlabeled,False,0,self_learning,NC3
11035,ENST00000609375,0,unlabeled,False,0,self_learning,NC3
11036,ENST00000609421,ENSP00000476632.1,unlabeled,False,0,self_learning,NC3
11037,ENST00000609438,0,unlabeled,False,0,self_learning,NC3
11038,ENST00000609879,ENSP00000499501.1,unlabeled,False,0,self_learning,NC3
11039,ENST00000609923,ENSP00000476815.1,test,True,0,self_learning,NC3
11040,ENST00000610020,ENSP00000476948.1,train,True,0,self_learning,NC3
11041,ENST00000610140,0,unlabeled,False,0,self_learning,NC3
11042,ENST00000610189,ENSP00000476446.1,unlabeled,False,0,self_learning,NC3
11043,ENST00000610213,ENSP00000476386.1,val,True,0,self_learning,NC3
11044,ENST00000610261,ENSP00000477392.1,unlabeled,False,0,self_learning,NC3
11045,ENST00000610322,ENSP00000480364.1,train,True,0,self_learning,NC3
11046,ENST00000610402,ENSP00000483185.1,unlabeled,False,0,self_learning,NC3
11047,ENST00000610426,ENSP00000483484.1,train,True,0,self_learning,NC3
11048,ENST00000610540,ENSP00000479669.1,unlabeled,False,0,self_learning,NC3
11049,ENST00000610581,ENSP00000481675.1,unlabeled,False,0,self_learning,NC3
11050,ENST00000610595,ENSP00000480012.1,unlabeled,False,0,self_learning,NC3
11051,ENST00000610704,ENSP00000477841.1,unlabeled,False,0,self_learning,NC3
11052,ENST00000610710,0,unlabeled,False,0,self_learning,NC3
11053,ENST00000610722,ENSP00000478141.1,unlabeled,False,0,self_learning,NC3
11054,ENST00000610745,ENSP00000478561.1,unlabeled,False,0,self_learning,NC3
11055,ENST00000610854,ENSP00000482169.2,train,True,0,self_learning,NC3
11056,ENST00000610928,0,unlabeled,False,0,self_learning,NC3
11057,ENST00000610935,ENSP00000478557.1,val,True,0,self_learning,NC3
11058,ENST00000610970,ENSP00000479166.1,unlabeled,False,0,self_learning,NC3
11059,ENST00000611002,0,unlabeled,False,0,self_learning,NC3
11060,ENST00000611050,ENSP00000483260.1,unlabeled,False,0,self_learning,NC3
11061,ENST00000611055,ENSP00000483489.1,test,True,0,self_learning,NC3
11062,ENST00000611074,0,unlabeled,False,0,self_learning,NC3
11063,ENST00000611392,0,unlabeled,False,0,self_learning,NC3
11064,ENST00000611405,ENSP00000480421.1,test,True,0,self_learning,NC3
11065,ENST00000611444,ENSP00000477870.2,unlabeled,False,0,self_learning,NC3
11066,ENST00000611517,ENSP00000483276.1,unlabeled,False,0,self_learning,NC3
11067,ENST00000611551,ENSP00000478388.1,unlabeled,False,0,self_learning,NC3
11068,ENST00000611618,ENSP00000483005.1,unlabeled,False,0,self_learning,NC3
11069,ENST00000611621,ENSP00000480722.1,unlabeled,False,0,self_learning,NC3
11070,ENST00000611712,ENSP00000484288.1,unlabeled,False,0,self_learning,NC3
11071,ENST00000611716,ENSP00000482760.1,unlabeled,False,0,self_learning,NC3
11072,ENST00000611745,0,unlabeled,False,0,self_learning,NC3
11073,ENST00000611884,ENSP00000481697.1,unlabeled,False,0,self_learning,NC3
11074,ENST00000611976,ENSP00000480549.1,unlabeled,False,0,self_learning,NC3
11075,ENST00000612130,ENSP00000478474.1,unlabeled,False,0,self_learning,NC3
11076,ENST00000612133,0,unlabeled,False,0,self_learning,NC3
11077,ENST00000612183,0,unlabeled,False,0,self_learning,NC3
11078,ENST00000612339,0,unlabeled,False,0,self_learning,NC3
11079,ENST00000612399,0,unlabeled,False,0,self_learning,NC3
11080,ENST00000612460,ENSP00000481037.1,unlabeled,False,0,self_learning,NC3
11081,ENST00000612501,ENSP00000478767.1,val,True,0,self_learning,NC3
11082,ENST00000612514,0,unlabeled,False,0,self_learning,NC3
11083,ENST00000612661,ENSP00000478061.1,train,True,0,self_learning,NC3
11084,ENST00000612750,ENSP00000484962.1,unlabeled,False,0,self_learning,NC3
11085,ENST00000612814,ENSP00000480703.1,unlabeled,False,0,self_learning,NC3
11086,ENST00000612867,0,unlabeled,False,0,self_learning,NC3
11087,ENST00000612899,ENSP00000481570.1,unlabeled,False,0,self_learning,NC3
11088,ENST00000612905,ENSP00000482410.1,unlabeled,False,0,self_learning,NC3
11089,ENST00000612978,0,unlabeled,False,0,self_learning,NC3
11090,ENST00000613019,0,unlabeled,False,0,self_learning,NC3
11091,ENST00000613122,ENSP00000484525.2,train,True,0,self_learning,NC3
11092,ENST00000613174,ENSP00000482538.2,unlabeled,False,0,self_learning,NC3
11093,ENST00000613183,0,unlabeled,False,0,self_learning,NC3
11094,ENST00000613252,ENSP00000482245.1,unlabeled,False,0,self_learning,NC3
11095,ENST00000613266,ENSP00000479071.1,unlabeled,False,0,self_learning,NC3
11096,ENST00000613302,0,unlabeled,False,0,self_learning,NC3
11097,ENST00000613322,ENSP00000478931.1,unlabeled,False,0,self_learning,NC3
11098,ENST00000613358,ENSP00000481886.1,train,True,0,self_learning,NC3
11099,ENST00000613385,0,unlabeled,False,0,self_learning,NC3
11100,ENST00000613397,ENSP00000477613.1,unlabeled,False,0,self_learning,NC3
11101,ENST00000613416,ENSP00000482032.1,unlabeled,False,0,self_learning,NC3
11102,ENST00000613466,ENSP00000478501.1,train,True,0,self_learning,NC3
11103,ENST00000613503,ENSP00000478298.1,val,True,0,self_learning,NC3
11104,ENST00000613525,ENSP00000481682.1,unlabeled,False,0,self_learning,NC3
11105,ENST00000613569,ENSP00000477868.1,train,True,0,self_learning,NC3
11106,ENST00000613694,ENSP00000479889.3,train,True,0,self_learning,NC3
11107,ENST00000613797,0,unlabeled,False,0,self_learning,NC3
11108,ENST00000613854,ENSP00000480826.2,unlabeled,False,0,self_learning,NC3
11109,ENST00000613865,ENSP00000478869.2,unlabeled,False,0,self_learning,NC3
11110,ENST00000613904,ENSP00000478396.1,test,True,0,self_learning,NC3
11111,ENST00000614032,ENSP00000481301.1,unlabeled,False,0,self_learning,NC3
11112,ENST00000614034,ENSP00000480297.1,unlabeled,False,0,self_learning,NC3
11113,ENST00000614058,ENSP00000480004.1,unlabeled,False,0,self_learning,NC3
11114,ENST00000614167,ENSP00000483356.1,unlabeled,False,0,self_learning,NC3
11115,ENST00000614247,ENSP00000479461.2,unlabeled,False,0,self_learning,NC3
11116,ENST00000614302,ENSP00000479130.1,train,True,0,self_learning,NC3
11117,ENST00000614341,ENSP00000480279.1,unlabeled,False,0,self_learning,NC3
11118,ENST00000614342,ENSP00000483562.1,train,True,0,self_learning,NC3
11119,ENST00000614404,ENSP00000478771.1,unlabeled,False,0,self_learning,NC3
11120,ENST00000614476,ENSP00000480378.1,unlabeled,False,0,self_learning,NC3
11121,ENST00000614497,ENSP00000482442.1,unlabeled,False,0,self_learning,NC3
11122,ENST00000614556,ENSP00000483236.1,unlabeled,False,0,self_learning,NC3
11123,ENST00000614565,ENSP00000484928.1,unlabeled,False,0,self_learning,NC3
11124,ENST00000614628,ENSP00000481850.1,unlabeled,False,0,self_learning,NC3
11125,ENST00000614654,ENSP00000480314.1,unlabeled,False,0,self_learning,NC3
11126,ENST00000614830,ENSP00000480832.2,train,True,0,self_learning,NC3
11127,ENST00000614971,ENSP00000478783.1,unlabeled,False,0,self_learning,NC3
11128,ENST00000614987,ENSP00000479667.1,train,True,0,self_learning,NC3
11129,ENST00000615052,ENSP00000481626.1,unlabeled,False,0,self_learning,NC3
11130,ENST00000615182,0,unlabeled,False,0,self_learning,NC3
11131,ENST00000615189,ENSP00000478755.1,unlabeled,False,0,self_learning,NC3
11132,ENST00000615234,ENSP00000478303.1,train,True,0,self_learning,NC3
11133,ENST00000615281,ENSP00000477509.1,unlabeled,False,0,self_learning,NC3
11134,ENST00000615301,ENSP00000480109.1,unlabeled,False,0,self_learning,NC3
11135,ENST00000615331,ENSP00000481575.1,unlabeled,False,0,self_learning,NC3
11136,ENST00000615421,0,unlabeled,False,0,self_learning,NC3
11137,ENST00000615541,0,unlabeled,False,0,self_learning,NC3
11138,ENST00000615550,ENSP00000484105.1,unlabeled,False,0,self_learning,NC3
11139,ENST00000615575,0,unlabeled,False,0,self_learning,NC3
11140,ENST00000615612,ENSP00000478892.1,train,True,0,self_learning,NC3
11141,ENST00000615637,ENSP00000481581.1,unlabeled,False,0,self_learning,NC3
11142,ENST00000615648,ENSP00000484472.1,train,True,0,self_learning,NC3
11143,ENST00000615670,ENSP00000481109.1,unlabeled,False,0,self_learning,NC3
11144,ENST00000615746,ENSP00000483537.1,unlabeled,False,0,self_learning,NC3
11145,ENST00000615868,ENSP00000483842.2,unlabeled,False,0,self_learning,NC3
11146,ENST00000615891,0,unlabeled,False,0,self_learning,NC3
11147,ENST00000615911,0,unlabeled,False,0,self_learning,NC3
11148,ENST00000615966,ENSP00000482674.2,unlabeled,False,0,self_learning,NC3
11149,ENST00000615984,ENSP00000482599.1,unlabeled,False,0,self_learning,NC3
11150,ENST00000616146,ENSP00000479543.1,unlabeled,False,0,self_learning,NC3
11151,ENST00000616182,ENSP00000477527.2,unlabeled,False,0,self_learning,NC3
11152,ENST00000616265,ENSP00000482639.1,unlabeled,False,0,self_learning,NC3
11153,ENST00000616288,ENSP00000484116.1,unlabeled,False,0,self_learning,NC3
11154,ENST00000616305,ENSP00000484732.1,unlabeled,False,0,self_learning,NC3
11155,ENST00000616365,ENSP00000483283.2,unlabeled,False,0,self_learning,NC3
11156,ENST00000616435,ENSP00000479775.2,unlabeled,False,0,self_learning,NC3
11157,ENST00000616445,ENSP00000482870.1,unlabeled,False,0,self_learning,NC3
11158,ENST00000616524,ENSP00000481046.1,unlabeled,False,0,self_learning,NC3
11159,ENST00000616540,ENSP00000482437.1,unlabeled,False,0,self_learning,NC3
11160,ENST00000616552,ENSP00000480987.1,train,True,0,self_learning,NC3
11161,ENST00000616600,ENSP00000483345.1,train,True,0,self_learning,NC3
11162,ENST00000616623,0,unlabeled,False,0,self_learning,NC3
11163,ENST00000616640,ENSP00000478982.1,unlabeled,False,0,self_learning,NC3
11164,ENST00000616661,ENSP00000480439.1,test,True,0,self_learning,NC3
11165,ENST00000616701,ENSP00000484146.1,unlabeled,False,0,self_learning,NC3
11166,ENST00000616742,ENSP00000479602.1,unlabeled,False,0,self_learning,NC3
11167,ENST00000617122,ENSP00000483888.1,unlabeled,False,0,self_learning,NC3
11168,ENST00000617275,0,unlabeled,False,0,self_learning,NC3
11169,ENST00000617316,ENSP00000482568.2,train,True,0,self_learning,NC3
11170,ENST00000617388,ENSP00000478645.1,unlabeled,False,0,self_learning,NC3
11171,ENST00000617444,ENSP00000481694.1,unlabeled,False,0,self_learning,NC3
11172,ENST00000617501,ENSP00000484810.1,unlabeled,False,0,self_learning,NC3
11173,ENST00000617569,ENSP00000479106.2,unlabeled,False,0,self_learning,NC3
11174,ENST00000617612,0,unlabeled,False,0,self_learning,NC3
11175,ENST00000617633,ENSP00000479504.1,val,True,0,self_learning,NC3
11176,ENST00000617690,ENSP00000481834.1,unlabeled,False,0,self_learning,NC3
11177,ENST00000617768,ENSP00000484644.2,unlabeled,False,0,self_learning,NC3
11178,ENST00000617859,ENSP00000478056.1,unlabeled,False,0,self_learning,NC3
11179,ENST00000617875,ENSP00000482313.2,test,True,0,self_learning,NC3
11180,ENST00000617931,0,unlabeled,False,0,self_learning,NC3
11181,ENST00000617979,ENSP00000483375.1,train,True,0,self_learning,NC3
11182,ENST00000618052,ENSP00000484095.2,unlabeled,False,0,self_learning,NC3
11183,ENST00000618098,ENSP00000479953.1,unlabeled,False,0,self_learning,NC3
11184,ENST00000618099,ENSP00000483552.1,unlabeled,False,0,self_learning,NC3
11185,ENST00000618101,ENSP00000482027.1,unlabeled,False,0,self_learning,NC3
11186,ENST00000618123,ENSP00000481893.1,unlabeled,False,0,self_learning,NC3
11187,ENST00000618156,ENSP00000484580.1,train,True,0,self_learning,NC3
11188,ENST00000618250,ENSP00000479598.1,unlabeled,False,0,self_learning,NC3
11189,ENST00000618518,0,unlabeled,False,0,self_learning,NC3
11190,ENST00000618534,ENSP00000484443.1,test,True,0,self_learning,NC3
11191,ENST00000618550,0,unlabeled,False,0,self_learning,NC3
11192,ENST00000618562,ENSP00000480043.1,unlabeled,False,0,self_learning,NC3
11193,ENST00000618655,ENSP00000481912.1,unlabeled,False,0,self_learning,NC3
11194,ENST00000618691,ENSP00000477538.1,unlabeled,False,0,self_learning,NC3
11195,ENST00000618693,0,unlabeled,False,0,self_learning,NC3
11196,ENST00000618787,0,unlabeled,False,0,self_learning,NC3
11197,ENST00000618804,ENSP00000481854.1,unlabeled,False,0,self_learning,NC3
11198,ENST00000618819,ENSP00000482732.1,train,True,0,self_learning,NC3
11199,ENST00000618847,ENSP00000480991.1,unlabeled,False,0,self_learning,NC3
11200,ENST00000618852,ENSP00000483313.1,test,True,0,self_learning,NC3
11201,ENST00000618958,ENSP00000482431.2,unlabeled,False,0,self_learning,NC3
11202,ENST00000619038,ENSP00000482523.1,unlabeled,False,0,self_learning,NC3
11203,ENST00000619087,ENSP00000482165.1,unlabeled,False,0,self_learning,NC3
11204,ENST00000619189,0,unlabeled,False,0,self_learning,NC3
11205,ENST00000619208,ENSP00000480489.1,unlabeled,False,0,self_learning,NC3
11206,ENST00000619423,0,unlabeled,False,0,self_learning,NC3
11207,ENST00000619594,ENSP00000484492.1,unlabeled,False,0,self_learning,NC3
11208,ENST00000619701,ENSP00000481728.1,unlabeled,False,0,self_learning,NC3
11209,ENST00000619707,ENSP00000482753.1,unlabeled,False,0,self_learning,NC3
11210,ENST00000619850,ENSP00000481465.1,unlabeled,False,0,self_learning,NC3
11211,ENST00000619898,0,unlabeled,False,0,self_learning,NC3
11212,ENST00000619918,ENSP00000483386.1,unlabeled,False,0,self_learning,NC3
11213,ENST00000619920,ENSP00000481029.1,train,True,0,self_learning,NC3
11214,ENST00000619929,ENSP00000479636.1,unlabeled,False,0,self_learning,NC3
11215,ENST00000620094,ENSP00000480401.1,unlabeled,False,0,self_learning,NC3
11216,ENST00000620105,0,unlabeled,False,0,self_learning,NC3
11217,ENST00000620157,ENSP00000478754.1,train,True,0,self_learning,NC3
11218,ENST00000620195,ENSP00000481538.1,unlabeled,False,0,self_learning,NC3
11219,ENST00000620254,ENSP00000479968.1,unlabeled,False,0,self_learning,NC3
11220,ENST00000620350,ENSP00000484634.1,unlabeled,False,0,self_learning,NC3
11221,ENST00000620364,ENSP00000480474.1,unlabeled,False,0,self_learning,NC3
11222,ENST00000620612,0,unlabeled,False,0,self_learning,NC3
11223,ENST00000620660,ENSP00000478721.1,unlabeled,False,0,self_learning,NC3
11224,ENST00000620676,ENSP00000478104.1,val,True,0,self_learning,NC3
11225,ENST00000620693,ENSP00000484060.1,unlabeled,False,0,self_learning,NC3
11226,ENST00000620771,ENSP00000483786.1,unlabeled,False,0,self_learning,NC3
11227,ENST00000620995,ENSP00000482502.1,unlabeled,False,0,self_learning,NC3
11228,ENST00000621039,ENSP00000478352.1,unlabeled,False,0,self_learning,NC3
11229,ENST00000621053,0,unlabeled,False,0,self_learning,NC3
11230,ENST00000621083,ENSP00000482749.1,unlabeled,False,0,self_learning,NC3
11231,ENST00000621116,ENSP00000478212.1,unlabeled,False,0,self_learning,NC3
11232,ENST00000621158,ENSP00000481956.1,unlabeled,False,0,self_learning,NC3
11233,ENST00000621161,ENSP00000482620.1,train,True,0,self_learning,NC3
11234,ENST00000621198,ENSP00000480050.1,val,True,0,self_learning,NC3
11235,ENST00000621267,ENSP00000483254.1,unlabeled,False,0,self_learning,NC3
11236,ENST00000621281,0,unlabeled,False,0,self_learning,NC3
11237,ENST00000621356,ENSP00000481646.1,unlabeled,False,0,self_learning,NC3
11238,ENST00000621372,ENSP00000480821.1,train,True,0,self_learning,NC3
11239,ENST00000621411,ENSP00000484841.2,unlabeled,False,0,self_learning,NC3
11240,ENST00000621413,0,unlabeled,False,0,self_learning,NC3
11241,ENST00000621421,ENSP00000481842.1,unlabeled,False,0,self_learning,NC3
11242,ENST00000621441,ENSP00000484855.1,train,True,0,self_learning,NC3
11243,ENST00000621465,ENSP00000480707.1,unlabeled,False,0,self_learning,NC3
11244,ENST00000621517,ENSP00000484552.1,unlabeled,False,0,self_learning,NC3
11245,ENST00000621525,ENSP00000482133.1,train,True,0,self_learning,NC3
11246,ENST00000621648,ENSP00000483621.1,unlabeled,False,0,self_learning,NC3
11247,ENST00000621650,ENSP00000477716.1,train,True,0,self_learning,NC3
11248,ENST00000621663,ENSP00000477760.1,unlabeled,False,0,self_learning,NC3
11249,ENST00000621723,ENSP00000478885.1,unlabeled,False,0,self_learning,NC3
11250,ENST00000621744,0,unlabeled,False,0,self_learning,NC3
11251,ENST00000621775,ENSP00000483631.1,unlabeled,False,0,self_learning,NC3
11252,ENST00000621784,ENSP00000482841.1,unlabeled,False,0,self_learning,NC3
11253,ENST00000621943,ENSP00000477602.1,train,True,0,self_learning,NC3
11254,ENST00000621999,ENSP00000481022.1,train,True,0,self_learning,NC3
11255,ENST00000622132,ENSP00000478255.1,train,True,0,self_learning,NC3
11256,ENST00000622142,0,unlabeled,False,0,self_learning,NC3
11257,ENST00000622211,0,unlabeled,False,0,self_learning,NC3
11258,ENST00000622269,0,unlabeled,False,0,self_learning,NC3
11259,ENST00000622277,ENSP00000481314.1,unlabeled,False,0,self_learning,NC3
11260,ENST00000622395,ENSP00000480428.1,unlabeled,False,0,self_learning,NC3
11261,ENST00000622479,ENSP00000482607.1,unlabeled,False,0,self_learning,NC3
11262,ENST00000622513,0,unlabeled,False,0,self_learning,NC3
11263,ENST00000622669,ENSP00000484175.1,val,True,0,self_learning,NC3
11264,ENST00000622746,0,unlabeled,False,0,self_learning,NC3
11265,ENST00000622789,ENSP00000483486.1,unlabeled,False,0,self_learning,NC3
11266,ENST00000622802,0,unlabeled,False,0,self_learning,NC3
11267,ENST00000622845,0,unlabeled,False,0,self_learning,NC3
11268,ENST00000623063,ENSP00000485525.1,unlabeled,False,0,self_learning,NC3
11269,ENST00000623276,ENSP00000485228.1,unlabeled,False,0,self_learning,NC3
11270,ENST00000623402,ENSP00000485276.1,train,True,0,self_learning,NC3
11271,ENST00000623527,ENSP00000485478.1,unlabeled,False,0,self_learning,NC3
11272,ENST00000623535,ENSP00000485244.1,unlabeled,False,0,self_learning,NC3
11273,ENST00000623876,ENSP00000494844.1,unlabeled,False,0,self_learning,NC3
11274,ENST00000624922,ENSP00000485238.1,unlabeled,False,0,self_learning,NC3
11275,ENST00000625129,0,unlabeled,False,0,self_learning,NC3
11276,ENST00000625258,0,unlabeled,False,0,self_learning,NC3
11277,ENST00000625293,ENSP00000486676.2,unlabeled,False,0,self_learning,NC3
11278,ENST00000626657,0,unlabeled,False,0,self_learning,NC3
11279,ENST00000627532,ENSP00000487174.1,unlabeled,False,0,self_learning,NC3
11280,ENST00000629843,ENSP00000487086.1,unlabeled,False,0,self_learning,NC3
11281,ENST00000631683,0,unlabeled,False,0,self_learning,NC3
11282,ENST00000631941,0,unlabeled,False,0,self_learning,NC3
11283,ENST00000632009,ENSP00000487971.1,unlabeled,False,0,self_learning,NC3
11284,ENST00000632629,0,unlabeled,False,0,self_learning,NC3
11285,ENST00000633222,ENSP00000487785.1,unlabeled,False,0,self_learning,NC3
11286,ENST00000633531,ENSP00000488838.1,unlabeled,False,0,self_learning,NC3
11287,ENST00000634347,ENSP00000489295.1,unlabeled,False,0,self_learning,NC3
11288,ENST00000634733,ENSP00000489282.1,unlabeled,False,0,self_learning,NC3
11289,ENST00000634811,0,unlabeled,False,0,self_learning,NC3
11290,ENST00000634901,ENSP00000489425.1,unlabeled,False,0,self_learning,NC3
11291,ENST00000634910,0,unlabeled,False,0,self_learning,NC3
11292,ENST00000634965,0,unlabeled,False,0,self_learning,NC3
11293,ENST00000635017,0,unlabeled,False,0,self_learning,NC3
11294,ENST00000635051,0,unlabeled,False,0,self_learning,NC3
11295,ENST00000635200,0,unlabeled,False,0,self_learning,NC3
11296,ENST00000635976,0,unlabeled,False,0,self_learning,NC3
11297,ENST00000636166,0,unlabeled,False,0,self_learning,NC3
11298,ENST00000636183,ENSP00000490181.2,unlabeled,False,0,self_learning,NC3
11299,ENST00000636215,0,unlabeled,False,0,self_learning,NC3
11300,ENST00000636397,0,unlabeled,False,0,self_learning,NC3
11301,ENST00000636502,0,unlabeled,False,0,self_learning,NC3
11302,ENST00000636508,0,unlabeled,False,0,self_learning,NC3
11303,ENST00000636580,ENSP00000490083.1,val,True,0,self_learning,NC3
11304,ENST00000636849,0,unlabeled,False,0,self_learning,NC3
11305,ENST00000636933,0,unlabeled,False,0,self_learning,NC3
11306,ENST00000637125,0,unlabeled,False,0,self_learning,NC3
11307,ENST00000637128,0,unlabeled,False,0,self_learning,NC3
11308,ENST00000637378,0,unlabeled,False,0,self_learning,NC3
11309,ENST00000637513,0,unlabeled,False,0,self_learning,NC3
11310,ENST00000637807,0,unlabeled,False,0,self_learning,NC3
11311,ENST00000637854,0,unlabeled,False,0,self_learning,NC3
11312,ENST00000637978,0,unlabeled,False,0,self_learning,NC3
11313,ENST00000638005,ENSP00000489677.1,unlabeled,False,0,self_learning,NC3
11314,ENST00000638043,0,unlabeled,False,0,self_learning,NC3
11315,ENST00000638045,ENSP00000489675.1,unlabeled,False,0,self_learning,NC3
11316,ENST00000638108,ENSP00000490935.1,unlabeled,False,0,self_learning,NC3
11317,ENST00000638147,0,unlabeled,False,0,self_learning,NC3
11318,ENST00000638155,ENSP00000490557.1,unlabeled,False,0,self_learning,NC3
11319,ENST00000638170,0,unlabeled,False,0,self_learning,NC3
11320,ENST00000638257,ENSP00000492795.1,unlabeled,False,0,self_learning,NC3
11321,ENST00000638394,ENSP00000492363.1,unlabeled,False,0,self_learning,NC3
11322,ENST00000638572,ENSP00000491316.1,unlabeled,False,0,self_learning,NC3
11323,ENST00000638617,0,unlabeled,False,0,self_learning,NC3
11324,ENST00000638705,ENSP00000491223.1,unlabeled,False,0,self_learning,NC3
11325,ENST00000638767,0,unlabeled,False,0,self_learning,NC3
11326,ENST00000639037,0,unlabeled,False,0,self_learning,NC3
11327,ENST00000639401,0,unlabeled,False,0,self_learning,NC3
11328,ENST00000639435,ENSP00000491742.1,unlabeled,False,0,self_learning,NC3
11329,ENST00000639725,ENSP00000492441.1,unlabeled,False,0,self_learning,NC3
11330,ENST00000639785,ENSP00000491584.2,unlabeled,False,0,self_learning,NC3
11331,ENST00000639812,ENSP00000491830.1,unlabeled,False,0,self_learning,NC3
11332,ENST00000639955,ENSP00000491067.1,train,True,0,self_learning,NC3
11333,ENST00000640051,ENSP00000492751.1,unlabeled,False,0,self_learning,NC3
11334,ENST00000640252,0,unlabeled,False,0,self_learning,NC3
11335,ENST00000640258,ENSP00000491377.1,unlabeled,False,0,self_learning,NC3
11336,ENST00000640345,0,unlabeled,False,0,self_learning,NC3
11337,ENST00000640655,0,unlabeled,False,0,self_learning,NC3
11338,ENST00000640769,ENSP00000491507.1,train,True,0,self_learning,NC3
11339,ENST00000640853,ENSP00000491657.1,unlabeled,False,0,self_learning,NC3
11340,ENST00000640888,ENSP00000492260.1,train,True,0,self_learning,NC3
11341,ENST00000640961,ENSP00000492152.1,unlabeled,False,0,self_learning,NC3
11342,ENST00000641124,0,unlabeled,False,0,self_learning,NC3
11343,ENST00000641198,ENSP00000493399.1,unlabeled,False,0,self_learning,NC3
11344,ENST00000641202,ENSP00000493222.1,unlabeled,False,0,self_learning,NC3
11345,ENST00000641206,ENSP00000493252.1,unlabeled,False,0,self_learning,NC3
11346,ENST00000641462,ENSP00000493435.1,unlabeled,False,0,self_learning,NC3
11347,ENST00000641559,0,unlabeled,False,0,self_learning,NC3
11348,ENST00000641597,ENSP00000493382.1,train,True,0,self_learning,NC3
11349,ENST00000642017,ENSP00000493302.2,train,True,0,self_learning,NC3
11350,ENST00000642042,0,unlabeled,False,0,self_learning,NC3
11351,ENST00000642195,ENSP00000496044.1,train,True,0,self_learning,NC3
11352,ENST00000642278,ENSP00000494689.1,unlabeled,False,0,self_learning,NC3
11353,ENST00000642319,ENSP00000495710.1,train,True,0,self_learning,NC3
11354,ENST00000642384,ENSP00000496168.1,unlabeled,False,0,self_learning,NC3
11355,ENST00000642385,ENSP00000494141.2,unlabeled,False,0,self_learning,NC3
11356,ENST00000642395,ENSP00000493468.2,unlabeled,False,0,self_learning,NC3
11357,ENST00000642475,ENSP00000493515.1,train,True,0,self_learning,NC3
11358,ENST00000642555,0,unlabeled,False,0,self_learning,NC3
11359,ENST00000642603,0,unlabeled,False,0,self_learning,NC3
11360,ENST00000642691,ENSP00000494294.1,unlabeled,False,0,self_learning,NC3
11361,ENST00000642696,ENSP00000495917.1,unlabeled,False,0,self_learning,NC3
11362,ENST00000642841,0,unlabeled,False,0,self_learning,NC3
11363,ENST00000642889,0,unlabeled,False,0,self_learning,NC3
11364,ENST00000642900,ENSP00000495128.1,train,True,0,self_learning,NC3
11365,ENST00000642920,ENSP00000495965.1,unlabeled,False,0,self_learning,NC3
11366,ENST00000642955,0,unlabeled,False,0,self_learning,NC3
11367,ENST00000643144,ENSP00000496241.1,train,True,0,self_learning,NC3
11368,ENST00000643221,0,unlabeled,False,0,self_learning,NC3
11369,ENST00000643230,ENSP00000496491.1,unlabeled,False,0,self_learning,NC3
11370,ENST00000643460,0,unlabeled,False,0,self_learning,NC3
11371,ENST00000643579,0,unlabeled,False,0,self_learning,NC3
11372,ENST00000643606,ENSP00000494576.2,unlabeled,False,0,self_learning,NC3
11373,ENST00000643715,0,unlabeled,False,0,self_learning,NC3
11374,ENST00000643754,ENSP00000496250.1,train,True,0,self_learning,NC3
11375,ENST00000643927,ENSP00000496129.1,train,True,0,self_learning,NC3
11376,ENST00000644067,0,unlabeled,False,0,self_learning,NC3
11377,ENST00000644072,ENSP00000494110.2,unlabeled,False,0,self_learning,NC3
11378,ENST00000644144,ENSP00000494600.1,unlabeled,False,0,self_learning,NC3
11379,ENST00000644178,0,unlabeled,False,0,self_learning,NC3
11380,ENST00000644252,ENSP00000494147.2,unlabeled,False,0,self_learning,NC3
11381,ENST00000644371,ENSP00000495778.1,unlabeled,False,0,self_learning,NC3
11382,ENST00000644452,ENSP00000493901.2,unlabeled,False,0,self_learning,NC3
11383,ENST00000644486,ENSP00000496695.1,unlabeled,False,0,self_learning,NC3
11384,ENST00000644499,0,unlabeled,False,0,self_learning,NC3
11385,ENST00000644510,ENSP00000495563.1,unlabeled,False,0,self_learning,NC3
11386,ENST00000644580,ENSP00000495855.2,unlabeled,False,0,self_learning,NC3
11387,ENST00000644635,0,unlabeled,False,0,self_learning,NC3
11388,ENST00000644715,ENSP00000494373.1,unlabeled,False,0,self_learning,NC3
11389,ENST00000644743,ENSP00000495061.1,unlabeled,False,0,self_learning,NC3
11390,ENST00000644744,ENSP00000495951.1,unlabeled,False,0,self_learning,NC3
11391,ENST00000644787,ENSP00000496577.1,unlabeled,False,0,self_learning,NC3
11392,ENST00000644793,ENSP00000495750.1,train,True,0,self_learning,NC3
11393,ENST00000644802,ENSP00000494123.2,train,True,0,self_learning,NC3
11394,ENST00000644823,0,unlabeled,False,0,self_learning,NC3
11395,ENST00000644824,0,unlabeled,False,0,self_learning,NC3
11396,ENST00000644866,ENSP00000494222.1,unlabeled,False,0,self_learning,NC3
11397,ENST00000644874,ENSP00000496360.1,unlabeled,False,0,self_learning,NC3
11398,ENST00000644917,ENSP00000495909.1,unlabeled,False,0,self_learning,NC3
11399,ENST00000645041,0,unlabeled,False,0,self_learning,NC3
11400,ENST00000645190,ENSP00000496496.1,val,True,0,self_learning,NC3
11401,ENST00000645214,ENSP00000494352.1,train,True,0,self_learning,NC3
11402,ENST00000645237,ENSP00000494609.1,train,True,0,self_learning,NC3
11403,ENST00000645320,ENSP00000495360.1,unlabeled,False,0,self_learning,NC3
11404,ENST00000645439,ENSP00000495063.1,unlabeled,False,0,self_learning,NC3
11405,ENST00000645481,ENSP00000496415.1,val,True,0,self_learning,NC3
11406,ENST00000645482,0,unlabeled,False,0,self_learning,NC3
11407,ENST00000645495,ENSP00000496503.2,train,True,0,self_learning,NC3
11408,ENST00000645526,0,unlabeled,False,0,self_learning,NC3
11409,ENST00000645566,ENSP00000494788.1,unlabeled,False,0,self_learning,NC3
11410,ENST00000645567,0,unlabeled,False,0,self_learning,NC3
11411,ENST00000645635,0,unlabeled,False,0,self_learning,NC3
11412,ENST00000645655,ENSP00000495202.1,unlabeled,False,0,self_learning,NC3
11413,ENST00000645668,ENSP00000493902.2,unlabeled,False,0,self_learning,NC3
11414,ENST00000645694,ENSP00000494686.1,train,True,0,self_learning,NC3
11415,ENST00000645793,ENSP00000496255.1,unlabeled,False,0,self_learning,NC3
11416,ENST00000645818,ENSP00000495795.2,val,True,0,self_learning,NC3
11417,ENST00000645831,ENSP00000493906.1,train,True,0,self_learning,NC3
11418,ENST00000646001,ENSP00000496583.2,unlabeled,False,0,self_learning,NC3
11419,ENST00000646065,ENSP00000494982.1,unlabeled,False,0,self_learning,NC3
11420,ENST00000646076,ENSP00000494538.1,train,True,0,self_learning,NC3
11421,ENST00000646124,ENSP00000496779.1,train,True,0,self_learning,NC3
11422,ENST00000646262,0,unlabeled,False,0,self_learning,NC3
11423,ENST00000646357,0,unlabeled,False,0,self_learning,NC3
11424,ENST00000646441,ENSP00000493716.1,unlabeled,False,0,self_learning,NC3
11425,ENST00000646520,0,unlabeled,False,0,self_learning,NC3
11426,ENST00000646548,ENSP00000495908.1,unlabeled,False,0,self_learning,NC3
11427,ENST00000646605,ENSP00000494278.1,unlabeled,False,0,self_learning,NC3
11428,ENST00000646611,0,unlabeled,False,0,self_learning,NC3
11429,ENST00000646641,ENSP00000496438.1,train,True,0,self_learning,NC3
11430,ENST00000646651,ENSP00000494957.1,unlabeled,False,0,self_learning,NC3
11431,ENST00000646664,ENSP00000494750.1,unlabeled,False,0,self_learning,NC3
11432,ENST00000646667,ENSP00000495860.1,train,True,0,self_learning,NC3
11433,ENST00000646673,ENSP00000493536.2,unlabeled,False,0,self_learning,NC3
11434,ENST00000646701,0,unlabeled,False,0,self_learning,NC3
11435,ENST00000646896,0,unlabeled,False,0,self_learning,NC3
11436,ENST00000646932,ENSP00000494360.1,unlabeled,False,0,self_learning,NC3
11437,ENST00000646971,0,unlabeled,False,0,self_learning,NC3
11438,ENST00000647097,ENSP00000495247.1,unlabeled,False,0,self_learning,NC3
11439,ENST00000647146,0,unlabeled,False,0,self_learning,NC3
11440,ENST00000647165,ENSP00000495481.1,unlabeled,False,0,self_learning,NC3
11441,ENST00000647248,ENSP00000495672.1,unlabeled,False,0,self_learning,NC3
11442,ENST00000647395,ENSP00000494504.1,unlabeled,False,0,self_learning,NC3
11443,ENST00000647410,0,unlabeled,False,0,self_learning,NC3
11444,ENST00000647444,ENSP00000493688.1,unlabeled,False,0,self_learning,NC3
11445,ENST00000647468,ENSP00000496731.1,unlabeled,False,0,self_learning,NC3
11446,ENST00000647529,ENSP00000494052.1,unlabeled,False,0,self_learning,NC3
11447,ENST00000647536,0,unlabeled,False,0,self_learning,NC3
11448,ENST00000647561,ENSP00000497587.1,unlabeled,False,0,self_learning,NC3
11449,ENST00000647584,ENSP00000497230.2,train,True,0,self_learning,NC3
11450,ENST00000647659,ENSP00000497737.1,train,True,0,self_learning,NC3
11451,ENST00000647707,0,unlabeled,False,0,self_learning,NC3
11452,ENST00000647725,0,unlabeled,False,0,self_learning,NC3
11453,ENST00000647779,0,unlabeled,False,0,self_learning,NC3
11454,ENST00000647800,ENSP00000497221.1,unlabeled,False,0,self_learning,NC3
11455,ENST00000647811,ENSP00000496842.1,unlabeled,False,0,self_learning,NC3
11456,ENST00000647814,ENSP00000497274.1,unlabeled,False,0,self_learning,NC3
11457,ENST00000647874,ENSP00000497784.1,unlabeled,False,0,self_learning,NC3
11458,ENST00000647887,ENSP00000497590.1,unlabeled,False,0,self_learning,NC3
11459,ENST00000647893,ENSP00000498074.1,train,True,0,self_learning,NC3
11460,ENST00000647897,ENSP00000496942.1,val,True,0,self_learning,NC3
11461,ENST00000647941,ENSP00000497326.1,train,True,0,self_learning,NC3
11462,ENST00000647958,ENSP00000498190.1,unlabeled,False,0,self_learning,NC3
11463,ENST00000648086,0,unlabeled,False,0,self_learning,NC3
11464,ENST00000648180,ENSP00000498132.1,unlabeled,False,0,self_learning,NC3
11465,ENST00000648261,0,unlabeled,False,0,self_learning,NC3
11466,ENST00000648268,ENSP00000498113.1,unlabeled,False,0,self_learning,NC3
11467,ENST00000648346,ENSP00000497004.1,unlabeled,False,0,self_learning,NC3
11468,ENST00000648378,ENSP00000498116.1,train,True,0,self_learning,NC3
11469,ENST00000648542,0,unlabeled,False,0,self_learning,NC3
11470,ENST00000648550,0,unlabeled,False,0,self_learning,NC3
11471,ENST00000648566,ENSP00000498104.1,val,True,0,self_learning,NC3
11472,ENST00000648613,ENSP00000498136.1,unlabeled,False,0,self_learning,NC3
11473,ENST00000648817,ENSP00000497410.1,unlabeled,False,0,self_learning,NC3
11474,ENST00000648836,0,unlabeled,False,0,self_learning,NC3
11475,ENST00000648894,ENSP00000497588.1,unlabeled,False,0,self_learning,NC3
11476,ENST00000648911,ENSP00000497070.1,unlabeled,False,0,self_learning,NC3
11477,ENST00000648915,ENSP00000497160.1,unlabeled,False,0,self_learning,NC3
11478,ENST00000648922,0,unlabeled,False,0,self_learning,NC3
11479,ENST00000648936,ENSP00000497130.1,unlabeled,False,0,self_learning,NC3
11480,ENST00000648947,ENSP00000497609.1,val,True,0,self_learning,NC3
11481,ENST00000648948,ENSP00000498020.1,unlabeled,False,0,self_learning,NC3
11482,ENST00000648957,ENSP00000498161.1,unlabeled,False,0,self_learning,NC3
11483,ENST00000649031,ENSP00000497112.1,unlabeled,False,0,self_learning,NC3
11484,ENST00000649046,ENSP00000496870.1,train,True,0,self_learning,NC3
11485,ENST00000649063,ENSP00000497815.1,unlabeled,False,0,self_learning,NC3
11486,ENST00000649096,ENSP00000497030.1,unlabeled,False,0,self_learning,NC3
11487,ENST00000649156,ENSP00000497008.1,unlabeled,False,0,self_learning,NC3
11488,ENST00000649170,ENSP00000496813.1,unlabeled,False,0,self_learning,NC3
11489,ENST00000649191,ENSP00000497185.2,unlabeled,False,0,self_learning,NC3
11490,ENST00000649205,ENSP00000497988.1,unlabeled,False,0,self_learning,NC3
11491,ENST00000649217,ENSP00000497997.1,train,True,0,self_learning,NC3
11492,ENST00000649279,ENSP00000497406.1,unlabeled,False,0,self_learning,NC3
11493,ENST00000649286,ENSP00000497280.1,unlabeled,False,0,self_learning,NC3
11494,ENST00000649368,ENSP00000496793.1,unlabeled,False,0,self_learning,NC3
11495,ENST00000649409,ENSP00000497748.1,unlabeled,False,0,self_learning,NC3
11496,ENST00000649416,0,unlabeled,False,0,self_learning,NC3
11497,ENST00000649488,ENSP00000497829.1,unlabeled,False,0,self_learning,NC3
11498,ENST00000649529,ENSP00000496832.1,val,True,0,self_learning,NC3
11499,ENST00000649547,0,unlabeled,False,0,self_learning,NC3
11500,ENST00000649564,ENSP00000497183.1,unlabeled,False,0,self_learning,NC3
11501,ENST00000649566,ENSP00000497948.1,unlabeled,False,0,self_learning,NC3
11502,ENST00000649689,ENSP00000497569.1,test,True,0,self_learning,NC3
11503,ENST00000649764,ENSP00000497641.1,val,True,0,self_learning,NC3
11504,ENST00000649796,ENSP00000497260.1,unlabeled,False,0,self_learning,NC3
11505,ENST00000649859,ENSP00000497759.1,unlabeled,False,0,self_learning,NC3
11506,ENST00000649906,ENSP00000497423.1,unlabeled,False,0,self_learning,NC3
11507,ENST00000649912,0,unlabeled,False,0,self_learning,NC3
11508,ENST00000649917,0,unlabeled,False,0,self_learning,NC3
11509,ENST00000649934,ENSP00000497690.1,unlabeled,False,0,self_learning,NC3
11510,ENST00000649979,ENSP00000497271.1,unlabeled,False,0,self_learning,NC3
11511,ENST00000650012,ENSP00000497691.1,unlabeled,False,0,self_learning,NC3
11512,ENST00000650064,ENSP00000497413.1,unlabeled,False,0,self_learning,NC3
11513,ENST00000650182,ENSP00000497444.1,train,True,0,self_learning,NC3
11514,ENST00000650285,ENSP00000497069.1,train,True,0,self_learning,NC3
11515,ENST00000650287,ENSP00000497642.1,unlabeled,False,0,self_learning,NC3
11516,ENST00000650309,ENSP00000497474.1,val,True,0,self_learning,NC3
11517,ENST00000650449,0,unlabeled,False,0,self_learning,NC3
11518,ENST00000650450,ENSP00000498042.1,unlabeled,False,0,self_learning,NC3
11519,ENST00000650454,ENSP00000497574.1,train,True,0,self_learning,NC3
11520,ENST00000650617,ENSP00000497532.1,unlabeled,False,0,self_learning,NC3
11521,ENST00000650623,ENSP00000497527.1,train,True,0,self_learning,NC3
11522,ENST00000650630,0,unlabeled,False,0,self_learning,NC3
11523,ENST00000650688,ENSP00000498476.1,unlabeled,False,0,self_learning,NC3
11524,ENST00000650715,ENSP00000499058.1,unlabeled,False,0,self_learning,NC3
11525,ENST00000650780,0,unlabeled,False,0,self_learning,NC3
11526,ENST00000650792,ENSP00000498867.1,unlabeled,False,0,self_learning,NC3
11527,ENST00000650821,ENSP00000498246.1,unlabeled,False,0,self_learning,NC3
11528,ENST00000650822,0,unlabeled,False,0,self_learning,NC3
11529,ENST00000650831,ENSP00000498215.1,unlabeled,False,0,self_learning,NC3
11530,ENST00000650871,ENSP00000498374.1,unlabeled,False,0,self_learning,NC3
11531,ENST00000651061,ENSP00000499131.1,unlabeled,False,0,self_learning,NC3
11532,ENST00000651111,0,unlabeled,False,0,self_learning,NC3
11533,ENST00000651128,ENSP00000499185.1,unlabeled,False,0,self_learning,NC3
11534,ENST00000651168,ENSP00000499074.1,train,True,0,self_learning,NC3
11535,ENST00000651257,ENSP00000498498.1,val,True,0,self_learning,NC3
11536,ENST00000651323,ENSP00000498499.1,unlabeled,False,0,self_learning,NC3
11537,ENST00000651354,0,unlabeled,False,0,self_learning,NC3
11538,ENST00000651356,ENSP00000498260.1,unlabeled,False,0,self_learning,NC3
11539,ENST00000651372,ENSP00000498627.1,train,True,0,self_learning,NC3
11540,ENST00000651428,ENSP00000498610.1,unlabeled,False,0,self_learning,NC3
11541,ENST00000651500,ENSP00000498853.1,unlabeled,False,0,self_learning,NC3
11542,ENST00000651503,ENSP00000498411.1,train,True,0,self_learning,NC3
11543,ENST00000651512,0,unlabeled,False,0,self_learning,NC3
11544,ENST00000651531,0,unlabeled,False,0,self_learning,NC3
11545,ENST00000651534,0,unlabeled,False,0,self_learning,NC3
11546,ENST00000651615,0,unlabeled,False,0,self_learning,NC3
11547,ENST00000651641,ENSP00000498577.1,unlabeled,False,0,self_learning,NC3
11548,ENST00000651671,ENSP00000498587.1,unlabeled,False,0,self_learning,NC3
11549,ENST00000651687,ENSP00000498469.1,test,True,0,self_learning,NC3
11550,ENST00000651721,ENSP00000499125.1,unlabeled,False,0,self_learning,NC3
11551,ENST00000651767,ENSP00000498362.1,train,True,0,self_learning,NC3
11552,ENST00000651776,ENSP00000499021.1,unlabeled,False,0,self_learning,NC3
11553,ENST00000651785,ENSP00000498879.1,unlabeled,False,0,self_learning,NC3
11554,ENST00000651854,ENSP00000498994.1,unlabeled,False,0,self_learning,NC3
11555,ENST00000651925,0,unlabeled,False,0,self_learning,NC3
11556,ENST00000651965,ENSP00000498424.1,unlabeled,False,0,self_learning,NC3
11557,ENST00000651974,ENSP00000498268.1,unlabeled,False,0,self_learning,NC3
11558,ENST00000652011,0,unlabeled,False,0,self_learning,NC3
11559,ENST00000652021,ENSP00000499067.1,unlabeled,False,0,self_learning,NC3
11560,ENST00000652027,ENSP00000499171.2,train,True,0,self_learning,NC3
11561,ENST00000652041,0,unlabeled,False,0,self_learning,NC3
11562,ENST00000652042,0,unlabeled,False,0,self_learning,NC3
11563,ENST00000652046,ENSP00000498466.1,unlabeled,False,0,self_learning,NC3
11564,ENST00000652095,0,unlabeled,False,0,self_learning,NC3
11565,ENST00000652148,ENSP00000499020.1,train,True,0,self_learning,NC3
11566,ENST00000652176,ENSP00000498700.1,unlabeled,False,0,self_learning,NC3
11567,ENST00000652203,ENSP00000499121.1,unlabeled,False,0,self_learning,NC3
11568,ENST00000652225,ENSP00000498881.2,test,True,0,self_learning,NC3
11569,ENST00000652232,0,unlabeled,False,0,self_learning,NC3
11570,ENST00000652263,ENSP00000498662.1,unlabeled,False,0,self_learning,NC3
11571,ENST00000652273,0,unlabeled,False,0,self_learning,NC3
11572,ENST00000652299,ENSP00000498217.1,train,True,0,self_learning,NC3
11573,ENST00000652332,ENSP00000499129.1,train,True,0,self_learning,NC3
11574,ENST00000652337,ENSP00000498336.1,unlabeled,False,0,self_learning,NC3
11575,ENST00000652396,0,unlabeled,False,0,self_learning,NC3
11576,ENST00000652409,0,unlabeled,False,0,self_learning,NC3
11577,ENST00000652429,ENSP00000498786.1,train,True,0,self_learning,NC3
11578,ENST00000652471,0,unlabeled,False,0,self_learning,NC3
11579,ENST00000652508,0,unlabeled,False,0,self_learning,NC3
11580,ENST00000652542,ENSP00000498934.1,unlabeled,False,0,self_learning,NC3
11581,ENST00000652555,ENSP00000498999.1,unlabeled,False,0,self_learning,NC3
11582,ENST00000652689,ENSP00000498653.1,unlabeled,False,0,self_learning,NC3
11583,ENST00000652720,0,unlabeled,False,0,self_learning,NC3
11584,ENST00000652721,ENSP00000498611.1,unlabeled,False,0,self_learning,NC3
11585,ENST00000657241,0,unlabeled,False,0,self_learning,NC3
11586,ENST00000661438,0,unlabeled,False,0,self_learning,NC3
11587,ENST00000662216,0,unlabeled,False,0,self_learning,NC3
11588,ENST00000663165,0,unlabeled,False,0,self_learning,NC3
11589,ENST00000664447,0,unlabeled,False,0,self_learning,NC3
11590,ENST00000664697,ENSP00000499375.1,unlabeled,False,0,self_learning,NC3
11591,ENST00000664783,ENSP00000499522.1,unlabeled,False,0,self_learning,NC3
11592,ENST00000665145,ENSP00000499300.1,unlabeled,False,0,self_learning,NC3
11593,ENST00000666923,ENSP00000499674.1,val,True,0,self_learning,NC3
11594,ENST00000668273,ENSP00000499238.1,test,True,0,self_learning,NC3
11595,ENST00000671800,ENSP00000500411.1,unlabeled,False,0,self_learning,NC3
11596,ENST00000671876,ENSP00000500934.1,unlabeled,False,0,self_learning,NC3
11597,ENST00000671960,ENSP00000500025.1,unlabeled,False,0,self_learning,NC3
11598,ENST00000672018,ENSP00000500728.1,unlabeled,False,0,self_learning,NC3
11599,ENST00000672264,ENSP00000500115.1,unlabeled,False,0,self_learning,NC3
11600,ENST00000672477,0,unlabeled,False,0,self_learning,NC3
11601,ENST00000672570,0,unlabeled,False,0,self_learning,NC3
11602,ENST00000672715,ENSP00000499935.1,train,True,0,self_learning,NC3
11603,ENST00000672722,ENSP00000500409.1,train,True,0,self_learning,NC3
11604,ENST00000673182,0,unlabeled,False,0,self_learning,NC3
11605,ENST00000673187,0,unlabeled,False,0,self_learning,NC3
11606,ENST00000673477,ENSP00000500094.1,test,True,0,self_learning,NC3
11607,ENST00000673630,ENSP00000501073.1,unlabeled,False,0,self_learning,NC3
11608,ENST00000673675,0,unlabeled,False,0,self_learning,NC3
11609,ENST00000673742,ENSP00000501268.1,unlabeled,False,0,self_learning,NC3
11610,ENST00000673801,ENSP00000501053.1,unlabeled,False,0,self_learning,NC3
11611,ENST00000673933,ENSP00000501025.1,unlabeled,False,0,self_learning,NC3
11612,ENST00000674063,ENSP00000501150.1,unlabeled,False,0,self_learning,NC3
11613,ENST00000674075,0,unlabeled,False,0,self_learning,NC3
11614,ENST00000674115,0,unlabeled,False,0,self_learning,NC3
11615,ENST00000674165,ENSP00000501341.1,unlabeled,False,0,self_learning,NC3
11616,ENST00000674273,0,unlabeled,False,0,self_learning,NC3
11617,ENST00000674289,ENSP00000501412.1,unlabeled,False,0,self_learning,NC3
11618,ENST00000674316,ENSP00000501352.1,unlabeled,False,0,self_learning,NC3
