protein_id,High_Pause_Counts,Gene
ENSP00000000233.5,6,ENST00000000233.10
ENSP00000000412.3,21,ENST00000000412.8
ENSP00000001008.4,23,ENST00000001008.6
ENSP00000002125.4,68,ENST00000002125.9
ENSP00000002165.5,34,ENST00000002165.11
ENSP00000002501.6,17,ENST00000002501.11
ENSP00000002829.3,111,ENST00000002829.8
ENSP00000003100.8,47,ENST00000003100.13
ENSP00000003302.4,242,ENST00000003302.8
ENSP00000003583.8,51,ENST00000003583.12
ENSP00000005257.2,11,ENST00000005257.7
ENSP00000005260.8,30,ENST00000005260.9
ENSP00000005286.4,52,ENST00000005286.8
ENSP00000005340.4,53,ENST00000005340.10
ENSP00000005386.3,33,ENST00000005386.8
ENSP00000005587.2,19,ENST00000345317.7
ENSP00000006015.3,4,ENST00000006015.4
ENSP00000006526.6,24,ENST00000348227.4
ENSP00000006658.6,88,ENST00000006658.11
ENSP00000006777.6,35,ENST00000006777.11
ENSP00000007390.2,18,ENST00000007390.3
ENSP00000007414.3,193,ENST00000007414.8
ENSP00000008527.5,71,ENST00000008527.10
ENSP00000011473.2,23,ENST00000011473.6
ENSP00000011619.3,42,ENST00000011619.6
ENSP00000011898.5,27,ENST00000011898.10
ENSP00000012049.4,31,ENST00000012049.10
ENSP00000012443.4,19,ENST00000012443.9
ENSP00000014112.5,4,ENST00000349038.8
ENSP00000014914.6,30,ENST00000014914.6
ENSP00000014930.4,12,ENST00000014930.9
ENSP00000015877.6,53,ENST00000348831.9
ENSP00000016171.6,43,ENST00000016171.6
ENSP00000017003.2,88,ENST00000017003.7
ENSP00000020945.1,44,ENST00000020945.4
ENSP00000022615.4,19,ENST00000022615.9
ENSP00000024061.3,54,ENST00000024061.7
ENSP00000025008.5,115,ENST00000025008.10
ENSP00000025301.2,215,ENST00000025301.4
ENSP00000026218.5,58,ENST00000026218.9
ENSP00000029410.5,29,ENST00000029410.10
ENSP00000033079.3,55,ENST00000033079.7
ENSP00000035307.2,56,ENST00000035307.6
ENSP00000037243.2,7,ENST00000037243.7
ENSP00000037869.3,1,ENST00000037869.7
ENSP00000038176.3,180,ENST00000038176.8
ENSP00000039989.4,92,ENST00000039989.9
ENSP00000040584.4,25,ENST00000040584.6
ENSP00000040663.5,18,ENST00000040663.8
ENSP00000040738.5,168,ENST00000040738.10
ENSP00000040877.1,208,ENST00000040877.2
ENSP00000042381.4,257,ENST00000042381.9
ENSP00000043402.7,6,ENST00000043402.8
ENSP00000044462.7,0,ENST00000044462.12
ENSP00000046640.4,41,ENST00000046640.9
ENSP00000053468.3,15,ENST00000053468.4
ENSP00000053867.2,37,ENST00000053867.8
ENSP00000054666.6,0,ENST00000054666.11
ENSP00000054950.4,13,ENST00000054950.4
ENSP00000055077.3,8,ENST00000055077.8
ENSP00000055335.6,80,ENST00000055335.11
ENSP00000055682.5,14,ENST00000055682.12
ENSP00000056233.3,82,ENST00000056233.4
ENSP00000060969.6,7,ENST00000060969.6
ENSP00000061240.2,49,ENST00000061240.7
ENSP00000064780.2,33,ENST00000064780.7
ENSP00000066544.3,65,ENST00000066544.8
ENSP00000072644.1,46,ENST00000072644.7
ENSP00000072869.4,81,ENST00000072869.9
ENSP00000078429.3,46,ENST00000078429.9
ENSP00000080059.7,187,ENST00000080059.12
ENSP00000081029.3,21,ENST00000081029.8
ENSP00000083182.3,43,ENST00000083182.8
ENSP00000084798.3,44,ENST00000084798.9
ENSP00000155674.5,14,ENST00000155674.9
ENSP00000155840.2,41,ENST00000155840.12
ENSP00000156109.5,31,ENST00000156109.7
ENSP00000156471.5,80,ENST00000156471.10
ENSP00000157600.3,10,ENST00000157600.8
ENSP00000158771.4,14,ENST00000158771.9
ENSP00000159087.4,222,ENST00000159087.7
ENSP00000159111.3,89,ENST00000159111.9
ENSP00000160262.3,98,ENST00000160262.10
ENSP00000160373.3,88,ENST00000160373.8
ENSP00000160827.5,26,ENST00000160827.9
ENSP00000161863.4,95,ENST00000161863.9
ENSP00000162044.7,19,ENST00000162044.14
ENSP00000162330.5,11,ENST00000162330.10
ENSP00000162391.3,84,ENST00000162391.8
ENSP00000162749.2,29,ENST00000162749.7
ENSP00000163416.2,65,ENST00000163416.7
ENSP00000164024.4,355,ENST00000164024.5
ENSP00000164133.2,101,ENST00000164133.7
ENSP00000164227.5,10,ENST00000164227.10
ENSP00000164305.5,50,ENST00000164305.10
ENSP00000164640.4,87,ENST00000164640.8
ENSP00000165698.5,45,ENST00000165698.9
ENSP00000166139.3,13,ENST00000166139.9
ENSP00000166244.3,52,ENST00000166244.8
ENSP00000166345.3,22,ENST00000166345.8
ENSP00000167106.4,57,ENST00000167106.9
ENSP00000167462.5,46,ENST00000167462.9
ENSP00000168216.6,0,ENST00000168216.11
ENSP00000169298.3,12,ENST00000169298.8
ENSP00000169551.6,21,ENST00000169551.11
ENSP00000170168.3,115,ENST00000170168.9
ENSP00000170447.7,28,ENST00000170447.12
ENSP00000170564.1,134,ENST00000170564.7
ENSP00000173229.2,46,ENST00000173229.7
ENSP00000173527.5,12,ENST00000173527.6
ENSP00000173898.7,84,ENST00000173898.12
ENSP00000174618.4,53,ENST00000174618.5
ENSP00000175091.4,13,ENST00000175091.5
ENSP00000175756.5,30,ENST00000175756.10
ENSP00000176643.6,11,ENST00000176643.11
ENSP00000176763.5,88,ENST00000176763.10
ENSP00000178640.5,51,ENST00000178640.10
ENSP00000179259.4,9,ENST00000179259.6
ENSP00000180173.4,23,ENST00000180173.10
ENSP00000181839.4,142,ENST00000181839.10
ENSP00000182527.3,43,ENST00000182527.4
ENSP00000184266.2,2,ENST00000184266.3
ENSP00000184956.5,132,ENST00000184956.11
ENSP00000185150.4,35,ENST00000185150.9
ENSP00000186436.5,82,ENST00000186436.10
ENSP00000187879.6,22,ENST00000187879.12
ENSP00000190165.2,15,ENST00000190165.3
ENSP00000190611.4,213,ENST00000190611.9
ENSP00000192788.5,313,ENST00000192788.6
ENSP00000193322.3,58,ENST00000193322.8
ENSP00000193403.6,14,ENST00000193403.10
ENSP00000194530.3,11,ENST00000194530.8
ENSP00000196061.4,32,ENST00000196061.5
ENSP00000196371.5,28,ENST00000196371.10
ENSP00000196489.2,30,ENST00000196489.4
ENSP00000197268.8,64,ENST00000197268.13
ENSP00000199320.4,28,ENST00000199320.9
ENSP00000199389.6,39,ENST00000199389.11
ENSP00000199448.4,36,ENST00000199448.9
ENSP00000199814.4,23,ENST00000199814.9
ENSP00000200135.3,58,ENST00000200135.8
ENSP00000200181.3,24,ENST00000200181.8
ENSP00000200453.4,88,ENST00000200453.6
ENSP00000200457.4,42,ENST00000200457.9
ENSP00000200557.6,57,ENST00000200557.11
ENSP00000200652.3,13,ENST00000200652.4
ENSP00000201031.2,2,ENST00000201031.3
ENSP00000201586.2,35,ENST00000201586.7
ENSP00000201647.5,13,ENST00000201647.11
ENSP00000202017.4,7,ENST00000202017.6
ENSP00000202556.9,87,ENST00000202556.14
ENSP00000202677.6,315,ENST00000202677.12
ENSP00000202816.1,18,ENST00000202816.5
ENSP00000202967.4,23,ENST00000202967.4
ENSP00000203001.2,11,ENST00000203001.7
ENSP00000203407.5,12,ENST00000203407.6
ENSP00000203556.3,128,ENST00000203556.9
ENSP00000203786.8,30,ENST00000350060.10
ENSP00000204517.6,23,ENST00000204517.11
ENSP00000204549.4,64,ENST00000204549.9
ENSP00000204566.2,49,ENST00000204566.7
ENSP00000204604.1,36,ENST00000204604.5
ENSP00000204679.4,32,ENST00000204679.9
ENSP00000204726.3,82,ENST00000204726.8
ENSP00000204961.4,31,ENST00000204961.5
ENSP00000205061.5,33,ENST00000205061.9
ENSP00000205194.3,21,ENST00000205194.5
ENSP00000205214.6,175,ENST00000205214.11
ENSP00000205402.3,13,ENST00000205402.10
ENSP00000205636.3,36,ENST00000205636.4
ENSP00000206020.3,13,ENST00000206020.8
ENSP00000206262.1,32,ENST00000206262.2
ENSP00000206474.7,52,ENST00000206474.11
ENSP00000206542.4,25,ENST00000206542.9
ENSP00000206595.6,83,ENST00000206595.11
ENSP00000207870.3,40,ENST00000207870.8
ENSP00000209728.4,25,ENST00000209728.9
ENSP00000209873.4,9,ENST00000209873.9
ENSP00000209875.4,0,ENST00000209875.9
ENSP00000209884.4,61,ENST00000209884.5
ENSP00000210060.6,50,ENST00000210060.12
ENSP00000210187.6,19,ENST00000210187.11
ENSP00000210444.5,11,ENST00000210444.6
ENSP00000210633.3,105,ENST00000210633.3
ENSP00000211287.4,22,ENST00000211287.9
ENSP00000211314.4,0,ENST00000211314.5
ENSP00000211936.6,75,ENST00000211936.10
ENSP00000211998.5,55,ENST00000211998.10
ENSP00000212015.6,30,ENST00000212015.11
ENSP00000212355.4,45,ENST00000212355.9
ENSP00000214869.1,12,ENST00000214869.7
ENSP00000215057.1,53,ENST00000215057.7
ENSP00000215061.3,25,ENST00000215061.9
ENSP00000215095.5,35,ENST00000215095.11
ENSP00000215375.1,8,ENST00000215375.7
ENSP00000215530.4,10,ENST00000215530.6
ENSP00000215565.1,12,ENST00000215565.3
ENSP00000215567.4,38,ENST00000215567.10
ENSP00000215570.2,7,ENST00000215570.8
ENSP00000215574.2,14,ENST00000215574.9
ENSP00000215631.3,7,ENST00000215631.9
ENSP00000215659.8,14,ENST00000215659.13
ENSP00000215730.6,6,ENST00000215730.12
ENSP00000215742.4,28,ENST00000215742.9
ENSP00000215790.8,59,ENST00000215790.12
ENSP00000215793.7,33,ENST00000215793.13
ENSP00000215794.7,14,ENST00000215794.8
ENSP00000215829.3,3,ENST00000215829.8
ENSP00000215832.7,14,ENST00000215832.11
ENSP00000215838.3,10,ENST00000215838.8
ENSP00000215882.5,17,ENST00000215882.10
ENSP00000215904.6,26,ENST00000215904.7
ENSP00000215906.5,25,ENST00000215906.6
ENSP00000215909.5,14,ENST00000215909.10
ENSP00000215917.6,33,ENST00000215917.11
ENSP00000215941.4,30,ENST00000215941.9
ENSP00000215957.6,54,ENST00000215957.10
ENSP00000215980.5,7,ENST00000215980.10
ENSP00000216014.4,45,ENST00000216014.9
ENSP00000216024.2,40,ENST00000216024.7
ENSP00000216027.3,25,ENST00000216027.8
ENSP00000216034.4,10,ENST00000216034.6
ENSP00000216038.5,16,ENST00000216038.6
ENSP00000216039.5,20,ENST00000216039.9
ENSP00000216044.5,22,ENST00000216044.10
ENSP00000216068.4,6,ENST00000216068.9
ENSP00000216085.7,25,ENST00000216085.12
ENSP00000216101.6,14,ENST00000216101.7
ENSP00000216106.5,66,ENST00000216106.6
ENSP00000216117.8,21,ENST00000216117.9
ENSP00000216121.7,15,ENST00000216121.12
ENSP00000216122.3,34,ENST00000216122.9
ENSP00000216124.5,98,ENST00000216124.10
ENSP00000216129.6,24,ENST00000216129.7
ENSP00000216133.5,16,ENST00000216133.10
ENSP00000216160.6,36,ENST00000216160.11
ENSP00000216180.3,81,ENST00000216180.8
ENSP00000216181.6,9,ENST00000216181.11
ENSP00000216185.2,10,ENST00000216185.7
ENSP00000216190.8,0,ENST00000216190.13
ENSP00000216214.3,24,ENST00000216214.7
ENSP00000216218.3,46,ENST00000216218.8
ENSP00000216225.8,0,ENST00000216225.9
ENSP00000216237.5,33,ENST00000216237.10
ENSP00000216252.3,0,ENST00000216252.4
ENSP00000216254.4,50,ENST00000216254.9
ENSP00000216259.7,40,ENST00000216259.8
ENSP00000216264.8,21,ENST00000216264.13
ENSP00000216267.8,81,ENST00000216267.12
ENSP00000216268.4,115,ENST00000216268.6
ENSP00000216271.5,38,ENST00000216271.10
ENSP00000216281.8,66,ENST00000216281.13
ENSP00000216286.4,76,ENST00000216286.10
ENSP00000216294.4,27,ENST00000216294.5
ENSP00000216297.2,59,ENST00000216297.7
ENSP00000216330.3,16,ENST00000216330.7
ENSP00000216367.5,53,ENST00000216367.10
ENSP00000216373.5,46,ENST00000216373.10
ENSP00000216392.7,31,ENST00000216392.8
ENSP00000216410.3,34,ENST00000216410.8
ENSP00000216416.4,0,ENST00000216416.9
ENSP00000216420.7,42,ENST00000216420.12
ENSP00000216442.7,0,ENST00000216442.12
ENSP00000216452.4,23,ENST00000216452.9
ENSP00000216455.4,0,ENST00000216455.9
ENSP00000216465.5,20,ENST00000216465.10
ENSP00000216468.7,25,ENST00000216468.8
ENSP00000216471.4,48,ENST00000216471.4
ENSP00000216479.3,21,ENST00000216479.8
ENSP00000216487.7,104,ENST00000216487.12
ENSP00000216489.3,40,ENST00000216489.8
ENSP00000216500.5,23,ENST00000216500.9
ENSP00000216513.4,95,ENST00000216513.5
ENSP00000216554.3,21,ENST00000216554.8
ENSP00000216639.3,13,ENST00000216639.8
ENSP00000216714.3,0,ENST00000216714.8
ENSP00000216756.6,6,ENST00000216756.11
ENSP00000216797.6,32,ENST00000216797.10
ENSP00000216807.6,33,ENST00000216807.12
ENSP00000216832.4,9,ENST00000216832.9
ENSP00000216911.2,27,ENST00000347343.6
ENSP00000216962.3,36,ENST00000216962.9
ENSP00000216968.3,35,ENST00000216968.5
ENSP00000217026.4,60,ENST00000217026.5
ENSP00000217109.4,22,ENST00000217109.9
ENSP00000217159.1,53,ENST00000217159.6
ENSP00000217173.2,57,ENST00000217173.7
ENSP00000217182.3,14,ENST00000217182.6
ENSP00000217244.3,34,ENST00000217244.9
ENSP00000217246.4,20,ENST00000217246.8
ENSP00000217372.2,23,ENST00000346416.7
ENSP00000217381.2,94,ENST00000217381.3
ENSP00000217402.2,13,ENST00000217402.3
ENSP00000217426.2,13,ENST00000217426.7
ENSP00000217455.4,25,ENST00000217455.9
ENSP00000217456.2,13,ENST00000217456.3
ENSP00000217515.5,23,ENST00000217515.11
ENSP00000217740.3,30,ENST00000217740.4
ENSP00000217901.5,11,ENST00000217901.10
ENSP00000217958.3,16,ENST00000217958.8
ENSP00000217971.7,11,ENST00000217971.8
ENSP00000218104.3,101,ENST00000218104.6
ENSP00000218197.5,24,ENST00000218197.9
ENSP00000218230.5,24,ENST00000218230.6
ENSP00000218249.5,14,ENST00000218249.7
ENSP00000218316.3,21,ENST00000218316.4
ENSP00000218340.3,50,ENST00000218340.4
ENSP00000218348.3,49,ENST00000218348.7
ENSP00000218388.4,1,ENST00000218388.9
ENSP00000218516.4,3,ENST00000218516.4
ENSP00000218721.1,10,ENST00000218721.1
ENSP00000219066.1,14,ENST00000219066.5
ENSP00000219069.5,33,ENST00000219069.6
ENSP00000219070.4,10,ENST00000219070.9
ENSP00000219097.2,19,ENST00000219097.7
ENSP00000219139.3,74,ENST00000219139.8
ENSP00000219150.6,98,ENST00000219150.10
ENSP00000219169.4,3,ENST00000219169.9
ENSP00000219197.5,8,ENST00000219197.11
ENSP00000219204.3,15,ENST00000219204.8
ENSP00000219240.4,83,ENST00000219240.9
ENSP00000219252.4,16,ENST00000219252.10
ENSP00000219271.3,75,ENST00000219271.4
ENSP00000219281.3,34,ENST00000219281.8
ENSP00000219299.4,75,ENST00000219299.8
ENSP00000219313.4,4,ENST00000219313.9
ENSP00000219334.5,12,ENST00000219334.10
ENSP00000219345.5,70,ENST00000219345.10
ENSP00000219400.3,2,ENST00000219400.8
ENSP00000219406.7,28,ENST00000219406.11
ENSP00000219409.3,36,ENST00000219409.8
ENSP00000219431.4,9,ENST00000219431.4
ENSP00000219439.4,14,ENST00000219439.9
ENSP00000219476.3,79,ENST00000219476.9
ENSP00000219478.5,69,ENST00000219478.11
ENSP00000219479.2,9,ENST00000219479.7
ENSP00000219548.4,8,ENST00000219548.9
ENSP00000219611.2,67,ENST00000219611.7
ENSP00000219782.6,33,ENST00000219782.10
ENSP00000219789.6,13,ENST00000219789.11
ENSP00000219837.7,39,ENST00000219837.12
ENSP00000220058.4,46,ENST00000220058.9
ENSP00000220166.6,49,ENST00000220166.10
ENSP00000220325.4,38,ENST00000220325.9
ENSP00000220478.3,11,ENST00000220478.8
ENSP00000220496.4,20,ENST00000220496.9
ENSP00000220507.4,23,ENST00000220507.5
ENSP00000220509.5,81,ENST00000220509.10
ENSP00000220514.3,15,ENST00000220514.8
ENSP00000220531.4,24,ENST00000220531.9
ENSP00000220562.4,135,ENST00000220562.9
ENSP00000220592.5,47,ENST00000220592.10
ENSP00000220597.3,61,ENST00000220597.4
ENSP00000220659.6,56,ENST00000220659.11
ENSP00000220669.5,22,ENST00000220669.10
ENSP00000220751.4,59,ENST00000220751.5
ENSP00000220763.5,25,ENST00000220763.10
ENSP00000220764.2,25,ENST00000220764.7
ENSP00000220772.3,64,ENST00000220772.8
ENSP00000220809.4,26,ENST00000220809.9
ENSP00000220822.7,36,ENST00000220822.12
ENSP00000220849.5,23,ENST00000220849.10
ENSP00000220853.3,25,ENST00000220853.8
ENSP00000220913.5,12,ENST00000220913.10
ENSP00000221114.3,20,ENST00000221114.8
ENSP00000221130.5,21,ENST00000221130.11
ENSP00000221138.4,21,ENST00000221138.9
ENSP00000221166.5,18,ENST00000221166.10
ENSP00000221200.4,17,ENST00000221200.9
ENSP00000221233.3,19,ENST00000221233.9
ENSP00000221249.5,113,ENST00000221249.10
ENSP00000221265.2,21,ENST00000221265.8
ENSP00000221283.4,77,ENST00000221283.10
ENSP00000221315.4,45,ENST00000221315.10
ENSP00000221327.3,44,ENST00000221327.8
ENSP00000221399.3,10,ENST00000221399.8
ENSP00000221403.2,13,ENST00000221403.7
ENSP00000221452.7,59,ENST00000221452.13
ENSP00000221455.3,44,ENST00000221455.8
ENSP00000221459.2,26,ENST00000221459.7
ENSP00000221462.3,163,ENST00000221462.9
ENSP00000221480.1,13,ENST00000221480.6
ENSP00000221485.2,10,ENST00000221485.8
ENSP00000221486.4,30,ENST00000221486.6
ENSP00000221494.3,31,ENST00000221494.10
ENSP00000221496.2,63,ENST00000221496.5
ENSP00000221538.2,24,ENST00000221538.8
ENSP00000221543.4,144,ENST00000221543.10
ENSP00000221566.1,0,ENST00000221566.7
ENSP00000221573.5,26,ENST00000221573.11
ENSP00000221665.2,61,ENST00000221665.5
ENSP00000221671.2,57,ENST00000221671.8
ENSP00000221730.2,9,ENST00000221730.8
ENSP00000221855.3,15,ENST00000221855.8
ENSP00000221856.5,45,ENST00000221856.11
ENSP00000221859.3,0,ENST00000221859.9
ENSP00000221891.4,23,ENST00000221891.9
ENSP00000221922.5,66,ENST00000221922.11
ENSP00000221930.4,23,ENST00000221930.6
ENSP00000221957.3,53,ENST00000221957.9
ENSP00000221980.3,59,ENST00000221980.5
ENSP00000222005.1,10,ENST00000222005.7
ENSP00000222008.5,24,ENST00000222008.11
ENSP00000222032.4,13,ENST00000222032.10
ENSP00000222120.2,8,ENST00000222120.8
ENSP00000222122.4,55,ENST00000222122.10
ENSP00000222139.5,38,ENST00000222139.11
ENSP00000222145.3,57,ENST00000222145.9
ENSP00000222219.2,0,ENST00000222219.8
ENSP00000222247.4,14,ENST00000222247.10
ENSP00000222248.2,15,ENST00000222248.4
ENSP00000222256.3,43,ENST00000222256.9
ENSP00000222271.2,31,ENST00000222271.7
ENSP00000222284.4,10,ENST00000222284.10
ENSP00000222305.2,20,ENST00000222305.8
ENSP00000222329.3,67,ENST00000222329.9
ENSP00000222330.3,46,ENST00000222330.8
ENSP00000222345.4,159,ENST00000222345.11
ENSP00000222374.1,23,ENST00000222374.3
ENSP00000222388.2,11,ENST00000222388.6
ENSP00000222399.6,155,ENST00000222399.11
ENSP00000222511.7,37,ENST00000222511.11
ENSP00000222543.5,28,ENST00000222543.11
ENSP00000222547.3,12,ENST00000222547.8
ENSP00000222553.3,52,ENST00000222553.8
ENSP00000222567.5,38,ENST00000222567.6
ENSP00000222573.3,13,ENST00000222573.5
ENSP00000222584.3,40,ENST00000222584.8
ENSP00000222673.5,61,ENST00000222673.6
ENSP00000222693.4,17,ENST00000222693.5
ENSP00000222718.5,14,ENST00000222718.7
ENSP00000222725.5,11,ENST00000222725.10
ENSP00000222726.3,10,ENST00000222726.4
ENSP00000222728.3,27,ENST00000222728.3
ENSP00000222747.3,56,ENST00000222747.8
ENSP00000222803.5,31,ENST00000222803.10
ENSP00000222812.3,13,ENST00000222812.8
ENSP00000222823.4,48,ENST00000222823.9
ENSP00000222968.4,13,ENST00000350498.8
ENSP00000222990.3,20,ENST00000222990.8
ENSP00000223023.4,54,ENST00000223023.5
ENSP00000223029.3,13,ENST00000223029.8
ENSP00000223061.5,29,ENST00000223061.6
ENSP00000223073.1,15,ENST00000223073.6
ENSP00000223127.3,61,ENST00000223127.8
ENSP00000223129.4,11,ENST00000223129.8
ENSP00000223136.4,4,ENST00000223136.5
ENSP00000223145.5,48,ENST00000223145.10
ENSP00000223208.4,31,ENST00000223208.10
ENSP00000223210.4,34,ENST00000223210.5
ENSP00000223273.2,25,ENST00000223273.7
ENSP00000223324.2,9,ENST00000223324.3
ENSP00000223368.2,20,ENST00000223368.7
ENSP00000223369.2,11,ENST00000223369.3
ENSP00000223398.6,78,ENST00000223398.11
ENSP00000223500.7,10,ENST00000223500.9
ENSP00000223528.2,34,ENST00000223528.6
ENSP00000223641.4,0,ENST00000223641.5
ENSP00000223642.1,13,ENST00000223642.3
ENSP00000223862.1,8,ENST00000223862.2
ENSP00000223864.2,11,ENST00000223864.7
ENSP00000224073.1,0,ENST00000224073.6
ENSP00000224140.5,167,ENST00000224140.6
ENSP00000224356.4,26,ENST00000224356.5
ENSP00000224721.9,35,ENST00000224721.12
ENSP00000224756.8,83,ENST00000224756.12
ENSP00000224784.6,64,ENST00000224784.10
ENSP00000224950.3,25,ENST00000224950.8
ENSP00000225171.2,28,ENST00000225171.7
ENSP00000225174.3,0,ENST00000225174.8
ENSP00000225235.4,65,ENST00000225235.5
ENSP00000225296.3,51,ENST00000225296.8
ENSP00000225298.7,32,ENST00000225298.12
ENSP00000225308.8,11,ENST00000225308.12
ENSP00000225388.3,28,ENST00000225388.9
ENSP00000225430.4,12,ENST00000225430.9
ENSP00000225577.4,58,ENST00000225577.9
ENSP00000225609.5,5,ENST00000225609.10
ENSP00000225614.1,17,ENST00000225614.6
ENSP00000225655.5,13,ENST00000225655.6
ENSP00000225665.7,24,ENST00000225665.12
ENSP00000225698.4,13,ENST00000225698.8
ENSP00000225719.4,88,ENST00000225719.9
ENSP00000225724.5,8,ENST00000225724.9
ENSP00000225726.5,19,ENST00000225726.10
ENSP00000225728.3,6,ENST00000225728.8
ENSP00000225729.3,26,ENST00000225729.8
ENSP00000225737.6,62,ENST00000225737.11
ENSP00000225792.5,2,ENST00000225792.10
ENSP00000225916.5,81,ENST00000225916.10
ENSP00000225927.1,51,ENST00000225927.7
ENSP00000225964.6,242,ENST00000225964.10
ENSP00000225969.4,11,ENST00000225969.9
ENSP00000225972.7,7,ENST00000225972.8
ENSP00000225983.5,203,ENST00000225983.10
ENSP00000226004.2,23,ENST00000226004.8
ENSP00000226091.2,61,ENST00000226091.3
ENSP00000226105.6,14,ENST00000226105.11
ENSP00000226225.2,38,ENST00000226225.7
ENSP00000226230.6,14,ENST00000226230.8
ENSP00000226319.6,63,ENST00000226319.11
ENSP00000226574.4,52,ENST00000226574.9
ENSP00000226725.6,23,ENST00000226725.11
ENSP00000226760.1,40,ENST00000226760.5
ENSP00000226796.6,11,ENST00000226796.7
ENSP00000227065.4,10,ENST00000227065.8
ENSP00000227155.4,34,ENST00000227155.9
ENSP00000227266.4,44,ENST00000227266.10
ENSP00000227322.3,21,ENST00000227322.8
ENSP00000227349.2,9,ENST00000227349.7
ENSP00000227471.3,68,ENST00000227471.7
ENSP00000227474.3,0,ENST00000227474.8
ENSP00000227495.6,57,ENST00000227495.10
ENSP00000227507.2,14,ENST00000227507.3
ENSP00000227520.5,17,ENST00000227520.10
ENSP00000227524.4,27,ENST00000227524.9
ENSP00000227525.3,14,ENST00000227525.8
ENSP00000227618.4,24,ENST00000227618.8
ENSP00000227638.3,22,ENST00000227638.8
ENSP00000227756.4,44,ENST00000227756.5
ENSP00000227868.4,17,ENST00000227868.9
ENSP00000228136.4,16,ENST00000228136.9
ENSP00000228251.4,11,ENST00000228251.9
ENSP00000228307.7,34,ENST00000228307.11
ENSP00000228347.4,59,ENST00000228347.9
ENSP00000228425.6,61,ENST00000228425.11
ENSP00000228437.5,111,ENST00000228437.10
ENSP00000228495.6,20,ENST00000228495.11
ENSP00000228506.3,25,ENST00000228506.8
ENSP00000228510.3,45,ENST00000228510.8
ENSP00000228515.1,47,ENST00000228515.6
ENSP00000228606.4,60,ENST00000228606.9
ENSP00000228705.5,93,ENST00000228705.7
ENSP00000228740.2,32,ENST00000228740.7
ENSP00000228741.3,26,ENST00000228741.8
ENSP00000228799.2,30,ENST00000228799.7
ENSP00000228820.4,52,ENST00000228820.9
ENSP00000228825.7,25,ENST00000228825.12
ENSP00000228827.3,12,ENST00000228827.8
ENSP00000228850.1,31,ENST00000228850.6
ENSP00000228865.2,13,ENST00000228865.3
ENSP00000228872.4,28,ENST00000228872.9
ENSP00000229179.4,30,ENST00000229179.9
ENSP00000229214.4,14,ENST00000229214.9
ENSP00000229238.3,11,ENST00000229238.5
ENSP00000229266.3,48,ENST00000229266.8
ENSP00000229281.5,8,ENST00000229281.6
ENSP00000229314.4,19,ENST00000229314.10
ENSP00000229329.2,17,ENST00000229329.7
ENSP00000229330.4,125,ENST00000229330.9
ENSP00000229340.5,14,ENST00000229340.10
ENSP00000229379.2,13,ENST00000229379.3
ENSP00000229390.3,3,ENST00000229390.8
ENSP00000229395.3,23,ENST00000229395.8
ENSP00000229554.5,11,ENST00000229554.10
ENSP00000229595.5,17,ENST00000229595.6
ENSP00000229633.5,22,ENST00000229633.7
ENSP00000229758.3,43,ENST00000229758.8
ENSP00000229769.2,136,ENST00000229769.3
ENSP00000229812.7,61,ENST00000229812.8
ENSP00000229903.4,11,ENST00000229903.5
ENSP00000229922.2,94,ENST00000229922.7
ENSP00000229955.2,24,ENST00000229955.4
ENSP00000230036.1,15,ENST00000230036.2
ENSP00000230048.3,11,ENST00000230048.5
ENSP00000230050.3,16,ENST00000230050.4
ENSP00000230056.3,6,ENST00000230056.8
ENSP00000230085.8,0,ENST00000230085.13
ENSP00000230122.4,87,ENST00000230122.4
ENSP00000230124.4,126,ENST00000230124.8
ENSP00000230323.4,84,ENST00000230323.8
ENSP00000230340.4,26,ENST00000230340.9
ENSP00000230354.5,31,ENST00000230354.10
ENSP00000230361.3,10,ENST00000230361.4
ENSP00000230419.4,85,ENST00000230419.9
ENSP00000230431.7,5,ENST00000230431.11
ENSP00000230449.4,70,ENST00000230449.9
ENSP00000230461.6,26,ENST00000230461.11
ENSP00000230640.5,16,ENST00000230640.10
ENSP00000230658.7,23,ENST00000230658.12
ENSP00000230771.3,8,ENST00000230771.9
ENSP00000230792.2,49,ENST00000230792.7
ENSP00000230895.7,6,ENST00000230895.11
ENSP00000230990.6,21,ENST00000230990.7
ENSP00000231004.4,73,ENST00000231004.5
ENSP00000231061.4,26,ENST00000231061.9
ENSP00000231121.2,37,ENST00000231121.3
ENSP00000231173.3,11,ENST00000231173.6
ENSP00000231198.7,11,ENST00000231198.12
ENSP00000231238.4,13,ENST00000231238.10
ENSP00000231368.5,59,ENST00000231368.10
ENSP00000231461.4,24,ENST00000231461.10
ENSP00000231487.9,21,ENST00000353411.11
ENSP00000231498.3,101,ENST00000231498.8
ENSP00000231512.3,20,ENST00000231512.5
ENSP00000231524.9,61,ENST00000231524.14
ENSP00000231572.3,6,ENST00000231572.8
ENSP00000231721.2,49,ENST00000231721.7
ENSP00000231749.3,11,ENST00000231749.8
ENSP00000231887.3,92,ENST00000231887.8
ENSP00000232375.3,92,ENST00000232375.8
ENSP00000232424.3,21,ENST00000232424.4
ENSP00000232496.4,0,ENST00000232496.5
ENSP00000232501.3,25,ENST00000232501.8
ENSP00000232564.3,13,ENST00000232564.8
ENSP00000232607.2,13,ENST00000232607.7
ENSP00000232744.8,43,ENST00000232744.13
ENSP00000232766.5,47,ENST00000232766.6
ENSP00000232888.6,23,ENST00000232888.7
ENSP00000232905.3,0,ENST00000232905.4
ENSP00000232974.6,139,ENST00000232974.11
ENSP00000232978.8,97,ENST00000232978.13
ENSP00000233027.5,87,ENST00000233027.10
ENSP00000233055.4,10,ENST00000233055.9
ENSP00000233057.4,44,ENST00000233057.9
ENSP00000233078.4,17,ENST00000233078.9
ENSP00000233099.5,153,ENST00000233099.6
ENSP00000233121.2,45,ENST00000233121.7
ENSP00000233143.4,7,ENST00000233143.6
ENSP00000233146.2,50,ENST00000233146.7
ENSP00000233154.4,65,ENST00000233154.9
ENSP00000233156.3,68,ENST00000233156.9
ENSP00000233336.5,46,ENST00000233336.7
ENSP00000233379.4,56,ENST00000233379.9
ENSP00000233468.4,12,ENST00000233468.5
ENSP00000233535.4,24,ENST00000233535.9
ENSP00000233552.6,20,ENST00000347454.9
ENSP00000233557.3,33,ENST00000233557.7
ENSP00000233575.2,26,ENST00000233575.7
ENSP00000233596.2,10,ENST00000233596.8
ENSP00000233623.6,45,ENST00000233623.11
ENSP00000233627.9,0,ENST00000233627.14
ENSP00000233630.6,18,ENST00000233630.11
ENSP00000233638.6,12,ENST00000233638.8
ENSP00000233710.3,13,ENST00000233710.4
ENSP00000233741.5,6,ENST00000233741.9
ENSP00000233809.4,9,ENST00000233809.9
ENSP00000233813.4,24,ENST00000233813.5
ENSP00000233838.3,52,ENST00000233838.9
ENSP00000233893.5,12,ENST00000233893.10
ENSP00000233948.3,6,ENST00000233948.4
ENSP00000233969.2,12,ENST00000233969.3
ENSP00000234038.6,27,ENST00000234038.11
ENSP00000234091.4,4,ENST00000234091.8
ENSP00000234111.4,11,ENST00000234111.9
ENSP00000234115.6,12,ENST00000234115.10
ENSP00000234160.4,44,ENST00000234160.5
ENSP00000234170.5,67,ENST00000234170.10
ENSP00000234198.4,24,ENST00000234198.9
ENSP00000234256.3,56,ENST00000234256.4
ENSP00000234296.2,57,ENST00000234296.7
ENSP00000234310.3,8,ENST00000234310.8
ENSP00000234371.3,18,ENST00000234371.10
ENSP00000234389.3,15,ENST00000234389.3
ENSP00000234392.2,45,ENST00000234392.3
ENSP00000234420.5,49,ENST00000234420.11
ENSP00000234454.5,12,ENST00000234454.6
ENSP00000234488.9,192,ENST00000346436.11
ENSP00000234590.4,6,ENST00000234590.10
ENSP00000234677.2,17,ENST00000234677.7
ENSP00000234739.3,233,ENST00000234739.8
ENSP00000234827.1,6,ENST00000234827.6
ENSP00000234831.5,6,ENST00000234831.10
ENSP00000235090.5,18,ENST00000235090.10
ENSP00000235307.6,8,ENST00000235307.7
ENSP00000235310.2,6,ENST00000235310.7
ENSP00000235332.4,30,ENST00000235332.6
ENSP00000235345.5,71,ENST00000235345.6
ENSP00000235372.6,268,ENST00000235372.11
ENSP00000235382.5,18,ENST00000235382.7
ENSP00000235532.5,58,ENST00000235532.9
ENSP00000236137.5,25,ENST00000236137.10
ENSP00000236192.7,16,ENST00000236192.12
ENSP00000236273.4,0,ENST00000236273.9
ENSP00000236671.2,10,ENST00000236671.7
ENSP00000236877.5,32,ENST00000236877.11
ENSP00000236959.9,23,ENST00000236959.14
ENSP00000237264.3,12,ENST00000237264.9
ENSP00000237281.3,96,ENST00000237281.5
ENSP00000237283.8,4,ENST00000237283.9
ENSP00000237305.7,96,ENST00000237305.11
ENSP00000237353.10,35,ENST00000237353.15
ENSP00000237380.6,0,ENST00000237380.12
ENSP00000237455.4,104,ENST00000237455.5
ENSP00000237530.6,38,ENST00000237530.11
ENSP00000237596.2,183,ENST00000237596.7
ENSP00000237654.4,20,ENST00000237654.9
ENSP00000237822.3,61,ENST00000237822.8
ENSP00000237853.4,44,ENST00000237853.9
ENSP00000238112.3,35,ENST00000238112.8
ENSP00000238146.3,21,ENST00000238146.9
ENSP00000238379.5,27,ENST00000238379.9
ENSP00000238497.4,13,ENST00000238497.10
ENSP00000238561.5,30,ENST00000238561.10
ENSP00000238616.5,46,ENST00000238616.10
ENSP00000238618.3,17,ENST00000238618.8
ENSP00000238647.3,158,ENST00000238647.5
ENSP00000238667.4,26,ENST00000238667.9
ENSP00000238714.3,47,ENST00000238714.8
ENSP00000238721.4,33,ENST00000238721.9
ENSP00000238788.9,53,ENST00000238788.14
ENSP00000238789.5,77,ENST00000238789.10
ENSP00000238823.8,4,ENST00000238823.13
ENSP00000238831.3,12,ENST00000238831.9
ENSP00000238856.4,196,ENST00000238856.8
ENSP00000238875.4,22,ENST00000238875.10
ENSP00000238892.3,3,ENST00000238892.4
ENSP00000238936.3,67,ENST00000238936.8
ENSP00000238961.3,66,ENST00000238961.9
ENSP00000239007.7,31,ENST00000239007.11
ENSP00000239027.7,1,ENST00000348459.10
ENSP00000239144.4,16,ENST00000239144.5
ENSP00000239165.7,14,ENST00000239165.9
ENSP00000239223.3,34,ENST00000239223.4
ENSP00000239231.6,30,ENST00000239231.7
ENSP00000239243.5,2,ENST00000239243.7
ENSP00000239367.2,48,ENST00000239367.7
ENSP00000239440.4,20,ENST00000239440.9
ENSP00000239444.2,12,ENST00000239444.4
ENSP00000239690.4,34,ENST00000239690.9
ENSP00000239830.4,34,ENST00000239830.9
ENSP00000239878.4,12,ENST00000239878.9
ENSP00000239882.3,83,ENST00000239882.7
ENSP00000239891.3,29,ENST00000239891.4
ENSP00000239906.5,30,ENST00000239906.10
ENSP00000239940.7,0,ENST00000239940.11
ENSP00000240055.3,31,ENST00000240055.8
ENSP00000240079.6,11,ENST00000240079.11
ENSP00000240093.3,70,ENST00000240093.8
ENSP00000240100.2,40,ENST00000240100.7
ENSP00000240185.4,41,ENST00000240185.8
ENSP00000240285.5,9,ENST00000240285.10
ENSP00000240316.4,46,ENST00000240316.5
ENSP00000240328.3,88,ENST00000240328.4
ENSP00000240364.2,43,ENST00000240364.7
ENSP00000240423.4,18,ENST00000240423.9
ENSP00000240488.3,10,ENST00000240488.8
ENSP00000240587.4,88,ENST00000240587.5
ENSP00000240651.9,33,ENST00000240651.14
ENSP00000240719.2,34,ENST00000240719.7
ENSP00000240731.4,80,ENST00000240731.5
ENSP00000240851.4,20,ENST00000240851.9
ENSP00000240922.2,6,ENST00000240922.8
ENSP00000241014.2,100,ENST00000241014.6
ENSP00000241051.3,17,ENST00000241051.8
ENSP00000241052.4,43,ENST00000241052.5
ENSP00000241125.3,51,ENST00000241125.4
ENSP00000241337.4,27,ENST00000241337.9
ENSP00000241416.7,108,ENST00000241416.12
ENSP00000241436.4,71,ENST00000241436.8
ENSP00000241453.7,10,ENST00000241453.12
ENSP00000241463.5,50,ENST00000241463.5
ENSP00000241502.3,9,ENST00000241502.9
ENSP00000241704.7,22,ENST00000241704.8
ENSP00000242108.4,58,ENST00000242108.9
ENSP00000242159.3,30,ENST00000242159.5
ENSP00000242209.4,48,ENST00000242209.9
ENSP00000242248.5,31,ENST00000242248.10
ENSP00000242261.5,16,ENST00000242261.6
ENSP00000242285.6,6,ENST00000242285.10
ENSP00000242351.5,51,ENST00000242351.10
ENSP00000242480.3,12,ENST00000242480.4
ENSP00000242505.6,22,ENST00000242505.11
ENSP00000242576.3,3,ENST00000242576.7
ENSP00000242591.5,44,ENST00000242591.10
ENSP00000242592.4,33,ENST00000242592.9
ENSP00000242719.3,22,ENST00000242719.4
ENSP00000242728.4,43,ENST00000242728.5
ENSP00000242776.3,4,ENST00000242776.9
ENSP00000242784.3,0,ENST00000242784.5
ENSP00000242786.4,93,ENST00000242786.6
ENSP00000242827.6,32,ENST00000242827.11
ENSP00000242839.5,74,ENST00000242839.10
ENSP00000243045.5,21,ENST00000243045.10
ENSP00000243050.1,38,ENST00000243050.5
ENSP00000243052.3,13,ENST00000243052.8
ENSP00000243056.3,76,ENST00000243056.5
ENSP00000243077.3,208,ENST00000243077.8
ENSP00000243108.4,26,ENST00000243108.5
ENSP00000243167.8,46,ENST00000243167.9
ENSP00000243189.7,22,ENST00000243189.12
ENSP00000243253.3,5,ENST00000243253.8
ENSP00000243298.2,42,ENST00000243298.3
ENSP00000243326.4,130,ENST00000243326.9
ENSP00000243344.7,76,ENST00000243344.8
ENSP00000243346.5,6,ENST00000243346.10
ENSP00000243389.3,96,ENST00000243389.8
ENSP00000243440.1,10,ENST00000243440.2
ENSP00000243498.5,12,ENST00000243498.10
ENSP00000243501.5,12,ENST00000243501.10
ENSP00000243563.2,15,ENST00000243563.8
ENSP00000243578.2,14,ENST00000243578.8
ENSP00000243644.3,26,ENST00000243644.9
ENSP00000243706.4,73,ENST00000243706.8
ENSP00000243776.6,44,ENST00000243776.11
ENSP00000243878.4,28,ENST00000243878.9
ENSP00000243903.4,51,ENST00000243903.6
ENSP00000243918.5,14,ENST00000243918.10
ENSP00000243997.3,4,ENST00000243997.8
ENSP00000244007.3,66,ENST00000244007.7
ENSP00000244020.3,43,ENST00000244020.5
ENSP00000244040.3,3,ENST00000244040.4
ENSP00000244051.1,35,ENST00000244051.3
ENSP00000244061.2,21,ENST00000244061.6
ENSP00000244137.5,35,ENST00000244137.12
ENSP00000244204.5,34,ENST00000244204.11
ENSP00000244217.5,39,ENST00000244217.6
ENSP00000244221.8,0,ENST00000244221.9
ENSP00000244227.3,24,ENST00000244227.8
ENSP00000244230.2,25,ENST00000244230.7
ENSP00000244289.3,58,ENST00000244289.9
ENSP00000244496.5,5,ENST00000244496.6
ENSP00000244519.2,11,ENST00000244519.7
ENSP00000244520.5,23,ENST00000244520.10
ENSP00000244533.3,171,ENST00000244533.7
ENSP00000244534.6,5,ENST00000244534.7
ENSP00000244565.3,4,ENST00000244565.8
ENSP00000244571.4,50,ENST00000244571.5
ENSP00000244728.5,11,ENST00000244728.10
ENSP00000244745.1,29,ENST00000244745.4
ENSP00000244763.4,10,ENST00000244763.9
ENSP00000244766.2,19,ENST00000244766.7
ENSP00000244769.3,62,ENST00000244769.8
ENSP00000244815.5,67,ENST00000244815.9
ENSP00000245046.2,25,ENST00000245046.6
ENSP00000245185.5,0,ENST00000245185.6
ENSP00000245206.5,4,ENST00000245206.10
ENSP00000245304.3,18,ENST00000245304.5
ENSP00000245407.3,133,ENST00000245407.8
ENSP00000245414.4,64,ENST00000245414.9
ENSP00000245451.4,66,ENST00000245451.9
ENSP00000245479.2,37,ENST00000245479.3
ENSP00000245539.6,4,ENST00000245539.11
ENSP00000245543.1,54,ENST00000245543.6
ENSP00000245544.4,39,ENST00000245544.9
ENSP00000245552.2,12,ENST00000245552.7
ENSP00000245564.3,45,ENST00000245564.8
ENSP00000245680.2,36,ENST00000245680.7
ENSP00000245787.4,14,ENST00000245787.9
ENSP00000245796.6,22,ENST00000245796.11
ENSP00000245812.2,14,ENST00000245812.8
ENSP00000245816.3,12,ENST00000245816.11
ENSP00000245817.2,22,ENST00000245817.5
ENSP00000245838.8,64,ENST00000245838.13
ENSP00000245903.2,10,ENST00000245903.4
ENSP00000245908.5,36,ENST00000245908.11
ENSP00000245919.3,23,ENST00000353609.8
ENSP00000245925.3,71,ENST00000245925.8
ENSP00000245932.5,16,ENST00000245932.11
ENSP00000245934.7,95,ENST00000245934.12
ENSP00000245957.5,12,ENST00000245957.10
ENSP00000246006.4,21,ENST00000246006.5
ENSP00000246024.2,24,ENST00000246024.7
ENSP00000246062.4,32,ENST00000347364.7
ENSP00000246069.6,14,ENST00000246069.12
ENSP00000246071.6,22,ENST00000246071.8
ENSP00000246117.3,24,ENST00000246117.9
ENSP00000246151.4,12,ENST00000246151.9
ENSP00000246166.2,32,ENST00000246166.3
ENSP00000246194.3,27,ENST00000246194.8
ENSP00000246229.4,88,ENST00000246229.5
ENSP00000246337.4,10,ENST00000246337.9
ENSP00000246529.3,111,ENST00000246529.4
ENSP00000246535.1,34,ENST00000246535.4
ENSP00000246548.3,24,ENST00000246548.9
ENSP00000246672.3,74,ENST00000246672.4
ENSP00000246747.4,30,ENST00000246747.9
ENSP00000246792.2,10,ENST00000246792.4
ENSP00000246794.4,13,ENST00000246794.10
ENSP00000246801.2,12,ENST00000246801.8
ENSP00000246802.4,46,ENST00000246802.10
ENSP00000246841.3,25,ENST00000246841.3
ENSP00000246868.2,13,ENST00000246868.7
ENSP00000246912.3,28,ENST00000246912.8
ENSP00000246914.4,102,ENST00000246914.10
ENSP00000246957.5,22,ENST00000246957.10
ENSP00000247001.3,45,ENST00000247001.10
ENSP00000247003.3,19,ENST00000247003.9
ENSP00000247020.3,4,ENST00000247020.9
ENSP00000247026.5,19,ENST00000247026.10
ENSP00000247138.5,23,ENST00000247138.11
ENSP00000247178.5,38,ENST00000247178.6
ENSP00000247191.2,44,ENST00000247191.7
ENSP00000247194.4,27,ENST00000247194.9
ENSP00000247226.8,295,ENST00000247226.13
ENSP00000247291.3,5,ENST00000247291.8
ENSP00000247665.10,13,ENST00000247665.12
ENSP00000247668.2,13,ENST00000247668.7
ENSP00000247706.2,44,ENST00000247706.4
ENSP00000247815.5,226,ENST00000247815.9
ENSP00000247843.2,18,ENST00000247843.7
ENSP00000247879.2,25,ENST00000247879.2
ENSP00000247881.3,13,ENST00000247881.4
ENSP00000247883.4,12,ENST00000247883.5
ENSP00000247930.4,78,ENST00000247930.5
ENSP00000247933.4,55,ENST00000247933.9
ENSP00000247956.5,60,ENST00000247956.11
ENSP00000247970.5,13,ENST00000247970.9
ENSP00000247977.3,27,ENST00000247977.9
ENSP00000247986.2,193,ENST00000247986.2
ENSP00000248071.5,33,ENST00000248071.6
ENSP00000248098.3,12,ENST00000248098.8
ENSP00000248114.6,22,ENST00000248114.7
ENSP00000248121.2,34,ENST00000248121.7
ENSP00000248139.3,53,ENST00000248139.8
ENSP00000248248.3,98,ENST00000248248.8
ENSP00000248306.3,119,ENST00000248306.8
ENSP00000248437.4,68,ENST00000248437.9
ENSP00000248553.6,15,ENST00000248553.7
ENSP00000248566.2,7,ENST00000248566.3
ENSP00000248594.6,107,ENST00000248594.11
ENSP00000248600.1,27,ENST00000248600.5
ENSP00000248633.4,216,ENST00000248633.9
ENSP00000248643.3,26,ENST00000351870.8
ENSP00000248706.3,2,ENST00000248706.5
ENSP00000248846.5,188,ENST00000248846.10
ENSP00000248879.2,21,ENST00000248879.8
ENSP00000248929.8,69,ENST00000248929.14
ENSP00000248958.4,14,ENST00000248958.5
ENSP00000248975.5,19,ENST00000248975.6
ENSP00000249014.4,36,ENST00000249014.5
ENSP00000249064.4,26,ENST00000249064.9
ENSP00000249066.6,39,ENST00000249066.10
ENSP00000249269.4,25,ENST00000249269.9
ENSP00000249289.4,7,ENST00000249289.5
ENSP00000249299.2,0,ENST00000249299.7
ENSP00000249330.2,32,ENST00000249330.3
ENSP00000249344.2,204,ENST00000249344.7
ENSP00000249356.3,21,ENST00000249356.4
ENSP00000249363.3,0,ENST00000249363.4
ENSP00000249373.3,105,ENST00000249373.8
ENSP00000249442.6,5,ENST00000249442.11
ENSP00000249499.6,42,ENST00000249499.8
ENSP00000249501.4,31,ENST00000249501.5
ENSP00000249504.5,37,ENST00000249504.7
ENSP00000249647.3,18,ENST00000249647.8
ENSP00000249700.4,21,ENST00000249700.9
ENSP00000249749.5,11,ENST00000249749.7
ENSP00000249750.4,37,ENST00000249750.9
ENSP00000249776.8,11,ENST00000249776.12
ENSP00000249806.5,50,ENST00000249806.11
ENSP00000249837.3,264,ENST00000249837.7
ENSP00000249861.4,26,ENST00000249861.9
ENSP00000249910.1,64,ENST00000249910.5
ENSP00000249923.3,39,ENST00000249923.7
ENSP00000250024.4,128,ENST00000250024.9
ENSP00000250076.3,85,ENST00000250076.7
ENSP00000250101.5,12,ENST00000250101.10
ENSP00000250111.4,36,ENST00000250111.9
ENSP00000250113.7,45,ENST00000250113.12
ENSP00000250124.6,8,ENST00000250124.11
ENSP00000250237.4,31,ENST00000250237.10
ENSP00000250263.7,6,ENST00000250263.8
ENSP00000250340.3,66,ENST00000250340.9
ENSP00000250383.7,24,ENST00000250383.11
ENSP00000250405.6,32,ENST00000250405.10
ENSP00000250416.5,61,ENST00000250416.9
ENSP00000250448.3,50,ENST00000250448.5
ENSP00000250454.3,16,ENST00000250454.8
ENSP00000250457.4,24,ENST00000250457.9
ENSP00000250498.4,4,ENST00000250498.9
ENSP00000250535.4,36,ENST00000250535.5
ENSP00000250559.9,29,ENST00000250559.14
ENSP00000250617.6,109,ENST00000250617.7
ENSP00000250699.2,16,ENST00000250699.2
ENSP00000250894.4,77,ENST00000250894.8
ENSP00000250916.3,37,ENST00000250916.6
ENSP00000251020.4,309,ENST00000251020.9
ENSP00000251038.5,32,ENST00000251038.10
ENSP00000251047.4,14,ENST00000251047.6
ENSP00000251076.5,498,ENST00000251076.9
ENSP00000251089.3,92,ENST00000251089.8
ENSP00000251108.6,48,ENST00000251108.10
ENSP00000251119.5,609,ENST00000347230.9
ENSP00000251127.6,11,ENST00000251127.11
ENSP00000251143.6,127,ENST00000251143.9
ENSP00000251203.5,82,ENST00000251203.14
ENSP00000251241.4,93,ENST00000251241.9
ENSP00000251269.4,33,ENST00000251269.9
ENSP00000251287.1,149,ENST00000251287.3
ENSP00000251363.5,13,ENST00000251363.10
ENSP00000251412.6,33,ENST00000251412.8
ENSP00000251413.2,52,ENST00000251413.8
ENSP00000251453.2,12,ENST00000251453.8
ENSP00000251472.3,119,ENST00000251472.9
ENSP00000251473.4,29,ENST00000251473.9
ENSP00000251496.2,51,ENST00000251496.7
ENSP00000251507.4,99,ENST00000251507.8
ENSP00000251535.6,12,ENST00000251535.11
ENSP00000251582.7,54,ENST00000251582.12
ENSP00000251588.2,52,ENST00000251588.7
ENSP00000251607.6,41,ENST00000251607.11
ENSP00000251636.5,87,ENST00000251636.10
ENSP00000251654.4,29,ENST00000251654.9
ENSP00000251691.4,259,ENST00000251691.5
ENSP00000251775.4,2,ENST00000251775.9
ENSP00000251809.3,65,ENST00000251809.4
ENSP00000251810.3,53,ENST00000251810.8
ENSP00000251822.7,80,ENST00000251822.7
ENSP00000251871.3,12,ENST00000251871.9
ENSP00000251900.4,33,ENST00000251900.9
ENSP00000251968.3,30,ENST00000251968.4
ENSP00000252011.3,33,ENST00000252011.8
ENSP00000252015.2,33,ENST00000252015.3
ENSP00000252050.4,394,ENST00000252050.9
ENSP00000252087.2,22,ENST00000252087.3
ENSP00000252102.5,8,ENST00000252102.9
ENSP00000252108.4,52,ENST00000252108.8
ENSP00000252115.5,24,ENST00000252115.10
ENSP00000252137.6,23,ENST00000252137.11
ENSP00000252288.1,13,ENST00000252288.8
ENSP00000252338.5,18,ENST00000252338.5
ENSP00000252445.3,0,ENST00000252445.7
ENSP00000252485.3,51,ENST00000252485.8
ENSP00000252486.3,17,ENST00000252486.9
ENSP00000252512.9,91,ENST00000252512.14
ENSP00000252530.4,37,ENST00000252530.9
ENSP00000252542.3,29,ENST00000252542.9
ENSP00000252575.4,26,ENST00000252575.11
ENSP00000252595.6,60,ENST00000252595.12
ENSP00000252599.3,41,ENST00000252599.9
ENSP00000252603.1,17,ENST00000252603.7
ENSP00000252622.8,0,ENST00000252622.15
ENSP00000252674.6,38,ENST00000252674.9
ENSP00000252711.2,6,ENST00000252711.7
ENSP00000252744.5,115,ENST00000252744.6
ENSP00000252797.2,41,ENST00000252797.6
ENSP00000252804.4,80,ENST00000252804.9
ENSP00000252818.3,24,ENST00000252818.5
ENSP00000252826.4,166,ENST00000252826.10
ENSP00000252840.5,45,ENST00000252840.11
ENSP00000252891.3,97,ENST00000252891.8
ENSP00000252934.4,16,ENST00000252934.10
ENSP00000252971.5,23,ENST00000252971.11
ENSP00000252979.5,41,ENST00000252979.6
ENSP00000252992.4,43,ENST00000252992.8
ENSP00000252997.2,22,ENST00000252997.3
ENSP00000252999.3,243,ENST00000252999.7
ENSP00000253023.2,22,ENST00000253023.8
ENSP00000253024.4,24,ENST00000253024.10
ENSP00000253031.1,57,ENST00000253031.6
ENSP00000253039.4,35,ENST00000253039.9
ENSP00000253047.5,9,ENST00000253047.7
ENSP00000253048.4,94,ENST00000253048.10
ENSP00000253055.2,49,ENST00000253055.8
ENSP00000253083.4,149,ENST00000253083.9
ENSP00000253107.7,31,ENST00000253107.12
ENSP00000253108.3,7,ENST00000253108.9
ENSP00000253115.1,63,ENST00000253115.7
ENSP00000253122.5,60,ENST00000253122.10
ENSP00000253144.9,3,ENST00000253144.13
ENSP00000253159.8,221,ENST00000253159.12
ENSP00000253193.6,73,ENST00000253193.9
ENSP00000253237.4,6,ENST00000253237.10
ENSP00000253247.4,46,ENST00000253247.9
ENSP00000253251.8,71,ENST00000253251.12
ENSP00000253329.2,10,ENST00000253329.3
ENSP00000253363.6,24,ENST00000253363.11
ENSP00000253401.6,106,ENST00000253401.10
ENSP00000253413.5,12,ENST00000253413.10
ENSP00000253457.3,6,ENST00000253457.8
ENSP00000253458.6,64,ENST00000253458.12
ENSP00000253462.3,7,ENST00000253462.8
ENSP00000253506.5,175,ENST00000253506.9
ENSP00000253577.3,48,ENST00000253577.9
ENSP00000253669.4,38,ENST00000253669.10
ENSP00000253686.2,0,ENST00000253686.7
ENSP00000253692.6,98,ENST00000253692.11
ENSP00000253693.2,103,ENST00000253693.7
ENSP00000253697.3,24,ENST00000253697.8
ENSP00000253699.3,50,ENST00000253699.7
ENSP00000253754.3,34,ENST00000253754.8
ENSP00000253778.8,90,ENST00000253778.13
ENSP00000253794.1,5,ENST00000253794.7
ENSP00000253796.3,11,ENST00000253796.10
ENSP00000253799.2,21,ENST00000253799.8
ENSP00000253814.3,0,ENST00000253814.6
ENSP00000253861.4,61,ENST00000253861.5
ENSP00000253968.5,14,ENST00000253968.11
ENSP00000254029.3,49,ENST00000254029.8
ENSP00000254037.2,21,ENST00000254037.6
ENSP00000254066.5,33,ENST00000254066.10
ENSP00000254101.3,18,ENST00000254101.4
ENSP00000254108.8,0,ENST00000254108.12
ENSP00000254190.3,39,ENST00000254190.4
ENSP00000254193.6,25,ENST00000254193.11
ENSP00000254250.3,54,ENST00000254250.7
ENSP00000254260.2,70,ENST00000254260.8
ENSP00000254286.4,24,ENST00000254286.9
ENSP00000254321.4,12,ENST00000254321.10
ENSP00000254322.1,17,ENST00000254322.3
ENSP00000254436.7,104,ENST00000254436.8
ENSP00000254480.5,27,ENST00000254480.10
ENSP00000254488.2,37,ENST00000254488.7
ENSP00000254508.5,107,ENST00000254508.7
ENSP00000254528.3,168,ENST00000254528.4
ENSP00000254579.6,166,ENST00000254579.11
ENSP00000254584.2,40,ENST00000254584.6
ENSP00000254605.6,39,ENST00000254605.11
ENSP00000254624.5,80,ENST00000254624.10
ENSP00000254630.7,44,ENST00000254630.12
ENSP00000254654.3,36,ENST00000254654.8
ENSP00000254657.3,273,ENST00000254657.8
ENSP00000254661.4,29,ENST00000254661.5
ENSP00000254719.4,18,ENST00000254719.10
ENSP00000254722.4,14,ENST00000254722.9
ENSP00000254759.3,32,ENST00000254759.8
ENSP00000254765.3,9,ENST00000254765.4
ENSP00000254799.6,26,ENST00000254799.11
ENSP00000254803.2,15,ENST00000254803.4
ENSP00000254810.3,0,ENST00000254810.8
ENSP00000254816.1,50,ENST00000254816.6
ENSP00000254846.5,131,ENST00000254846.9
ENSP00000254854.4,10,ENST00000254854.5
ENSP00000254878.3,22,ENST00000254878.8
ENSP00000254901.5,48,ENST00000254901.9
ENSP00000254928.5,9,ENST00000254928.10
ENSP00000254940.5,0,ENST00000254940.10
ENSP00000254942.3,15,ENST00000254942.8
ENSP00000254950.11,21,ENST00000254950.13
ENSP00000254958.4,93,ENST00000254958.10
ENSP00000254998.2,39,ENST00000254998.3
ENSP00000255039.1,11,ENST00000255039.6
ENSP00000255078.4,135,ENST00000255078.8
ENSP00000255087.5,65,ENST00000255087.10
ENSP00000255108.3,36,ENST00000255108.8
ENSP00000255121.4,20,ENST00000351223.7
ENSP00000255136.3,66,ENST00000255136.8
ENSP00000255152.2,68,ENST00000255152.3
ENSP00000255174.2,9,ENST00000255174.3
ENSP00000255194.7,35,ENST00000255194.11
ENSP00000255198.2,40,ENST00000255198.3
ENSP00000255304.4,200,ENST00000255304.9
ENSP00000255305.6,116,ENST00000255305.10
ENSP00000255390.5,11,ENST00000255390.10
ENSP00000255448.4,41,ENST00000255448.8
ENSP00000255476.3,15,ENST00000255476.3
ENSP00000255499.2,13,ENST00000255499.3
ENSP00000255531.7,114,ENST00000255531.8
ENSP00000255559.3,37,ENST00000255559.7
ENSP00000255608.3,48,ENST00000255608.9
ENSP00000255613.3,96,ENST00000255613.8
ENSP00000255631.4,13,ENST00000255631.9
ENSP00000255641.7,41,ENST00000255641.13
ENSP00000255681.6,28,ENST00000255681.7
ENSP00000255764.3,16,ENST00000255764.4
ENSP00000255882.6,220,ENST00000255882.11
ENSP00000255977.2,5,ENST00000255977.7
ENSP00000256001.8,39,ENST00000256001.13
ENSP00000256015.3,14,ENST00000256015.5
ENSP00000256078.5,22,ENST00000256078.10
ENSP00000256079.4,99,ENST00000256079.9
ENSP00000256108.5,43,ENST00000256108.10
ENSP00000256151.7,8,ENST00000256151.8
ENSP00000256196.4,42,ENST00000256196.9
ENSP00000256255.6,27,ENST00000256255.11
ENSP00000256257.1,23,ENST00000256257.2
ENSP00000256319.6,18,ENST00000256319.7
ENSP00000256367.2,28,ENST00000256367.3
ENSP00000256398.8,60,ENST00000256398.13
ENSP00000256429.3,53,ENST00000256429.8
ENSP00000256441.4,13,ENST00000256441.5
ENSP00000256442.5,5,ENST00000256442.10
ENSP00000256458.4,56,ENST00000256458.5
ENSP00000256460.3,23,ENST00000256460.8
ENSP00000256474.3,15,ENST00000256474.3
ENSP00000256495.3,1,ENST00000256495.4
ENSP00000256497.4,109,ENST00000256497.9
ENSP00000256538.4,0,ENST00000256538.9
ENSP00000256544.3,18,ENST00000256544.8
ENSP00000256545.4,14,ENST00000256545.9
ENSP00000256637.6,65,ENST00000256637.8
ENSP00000256644.4,17,ENST00000256644.8
ENSP00000256646.2,174,ENST00000256646.7
ENSP00000256649.4,38,ENST00000256649.9
ENSP00000256682.4,16,ENST00000256682.9
ENSP00000256689.5,14,ENST00000256689.10
ENSP00000256707.4,104,ENST00000256707.8
ENSP00000256720.2,163,ENST00000256720.6
ENSP00000256854.4,15,ENST00000256854.10
ENSP00000256897.4,19,ENST00000256897.9
ENSP00000256951.5,14,ENST00000256951.10
ENSP00000256996.4,13,ENST00000256996.9
ENSP00000256997.3,30,ENST00000256997.9
ENSP00000257013.7,12,ENST00000257013.9
ENSP00000257075.5,78,ENST00000257075.9
ENSP00000257118.5,135,ENST00000257118.5
ENSP00000257177.4,141,ENST00000257177.9
ENSP00000257181.8,30,ENST00000257181.10
ENSP00000257209.3,177,ENST00000257209.8
ENSP00000257215.5,73,ENST00000257215.10
ENSP00000257245.4,4,ENST00000257245.9
ENSP00000257247.7,13,ENST00000257247.11
ENSP00000257287.3,153,ENST00000257287.5
ENSP00000257290.5,26,ENST00000257290.10
ENSP00000257312.5,37,ENST00000347108.7
ENSP00000257347.4,50,ENST00000257347.9
ENSP00000257359.6,12,ENST00000257359.7
ENSP00000257430.4,648,ENST00000257430.9
ENSP00000257527.5,58,ENST00000257527.9
ENSP00000257548.5,93,ENST00000257548.10
ENSP00000257552.2,26,ENST00000257552.7
ENSP00000257567.2,79,ENST00000349155.7
ENSP00000257572.4,10,ENST00000257572.5
ENSP00000257604.5,47,ENST00000257604.9
ENSP00000257694.8,155,ENST00000257694.13
ENSP00000257696.4,9,ENST00000257696.5
ENSP00000257700.2,30,ENST00000257700.7
ENSP00000257749.4,68,ENST00000257749.9
ENSP00000257787.5,14,ENST00000257787.6
ENSP00000257789.4,41,ENST00000257789.4
ENSP00000257829.3,83,ENST00000257829.8
ENSP00000257836.3,13,ENST00000257836.4
ENSP00000257860.4,26,ENST00000257860.9
ENSP00000257868.5,48,ENST00000257868.10
ENSP00000257879.7,233,ENST00000257879.11
ENSP00000257894.2,13,ENST00000257894.2
ENSP00000257897.3,130,ENST00000257897.7
ENSP00000257904.5,8,ENST00000257904.11
ENSP00000257905.8,32,ENST00000257905.13
ENSP00000257909.3,47,ENST00000257909.8
ENSP00000257910.3,44,ENST00000257910.8
ENSP00000257915.5,38,ENST00000257915.10
ENSP00000257934.4,97,ENST00000257934.9
ENSP00000257940.2,33,ENST00000257940.7
ENSP00000257963.4,39,ENST00000257963.9
ENSP00000257981.5,10,ENST00000257981.7
ENSP00000258052.3,38,ENST00000258052.8
ENSP00000258062.5,55,ENST00000258062.9
ENSP00000258091.5,4,ENST00000258091.10
ENSP00000258098.6,51,ENST00000258098.6
ENSP00000258105.7,24,ENST00000258105.8
ENSP00000258106.6,11,ENST00000258106.11
ENSP00000258111.4,21,ENST00000258111.5
ENSP00000258123.4,87,ENST00000353364.7
ENSP00000258145.3,19,ENST00000258145.8
ENSP00000258169.4,0,ENST00000258169.9
ENSP00000258198.2,38,ENST00000258198.7
ENSP00000258200.3,45,ENST00000258200.8
ENSP00000258201.4,126,ENST00000258201.9
ENSP00000258214.2,88,ENST00000258214.3
ENSP00000258229.8,275,ENST00000258229.14
ENSP00000258243.2,168,ENST00000258243.7
ENSP00000258281.2,55,ENST00000258281.6
ENSP00000258301.5,28,ENST00000258301.6
ENSP00000258317.2,12,ENST00000258317.6
ENSP00000258341.3,40,ENST00000258341.5
ENSP00000258383.3,10,ENST00000258383.4
ENSP00000258399.3,71,ENST00000258399.8
ENSP00000258405.4,33,ENST00000258405.9
ENSP00000258416.3,27,ENST00000258416.8
ENSP00000258417.5,72,ENST00000349938.8
ENSP00000258418.5,17,ENST00000258418.10
ENSP00000258424.2,4,ENST00000258424.3
ENSP00000258428.3,51,ENST00000258428.8
ENSP00000258436.5,64,ENST00000258436.10
ENSP00000258439.3,36,ENST00000258439.8
ENSP00000258455.3,15,ENST00000258455.8
ENSP00000258457.2,23,ENST00000258457.7
ENSP00000258484.6,142,ENST00000258484.11
ENSP00000258494.9,118,ENST00000258494.14
ENSP00000258526.4,9,ENST00000258526.9
ENSP00000258530.3,137,ENST00000258530.8
ENSP00000258607.5,32,ENST00000258607.10
ENSP00000258613.4,10,ENST00000258613.5
ENSP00000258648.2,19,ENST00000258648.7
ENSP00000258654.8,120,ENST00000349995.10
ENSP00000258662.1,13,ENST00000258662.3
ENSP00000258729.3,52,ENST00000258729.8
ENSP00000258739.4,12,ENST00000258739.9
ENSP00000258742.5,57,ENST00000258742.10
ENSP00000258770.3,32,ENST00000258770.8
ENSP00000258774.5,21,ENST00000258774.10
ENSP00000258781.7,61,ENST00000258781.11
ENSP00000258796.7,32,ENST00000258796.12
ENSP00000258821.3,75,ENST00000258821.8
ENSP00000258829.4,38,ENST00000258829.6
ENSP00000258874.4,13,ENST00000258874.4
ENSP00000258884.4,38,ENST00000258884.5
ENSP00000258886.8,77,ENST00000258886.13
ENSP00000258930.3,21,ENST00000258930.8
ENSP00000258955.2,33,ENST00000258955.7
ENSP00000258962.4,21,ENST00000258962.5
ENSP00000258975.6,12,ENST00000258975.7
ENSP00000258991.3,61,ENST00000258991.7
ENSP00000259006.3,11,ENST00000259006.8
ENSP00000259008.2,79,ENST00000259008.7
ENSP00000259021.4,36,ENST00000259021.9
ENSP00000259037.3,16,ENST00000259037.8
ENSP00000259053.4,51,ENST00000259053.6
ENSP00000259056.4,10,ENST00000259056.5
ENSP00000259075.2,79,ENST00000259075.6
ENSP00000259154.2,53,ENST00000259154.9
ENSP00000259199.4,73,ENST00000259199.9
ENSP00000259229.2,36,ENST00000259229.7
ENSP00000259234.6,50,ENST00000259234.10
ENSP00000259237.5,23,ENST00000348750.8
ENSP00000259239.3,17,ENST00000259239.8
ENSP00000259241.6,42,ENST00000259241.7
ENSP00000259253.6,96,ENST00000259253.11
ENSP00000259254.4,0,ENST00000259254.9
ENSP00000259324.5,35,ENST00000259324.5
ENSP00000259339.2,38,ENST00000259339.7
ENSP00000259351.5,38,ENST00000259351.10
ENSP00000259365.3,48,ENST00000259365.9
ENSP00000259371.2,209,ENST00000259371.6
ENSP00000259400.6,34,ENST00000259400.11
ENSP00000259455.2,23,ENST00000259455.4
ENSP00000259457.3,2,ENST00000259457.8
ENSP00000259467.4,14,ENST00000259467.9
ENSP00000259469.4,16,ENST00000348462.6
ENSP00000259470.5,3,ENST00000259470.6
ENSP00000259486.6,11,ENST00000259486.10
ENSP00000259512.3,5,ENST00000259512.9
ENSP00000259569.5,90,ENST00000259569.6
ENSP00000259605.6,45,ENST00000259605.11
ENSP00000259632.7,6,ENST00000259632.12
ENSP00000259667.5,18,ENST00000259667.6
ENSP00000259711.6,203,ENST00000259711.11
ENSP00000259727.4,25,ENST00000259727.5
ENSP00000259746.9,92,ENST00000259746.13
ENSP00000259808.3,62,ENST00000259808.9
ENSP00000259818.6,33,ENST00000259818.8
ENSP00000259883.3,135,ENST00000259883.3
ENSP00000259939.4,12,ENST00000259939.4
ENSP00000259963.3,49,ENST00000259963.4
ENSP00000260045.3,39,ENST00000260045.8
ENSP00000260102.4,23,ENST00000260102.9
ENSP00000260116.4,10,ENST00000260116.5
ENSP00000260118.6,13,ENST00000260118.7
ENSP00000260126.3,61,ENST00000260126.9
ENSP00000260128.4,98,ENST00000260128.8
ENSP00000260129.5,56,ENST00000260129.6
ENSP00000260187.2,35,ENST00000260187.7
ENSP00000260197.6,256,ENST00000260197.12
ENSP00000260210.3,129,ENST00000260210.5
ENSP00000260247.5,11,ENST00000260247.10
ENSP00000260270.2,15,ENST00000260270.3
ENSP00000260276.3,21,ENST00000260276.8
ENSP00000260283.4,11,ENST00000260283.8
ENSP00000260327.4,24,ENST00000260327.9
ENSP00000260361.4,13,ENST00000260361.9
ENSP00000260363.4,45,ENST00000260363.9
ENSP00000260372.3,29,ENST00000260372.8
ENSP00000260385.6,37,ENST00000260385.10
ENSP00000260386.5,18,ENST00000260386.7
ENSP00000260402.3,14,ENST00000260402.8
ENSP00000260403.2,79,ENST00000260403.7
ENSP00000260408.3,38,ENST00000260408.8
ENSP00000260443.4,26,ENST00000260443.9
ENSP00000260453.3,75,ENST00000260453.4
ENSP00000260502.6,70,ENST00000260502.11
ENSP00000260505.8,105,ENST00000260505.13
ENSP00000260508.4,30,ENST00000260508.9
ENSP00000260526.6,126,ENST00000260526.11
ENSP00000260570.3,131,ENST00000260570.8
ENSP00000260585.7,13,ENST00000260585.12
ENSP00000260598.5,26,ENST00000260598.10
ENSP00000260600.5,62,ENST00000260600.9
ENSP00000260605.8,31,ENST00000260605.12
ENSP00000260643.2,19,ENST00000260643.7
ENSP00000260665.7,58,ENST00000260665.12
ENSP00000260702.3,23,ENST00000260702.4
ENSP00000260731.3,43,ENST00000260731.5
ENSP00000260746.4,12,ENST00000260746.6
ENSP00000260753.4,201,ENST00000260753.8
ENSP00000260762.6,73,ENST00000260762.10
ENSP00000260803.4,66,ENST00000260803.9
ENSP00000260810.5,61,ENST00000260810.10
ENSP00000260818.6,469,ENST00000260818.11
ENSP00000260947.4,69,ENST00000260947.9
ENSP00000260952.4,133,ENST00000260952.9
ENSP00000260953.5,0,ENST00000260953.10
ENSP00000260970.3,24,ENST00000260970.8
ENSP00000260983.2,58,ENST00000260983.8
ENSP00000261015.4,22,ENST00000261015.5
ENSP00000261023.3,121,ENST00000261023.8
ENSP00000261038.5,95,ENST00000261038.6
ENSP00000261167.2,55,ENST00000261167.7
ENSP00000261183.3,57,ENST00000261183.8
ENSP00000261191.7,74,ENST00000261191.12
ENSP00000261192.7,7,ENST00000261192.12
ENSP00000261205.4,44,ENST00000261205.9
ENSP00000261211.3,28,ENST00000261211.8
ENSP00000261226.4,51,ENST00000261226.9
ENSP00000261234.6,82,ENST00000261234.11
ENSP00000261245.4,10,ENST00000261245.9
ENSP00000261249.6,49,ENST00000261249.7
ENSP00000261250.3,65,ENST00000261250.8
ENSP00000261254.3,17,ENST00000261254.8
ENSP00000261263.3,16,ENST00000261263.5
ENSP00000261296.5,33,ENST00000261296.7
ENSP00000261304.2,69,ENST00000261304.7
ENSP00000261308.4,49,ENST00000261308.10
ENSP00000261313.2,0,ENST00000261313.3
ENSP00000261318.3,6,ENST00000261318.5
ENSP00000261326.4,172,ENST00000261326.6
ENSP00000261366.5,8,ENST00000261366.10
ENSP00000261386.3,19,ENST00000353258.8
ENSP00000261396.3,13,ENST00000261396.6
ENSP00000261407.4,19,ENST00000261407.9
ENSP00000261416.7,28,ENST00000261416.12
ENSP00000261424.4,50,ENST00000349703.7
ENSP00000261425.3,46,ENST00000261425.7
ENSP00000261427.5,0,ENST00000261427.10
ENSP00000261435.6,276,ENST00000261435.11
ENSP00000261438.5,22,ENST00000261438.10
ENSP00000261439.4,169,ENST00000261439.9
ENSP00000261441.5,65,ENST00000261441.9
ENSP00000261461.2,65,ENST00000261461.7
ENSP00000261464.5,100,ENST00000261464.10
ENSP00000261479.4,38,ENST00000261479.9
ENSP00000261488.6,40,ENST00000261488.10
ENSP00000261489.2,16,ENST00000261489.6
ENSP00000261497.4,0,ENST00000261497.9
ENSP00000261499.4,7,ENST00000261499.10
ENSP00000261503.5,60,ENST00000261503.9
ENSP00000261507.6,33,ENST00000261507.11
ENSP00000261509.6,94,ENST00000261509.10
ENSP00000261514.5,75,ENST00000347613.8
ENSP00000261520.4,195,ENST00000261520.9
ENSP00000261530.7,37,ENST00000261530.12
ENSP00000261531.8,21,ENST00000261531.12
ENSP00000261556.6,53,ENST00000261556.11
ENSP00000261558.3,43,ENST00000261558.8
ENSP00000261560.4,47,ENST00000261560.10
ENSP00000261584.4,122,ENST00000261584.9
ENSP00000261588.4,249,ENST00000261588.9
ENSP00000261590.8,57,ENST00000261590.13
ENSP00000261593.3,25,ENST00000261593.8
ENSP00000261596.4,107,ENST00000261596.8
ENSP00000261597.4,93,ENST00000261597.9
ENSP00000261600.6,53,ENST00000261600.11
ENSP00000261601.6,18,ENST00000261601.8
ENSP00000261609.8,261,ENST00000261609.13
ENSP00000261622.4,29,ENST00000261622.5
ENSP00000261623.3,8,ENST00000261623.8
ENSP00000261636.8,0,ENST00000261636.13
ENSP00000261637.4,239,ENST00000261637.5
ENSP00000261643.3,58,ENST00000261643.8
ENSP00000261647.5,28,ENST00000261647.10
ENSP00000261654.5,11,ENST00000261654.10
ENSP00000261667.3,23,ENST00000261667.8
ENSP00000261681.4,43,ENST00000261681.9
ENSP00000261692.2,13,ENST00000261692.7
ENSP00000261693.6,45,ENST00000261693.11
ENSP00000261700.3,18,ENST00000261700.8
ENSP00000261708.4,5,ENST00000261708.9
ENSP00000261712.3,13,ENST00000261712.8
ENSP00000261714.6,20,ENST00000261714.11
ENSP00000261721.4,22,ENST00000261721.9
ENSP00000261726.6,106,ENST00000261726.11
ENSP00000261733.2,28,ENST00000261733.7
ENSP00000261735.3,13,ENST00000261735.4
ENSP00000261739.4,41,ENST00000261739.9
ENSP00000261745.4,71,ENST00000261745.9
ENSP00000261758.4,1,ENST00000261758.6
ENSP00000261769.4,174,ENST00000261769.10
ENSP00000261772.8,20,ENST00000261772.13
ENSP00000261776.5,104,ENST00000261776.10
ENSP00000261778.1,96,ENST00000261778.2
ENSP00000261783.3,40,ENST00000261783.4
ENSP00000261797.6,87,ENST00000261797.7
ENSP00000261798.6,8,ENST00000261798.10
ENSP00000261811.4,19,ENST00000261811.6
ENSP00000261813.4,8,ENST00000261813.9
ENSP00000261819.3,37,ENST00000261819.8
ENSP00000261822.5,9,ENST00000261822.5
ENSP00000261839.7,250,ENST00000261839.12
ENSP00000261842.5,171,ENST00000261842.10
ENSP00000261844.7,74,ENST00000261844.11
ENSP00000261845.5,70,ENST00000261845.7
ENSP00000261847.3,232,ENST00000261847.7
ENSP00000261854.5,47,ENST00000261854.10
ENSP00000261858.2,60,ENST00000261858.7
ENSP00000261866.7,468,ENST00000261866.12
ENSP00000261867.3,10,ENST00000261867.5
ENSP00000261868.5,7,ENST00000261868.10
ENSP00000261875.5,27,ENST00000261875.10
ENSP00000261879.5,26,ENST00000261879.10
ENSP00000261880.5,26,ENST00000261880.10
ENSP00000261881.4,12,ENST00000261881.9
ENSP00000261884.3,55,ENST00000261884.8
ENSP00000261888.6,10,ENST00000261888.10
ENSP00000261890.2,20,ENST00000261890.7
ENSP00000261892.6,98,ENST00000261892.11
ENSP00000261893.4,102,ENST00000261893.9
ENSP00000261900.3,61,ENST00000261900.8
ENSP00000261917.3,11,ENST00000261917.4
ENSP00000261921.7,15,ENST00000261921.8
ENSP00000261937.6,153,ENST00000261937.11
ENSP00000261942.6,28,ENST00000261942.7
ENSP00000261965.3,38,ENST00000261965.8
ENSP00000261973.7,16,ENST00000261973.12
ENSP00000261978.4,28,ENST00000261978.9
ENSP00000262027.5,21,ENST00000262027.10
ENSP00000262030.3,2,ENST00000262030.8
ENSP00000262031.5,21,ENST00000262031.10
ENSP00000262033.6,12,ENST00000262033.11
ENSP00000262039.3,112,ENST00000262039.9
ENSP00000262043.4,190,ENST00000262043.8
ENSP00000262052.5,24,ENST00000262052.9
ENSP00000262053.3,27,ENST00000262053.8
ENSP00000262061.2,0,ENST00000262061.7
ENSP00000262067.4,25,ENST00000262067.5
ENSP00000262077.3,62,ENST00000262077.3
ENSP00000262093.6,34,ENST00000262093.11
ENSP00000262096.8,39,ENST00000262096.13
ENSP00000262105.2,22,ENST00000262105.6
ENSP00000262109.7,27,ENST00000262109.8
ENSP00000262120.5,12,ENST00000262120.10
ENSP00000262126.3,198,ENST00000262126.9
ENSP00000262127.2,79,ENST00000262127.7
ENSP00000262133.6,77,ENST00000262133.11
ENSP00000262134.5,52,ENST00000262134.10
ENSP00000262135.4,230,ENST00000262135.9
ENSP00000262139.4,37,ENST00000262139.10
ENSP00000262144.6,52,ENST00000262144.11
ENSP00000262146.4,20,ENST00000262146.9
ENSP00000262160.6,64,ENST00000262160.11
ENSP00000262186.5,20,ENST00000262186.10
ENSP00000262187.5,21,ENST00000262187.10
ENSP00000262189.6,404,ENST00000262189.11
ENSP00000262193.6,0,ENST00000262193.7
ENSP00000262198.3,51,ENST00000262198.9
ENSP00000262207.4,25,ENST00000262207.9
ENSP00000262209.4,14,ENST00000262209.5
ENSP00000262213.2,34,ENST00000262213.7
ENSP00000262215.3,137,ENST00000262215.8
ENSP00000262225.3,4,ENST00000262225.8
ENSP00000262238.4,46,ENST00000262238.10
ENSP00000262241.5,28,ENST00000262241.7
ENSP00000262244.5,27,ENST00000262244.6
ENSP00000262259.2,12,ENST00000262259.7
ENSP00000262265.4,23,ENST00000262265.10
ENSP00000262288.3,11,ENST00000262288.8
ENSP00000262291.3,25,ENST00000262291.9
ENSP00000262293.5,44,ENST00000262293.9
ENSP00000262294.7,53,ENST00000262294.12
ENSP00000262300.8,23,ENST00000262300.13
ENSP00000262301.12,36,ENST00000262301.16
ENSP00000262302.9,2,ENST00000262302.14
ENSP00000262304.4,343,ENST00000262304.9
ENSP00000262315.9,22,ENST00000262315.14
ENSP00000262316.5,92,ENST00000262316.10
ENSP00000262319.6,23,ENST00000262319.11
ENSP00000262320.3,36,ENST00000262320.8
ENSP00000262345.1,14,ENST00000262345.5
ENSP00000262348.4,20,ENST00000262348.9
ENSP00000262352.3,79,ENST00000262352.8
ENSP00000262367.5,199,ENST00000262367.10
ENSP00000262370.6,37,ENST00000262370.12
ENSP00000262374.5,27,ENST00000262374.10
ENSP00000262376.5,102,ENST00000262376.11
ENSP00000262384.3,170,ENST00000262384.4
ENSP00000262394.2,37,ENST00000262394.7
ENSP00000262395.5,57,ENST00000262395.10
ENSP00000262406.9,25,ENST00000262406.10
ENSP00000262407.5,98,ENST00000262407.6
ENSP00000262415.2,95,ENST00000262415.8
ENSP00000262426.4,48,ENST00000262426.6
ENSP00000262428.4,10,ENST00000262428.5
ENSP00000262430.4,91,ENST00000262430.6
ENSP00000262432.9,43,ENST00000262432.13
ENSP00000262435.9,122,ENST00000262435.14
ENSP00000262445.5,33,ENST00000353533.10
ENSP00000262450.3,34,ENST00000262450.8
ENSP00000262455.6,30,ENST00000262455.7
ENSP00000262457.2,180,ENST00000262457.7
ENSP00000262460.4,12,ENST00000262460.5
ENSP00000262461.2,150,ENST00000262461.7
ENSP00000262462.4,23,ENST00000262462.9
ENSP00000262482.6,28,ENST00000262482.11
ENSP00000262483.8,45,ENST00000262483.13
ENSP00000262487.3,13,ENST00000262487.5
ENSP00000262498.3,4,ENST00000262498.8
ENSP00000262506.3,17,ENST00000262506.8
ENSP00000262507.5,17,ENST00000262507.11
ENSP00000262510.6,45,ENST00000262510.10
ENSP00000262518.4,95,ENST00000262518.9
ENSP00000262519.8,133,ENST00000262519.14
ENSP00000262525.4,88,ENST00000262525.6
ENSP00000262547.5,49,ENST00000262547.9
ENSP00000262554.2,24,ENST00000262554.7
ENSP00000262570.5,43,ENST00000262570.10
ENSP00000262577.5,137,ENST00000262577.6
ENSP00000262584.3,17,ENST00000262584.7
ENSP00000262613.5,17,ENST00000262613.10
ENSP00000262631.3,26,ENST00000262631.11
ENSP00000262633.3,29,ENST00000262633.9
ENSP00000262643.3,3,ENST00000262643.8
ENSP00000262644.4,17,ENST00000262644.9
ENSP00000262646.7,5,ENST00000262646.12
ENSP00000262662.1,42,ENST00000262662.5
ENSP00000262710.1,53,ENST00000262710.5
ENSP00000262713.2,91,ENST00000262713.7
ENSP00000262715.5,315,ENST00000262715.10
ENSP00000262719.4,133,ENST00000262719.10
ENSP00000262726.7,9,ENST00000262726.12
ENSP00000262741.5,7,ENST00000262741.10
ENSP00000262746.1,0,ENST00000262746.5
ENSP00000262752.2,92,ENST00000262752.5
ENSP00000262764.5,31,ENST00000262764.11
ENSP00000262765.5,189,ENST00000262765.10
ENSP00000262768.6,16,ENST00000262768.11
ENSP00000262776.2,48,ENST00000262776.8
ENSP00000262803.5,46,ENST00000262803.10
ENSP00000262809.3,31,ENST00000262809.9
ENSP00000262811.4,95,ENST00000262811.10
ENSP00000262812.3,23,ENST00000262812.9
ENSP00000262815.9,65,ENST00000262815.13
ENSP00000262820.3,105,ENST00000262820.7
ENSP00000262844.5,34,ENST00000262844.10
ENSP00000262848.5,37,ENST00000262848.6
ENSP00000262850.7,89,ENST00000262850.7
ENSP00000262879.6,186,ENST00000262879.11
ENSP00000262887.5,35,ENST00000262887.10
ENSP00000262894.5,114,ENST00000262894.11
ENSP00000262895.2,33,ENST00000262895.7
ENSP00000262903.4,83,ENST00000262903.9
ENSP00000262904.4,35,ENST00000346618.8
ENSP00000262916.6,40,ENST00000347132.10
ENSP00000262919.5,118,ENST00000262919.10
ENSP00000262932.3,48,ENST00000262932.5
ENSP00000262947.2,12,ENST00000262947.8
ENSP00000262948.4,37,ENST00000262948.10
ENSP00000262953.5,22,ENST00000262953.11
ENSP00000262962.6,14,ENST00000262962.12
ENSP00000262965.5,40,ENST00000262965.12
ENSP00000262966.7,24,ENST00000262966.12
ENSP00000262971.1,29,ENST00000262971.3
ENSP00000262982.2,51,ENST00000262982.3
ENSP00000262990.4,19,ENST00000262990.9
ENSP00000262995.4,109,ENST00000262995.8
ENSP00000263025.4,21,ENST00000263025.9
ENSP00000263035.4,117,ENST00000263035.9
ENSP00000263038.4,39,ENST00000263038.9
ENSP00000263056.1,12,ENST00000263056.6
ENSP00000263073.5,186,ENST00000263073.11
ENSP00000263087.4,103,ENST00000263087.9
ENSP00000263088.5,128,ENST00000263088.11
ENSP00000263092.5,28,ENST00000263092.11
ENSP00000263093.2,86,ENST00000263093.7
ENSP00000263094.6,232,ENST00000263094.11
ENSP00000263095.5,71,ENST00000263095.10
ENSP00000263097.2,17,ENST00000263097.9
ENSP00000263100.2,53,ENST00000263100.8
ENSP00000263102.6,40,ENST00000263102.7
ENSP00000263125.5,49,ENST00000263125.10
ENSP00000263150.4,142,ENST00000263150.9
ENSP00000263168.3,12,ENST00000263168.4
ENSP00000263181.6,57,ENST00000263181.7
ENSP00000263187.3,14,ENST00000263187.4
ENSP00000263196.7,37,ENST00000263196.12
ENSP00000263201.2,37,ENST00000263201.7
ENSP00000263202.9,10,ENST00000263202.15
ENSP00000263207.3,166,ENST00000263207.8
ENSP00000263208.5,44,ENST00000263208.5
ENSP00000263209.3,29,ENST00000351989.8
ENSP00000263212.5,7,ENST00000263212.10
ENSP00000263228.3,23,ENST00000263228.4
ENSP00000263238.2,28,ENST00000263238.7
ENSP00000263239.2,61,ENST00000263239.7
ENSP00000263245.5,30,ENST00000263245.10
ENSP00000263246.3,12,ENST00000263246.8
ENSP00000263253.7,162,ENST00000263253.9
ENSP00000263256.6,12,ENST00000263256.7
ENSP00000263257.4,66,ENST00000263257.6
ENSP00000263262.9,6,ENST00000345358.12
ENSP00000263265.5,34,ENST00000263265.11
ENSP00000263268.6,21,ENST00000263268.11
ENSP00000263270.6,11,ENST00000263270.11
ENSP00000263274.6,32,ENST00000263274.12
ENSP00000263275.4,9,ENST00000263275.5
ENSP00000263277.2,54,ENST00000263277.8
ENSP00000263278.3,41,ENST00000263278.9
ENSP00000263280.4,31,ENST00000263280.11
ENSP00000263331.5,90,ENST00000263331.10
ENSP00000263346.8,52,ENST00000263346.13
ENSP00000263354.2,19,ENST00000263354.8
ENSP00000263360.6,43,ENST00000263360.11
ENSP00000263368.3,19,ENST00000263368.9
ENSP00000263370.1,125,ENST00000263370.3
ENSP00000263377.1,57,ENST00000263377.6
ENSP00000263383.3,32,ENST00000263383.8
ENSP00000263384.6,0,ENST00000263384.12
ENSP00000263388.1,354,ENST00000263388.7
ENSP00000263390.3,40,ENST00000263390.8
ENSP00000263401.5,25,ENST00000263401.10
ENSP00000263431.3,10,ENST00000263431.4
ENSP00000263433.1,61,ENST00000263433.8
ENSP00000263440.5,55,ENST00000263440.6
ENSP00000263461.5,101,ENST00000263461.11
ENSP00000263468.8,36,ENST00000263468.13
ENSP00000263512.4,64,ENST00000263512.5
ENSP00000263556.3,27,ENST00000263556.3
ENSP00000263559.6,3,ENST00000263559.11
ENSP00000263563.5,45,ENST00000263563.7
ENSP00000263577.7,213,ENST00000263577.11
ENSP00000263578.5,30,ENST00000263578.10
ENSP00000263579.4,13,ENST00000263579.5
ENSP00000263593.3,54,ENST00000263593.8
ENSP00000263620.2,40,ENST00000263620.8
ENSP00000263629.4,67,ENST00000263629.9
ENSP00000263630.8,189,ENST00000263630.13
ENSP00000263634.2,26,ENST00000263634.8
ENSP00000263635.6,107,ENST00000263635.8
ENSP00000263645.5,4,ENST00000263645.10
ENSP00000263650.7,123,ENST00000263650.12
ENSP00000263655.3,7,ENST00000263655.4
ENSP00000263657.2,2,ENST00000263657.7
ENSP00000263663.4,30,ENST00000263663.10
ENSP00000263666.4,161,ENST00000263666.9
ENSP00000263674.3,245,ENST00000263674.4
ENSP00000263681.2,34,ENST00000263681.7
ENSP00000263688.3,92,ENST00000263688.4
ENSP00000263694.4,16,ENST00000263694.9
ENSP00000263697.4,41,ENST00000263697.6
ENSP00000263707.5,10,ENST00000263707.6
ENSP00000263708.2,42,ENST00000263708.7
ENSP00000263710.4,185,ENST00000263710.8
ENSP00000263726.2,37,ENST00000263726.4
ENSP00000263733.4,57,ENST00000263733.5
ENSP00000263734.3,38,ENST00000263734.5
ENSP00000263735.4,22,ENST00000263735.9
ENSP00000263736.4,53,ENST00000263736.5
ENSP00000263754.4,69,ENST00000263754.5
ENSP00000263774.4,29,ENST00000263774.9
ENSP00000263776.8,58,ENST00000263776.9
ENSP00000263780.4,9,ENST00000263780.9
ENSP00000263791.5,240,ENST00000263791.10
ENSP00000263795.6,97,ENST00000263795.11
ENSP00000263798.3,213,ENST00000263798.8
ENSP00000263800.6,46,ENST00000263800.11
ENSP00000263801.3,96,ENST00000263801.7
ENSP00000263846.4,24,ENST00000263846.8
ENSP00000263847.1,20,ENST00000263847.6
ENSP00000263849.3,65,ENST00000263849.9
ENSP00000263856.4,9,ENST00000263856.9
ENSP00000263857.6,45,ENST00000263857.11
ENSP00000263864.5,9,ENST00000263864.10
ENSP00000263881.3,133,ENST00000263881.8
ENSP00000263897.4,32,ENST00000263897.10
ENSP00000263904.4,66,ENST00000263904.5
ENSP00000263915.3,65,ENST00000263915.8
ENSP00000263918.4,65,ENST00000263918.9
ENSP00000263921.3,15,ENST00000263921.8
ENSP00000263955.4,26,ENST00000263955.9
ENSP00000263956.3,29,ENST00000263956.8
ENSP00000263960.2,20,ENST00000263960.6
ENSP00000263966.3,88,ENST00000263966.8
ENSP00000263967.3,92,ENST00000263967.4
ENSP00000263974.4,10,ENST00000263974.4
ENSP00000263980.3,70,ENST00000263980.8
ENSP00000263985.6,73,ENST00000263985.11
ENSP00000263991.5,140,ENST00000263991.9
ENSP00000263997.5,17,ENST00000263997.11
ENSP00000264001.5,27,ENST00000264001.9
ENSP00000264005.5,20,ENST00000264005.10
ENSP00000264020.2,83,ENST00000264020.6
ENSP00000264025.3,98,ENST00000264025.8
ENSP00000264027.4,20,ENST00000264027.9
ENSP00000264028.4,3,ENST00000264028.5
ENSP00000264033.3,91,ENST00000264033.6
ENSP00000264036.4,78,ENST00000264036.6
ENSP00000264039.2,40,ENST00000264039.7
ENSP00000264042.3,101,ENST00000264042.8
ENSP00000264059.3,20,ENST00000264059.8
ENSP00000264065.6,67,ENST00000264065.12
ENSP00000264071.1,44,ENST00000264071.7
ENSP00000264079.5,43,ENST00000264079.11
ENSP00000264080.5,36,ENST00000264080.11
ENSP00000264093.4,27,ENST00000264093.9
ENSP00000264094.3,40,ENST00000264094.8
ENSP00000264108.4,8,ENST00000264108.5
ENSP00000264110.2,42,ENST00000264110.7
ENSP00000264144.4,13,ENST00000264144.5
ENSP00000264151.5,63,ENST00000264151.10
ENSP00000264156.2,14,ENST00000264156.3
ENSP00000264157.5,61,ENST00000264157.10
ENSP00000264158.8,42,ENST00000264158.13
ENSP00000264159.6,270,ENST00000264159.11
ENSP00000264160.4,73,ENST00000264160.8
ENSP00000264161.4,13,ENST00000264161.9
ENSP00000264183.3,118,ENST00000264183.9
ENSP00000264187.6,48,ENST00000264187.7
ENSP00000264198.3,40,ENST00000264198.5
ENSP00000264202.7,3,ENST00000264202.8
ENSP00000264211.7,100,ENST00000264211.12
ENSP00000264218.3,30,ENST00000264218.7
ENSP00000264220.2,52,ENST00000264220.6
ENSP00000264228.4,41,ENST00000264228.9
ENSP00000264229.6,73,ENST00000264229.11
ENSP00000264230.4,46,ENST00000264230.5
ENSP00000264233.5,228,ENST00000264233.6
ENSP00000264245.4,68,ENST00000264245.9
ENSP00000264249.3,20,ENST00000264249.8
ENSP00000264254.6,27,ENST00000264254.11
ENSP00000264255.3,14,ENST00000264255.8
ENSP00000264258.3,13,ENST00000264258.8
ENSP00000264265.3,10,ENST00000264265.4
ENSP00000264276.6,353,ENST00000264276.11
ENSP00000264279.5,22,ENST00000264279.10
ENSP00000264313.5,130,ENST00000264313.11
ENSP00000264316.4,10,ENST00000264316.9
ENSP00000264344.5,62,ENST00000264344.10
ENSP00000264346.8,42,ENST00000264346.12
ENSP00000264350.3,66,ENST00000264350.8
ENSP00000264360.4,69,ENST00000264360.7
ENSP00000264377.3,127,ENST00000264377.8
ENSP00000264380.4,403,ENST00000264380.9
ENSP00000264381.3,52,ENST00000264381.8
ENSP00000264389.2,16,ENST00000264389.7
ENSP00000264409.4,36,ENST00000264409.5
ENSP00000264414.4,19,ENST00000264414.9
ENSP00000264428.4,23,ENST00000264428.9
ENSP00000264431.4,211,ENST00000264431.8
ENSP00000264433.6,101,ENST00000264433.11
ENSP00000264436.3,59,ENST00000264436.9
ENSP00000264444.2,55,ENST00000264444.7
ENSP00000264451.6,50,ENST00000264451.12
ENSP00000264454.3,12,ENST00000264454.8
ENSP00000264485.5,33,ENST00000264485.11
ENSP00000264499.4,99,ENST00000264499.9
ENSP00000264501.4,504,ENST00000264501.8
ENSP00000264515.6,14,ENST00000264515.11
ENSP00000264538.3,26,ENST00000264538.4
ENSP00000264552.8,27,ENST00000264552.14
ENSP00000264595.2,25,ENST00000264595.7
ENSP00000264596.3,31,ENST00000264596.4
ENSP00000264606.3,216,ENST00000345617.7
ENSP00000264607.4,26,ENST00000264607.9
ENSP00000264638.3,80,ENST00000264638.9
ENSP00000264639.4,31,ENST00000264639.9
ENSP00000264645.6,31,ENST00000264645.12
ENSP00000264658.6,87,ENST00000264658.11
ENSP00000264661.2,37,ENST00000264661.4
ENSP00000264663.5,65,ENST00000264663.9
ENSP00000264669.5,53,ENST00000264669.10
ENSP00000264670.6,12,ENST00000264670.11
ENSP00000264689.6,35,ENST00000264689.11
ENSP00000264703.3,24,ENST00000264703.4
ENSP00000264705.3,57,ENST00000264705.9
ENSP00000264709.3,200,ENST00000264709.7
ENSP00000264710.4,2,ENST00000264710.5
ENSP00000264711.2,14,ENST00000264711.7
ENSP00000264712.3,76,ENST00000264712.8
ENSP00000264716.4,51,ENST00000264716.9
ENSP00000264735.4,12,ENST00000264735.4
ENSP00000264741.5,33,ENST00000264741.10
ENSP00000264758.6,36,ENST00000264758.11
ENSP00000264771.4,93,ENST00000264771.9
ENSP00000264775.5,17,ENST00000264775.9
ENSP00000264805.5,64,ENST00000264805.9
ENSP00000264811.5,34,ENST00000264811.9
ENSP00000264834.3,10,ENST00000264834.6
ENSP00000264864.6,115,ENST00000264864.8
ENSP00000264866.4,54,ENST00000264866.9
ENSP00000264867.2,10,ENST00000264867.7
ENSP00000264883.3,33,ENST00000264883.8
ENSP00000264896.2,33,ENST00000264896.8
ENSP00000264908.6,26,ENST00000264908.11
ENSP00000264914.4,78,ENST00000264914.10
ENSP00000264926.2,48,ENST00000264926.7
ENSP00000264930.5,10,ENST00000264930.10
ENSP00000264932.6,51,ENST00000264932.11
ENSP00000264933.4,0,ENST00000264933.9
ENSP00000264935.5,26,ENST00000264935.6
ENSP00000264951.4,176,ENST00000264951.8
ENSP00000264954.4,6,ENST00000264954.5
ENSP00000264956.6,100,ENST00000264956.11
ENSP00000264968.2,70,ENST00000264968.7
ENSP00000264982.3,131,ENST00000264982.8
ENSP00000264995.2,19,ENST00000264995.8
ENSP00000265000.4,24,ENST00000265000.9
ENSP00000265026.3,29,ENST00000265026.8
ENSP00000265036.5,126,ENST00000265036.10
ENSP00000265056.7,9,ENST00000265056.12
ENSP00000265062.3,7,ENST00000265062.8
ENSP00000265069.8,117,ENST00000265069.13
ENSP00000265070.6,11,ENST00000265070.7
ENSP00000265073.4,11,ENST00000265073.9
ENSP00000265077.3,198,ENST00000265077.8
ENSP00000265080.4,24,ENST00000265080.9
ENSP00000265081.6,79,ENST00000265081.7
ENSP00000265085.5,155,ENST00000265085.10
ENSP00000265094.5,44,ENST00000265094.9
ENSP00000265097.5,45,ENST00000265097.9
ENSP00000265107.4,59,ENST00000265107.9
ENSP00000265113.4,60,ENST00000265113.9
ENSP00000265131.4,51,ENST00000350763.9
ENSP00000265136.7,102,ENST00000265136.12
ENSP00000265138.3,11,ENST00000265138.4
ENSP00000265140.5,73,ENST00000265140.10
ENSP00000265148.3,217,ENST00000265148.9
ENSP00000265164.2,9,ENST00000265164.7
ENSP00000265165.1,88,ENST00000265165.6
ENSP00000265174.4,5,ENST00000265174.5
ENSP00000265195.5,25,ENST00000265195.9
ENSP00000265239.6,21,ENST00000265239.11
ENSP00000265245.5,49,ENST00000265245.10
ENSP00000265260.3,9,ENST00000265260.8
ENSP00000265271.5,56,ENST00000265271.7
ENSP00000265276.4,33,ENST00000348367.9
ENSP00000265295.4,28,ENST00000265295.9
ENSP00000265316.3,4,ENST00000265316.9
ENSP00000265322.7,17,ENST00000265322.8
ENSP00000265339.2,21,ENST00000265339.7
ENSP00000265340.6,46,ENST00000265340.12
ENSP00000265343.5,77,ENST00000265343.10
ENSP00000265348.4,315,ENST00000265348.9
ENSP00000265350.4,17,ENST00000265350.9
ENSP00000265351.7,58,ENST00000265351.12
ENSP00000265354.4,55,ENST00000265354.6
ENSP00000265361.3,48,ENST00000265361.8
ENSP00000265362.3,34,ENST00000265362.9
ENSP00000265371.3,204,ENST00000265371.8
ENSP00000265372.5,50,ENST00000345491.7
ENSP00000265381.3,21,ENST00000265381.7
ENSP00000265395.2,13,ENST00000265395.7
ENSP00000265421.4,76,ENST00000265421.9
ENSP00000265433.4,31,ENST00000265433.8
ENSP00000265436.7,111,ENST00000350908.9
ENSP00000265459.5,54,ENST00000265459.11
ENSP00000265460.5,9,ENST00000265460.9
ENSP00000265462.4,10,ENST00000265462.9
ENSP00000265465.3,45,ENST00000265465.8
ENSP00000265471.5,39,ENST00000265471.10
ENSP00000265560.4,133,ENST00000265560.9
ENSP00000265562.4,183,ENST00000265562.5
ENSP00000265563.8,8,ENST00000265563.13
ENSP00000265564.7,20,ENST00000265564.8
ENSP00000265565.5,60,ENST00000265565.10
ENSP00000265593.4,89,ENST00000265593.9
ENSP00000265594.4,87,ENST00000265594.9
ENSP00000265598.3,13,ENST00000265598.8
ENSP00000265602.6,154,ENST00000265602.11
ENSP00000265631.6,28,ENST00000265631.10
ENSP00000265634.3,117,ENST00000265634.4
ENSP00000265641.4,63,ENST00000265641.10
ENSP00000265643.3,16,ENST00000265643.4
ENSP00000265651.3,16,ENST00000265651.8
ENSP00000265663.7,38,ENST00000265663.12
ENSP00000265678.4,126,ENST00000265678.9
ENSP00000265686.3,50,ENST00000265686.8
ENSP00000265689.4,8,ENST00000265689.9
ENSP00000265713.2,246,ENST00000265713.8
ENSP00000265717.4,35,ENST00000265717.5
ENSP00000265728.1,86,ENST00000265728.6
ENSP00000265729.3,4,ENST00000265729.7
ENSP00000265732.5,25,ENST00000265732.10
ENSP00000265742.3,258,ENST00000265742.8
ENSP00000265748.2,46,ENST00000265748.7
ENSP00000265755.3,39,ENST00000265755.7
ENSP00000265758.3,6,ENST00000265758.7
ENSP00000265807.3,98,ENST00000265807.8
ENSP00000265827.3,98,ENST00000265827.8
ENSP00000265838.4,12,ENST00000265838.9
ENSP00000265840.7,53,ENST00000265840.12
ENSP00000265843.4,119,ENST00000265843.9
ENSP00000265849.7,163,ENST00000265849.12
ENSP00000265857.3,17,ENST00000265857.8
ENSP00000265872.6,42,ENST00000265872.11
ENSP00000265896.5,7,ENST00000265896.10
ENSP00000265961.5,45,ENST00000350766.7
ENSP00000265965.5,27,ENST00000265965.10
ENSP00000265969.7,39,ENST00000265969.8
ENSP00000265970.6,178,ENST00000265970.11
ENSP00000265978.4,111,ENST00000265978.8
ENSP00000265981.2,36,ENST00000265981.7
ENSP00000265986.6,30,ENST00000265986.11
ENSP00000265990.6,143,ENST00000265990.11
ENSP00000265997.4,65,ENST00000265997.5
ENSP00000266022.4,82,ENST00000266022.9
ENSP00000266025.3,17,ENST00000266025.4
ENSP00000266037.8,215,ENST00000266037.10
ENSP00000266041.4,1,ENST00000266041.9
ENSP00000266068.1,21,ENST00000266068.5
ENSP00000266069.3,3,ENST00000266069.5
ENSP00000266077.2,57,ENST00000266077.5
ENSP00000266079.4,11,ENST00000266079.5
ENSP00000266087.7,7,ENST00000266087.12
ENSP00000266126.5,22,ENST00000266126.10
ENSP00000266254.7,13,ENST00000266254.12
ENSP00000266263.5,28,ENST00000266263.10
ENSP00000266269.5,49,ENST00000266269.10
ENSP00000266304.4,13,ENST00000266304.9
ENSP00000266383.5,91,ENST00000266383.10
ENSP00000266458.5,22,ENST00000266458.10
ENSP00000266483.2,61,ENST00000266483.7
ENSP00000266503.5,21,ENST00000266503.9
ENSP00000266517.4,14,ENST00000266517.9
ENSP00000266529.3,31,ENST00000266529.8
ENSP00000266534.3,11,ENST00000266534.8
ENSP00000266544.5,29,ENST00000266544.10
ENSP00000266581.4,14,ENST00000266581.4
ENSP00000266604.2,12,ENST00000266604.7
ENSP00000266643.5,31,ENST00000266643.6
ENSP00000266646.2,20,ENST00000266646.3
ENSP00000266673.5,38,ENST00000266673.10
ENSP00000266674.4,42,ENST00000266674.10
ENSP00000266682.5,37,ENST00000266682.10
ENSP00000266712.6,62,ENST00000266712.11
ENSP00000266732.4,7,ENST00000266732.8
ENSP00000266735.5,0,ENST00000266735.9
ENSP00000266742.5,34,ENST00000266742.9
ENSP00000266771.5,97,ENST00000266771.10
ENSP00000266943.7,47,ENST00000266943.11
ENSP00000266970.4,8,ENST00000266970.9
ENSP00000266987.2,42,ENST00000266987.7
ENSP00000267064.4,108,ENST00000267064.8
ENSP00000267068.3,44,ENST00000267068.5
ENSP00000267079.2,50,ENST00000267079.6
ENSP00000267101.4,33,ENST00000267101.8
ENSP00000267103.5,20,ENST00000267103.10
ENSP00000267115.5,4,ENST00000267115.10
ENSP00000267116.7,74,ENST00000267116.8
ENSP00000267176.4,136,ENST00000267176.8
ENSP00000267199.3,28,ENST00000267199.9
ENSP00000267202.2,30,ENST00000267202.7
ENSP00000267205.2,7,ENST00000267205.7
ENSP00000267229.7,62,ENST00000267229.11
ENSP00000267294.3,49,ENST00000267294.4
ENSP00000267339.2,53,ENST00000267339.6
ENSP00000267430.5,157,ENST00000267430.10
ENSP00000267436.4,43,ENST00000267436.9
ENSP00000267460.4,21,ENST00000267460.9
ENSP00000267485.7,103,ENST00000267485.7
ENSP00000267584.4,14,ENST00000267584.9
ENSP00000267622.4,150,ENST00000267622.8
ENSP00000267750.4,5,ENST00000267750.9
ENSP00000267812.3,3,ENST00000267812.4
ENSP00000267814.9,52,ENST00000267814.14
ENSP00000267838.3,24,ENST00000267838.7
ENSP00000267842.5,105,ENST00000267842.10
ENSP00000267859.4,39,ENST00000267859.8
ENSP00000267868.3,18,ENST00000267868.8
ENSP00000267884.6,11,ENST00000267884.11
ENSP00000267889.3,14,ENST00000267889.5
ENSP00000267890.6,89,ENST00000267890.11
ENSP00000267935.8,10,ENST00000267935.13
ENSP00000267938.4,40,ENST00000267938.9
ENSP00000267970.4,5,ENST00000267970.9
ENSP00000267978.4,79,ENST00000267978.10
ENSP00000267984.2,53,ENST00000267984.4
ENSP00000268042.6,76,ENST00000268042.7
ENSP00000268057.4,53,ENST00000268057.9
ENSP00000268058.3,125,ENST00000268058.8
ENSP00000268070.4,104,ENST00000268070.9
ENSP00000268097.6,44,ENST00000268097.10
ENSP00000268099.9,37,ENST00000268099.13
ENSP00000268129.5,15,ENST00000352732.10
ENSP00000268130.7,9,ENST00000268130.12
ENSP00000268138.7,104,ENST00000268138.12
ENSP00000268150.8,51,ENST00000268150.13
ENSP00000268154.3,116,ENST00000268154.9
ENSP00000268182.5,78,ENST00000268182.10
ENSP00000268184.6,124,ENST00000268184.11
ENSP00000268206.7,85,ENST00000268206.12
ENSP00000268220.7,7,ENST00000268220.12
ENSP00000268261.4,13,ENST00000268261.9
ENSP00000268379.4,48,ENST00000268379.9
ENSP00000268383.2,14,ENST00000268383.7
ENSP00000268459.3,44,ENST00000268459.6
ENSP00000268482.3,40,ENST00000268482.8
ENSP00000268483.3,21,ENST00000268483.8
ENSP00000268533.5,17,ENST00000268533.9
ENSP00000268605.7,35,ENST00000268605.11
ENSP00000268616.4,97,ENST00000268616.9
ENSP00000268638.4,62,ENST00000268638.10
ENSP00000268655.4,51,ENST00000268655.5
ENSP00000268668.6,9,ENST00000268668.11
ENSP00000268695.5,59,ENST00000268695.10
ENSP00000268699.4,20,ENST00000268699.9
ENSP00000268711.3,15,ENST00000268711.4
ENSP00000268712.2,165,ENST00000268712.8
ENSP00000268717.5,13,ENST00000268717.10
ENSP00000268719.4,26,ENST00000268719.9
ENSP00000268720.5,148,ENST00000268720.9
ENSP00000268766.6,65,ENST00000268766.11
ENSP00000268797.7,9,ENST00000268797.12
ENSP00000268802.5,13,ENST00000268802.10
ENSP00000268835.2,15,ENST00000268835.7
ENSP00000268896.4,17,ENST00000268896.10
ENSP00000268989.3,126,ENST00000268989.8
ENSP00000269025.4,43,ENST00000269025.9
ENSP00000269033.3,204,ENST00000269033.7
ENSP00000269051.4,24,ENST00000269051.9
ENSP00000269081.4,21,ENST00000269081.8
ENSP00000269122.3,16,ENST00000269122.8
ENSP00000269141.3,42,ENST00000269141.8
ENSP00000269142.6,177,ENST00000269142.10
ENSP00000269143.2,73,ENST00000269143.8
ENSP00000269159.3,8,ENST00000269159.8
ENSP00000269187.4,45,ENST00000269187.10
ENSP00000269197.4,106,ENST00000269197.12
ENSP00000269202.6,11,ENST00000269202.11
ENSP00000269214.4,46,ENST00000269214.10
ENSP00000269221.2,42,ENST00000269221.8
ENSP00000269228.4,130,ENST00000269228.10
ENSP00000269243.4,30,ENST00000269243.8
ENSP00000269260.2,31,ENST00000269260.7
ENSP00000269298.5,16,ENST00000269298.10
ENSP00000269299.3,26,ENST00000269299.8
ENSP00000269321.7,5,ENST00000269321.12
ENSP00000269346.4,125,ENST00000269346.9
ENSP00000269373.6,22,ENST00000269373.11
ENSP00000269383.3,43,ENST00000269383.8
ENSP00000269385.4,36,ENST00000269385.9
ENSP00000269391.4,88,ENST00000269391.11
ENSP00000269397.4,59,ENST00000269397.9
ENSP00000269439.6,11,ENST00000269439.12
ENSP00000269445.6,67,ENST00000269445.10
ENSP00000269466.3,13,ENST00000269466.8
ENSP00000269499.4,168,ENST00000269499.10
ENSP00000269576.5,0,ENST00000269576.6
ENSP00000269593.4,22,ENST00000269593.5
ENSP00000269601.4,5,ENST00000269601.10
ENSP00000269701.1,24,ENST00000269701.7
ENSP00000269740.3,23,ENST00000269740.9
ENSP00000269848.6,28,ENST00000349048.9
ENSP00000269856.3,93,ENST00000269856.5
ENSP00000269886.2,21,ENST00000269886.7
ENSP00000269919.3,34,ENST00000269919.11
ENSP00000269932.6,32,ENST00000269932.10
ENSP00000269967.2,33,ENST00000269967.4
ENSP00000269973.4,72,ENST00000269973.10
ENSP00000270001.6,46,ENST00000270001.12
ENSP00000270061.5,23,ENST00000270061.12
ENSP00000270066.6,21,ENST00000270066.11
ENSP00000270112.2,52,ENST00000270112.7
ENSP00000270139.3,16,ENST00000270139.8
ENSP00000270142.7,0,ENST00000270142.11
ENSP00000270176.5,46,ENST00000270176.10
ENSP00000270223.5,61,ENST00000270223.7
ENSP00000270225.6,23,ENST00000270225.12
ENSP00000270233.5,54,ENST00000270233.12
ENSP00000270257.3,12,ENST00000270257.9
ENSP00000270357.4,130,ENST00000270357.10
ENSP00000270460.6,24,ENST00000270460.11
ENSP00000270502.5,22,ENST00000270502.7
ENSP00000270509.2,10,ENST00000270509.6
ENSP00000270517.6,60,ENST00000270517.12
ENSP00000270530.3,168,ENST00000270530.8
ENSP00000270538.2,19,ENST00000270538.8
ENSP00000270570.4,56,ENST00000270570.8
ENSP00000270583.4,16,ENST00000270583.10
ENSP00000270586.3,6,ENST00000270586.8
ENSP00000270625.1,2,ENST00000270625.7
ENSP00000270645.2,25,ENST00000270645.8
ENSP00000270649.5,37,ENST00000270649.11
ENSP00000270708.7,5,ENST00000270708.12
ENSP00000270722.5,185,ENST00000270722.10
ENSP00000270747.3,22,ENST00000270747.8
ENSP00000270776.8,28,ENST00000270776.13
ENSP00000270792.5,5,ENST00000270792.10
ENSP00000270824.1,37,ENST00000270824.1
ENSP00000270861.5,242,ENST00000270861.10
ENSP00000271277.6,103,ENST00000271277.11
ENSP00000271308.4,12,ENST00000271308.9
ENSP00000271332.3,554,ENST00000271332.4
ENSP00000271373.4,5,ENST00000271373.9
ENSP00000271375.3,17,ENST00000271375.7
ENSP00000271417.2,37,ENST00000271417.8
ENSP00000271452.3,29,ENST00000271452.8
ENSP00000271469.3,46,ENST00000271469.7
ENSP00000271526.4,22,ENST00000271526.9
ENSP00000271588.4,34,ENST00000271588.9
ENSP00000271620.3,91,ENST00000271620.8
ENSP00000271628.8,46,ENST00000271628.9
ENSP00000271636.7,69,ENST00000271636.12
ENSP00000271638.2,0,ENST00000271638.3
ENSP00000271663.7,40,ENST00000349792.9
ENSP00000271688.6,9,ENST00000271688.10
ENSP00000271715.2,83,ENST00000271715.7
ENSP00000271732.3,5,ENST00000271732.8
ENSP00000271764.2,40,ENST00000271764.7
ENSP00000271843.4,12,ENST00000271843.9
ENSP00000271889.4,22,ENST00000271889.8
ENSP00000272065.5,14,ENST00000272065.10
ENSP00000272091.7,16,ENST00000272091.8
ENSP00000272139.4,18,ENST00000272139.5
ENSP00000272203.2,8,ENST00000272203.8
ENSP00000272217.2,2,ENST00000272217.7
ENSP00000272224.3,54,ENST00000272224.5
ENSP00000272227.4,3,ENST00000272227.8
ENSP00000272233.4,6,ENST00000272233.6
ENSP00000272252.5,25,ENST00000272252.10
ENSP00000272321.7,76,ENST00000272321.12
ENSP00000272322.4,83,ENST00000272322.9
ENSP00000272342.5,76,ENST00000272342.6
ENSP00000272348.2,13,ENST00000272348.7
ENSP00000272369.8,71,ENST00000272369.14
ENSP00000272418.2,13,ENST00000272418.7
ENSP00000272424.5,29,ENST00000272424.11
ENSP00000272427.7,88,ENST00000272427.11
ENSP00000272433.2,30,ENST00000272433.7
ENSP00000272438.4,13,ENST00000272438.9
ENSP00000272444.3,42,ENST00000272444.7
ENSP00000272452.2,5,ENST00000272452.7
ENSP00000272519.4,29,ENST00000272519.10
ENSP00000272542.3,17,ENST00000272542.8
ENSP00000272638.9,28,ENST00000272638.14
ENSP00000272645.3,12,ENST00000272645.9
ENSP00000272647.6,29,ENST00000272647.10
ENSP00000272732.6,61,ENST00000272732.11
ENSP00000272748.4,18,ENST00000272748.9
ENSP00000272771.5,9,ENST00000272771.10
ENSP00000272902.5,69,ENST00000272902.10
ENSP00000272937.5,9,ENST00000272937.10
ENSP00000272972.3,135,ENST00000272972.7
ENSP00000272995.5,18,ENST00000350033.8
ENSP00000273038.3,29,ENST00000273038.7
ENSP00000273047.4,19,ENST00000273047.9
ENSP00000273063.6,52,ENST00000273063.10
ENSP00000273077.4,23,ENST00000273077.9
ENSP00000273130.4,38,ENST00000273130.9
ENSP00000273153.5,47,ENST00000273153.10
ENSP00000273179.5,14,ENST00000273179.10
ENSP00000273221.4,84,ENST00000273221.8
ENSP00000273258.3,11,ENST00000273258.4
ENSP00000273308.4,15,ENST00000273308.9
ENSP00000273317.4,32,ENST00000273317.5
ENSP00000273347.5,50,ENST00000273347.10
ENSP00000273353.3,10,ENST00000273353.4
ENSP00000273359.3,21,ENST00000273359.8
ENSP00000273375.4,16,ENST00000273375.8
ENSP00000273398.3,22,ENST00000273398.8
ENSP00000273480.3,12,ENST00000273480.4
ENSP00000273482.6,119,ENST00000273482.10
ENSP00000273550.7,21,ENST00000273550.12
ENSP00000273590.3,0,ENST00000273590.3
ENSP00000273596.3,13,ENST00000273596.8
ENSP00000273598.4,5,ENST00000273598.8
ENSP00000273666.6,35,ENST00000273666.10
ENSP00000273668.2,12,ENST00000273668.7
ENSP00000273814.3,110,ENST00000273814.8
ENSP00000273853.6,156,ENST00000273853.11
ENSP00000273854.3,37,ENST00000273854.7
ENSP00000273859.3,158,ENST00000273859.8
ENSP00000273861.4,25,ENST00000273861.5
ENSP00000273920.3,15,ENST00000273920.8
ENSP00000273962.3,38,ENST00000273962.7
ENSP00000273963.5,72,ENST00000273963.10
ENSP00000273968.4,10,ENST00000273968.5
ENSP00000273986.4,11,ENST00000273986.10
ENSP00000274000.5,46,ENST00000274000.10
ENSP00000274008.3,127,ENST00000274008.5
ENSP00000274054.2,35,ENST00000274054.3
ENSP00000274137.6,0,ENST00000274137.10
ENSP00000274140.4,47,ENST00000274140.10
ENSP00000274192.5,58,ENST00000274192.7
ENSP00000274217.3,56,ENST00000274217.4
ENSP00000274242.5,7,ENST00000274242.10
ENSP00000274255.6,27,ENST00000274255.11
ENSP00000274276.3,12,ENST00000274276.8
ENSP00000274289.3,14,ENST00000274289.8
ENSP00000274311.2,12,ENST00000274311.3
ENSP00000274361.3,20,ENST00000274361.3
ENSP00000274364.6,290,ENST00000274364.11
ENSP00000274376.6,188,ENST00000274376.11
ENSP00000274400.5,13,ENST00000274400.9
ENSP00000274457.3,82,ENST00000274457.5
ENSP00000274458.4,25,ENST00000274458.9
ENSP00000274487.5,61,ENST00000274487.9
ENSP00000274496.5,24,ENST00000274496.10
ENSP00000274498.4,163,ENST00000274498.9
ENSP00000274542.2,142,ENST00000274542.6
ENSP00000274569.4,75,ENST00000274569.9
ENSP00000274605.4,114,ENST00000274605.6
ENSP00000274606.4,16,ENST00000274606.8
ENSP00000274695.4,36,ENST00000274695.8
ENSP00000274712.2,4,ENST00000274712.8
ENSP00000274773.7,36,ENST00000274773.12
ENSP00000274787.2,12,ENST00000274787.3
ENSP00000274793.7,36,ENST00000274793.12
ENSP00000274811.4,43,ENST00000274811.9
ENSP00000274813.3,58,ENST00000274813.4
ENSP00000274849.1,23,ENST00000274849.3
ENSP00000274938.7,45,ENST00000274938.8
ENSP00000275015.3,76,ENST00000275015.9
ENSP00000275016.2,37,ENST00000275016.3
ENSP00000275034.3,118,ENST00000275034.5
ENSP00000275053.4,105,ENST00000275053.8
ENSP00000275072.4,27,ENST00000275072.5
ENSP00000275159.6,132,ENST00000275159.10
ENSP00000275227.4,32,ENST00000275227.9
ENSP00000275230.5,20,ENST00000275230.6
ENSP00000275233.7,130,ENST00000275233.12
ENSP00000275358.3,56,ENST00000275358.8
ENSP00000275364.3,39,ENST00000275364.8
ENSP00000275428.4,18,ENST00000275428.9
ENSP00000275493.2,123,ENST00000275493.7
ENSP00000275517.3,28,ENST00000275517.8
ENSP00000275560.3,7,ENST00000275560.4
ENSP00000275603.4,4,ENST00000275603.9
ENSP00000275730.4,115,ENST00000354161.8
ENSP00000275732.4,42,ENST00000275732.5
ENSP00000275766.1,24,ENST00000275766.2
ENSP00000275820.3,53,ENST00000275820.4
ENSP00000275954.3,38,ENST00000275954.4
ENSP00000276055.3,78,ENST00000276055.4
ENSP00000276079.8,27,ENST00000276079.13
ENSP00000276201.3,17,ENST00000276201.7
ENSP00000276390.2,24,ENST00000276390.7
ENSP00000276416.6,13,ENST00000276416.11
ENSP00000276431.4,25,ENST00000276431.9
ENSP00000276440.7,324,ENST00000276440.12
ENSP00000276520.8,24,ENST00000276520.12
ENSP00000276533.3,6,ENST00000276533.4
ENSP00000276569.3,27,ENST00000276569.8
ENSP00000276585.4,18,ENST00000276585.9
ENSP00000276590.4,34,ENST00000276590.5
ENSP00000276603.5,33,ENST00000276603.10
ENSP00000276651.2,15,ENST00000351513.7
ENSP00000276689.3,17,ENST00000276689.8
ENSP00000276692.6,27,ENST00000276692.11
ENSP00000276704.4,42,ENST00000276704.6
ENSP00000276816.4,115,ENST00000276816.8
ENSP00000276826.5,115,ENST00000276826.5
ENSP00000276893.5,55,ENST00000276893.10
ENSP00000276914.2,64,ENST00000276914.7
ENSP00000276925.6,9,ENST00000276925.7
ENSP00000277010.4,0,ENST00000277010.9
ENSP00000277165.5,52,ENST00000277165.11
ENSP00000277225.5,298,ENST00000277225.10
ENSP00000277458.4,24,ENST00000277458.5
ENSP00000277531.4,204,ENST00000277531.8
ENSP00000277540.2,59,ENST00000277540.7
ENSP00000277554.2,133,ENST00000277554.4
ENSP00000277570.5,34,ENST00000277570.10
ENSP00000277575.5,82,ENST00000277575.5
ENSP00000277632.3,29,ENST00000277632.8
ENSP00000277746.6,31,ENST00000277746.11
ENSP00000277865.4,60,ENST00000277865.5
ENSP00000277895.5,125,ENST00000277895.9
ENSP00000278025.5,12,ENST00000278025.9
ENSP00000278060.5,13,ENST00000278060.10
ENSP00000278070.2,110,ENST00000278070.7
ENSP00000278071.2,80,ENST00000278071.6
ENSP00000278193.2,7,ENST00000278193.7
ENSP00000278200.1,0,ENST00000278200.5
ENSP00000278243.4,55,ENST00000278243.9
ENSP00000278314.4,70,ENST00000278314.5
ENSP00000278319.5,36,ENST00000278319.10
ENSP00000278353.4,40,ENST00000278353.10
ENSP00000278412.2,14,ENST00000278412.7
ENSP00000278422.4,30,ENST00000278422.9
ENSP00000278426.3,124,ENST00000278426.8
ENSP00000278460.8,36,ENST00000278460.12
ENSP00000278483.3,21,ENST00000278483.8
ENSP00000278505.4,64,ENST00000278505.5
ENSP00000278550.7,51,ENST00000278550.12
ENSP00000278612.8,297,ENST00000278612.9
ENSP00000278618.4,15,ENST00000278618.9
ENSP00000278671.5,8,ENST00000278671.10
ENSP00000278772.4,100,ENST00000278772.9
ENSP00000278823.2,28,ENST00000278823.7
ENSP00000278826.5,6,ENST00000278826.11
ENSP00000278829.2,61,ENST00000278829.7
ENSP00000278840.4,26,ENST00000278840.9
ENSP00000278849.4,12,ENST00000278849.4
ENSP00000278903.7,31,ENST00000278903.11
ENSP00000278927.5,31,ENST00000278927.10
ENSP00000278935.3,159,ENST00000278935.8
ENSP00000278949.4,14,ENST00000278949.9
ENSP00000279027.4,42,ENST00000279027.9
ENSP00000279034.5,206,ENST00000279034.10
ENSP00000279036.6,29,ENST00000279036.12
ENSP00000279068.5,24,ENST00000279068.11
ENSP00000279101.5,46,ENST00000279101.9
ENSP00000279146.3,14,ENST00000279146.8
ENSP00000279147.5,21,ENST00000279147.9
ENSP00000279206.3,8,ENST00000279206.8
ENSP00000279242.2,7,ENST00000279242.7
ENSP00000279281.3,55,ENST00000279281.8
ENSP00000279387.7,3,ENST00000279387.12
ENSP00000279392.3,25,ENST00000279392.8
ENSP00000279394.3,66,ENST00000279394.7
ENSP00000279488.6,11,ENST00000279488.8
ENSP00000279873.7,176,ENST00000279873.12
ENSP00000279907.7,231,ENST00000279907.12
ENSP00000280020.5,99,ENST00000280020.10
ENSP00000280057.6,36,ENST00000280057.6
ENSP00000280098.4,63,ENST00000280098.9
ENSP00000280154.7,9,ENST00000280154.12
ENSP00000280187.7,66,ENST00000280187.11
ENSP00000280190.4,89,ENST00000280190.8
ENSP00000280236.3,12,ENST00000350221.4
ENSP00000280258.4,40,ENST00000280258.6
ENSP00000280326.4,12,ENST00000280326.9
ENSP00000280333.6,228,ENST00000280333.9
ENSP00000280346.7,29,ENST00000280346.11
ENSP00000280362.3,0,ENST00000280362.8
ENSP00000280481.7,263,ENST00000280481.9
ENSP00000280527.2,36,ENST00000280527.7
ENSP00000280551.6,186,ENST00000280551.11
ENSP00000280557.6,25,ENST00000280557.11
ENSP00000280612.5,29,ENST00000280612.9
ENSP00000280614.2,32,ENST00000280614.4
ENSP00000280700.5,70,ENST00000280700.10
ENSP00000280701.3,37,ENST00000280701.8
ENSP00000280734.2,6,ENST00000280734.3
ENSP00000280758.5,170,ENST00000280758.10
ENSP00000280772.1,24,ENST00000280772.7
ENSP00000280800.3,45,ENST00000280800.5
ENSP00000280871.4,103,ENST00000280871.9
ENSP00000280886.6,279,ENST00000280886.12
ENSP00000280904.6,58,ENST00000280904.11
ENSP00000280979.4,49,ENST00000280979.9
ENSP00000281017.3,18,ENST00000281017.8
ENSP00000281031.4,9,ENST00000281031.5
ENSP00000281038.5,71,ENST00000281038.10
ENSP00000281081.7,11,ENST00000281081.12
ENSP00000281092.4,108,ENST00000281092.9
ENSP00000281141.4,14,ENST00000281141.9
ENSP00000281142.5,36,ENST00000281142.10
ENSP00000281146.4,25,ENST00000281146.9
ENSP00000281182.5,16,ENST00000281182.9
ENSP00000281187.5,15,ENST00000281187.10
ENSP00000281243.5,23,ENST00000281243.10
ENSP00000281273.4,22,ENST00000281273.8
ENSP00000281382.6,36,ENST00000281382.11
ENSP00000281405.5,120,ENST00000281405.9
ENSP00000281419.3,200,ENST00000281419.8
ENSP00000281437.4,30,ENST00000281437.6
ENSP00000281453.5,18,ENST00000281453.10
ENSP00000281456.5,25,ENST00000281456.11
ENSP00000281471.6,10,ENST00000281471.11
ENSP00000281496.6,125,ENST00000281496.6
ENSP00000281513.5,164,ENST00000281513.10
ENSP00000281543.5,47,ENST00000281543.6
ENSP00000281623.3,69,ENST00000281623.8
ENSP00000281631.4,71,ENST00000281631.10
ENSP00000281701.6,68,ENST00000281701.11
ENSP00000281741.4,160,ENST00000281741.9
ENSP00000281772.8,100,ENST00000281772.14
ENSP00000281821.2,79,ENST00000281821.7
ENSP00000281828.6,23,ENST00000281828.8
ENSP00000281871.7,24,ENST00000281871.11
ENSP00000281923.2,55,ENST00000281923.4
ENSP00000281950.2,2,ENST00000281950.8
ENSP00000282003.6,35,ENST00000282003.7
ENSP00000282007.3,39,ENST00000282007.7
ENSP00000282032.3,44,ENST00000282032.4
ENSP00000282041.4,332,ENST00000282041.11
ENSP00000282058.5,34,ENST00000282058.11
ENSP00000282077.3,35,ENST00000282077.8
ENSP00000282096.4,62,ENST00000282096.9
ENSP00000282111.3,52,ENST00000282111.4
ENSP00000282146.4,10,ENST00000282146.5
ENSP00000282185.3,12,ENST00000282185.8
ENSP00000282226.4,66,ENST00000282226.5
ENSP00000282251.5,35,ENST00000282251.9
ENSP00000282272.9,41,ENST00000282272.15
ENSP00000282276.6,33,ENST00000282276.8
ENSP00000282282.3,21,ENST00000282282.4
ENSP00000282292.3,23,ENST00000282292.9
ENSP00000282296.5,94,ENST00000282296.10
ENSP00000282308.2,25,ENST00000282308.4
ENSP00000282343.8,22,ENST00000282343.13
ENSP00000282344.6,24,ENST00000282344.11
ENSP00000282356.4,16,ENST00000282356.9
ENSP00000282369.3,13,ENST00000282369.7
ENSP00000282382.4,11,ENST00000282382.8
ENSP00000282388.3,34,ENST00000282388.4
ENSP00000282397.4,114,ENST00000282397.9
ENSP00000282406.4,123,ENST00000282406.9
ENSP00000282412.4,23,ENST00000282412.9
ENSP00000282441.5,36,ENST00000282441.10
ENSP00000282486.6,48,ENST00000282486.10
ENSP00000282507.3,35,ENST00000282507.8
ENSP00000282516.8,291,ENST00000282516.13
ENSP00000282541.6,19,ENST00000282541.10
ENSP00000282561.3,31,ENST00000282561.4
ENSP00000282570.3,60,ENST00000282570.4
ENSP00000282572.4,25,ENST00000282572.5
ENSP00000282587.5,41,ENST00000282587.9
ENSP00000282588.5,73,ENST00000282588.7
ENSP00000282633.5,133,ENST00000282633.10
ENSP00000282728.5,13,ENST00000282728.10
ENSP00000282841.5,20,ENST00000282841.9
ENSP00000282892.3,17,ENST00000282892.4
ENSP00000282903.5,25,ENST00000282903.10
ENSP00000282928.4,15,ENST00000282928.5
ENSP00000283006.2,14,ENST00000283006.7
ENSP00000283027.5,24,ENST00000283027.10
ENSP00000283109.3,37,ENST00000283109.8
ENSP00000283131.3,17,ENST00000283131.4
ENSP00000283141.6,61,ENST00000283141.11
ENSP00000283147.6,73,ENST00000283147.7
ENSP00000283195.6,315,ENST00000283195.11
ENSP00000283206.4,132,ENST00000283206.9
ENSP00000283268.3,11,ENST00000283268.8
ENSP00000283290.5,10,ENST00000283290.10
ENSP00000283415.3,14,ENST00000283415.4
ENSP00000283441.8,31,ENST00000283441.12
ENSP00000283474.6,20,ENST00000283474.12
ENSP00000283629.3,48,ENST00000283629.8
ENSP00000283632.4,41,ENST00000283632.5
ENSP00000283646.3,24,ENST00000283646.5
ENSP00000283713.6,56,ENST00000283713.10
ENSP00000283875.5,57,ENST00000283875.6
ENSP00000283882.3,11,ENST00000283882.4
ENSP00000283921.4,25,ENST00000283921.5
ENSP00000283928.5,35,ENST00000283928.10
ENSP00000283946.3,11,ENST00000283946.8
ENSP00000284027.5,108,ENST00000284027.5
ENSP00000284031.8,15,ENST00000284031.13
ENSP00000284061.3,122,ENST00000284061.8
ENSP00000284073.2,24,ENST00000284073.7
ENSP00000284110.1,32,ENST00000284110.2
ENSP00000284116.4,51,ENST00000284116.9
ENSP00000284202.4,37,ENST00000284202.9
ENSP00000284245.3,8,ENST00000284245.9
ENSP00000284262.2,111,ENST00000284262.3
ENSP00000284268.6,78,ENST00000284268.8
ENSP00000284273.5,69,ENST00000284273.6
ENSP00000284274.4,19,ENST00000284274.5
ENSP00000284292.5,1,ENST00000284292.11
ENSP00000284320.5,23,ENST00000284320.6
ENSP00000284440.4,3,ENST00000284440.9
ENSP00000284476.6,57,ENST00000284476.7
ENSP00000284523.1,12,ENST00000284523.2
ENSP00000284551.6,32,ENST00000284551.11
ENSP00000284617.2,16,ENST00000284617.7
ENSP00000284637.9,83,ENST00000284637.14
ENSP00000284669.1,12,ENST00000284669.2
ENSP00000284690.3,0,ENST00000284690.4
ENSP00000284719.3,40,ENST00000284719.8
ENSP00000284767.8,40,ENST00000284767.12
ENSP00000284878.7,30,ENST00000284878.12
ENSP00000284879.8,29,ENST00000348354.7
ENSP00000284881.4,17,ENST00000284881.9
ENSP00000284957.4,19,ENST00000284957.9
ENSP00000284967.7,32,ENST00000352957.9
ENSP00000284981.4,11,ENST00000346798.8
ENSP00000284984.2,19,ENST00000284984.8
ENSP00000284987.5,34,ENST00000284987.6
ENSP00000284995.6,59,ENST00000284995.11
ENSP00000285021.8,87,ENST00000285021.12
ENSP00000285039.6,38,ENST00000285039.12
ENSP00000285071.4,48,ENST00000285071.9
ENSP00000285083.5,33,ENST00000285083.10
ENSP00000285093.8,89,ENST00000285093.15
ENSP00000285199.6,66,ENST00000285199.12
ENSP00000285208.4,33,ENST00000285208.9
ENSP00000285243.6,28,ENST00000285243.7
ENSP00000285379.4,8,ENST00000285379.10
ENSP00000285398.2,57,ENST00000285398.7
ENSP00000285407.6,51,ENST00000285407.11
ENSP00000285419.3,12,ENST00000285419.8
ENSP00000285420.4,9,ENST00000285420.8
ENSP00000285599.3,75,ENST00000285599.8
ENSP00000285667.3,21,ENST00000285667.4
ENSP00000285679.6,73,ENST00000285679.10
ENSP00000285697.4,3,ENST00000285697.9
ENSP00000285735.2,19,ENST00000285735.6
ENSP00000285737.4,42,ENST00000285737.9
ENSP00000285814.4,28,ENST00000285814.9
ENSP00000285848.5,26,ENST00000285848.9
ENSP00000285871.4,48,ENST00000285871.5
ENSP00000285873.6,87,ENST00000285873.8
ENSP00000285928.2,13,ENST00000285928.2
ENSP00000285930.3,28,ENST00000285930.9
ENSP00000285947.2,24,ENST00000285947.5
ENSP00000285968.6,51,ENST00000285968.11
ENSP00000286031.6,47,ENST00000286031.10
ENSP00000286070.5,100,ENST00000286070.10
ENSP00000286096.5,65,ENST00000286096.9
ENSP00000286186.6,21,ENST00000286186.11
ENSP00000286234.5,13,ENST00000286234.6
ENSP00000286298.4,54,ENST00000286298.5
ENSP00000286307.5,88,ENST00000286307.6
ENSP00000286317.5,22,ENST00000286317.6
ENSP00000286353.4,56,ENST00000286353.9
ENSP00000286364.3,163,ENST00000286364.9
ENSP00000286371.3,18,ENST00000286371.8
ENSP00000286398.7,26,ENST00000286398.11
ENSP00000286428.5,11,ENST00000286428.7
ENSP00000286485.8,49,ENST00000286485.12
ENSP00000286494.4,39,ENST00000286494.9
ENSP00000286548.4,55,ENST00000286548.9
ENSP00000286614.6,24,ENST00000286614.11
ENSP00000286627.5,12,ENST00000286627.10
ENSP00000286648.5,22,ENST00000286648.10
ENSP00000286657.4,73,ENST00000286657.10
ENSP00000286688.5,24,ENST00000286688.6
ENSP00000286692.4,26,ENST00000286692.8
ENSP00000286713.2,27,ENST00000286713.7
ENSP00000286733.4,25,ENST00000286733.9
ENSP00000286744.5,22,ENST00000286744.10
ENSP00000286760.4,199,ENST00000286760.5
ENSP00000286788.4,16,ENST00000286788.9
ENSP00000286827.3,95,ENST00000286827.7
ENSP00000286835.7,85,ENST00000286835.12
ENSP00000286918.4,17,ENST00000286918.9
ENSP00000287020.4,36,ENST00000287020.7
ENSP00000287022.5,9,ENST00000287022.10
ENSP00000287025.3,52,ENST00000287025.4
ENSP00000287078.6,68,ENST00000287078.7
ENSP00000287097.4,310,ENST00000287097.6
ENSP00000287152.7,11,ENST00000287152.12
ENSP00000287156.4,23,ENST00000287156.9
ENSP00000287169.3,81,ENST00000287169.8
ENSP00000287218.4,14,ENST00000287218.9
ENSP00000287295.3,27,ENST00000287295.8
ENSP00000287322.4,32,ENST00000287322.5
ENSP00000287380.1,55,ENST00000287380.6
ENSP00000287387.2,34,ENST00000287387.7
ENSP00000287394.5,90,ENST00000287394.10
ENSP00000287437.3,14,ENST00000287437.8
ENSP00000287461.3,27,ENST00000287461.8
ENSP00000287482.5,77,ENST00000287482.6
ENSP00000287538.5,50,ENST00000287538.10
ENSP00000287598.7,92,ENST00000287598.11
ENSP00000287600.4,14,ENST00000287600.9
ENSP00000287647.3,134,ENST00000287647.7
ENSP00000287652.4,26,ENST00000287652.8
ENSP00000287675.5,5,ENST00000287675.10
ENSP00000287713.6,53,ENST00000287713.7
ENSP00000287820.6,44,ENST00000287820.10
ENSP00000287859.6,38,ENST00000287859.11
ENSP00000287878.3,87,ENST00000287878.9
ENSP00000287916.4,22,ENST00000287916.8
ENSP00000287934.2,36,ENST00000287934.4
ENSP00000287936.4,48,ENST00000287936.9
ENSP00000287957.3,24,ENST00000287957.5
ENSP00000287996.3,47,ENST00000287996.8
ENSP00000288014.6,14,ENST00000288014.7
ENSP00000288022.1,18,ENST00000288022.2
ENSP00000288050.5,65,ENST00000288050.9
ENSP00000288071.7,22,ENST00000288071.11
ENSP00000288078.6,238,ENST00000288078.11
ENSP00000288135.6,152,ENST00000288135.6
ENSP00000288139.3,31,ENST00000288139.11
ENSP00000288167.3,63,ENST00000288167.8
ENSP00000288177.5,12,ENST00000288177.10
ENSP00000288207.2,24,ENST00000288207.7
ENSP00000288221.6,137,ENST00000288221.11
ENSP00000288235.4,65,ENST00000288235.9
ENSP00000288266.3,64,ENST00000288266.8
ENSP00000288368.4,54,ENST00000288368.5
ENSP00000288439.5,56,ENST00000288439.9
ENSP00000288490.4,12,ENST00000288490.9
ENSP00000288502.4,54,ENST00000288502.9
ENSP00000288532.6,10,ENST00000288532.11
ENSP00000288607.2,11,ENST00000288607.3
ENSP00000288670.9,91,ENST00000288670.14
ENSP00000288680.4,62,ENST00000353487.7
ENSP00000288699.6,16,ENST00000288699.11
ENSP00000288757.5,13,ENST00000288757.7
ENSP00000288840.5,79,ENST00000288840.10
ENSP00000288912.4,12,ENST00000288912.9
ENSP00000288937.6,12,ENST00000288937.7
ENSP00000288976.3,49,ENST00000288976.3
ENSP00000288988.6,25,ENST00000349752.10
ENSP00000289013.6,27,ENST00000289013.11
ENSP00000289081.3,52,ENST00000289081.8
ENSP00000289119.2,30,ENST00000289119.7
ENSP00000289166.5,14,ENST00000289166.6
ENSP00000289228.5,50,ENST00000289228.7
ENSP00000289316.2,12,ENST00000289316.2
ENSP00000289359.2,20,ENST00000289359.6
ENSP00000289361.6,10,ENST00000289361.11
ENSP00000289371.5,25,ENST00000289371.11
ENSP00000289382.3,31,ENST00000289382.8
ENSP00000289416.5,10,ENST00000289416.10
ENSP00000289528.5,12,ENST00000289528.10
ENSP00000289788.4,39,ENST00000289788.4
ENSP00000289805.5,36,ENST00000289805.10
ENSP00000289816.5,29,ENST00000289816.9
ENSP00000289921.6,125,ENST00000289921.8
ENSP00000290079.8,9,ENST00000290079.9
ENSP00000290130.3,5,ENST00000290130.4
ENSP00000290155.3,25,ENST00000290155.8
ENSP00000290158.3,15,ENST00000290158.9
ENSP00000290209.5,168,ENST00000290209.9
ENSP00000290216.9,23,ENST00000290216.14
ENSP00000290231.6,22,ENST00000290231.11
ENSP00000290246.6,71,ENST00000290246.11
ENSP00000290291.6,29,ENST00000290291.10
ENSP00000290295.8,47,ENST00000290295.8
ENSP00000290299.2,31,ENST00000290299.7
ENSP00000290341.3,22,ENST00000290341.8
ENSP00000290349.6,8,ENST00000290349.11
ENSP00000290354.5,8,ENST00000290354.6
ENSP00000290399.6,75,ENST00000290399.11
ENSP00000290401.4,26,ENST00000345330.9
ENSP00000290418.4,31,ENST00000290418.4
ENSP00000290429.5,12,ENST00000290429.11
ENSP00000290524.4,62,ENST00000290524.8
ENSP00000290541.6,6,ENST00000290541.7
ENSP00000290551.4,19,ENST00000290551.5
ENSP00000290552.8,12,ENST00000290552.8
ENSP00000290573.2,86,ENST00000290573.7
ENSP00000290607.7,379,ENST00000290607.12
ENSP00000290649.5,35,ENST00000290649.10
ENSP00000290650.4,128,ENST00000290650.9
ENSP00000290759.4,21,ENST00000290759.9
ENSP00000290776.8,106,ENST00000290776.13
ENSP00000290810.3,16,ENST00000290810.8
ENSP00000290858.6,1,ENST00000290858.11
ENSP00000290866.4,57,ENST00000290866.10
ENSP00000290881.7,91,ENST00000290881.11
ENSP00000290894.8,25,ENST00000290894.12
ENSP00000290913.3,34,ENST00000290913.8
ENSP00000290921.6,17,ENST00000290921.10
ENSP00000290943.6,108,ENST00000290943.10
ENSP00000290949.3,10,ENST00000290949.8
ENSP00000290974.3,47,ENST00000290974.7
ENSP00000291041.4,22,ENST00000291041.6
ENSP00000291182.3,50,ENST00000291182.9
ENSP00000291270.4,50,ENST00000291270.9
ENSP00000291295.8,2,ENST00000291295.14
ENSP00000291386.3,20,ENST00000291386.4
ENSP00000291416.5,50,ENST00000291416.10
ENSP00000291458.5,18,ENST00000291458.9
ENSP00000291495.3,237,ENST00000291495.5
ENSP00000291539.6,92,ENST00000291539.11
ENSP00000291547.4,73,ENST00000291547.10
ENSP00000291560.2,21,ENST00000291560.7
ENSP00000291565.4,1,ENST00000291565.9
ENSP00000291568.6,8,ENST00000291568.7
ENSP00000291572.8,34,ENST00000291572.13
ENSP00000291574.4,87,ENST00000291574.9
ENSP00000291576.6,26,ENST00000291576.12
ENSP00000291592.4,45,ENST00000291592.6
ENSP00000291688.1,108,ENST00000291688.6
ENSP00000291691.8,23,ENST00000291691.12
ENSP00000291825.6,16,ENST00000291825.11
ENSP00000291842.4,40,ENST00000291842.10
ENSP00000291900.2,104,ENST00000291900.7
ENSP00000291906.4,148,ENST00000291906.5
ENSP00000292035.5,28,ENST00000292035.10
ENSP00000292090.3,43,ENST00000292090.8
ENSP00000292114.3,18,ENST00000292114.8
ENSP00000292123.4,25,ENST00000292123.9
ENSP00000292140.5,142,ENST00000292140.9
ENSP00000292147.1,36,ENST00000292147.7
ENSP00000292211.4,19,ENST00000292211.5
ENSP00000292246.3,47,ENST00000292246.8
ENSP00000292254.4,33,ENST00000292254.8
ENSP00000292291.5,29,ENST00000292291.10
ENSP00000292330.2,25,ENST00000292330.3
ENSP00000292363.3,27,ENST00000292363.10
ENSP00000292377.2,101,ENST00000292377.4
ENSP00000292385.5,23,ENST00000292385.9
ENSP00000292408.4,177,ENST00000292408.9
ENSP00000292431.3,73,ENST00000292431.5
ENSP00000292450.4,59,ENST00000292450.9
ENSP00000292476.5,22,ENST00000292476.10
ENSP00000292524.1,37,ENST00000292524.6
ENSP00000292530.5,12,ENST00000292530.11
ENSP00000292535.7,183,ENST00000292535.12
ENSP00000292539.4,30,ENST00000292539.8
ENSP00000292566.3,22,ENST00000292566.4
ENSP00000292579.7,68,ENST00000292579.11
ENSP00000292614.5,10,ENST00000292614.9
ENSP00000292616.5,34,ENST00000292616.10
ENSP00000292672.1,12,ENST00000292672.7
ENSP00000292733.7,46,ENST00000292733.11
ENSP00000292778.6,16,ENST00000292778.11
ENSP00000292782.4,22,ENST00000292782.9
ENSP00000292807.5,22,ENST00000292807.9
ENSP00000292823.2,25,ENST00000292823.6
ENSP00000292853.3,22,ENST00000292853.9
ENSP00000292894.1,23,ENST00000292894.2
ENSP00000292928.2,14,ENST00000292928.7
ENSP00000293190.5,21,ENST00000293190.10
ENSP00000293195.5,61,ENST00000293195.10
ENSP00000293261.2,33,ENST00000293261.8
ENSP00000293328.3,138,ENST00000293328.8
ENSP00000293350.3,78,ENST00000293350.9
ENSP00000293379.4,236,ENST00000293379.9
ENSP00000293443.6,137,ENST00000293443.12
ENSP00000293471.5,10,ENST00000293471.11
ENSP00000293662.4,15,ENST00000293662.9
ENSP00000293760.5,25,ENST00000293760.10
ENSP00000293771.3,45,ENST00000293771.10
ENSP00000293777.5,8,ENST00000293777.6
ENSP00000293805.5,34,ENST00000293805.10
ENSP00000293831.8,35,ENST00000293831.13
ENSP00000293860.5,12,ENST00000293860.6
ENSP00000293879.4,120,ENST00000293879.9
ENSP00000293883.4,49,ENST00000293883.9
ENSP00000293889.6,83,ENST00000293889.10
ENSP00000293894.3,61,ENST00000293894.4
ENSP00000293973.1,15,ENST00000293973.2
ENSP00000294008.3,403,ENST00000294008.4
ENSP00000294016.3,293,ENST00000294016.8
ENSP00000294053.3,27,ENST00000294053.9
ENSP00000294064.4,51,ENST00000294064.9
ENSP00000294066.2,113,ENST00000294066.7
ENSP00000294072.4,11,ENST00000294072.9
ENSP00000294168.3,60,ENST00000294168.8
ENSP00000294179.3,35,ENST00000294179.8
ENSP00000294189.4,20,ENST00000294189.11
ENSP00000294244.3,13,ENST00000294244.9
ENSP00000294258.3,16,ENST00000294258.8
ENSP00000294304.6,212,ENST00000294304.12
ENSP00000294309.3,87,ENST00000294309.8
ENSP00000294353.6,41,ENST00000294353.7
ENSP00000294360.4,14,ENST00000294360.5
ENSP00000294383.5,161,ENST00000294383.7
ENSP00000294409.2,83,ENST00000294409.2
ENSP00000294435.7,27,ENST00000294435.8
ENSP00000294489.6,27,ENST00000294489.10
ENSP00000294517.6,62,ENST00000294517.11
ENSP00000294618.6,108,ENST00000294618.12
ENSP00000294664.6,33,ENST00000294664.11
ENSP00000294678.2,62,ENST00000294678.6
ENSP00000294702.5,108,ENST00000294702.6
ENSP00000294724.4,78,ENST00000294724.8
ENSP00000294740.2,74,ENST00000294740.3
ENSP00000294753.4,60,ENST00000294753.8
ENSP00000294785.5,50,ENST00000294785.10
ENSP00000294811.1,14,ENST00000294811.2
ENSP00000294889.5,12,ENST00000294889.6
ENSP00000294904.6,32,ENST00000348849.8
ENSP00000294952.8,170,ENST00000294952.13
ENSP00000294964.5,50,ENST00000294964.6
ENSP00000294981.4,37,ENST00000294981.8
ENSP00000295006.5,43,ENST00000295006.6
ENSP00000295025.7,11,ENST00000295025.12
ENSP00000295030.4,110,ENST00000295030.6
ENSP00000295050.7,14,ENST00000295050.12
ENSP00000295055.8,6,ENST00000295055.12
ENSP00000295079.2,17,ENST00000295079.6
ENSP00000295083.3,13,ENST00000295083.8
ENSP00000295119.4,13,ENST00000295119.9
ENSP00000295124.4,64,ENST00000295124.9
ENSP00000295148.4,141,ENST00000295148.9
ENSP00000295171.6,39,ENST00000295171.10
ENSP00000295190.4,13,ENST00000295190.9
ENSP00000295206.5,54,ENST00000295206.7
ENSP00000295208.2,21,ENST00000295208.7
ENSP00000295225.5,12,ENST00000295225.10
ENSP00000295228.3,37,ENST00000295228.4
ENSP00000295304.4,0,ENST00000295304.5
ENSP00000295314.4,6,ENST00000295314.9
ENSP00000295317.3,47,ENST00000295317.4
ENSP00000295321.4,18,ENST00000295321.9
ENSP00000295400.6,13,ENST00000295400.11
ENSP00000295408.4,197,ENST00000295408.9
ENSP00000295448.3,8,ENST00000295448.8
ENSP00000295454.3,13,ENST00000295454.8
ENSP00000295461.5,12,ENST00000295461.10
ENSP00000295488.3,143,ENST00000295488.8
ENSP00000295491.4,16,ENST00000295491.9
ENSP00000295550.4,11,ENST00000295550.9
ENSP00000295566.4,66,ENST00000295566.8
ENSP00000295571.5,107,ENST00000295571.9
ENSP00000295588.4,14,ENST00000295588.9
ENSP00000295598.5,22,ENST00000295598.10
ENSP00000295628.3,56,ENST00000295628.4
ENSP00000295633.3,19,ENST00000295633.8
ENSP00000295640.4,44,ENST00000295640.9
ENSP00000295666.4,14,ENST00000295666.6
ENSP00000295685.10,0,ENST00000295685.14
ENSP00000295688.3,0,ENST00000295688.8
ENSP00000295694.5,11,ENST00000295694.9
ENSP00000295702.4,3,ENST00000295702.9
ENSP00000295704.2,31,ENST00000295704.7
ENSP00000295709.3,208,ENST00000295709.8
ENSP00000295736.5,104,ENST00000295736.9
ENSP00000295743.4,4,ENST00000295743.8
ENSP00000295746.7,79,ENST00000295746.13
ENSP00000295754.5,37,ENST00000295754.10
ENSP00000295757.3,22,ENST00000295757.8
ENSP00000295759.7,11,ENST00000295759.12
ENSP00000295767.5,16,ENST00000295767.9
ENSP00000295770.2,54,ENST00000295770.4
ENSP00000295777.5,74,ENST00000295777.9
ENSP00000295797.4,44,ENST00000295797.5
ENSP00000295802.4,56,ENST00000295802.9
ENSP00000295822.2,12,ENST00000295822.7
ENSP00000295851.4,28,ENST00000295851.10
ENSP00000295868.2,75,ENST00000295868.6
ENSP00000295878.3,64,ENST00000295878.8
ENSP00000295887.5,24,ENST00000295887.6
ENSP00000295890.4,43,ENST00000295890.8
ENSP00000295899.5,8,ENST00000295899.10
ENSP00000295900.6,61,ENST00000295900.10
ENSP00000295926.4,28,ENST00000295926.8
ENSP00000295927.3,51,ENST00000295927.4
ENSP00000295951.3,224,ENST00000295951.7
ENSP00000295956.5,189,ENST00000295956.9
ENSP00000295962.4,81,ENST00000295962.8
ENSP00000295981.3,24,ENST00000295981.7
ENSP00000295987.7,13,ENST00000295987.13
ENSP00000295992.3,29,ENST00000295992.8
ENSP00000296003.5,72,ENST00000296003.9
ENSP00000296015.4,16,ENST00000296015.9
ENSP00000296043.6,76,ENST00000296043.7
ENSP00000296051.2,210,ENST00000296051.7
ENSP00000296088.7,170,ENST00000296088.12
ENSP00000296099.2,31,ENST00000296099.2
ENSP00000296102.3,0,ENST00000296102.8
ENSP00000296135.6,17,ENST00000296135.11
ENSP00000296137.2,107,ENST00000296137.7
ENSP00000296149.4,14,ENST00000296149.9
ENSP00000296161.4,36,ENST00000296161.9
ENSP00000296181.4,84,ENST00000296181.9
ENSP00000296215.5,29,ENST00000296215.8
ENSP00000296220.5,81,ENST00000296220.6
ENSP00000296233.3,50,ENST00000296233.4
ENSP00000296255.3,4,ENST00000296255.8
ENSP00000296257.5,123,ENST00000296257.10
ENSP00000296266.3,66,ENST00000296266.7
ENSP00000296292.3,52,ENST00000296292.8
ENSP00000296318.7,60,ENST00000296318.12
ENSP00000296328.4,22,ENST00000296328.9
ENSP00000296343.5,150,ENST00000296343.10
ENSP00000296350.5,14,ENST00000296350.10
ENSP00000296388.5,25,ENST00000296388.10
ENSP00000296411.6,8,ENST00000296411.11
ENSP00000296417.5,6,ENST00000296417.6
ENSP00000296424.4,31,ENST00000296424.9
ENSP00000296452.4,392,ENST00000296452.5
ENSP00000296456.5,29,ENST00000296456.10
ENSP00000296464.3,46,ENST00000296464.9
ENSP00000296474.3,6,ENST00000296474.8
ENSP00000296484.2,24,ENST00000296484.7
ENSP00000296490.3,32,ENST00000296490.8
ENSP00000296498.3,36,ENST00000296498.3
ENSP00000296503.5,0,ENST00000296503.10
ENSP00000296504.3,33,ENST00000296504.4
ENSP00000296509.5,19,ENST00000296509.11
ENSP00000296511.5,12,ENST00000296511.10
ENSP00000296518.7,10,ENST00000296518.11
ENSP00000296522.6,11,ENST00000296522.11
ENSP00000296529.6,30,ENST00000296529.11
ENSP00000296543.4,25,ENST00000296543.10
ENSP00000296550.7,82,ENST00000296550.12
ENSP00000296564.7,124,ENST00000296564.9
ENSP00000296575.3,49,ENST00000296575.8
ENSP00000296577.4,35,ENST00000296577.9
ENSP00000296581.5,0,ENST00000296581.11
ENSP00000296582.3,11,ENST00000296582.8
ENSP00000296585.5,185,ENST00000296585.10
ENSP00000296597.5,30,ENST00000296597.10
ENSP00000296603.4,127,ENST00000296603.5
ENSP00000296632.3,10,ENST00000296632.8
ENSP00000296657.4,24,ENST00000296657.7
ENSP00000296658.3,1,ENST00000296658.4
ENSP00000296666.9,24,ENST00000296666.13
ENSP00000296674.8,20,ENST00000296674.13
ENSP00000296677.4,27,ENST00000296677.5
ENSP00000296679.4,37,ENST00000296679.9
ENSP00000296682.4,12,ENST00000296682.4
ENSP00000296684.5,12,ENST00000296684.10
ENSP00000296702.5,69,ENST00000296702.9
ENSP00000296721.4,98,ENST00000296721.9
ENSP00000296736.3,22,ENST00000296736.4
ENSP00000296754.3,61,ENST00000296754.7
ENSP00000296755.7,108,ENST00000296755.12
ENSP00000296785.3,25,ENST00000296785.8
ENSP00000296786.6,19,ENST00000296786.8
ENSP00000296792.4,22,ENST00000296792.9
ENSP00000296824.2,39,ENST00000296824.4
ENSP00000296861.2,95,ENST00000296861.2
ENSP00000296877.2,12,ENST00000296877.3
ENSP00000296953.2,39,ENST00000296953.6
ENSP00000296955.8,23,ENST00000296955.12
ENSP00000297044.7,67,ENST00000350796.8
ENSP00000297056.6,86,ENST00000297056.11
ENSP00000297071.4,0,ENST00000297071.9
ENSP00000297107.6,120,ENST00000297107.11
ENSP00000297109.5,10,ENST00000297109.11
ENSP00000297145.4,35,ENST00000297145.9
ENSP00000297146.2,9,ENST00000297146.7
ENSP00000297151.4,31,ENST00000297151.9
ENSP00000297156.2,9,ENST00000297156.4
ENSP00000297157.3,12,ENST00000297157.8
ENSP00000297164.3,43,ENST00000297164.8
ENSP00000297185.3,15,ENST00000297185.9
ENSP00000297205.2,41,ENST00000297205.7
ENSP00000297265.4,8,ENST00000297265.5
ENSP00000297267.9,140,ENST00000297267.14
ENSP00000297273.4,29,ENST00000297273.9
ENSP00000297282.5,45,ENST00000354042.8
ENSP00000297290.3,24,ENST00000297290.4
ENSP00000297293.5,83,ENST00000297293.6
ENSP00000297313.3,21,ENST00000297313.8
ENSP00000297323.7,147,ENST00000297323.12
ENSP00000297338.2,8,ENST00000297338.7
ENSP00000297347.3,14,ENST00000297347.7
ENSP00000297375.4,17,ENST00000297375.4
ENSP00000297405.5,31,ENST00000297405.10
ENSP00000297423.4,86,ENST00000297423.9
ENSP00000297431.4,25,ENST00000297431.9
ENSP00000297438.2,70,ENST00000297438.6
ENSP00000297440.6,60,ENST00000297440.11
ENSP00000297459.3,46,ENST00000297459.4
ENSP00000297508.7,83,ENST00000297508.8
ENSP00000297532.6,41,ENST00000297532.11
ENSP00000297534.6,17,ENST00000297534.7
ENSP00000297540.4,13,ENST00000297540.5
ENSP00000297565.4,26,ENST00000297565.8
ENSP00000297578.4,27,ENST00000297578.9
ENSP00000297591.5,110,ENST00000297591.10
ENSP00000297598.4,64,ENST00000297598.5
ENSP00000297613.4,17,ENST00000297613.4
ENSP00000297620.4,6,ENST00000297620.8
ENSP00000297625.8,121,ENST00000297625.8
ENSP00000297661.4,90,ENST00000297661.9
ENSP00000297668.6,10,ENST00000297668.10
ENSP00000297679.5,16,ENST00000297679.10
ENSP00000297689.2,32,ENST00000297689.4
ENSP00000297788.4,233,ENST00000297788.9
ENSP00000297814.2,62,ENST00000297814.7
ENSP00000297837.6,59,ENST00000353234.5
ENSP00000297848.3,72,ENST00000297848.8
ENSP00000297857.2,62,ENST00000297857.3
ENSP00000297873.4,15,ENST00000297873.9
ENSP00000297875.2,42,ENST00000297875.7
ENSP00000297933.6,106,ENST00000297933.11
ENSP00000297954.4,90,ENST00000297954.8
ENSP00000297990.4,51,ENST00000297990.9
ENSP00000297991.4,15,ENST00000297991.6
ENSP00000297994.3,67,ENST00000297994.4
ENSP00000298048.2,34,ENST00000298048.7
ENSP00000298097.7,27,ENST00000298097.7
ENSP00000298125.4,17,ENST00000298125.7
ENSP00000298130.4,10,ENST00000298130.5
ENSP00000298139.5,97,ENST00000298139.7
ENSP00000298159.6,0,ENST00000298159.11
ENSP00000298190.6,12,ENST00000298190.10
ENSP00000298198.4,46,ENST00000298198.5
ENSP00000298229.2,131,ENST00000298229.7
ENSP00000298248.7,14,ENST00000298248.12
ENSP00000298281.4,156,ENST00000298281.8
ENSP00000298282.8,19,ENST00000298282.14
ENSP00000298288.6,45,ENST00000298288.11
ENSP00000298299.3,25,ENST00000298299.4
ENSP00000298307.5,62,ENST00000298307.10
ENSP00000298310.5,58,ENST00000298310.10
ENSP00000298316.5,9,ENST00000298316.7
ENSP00000298317.4,23,ENST00000298317.9
ENSP00000298351.4,11,ENST00000298351.5
ENSP00000298355.3,35,ENST00000298355.7
ENSP00000298428.9,23,ENST00000298428.14
ENSP00000298492.5,45,ENST00000298492.6
ENSP00000298510.2,23,ENST00000298510.4
ENSP00000298532.2,118,ENST00000298532.2
ENSP00000298537.7,21,ENST00000298537.11
ENSP00000298546.7,14,ENST00000350499.6
ENSP00000298552.3,60,ENST00000298552.9
ENSP00000298556.7,3,ENST00000298556.8
ENSP00000298569.4,8,ENST00000298569.9
ENSP00000298585.2,18,ENST00000298585.3
ENSP00000298596.6,147,ENST00000298596.11
ENSP00000298630.3,121,ENST00000298630.8
ENSP00000298694.4,187,ENST00000298694.9
ENSP00000298701.7,6,ENST00000345633.8
ENSP00000298717.3,35,ENST00000298717.9
ENSP00000298743.7,46,ENST00000298743.9
ENSP00000298746.3,31,ENST00000298746.5
ENSP00000298767.4,100,ENST00000298767.10
ENSP00000298784.1,46,ENST00000298784.5
ENSP00000298815.7,12,ENST00000298815.13
ENSP00000298832.9,102,ENST00000298832.14
ENSP00000298875.4,18,ENST00000298875.9
ENSP00000298892.5,120,ENST00000298892.9
ENSP00000298912.3,84,ENST00000298912.9
ENSP00000298966.2,1,ENST00000298966.7
ENSP00000299045.3,60,ENST00000299045.8
ENSP00000299084.4,12,ENST00000299084.9
ENSP00000299088.6,22,ENST00000299088.11
ENSP00000299106.4,15,ENST00000299106.9
ENSP00000299138.7,52,ENST00000299138.12
ENSP00000299157.4,13,ENST00000299157.5
ENSP00000299163.4,22,ENST00000299163.7
ENSP00000299166.4,17,ENST00000299166.9
ENSP00000299192.7,69,ENST00000299192.8
ENSP00000299198.2,0,ENST00000348956.7
ENSP00000299213.7,88,ENST00000299213.10
ENSP00000299238.5,52,ENST00000299238.7
ENSP00000299275.6,118,ENST00000299275.10
ENSP00000299295.2,18,ENST00000299295.7
ENSP00000299299.3,2,ENST00000299299.4
ENSP00000299300.6,15,ENST00000299300.11
ENSP00000299314.7,231,ENST00000299314.12
ENSP00000299320.4,16,ENST00000299320.10
ENSP00000299335.3,25,ENST00000299335.8
ENSP00000299402.6,64,ENST00000299402.10
ENSP00000299413.5,23,ENST00000299413.7
ENSP00000299424.4,32,ENST00000299424.9
ENSP00000299427.6,81,ENST00000299427.12
ENSP00000299432.2,17,ENST00000299432.7
ENSP00000299441.3,70,ENST00000299441.5
ENSP00000299481.5,12,ENST00000299481.5
ENSP00000299492.4,38,ENST00000299492.9
ENSP00000299518.2,23,ENST00000299518.7
ENSP00000299563.4,48,ENST00000299563.5
ENSP00000299565.5,40,ENST00000299565.9
ENSP00000299575.3,17,ENST00000299575.5
ENSP00000299601.5,13,ENST00000299601.10
ENSP00000299608.2,34,ENST00000299608.7
ENSP00000299626.5,30,ENST00000299626.10
ENSP00000299633.4,7,ENST00000299633.7
ENSP00000299705.5,15,ENST00000299705.10
ENSP00000299732.2,26,ENST00000299732.6
ENSP00000299736.4,37,ENST00000299736.5
ENSP00000299767.4,21,ENST00000299767.10
ENSP00000299798.11,106,ENST00000299798.16
ENSP00000299824.1,11,ENST00000299824.6
ENSP00000299860.9,23,ENST00000347466.10
ENSP00000299882.5,12,ENST00000299882.11
ENSP00000299886.4,58,ENST00000299886.9
ENSP00000299957.6,50,ENST00000299957.11
ENSP00000299977.3,59,ENST00000299977.9
ENSP00000300026.4,0,ENST00000300026.4
ENSP00000300027.8,92,ENST00000300027.12
ENSP00000300030.3,45,ENST00000300030.8
ENSP00000300035.4,12,ENST00000300035.9
ENSP00000300055.5,11,ENST00000300055.10
ENSP00000300056.3,18,ENST00000300056.8
ENSP00000300057.4,34,ENST00000300057.4
ENSP00000300069.4,18,ENST00000300069.5
ENSP00000300086.4,9,ENST00000300086.5
ENSP00000300087.2,1,ENST00000300087.7
ENSP00000300093.4,38,ENST00000300093.9
ENSP00000300101.2,113,ENST00000300101.3
ENSP00000300107.3,47,ENST00000300107.7
ENSP00000300131.3,131,ENST00000300131.8
ENSP00000300134.3,129,ENST00000300134.8
ENSP00000300146.9,88,ENST00000300146.10
ENSP00000300151.4,13,ENST00000300151.5
ENSP00000300176.4,109,ENST00000300176.9
ENSP00000300179.2,13,ENST00000300179.7
ENSP00000300181.2,7,ENST00000300181.7
ENSP00000300209.8,0,ENST00000300209.13
ENSP00000300213.4,50,ENST00000300213.9
ENSP00000300231.5,441,ENST00000300231.6
ENSP00000300249.4,17,ENST00000300249.10
ENSP00000300283.6,19,ENST00000300283.10
ENSP00000300289.5,50,ENST00000300289.10
ENSP00000300291.5,21,ENST00000300291.10
ENSP00000300305.3,45,ENST00000300305.7
ENSP00000300403.6,28,ENST00000300403.11
ENSP00000300413.4,14,ENST00000300413.10
ENSP00000300452.3,8,ENST00000300452.8
ENSP00000300456.3,47,ENST00000300456.5
ENSP00000300527.4,100,ENST00000300527.9
ENSP00000300571.2,28,ENST00000300571.7
ENSP00000300574.2,35,ENST00000300574.3
ENSP00000300605.4,10,ENST00000300605.11
ENSP00000300648.6,96,ENST00000300648.7
ENSP00000300650.4,42,ENST00000300650.9
ENSP00000300651.6,202,ENST00000300651.11
ENSP00000300658.4,15,ENST00000300658.9
ENSP00000300659.5,211,ENST00000346183.8
ENSP00000300688.3,8,ENST00000300688.8
ENSP00000300714.3,42,ENST00000300714.7
ENSP00000300737.4,45,ENST00000300737.8
ENSP00000300738.5,9,ENST00000300738.10
ENSP00000300747.5,42,ENST00000300747.10
ENSP00000300784.7,21,ENST00000300784.8
ENSP00000300811.2,8,ENST00000300811.8
ENSP00000300843.3,71,ENST00000300843.8
ENSP00000300850.5,341,ENST00000300850.5
ENSP00000300853.3,23,ENST00000300853.8
ENSP00000300870.10,52,ENST00000300870.15
ENSP00000300896.3,172,ENST00000300896.9
ENSP00000300935.2,12,ENST00000300935.8
ENSP00000300952.2,23,ENST00000300952.6
ENSP00000300954.5,66,ENST00000300954.9
ENSP00000300976.3,158,ENST00000300976.9
ENSP00000301012.3,37,ENST00000301012.8
ENSP00000301015.9,86,ENST00000301015.14
ENSP00000301019.4,33,ENST00000301019.9
ENSP00000301021.3,0,ENST00000301021.7
ENSP00000301031.4,4,ENST00000301031.8
ENSP00000301037.5,79,ENST00000301037.11
ENSP00000301039.2,18,ENST00000301039.6
ENSP00000301050.2,76,ENST00000301050.7
ENSP00000301057.7,31,ENST00000301057.8
ENSP00000301061.4,35,ENST00000301061.9
ENSP00000301072.7,46,ENST00000301072.11
ENSP00000301159.7,10,ENST00000301159.14
ENSP00000301180.5,167,ENST00000301180.10
ENSP00000301215.2,101,ENST00000301215.8
ENSP00000301242.3,3,ENST00000301242.9
ENSP00000301244.5,26,ENST00000301244.12
ENSP00000301280.4,8,ENST00000301280.10
ENSP00000301281.5,27,ENST00000301281.11
ENSP00000301310.3,13,ENST00000301310.8
ENSP00000301318.3,37,ENST00000301318.8
ENSP00000301327.3,47,ENST00000301327.5
ENSP00000301329.6,5,ENST00000301329.10
ENSP00000301332.2,54,ENST00000301332.3
ENSP00000301364.4,34,ENST00000301364.10
ENSP00000301391.4,2,ENST00000301391.8
ENSP00000301396.5,62,ENST00000301396.8
ENSP00000301454.3,48,ENST00000301454.9
ENSP00000301458.4,14,ENST00000301458.10
ENSP00000301459.4,24,ENST00000301459.5
ENSP00000301463.4,101,ENST00000301463.9
ENSP00000301488.4,11,ENST00000301488.8
ENSP00000301490.4,0,ENST00000301490.8
ENSP00000301522.2,0,ENST00000301522.3
ENSP00000301547.5,24,ENST00000301547.10
ENSP00000301585.5,6,ENST00000301585.10
ENSP00000301587.4,5,ENST00000301587.9
ENSP00000301608.4,49,ENST00000301608.8
ENSP00000301618.4,49,ENST00000301618.8
ENSP00000301634.6,0,ENST00000301634.12
ENSP00000301671.7,56,ENST00000301671.12
ENSP00000301727.4,48,ENST00000301727.9
ENSP00000301729.4,11,ENST00000301729.9
ENSP00000301732.5,416,ENST00000301732.10
ENSP00000301738.4,25,ENST00000301738.9
ENSP00000301740.8,112,ENST00000301740.13
ENSP00000301744.4,23,ENST00000301744.7
ENSP00000301761.3,8,ENST00000301761.7
ENSP00000301764.7,24,ENST00000301764.12
ENSP00000301765.5,51,ENST00000301765.10
ENSP00000301785.5,17,ENST00000301785.7
ENSP00000301788.7,10,ENST00000301788.12
ENSP00000301831.4,62,ENST00000301831.9
ENSP00000301838.5,5,ENST00000301838.5
ENSP00000301904.3,12,ENST00000301904.4
ENSP00000301905.4,24,ENST00000301905.9
ENSP00000301924.4,68,ENST00000305364.9
ENSP00000301948.6,31,ENST00000303391.11
ENSP00000301962.5,285,ENST00000306177.9
ENSP00000302037.4,30,ENST00000353339.7
ENSP00000302051.1,67,ENST00000304546.6
ENSP00000302114.4,21,ENST00000303204.9
ENSP00000302160.3,5,ENST00000306024.4
ENSP00000302176.4,24,ENST00000306739.9
ENSP00000302177.3,68,ENST00000305997.8
ENSP00000302222.7,13,ENST00000302609.8
ENSP00000302227.3,5,ENST00000302586.8
ENSP00000302232.4,16,ENST00000302708.9
ENSP00000302251.4,58,ENST00000306318.5
ENSP00000302276.2,15,ENST00000307275.7
ENSP00000302289.5,71,ENST00000303221.10
ENSP00000302413.5,50,ENST00000304842.6
ENSP00000302441.3,45,ENST00000304788.4
ENSP00000302468.4,47,ENST00000307076.8
ENSP00000302478.4,1,ENST00000302979.5
ENSP00000302486.5,22,ENST00000307102.10
ENSP00000302530.6,59,ENST00000302759.11
ENSP00000302537.7,87,ENST00000303145.11
ENSP00000302543.3,61,ENST00000302517.8
ENSP00000302548.3,43,ENST00000306324.4
ENSP00000302562.2,85,ENST00000306103.3
ENSP00000302578.3,23,ENST00000304916.4
ENSP00000302586.4,95,ENST00000304056.9
ENSP00000302625.5,102,ENST00000307078.10
ENSP00000302629.4,133,ENST00000305031.5
ENSP00000302640.4,23,ENST00000302904.8
ENSP00000302647.6,96,ENST00000307138.10
ENSP00000302657.3,31,ENST00000307201.5
ENSP00000302728.4,35,ENST00000304895.9
ENSP00000302770.1,61,ENST00000303809.7
ENSP00000302783.4,1,ENST00000303731.9
ENSP00000302801.5,28,ENST00000306108.10
ENSP00000302830.4,11,ENST00000303400.9
ENSP00000302843.5,31,ENST00000302060.10
ENSP00000302886.6,43,ENST00000303305.11
ENSP00000302895.4,59,ENST00000303965.9
ENSP00000302913.4,132,ENST00000304527.8
ENSP00000302961.2,12,ENST00000304858.7
ENSP00000302967.3,42,ENST00000305264.8
ENSP00000303042.4,14,ENST00000304129.9
ENSP00000303057.4,23,ENST00000306442.5
ENSP00000303058.6,213,ENST00000306467.10
ENSP00000303145.4,14,ENST00000303575.9
ENSP00000303147.3,23,ENST00000306434.8
ENSP00000303149.2,36,ENST00000304411.3
ENSP00000303158.3,16,ENST00000307522.5
ENSP00000303192.3,44,ENST00000304685.8
ENSP00000303315.4,63,ENST00000302754.6
ENSP00000303356.2,5,ENST00000306869.7
ENSP00000303366.7,22,ENST00000303127.12
ENSP00000303373.2,10,ENST00000303910.4
ENSP00000303398.1,64,ENST00000305949.6
ENSP00000303423.3,23,ENST00000302279.8
ENSP00000303427.8,97,ENST00000303538.13
ENSP00000303434.4,247,ENST00000307017.9
ENSP00000303468.4,27,ENST00000302874.9
ENSP00000303482.3,4,ENST00000306306.8
ENSP00000303490.2,33,ENST00000306862.7
ENSP00000303507.8,142,ENST00000305877.13
ENSP00000303508.3,23,ENST00000304195.8
ENSP00000303511.8,183,ENST00000304611.13
ENSP00000303515.5,17,ENST00000306796.10
ENSP00000303525.3,23,ENST00000306193.8
ENSP00000303570.2,46,ENST00000306999.7
ENSP00000303575.4,10,ENST00000302174.9
ENSP00000303580.5,10,ENST00000307641.9
ENSP00000303584.5,16,ENST00000303775.10
ENSP00000303634.6,64,ENST00000306052.12
ENSP00000303696.5,57,ENST00000306908.10
ENSP00000303698.9,41,ENST00000303622.13
ENSP00000303706.3,21,ENST00000302506.8
ENSP00000303709.3,19,ENST00000306627.8
ENSP00000303754.3,8,ENST00000307720.4
ENSP00000303758.4,109,ENST00000302291.8
ENSP00000303769.4,76,ENST00000307564.8
ENSP00000303830.4,278,ENST00000302850.10
ENSP00000303908.4,37,ENST00000305533.10
ENSP00000303915.3,100,ENST00000302851.8
ENSP00000303928.5,262,ENST00000307659.6
ENSP00000303987.7,14,ENST00000307366.8
ENSP00000303992.5,46,ENST00000306077.5
ENSP00000303997.5,49,ENST00000307126.10
ENSP00000304032.6,22,ENST00000302824.7
ENSP00000304051.4,64,ENST00000303545.4
ENSP00000304078.7,37,ENST00000306858.8
ENSP00000304102.3,6,ENST00000303904.8
ENSP00000304108.5,83,ENST00000304698.10
ENSP00000304127.1,35,ENST00000306078.2
ENSP00000304192.2,476,ENST00000304743.7
ENSP00000304226.4,194,ENST00000303296.9
ENSP00000304229.5,10,ENST00000304043.10
ENSP00000304234.5,10,ENST00000307360.6
ENSP00000304250.4,10,ENST00000302625.6
ENSP00000304257.2,37,ENST00000307367.2
ENSP00000304283.4,0,ENST00000306897.9
ENSP00000304292.3,88,ENST00000306065.9
ENSP00000304327.6,13,ENST00000302362.11
ENSP00000304353.4,8,ENST00000303151.5
ENSP00000304360.7,77,ENST00000305513.12
ENSP00000304410.5,23,ENST00000306336.6
ENSP00000304422.5,29,ENST00000303746.10
ENSP00000304429.3,39,ENST00000306121.8
ENSP00000304440.1,32,ENST00000306560.1
ENSP00000304467.5,8,ENST00000307741.11
ENSP00000304502.6,28,ENST00000303077.7
ENSP00000304553.5,19,ENST00000306984.8
ENSP00000304586.4,32,ENST00000304283.9
ENSP00000304592.2,70,ENST00000306749.4
ENSP00000304593.2,10,ENST00000305105.3
ENSP00000304595.7,21,ENST00000304952.11
ENSP00000304669.7,32,ENST00000302763.12
ENSP00000304670.8,63,ENST00000305783.13
ENSP00000304689.1,21,ENST00000303596.3
ENSP00000304710.5,49,ENST00000304381.10
ENSP00000304713.4,22,ENST00000301919.9
ENSP00000304767.3,35,ENST00000305097.6
ENSP00000304769.3,26,ENST00000302017.4
ENSP00000304782.4,120,ENST00000303334.9
ENSP00000304802.2,3,ENST00000305784.7
ENSP00000304854.3,10,ENST00000302764.9
ENSP00000304903.3,10,ENST00000305596.8
ENSP00000304923.3,13,ENST00000301981.8
ENSP00000304941.5,111,ENST00000303372.7
ENSP00000304956.4,44,ENST00000302326.5
ENSP00000305010.7,63,ENST00000305124.11
ENSP00000305069.4,19,ENST00000306480.11
ENSP00000305071.2,12,ENST00000303088.9
ENSP00000305133.5,59,ENST00000306503.5
ENSP00000305138.4,44,ENST00000307650.9
ENSP00000305151.7,60,ENST00000307063.9
ENSP00000305161.6,106,ENST00000306085.11
ENSP00000305193.3,23,ENST00000304031.8
ENSP00000305204.6,80,ENST00000302450.11
ENSP00000305255.2,24,ENST00000306357.9
ENSP00000305260.4,21,ENST00000303210.9
ENSP00000305298.5,47,ENST00000305557.9
ENSP00000305373.5,12,ENST00000304060.10
ENSP00000305422.3,38,ENST00000303004.5
ENSP00000305426.4,34,ENST00000305253.8
ENSP00000305442.5,43,ENST00000307149.10
ENSP00000305449.3,83,ENST00000305510.4
ENSP00000305480.2,26,ENST00000305885.3
ENSP00000305483.5,39,ENST00000306601.9
ENSP00000305494.6,76,ENST00000305560.11
ENSP00000305530.6,64,ENST00000305766.10
ENSP00000305533.5,72,ENST00000302236.10
ENSP00000305556.5,3,ENST00000303577.7
ENSP00000305557.1,3,ENST00000304758.5
ENSP00000305595.4,47,ENST00000301998.5
ENSP00000305613.6,8,ENST00000304062.11
ENSP00000305632.8,62,ENST00000304231.12
ENSP00000305653.2,22,ENST00000302787.3
ENSP00000305654.8,27,ENST00000307767.13
ENSP00000305664.4,24,ENST00000303434.8
ENSP00000305689.6,253,ENST00000307808.10
ENSP00000305692.3,76,ENST00000302262.8
ENSP00000305696.4,28,ENST00000306735.10
ENSP00000305699.3,46,ENST00000307602.9
ENSP00000305714.5,92,ENST00000306385.10
ENSP00000305725.5,17,ENST00000303694.6
ENSP00000305769.4,85,ENST00000302085.9
ENSP00000305790.5,14,ENST00000302516.10
ENSP00000305810.2,20,ENST00000306200.7
ENSP00000305826.7,16,ENST00000349431.11
ENSP00000305839.4,91,ENST00000303991.5
ENSP00000305875.6,11,ENST00000303142.11
ENSP00000305877.4,12,ENST00000305141.5
ENSP00000305892.9,6,ENST00000304800.14
ENSP00000305899.4,168,ENST00000304363.9
ENSP00000305906.2,7,ENST00000304477.3
ENSP00000305918.6,63,ENST00000303407.12
ENSP00000305922.8,67,ENST00000303721.12
ENSP00000305958.5,6,ENST00000305218.9
ENSP00000305976.3,128,ENST00000304987.4
ENSP00000305988.5,22,ENST00000306107.9
ENSP00000306003.4,0,ENST00000304312.5
ENSP00000306010.6,12,ENST00000303436.11
ENSP00000306070.5,68,ENST00000304430.10
ENSP00000306080.4,20,ENST00000304478.9
ENSP00000306105.4,184,ENST00000305768.10
ENSP00000306117.7,31,ENST00000302243.12
ENSP00000306123.4,303,ENST00000304330.9
ENSP00000306124.3,61,ENST00000306156.8
ENSP00000306245.4,55,ENST00000303562.9
ENSP00000306324.5,116,ENST00000305233.6
ENSP00000306328.5,37,ENST00000302692.7
ENSP00000306330.3,0,ENST00000307630.5
ENSP00000306335.4,70,ENST00000303657.10
ENSP00000306344.5,33,ENST00000305494.6
ENSP00000306372.6,29,ENST00000303915.10
ENSP00000306397.3,36,ENST00000304863.6
ENSP00000306410.5,49,ENST00000305242.10
ENSP00000306473.3,36,ENST00000303383.8
ENSP00000306496.5,4,ENST00000305626.6
ENSP00000306497.3,12,ENST00000303592.3
ENSP00000306522.6,101,ENST00000303635.12
ENSP00000306528.11,25,ENST00000302550.16
ENSP00000306548.3,3,ENST00000306185.8
ENSP00000306561.7,15,ENST00000302036.11
ENSP00000306581.2,49,ENST00000306698.6
ENSP00000306598.6,128,ENST00000304621.10
ENSP00000306614.3,10,ENST00000304979.8
ENSP00000306637.3,13,ENST00000302558.8
ENSP00000306640.6,10,ENST00000304434.11
ENSP00000306670.5,11,ENST00000304301.10
ENSP00000306682.2,55,ENST00000305921.8
ENSP00000306756.3,54,ENST00000306910.9
ENSP00000306760.3,51,ENST00000306688.8
ENSP00000306776.3,25,ENST00000307588.8
ENSP00000306788.7,21,ENST00000304414.12
ENSP00000306817.3,26,ENST00000302188.8
ENSP00000306822.3,21,ENST00000306730.8
ENSP00000306844.5,38,ENST00000305476.10
ENSP00000306866.5,7,ENST00000302386.10
ENSP00000306881.6,62,ENST00000307712.11
ENSP00000306887.2,33,ENST00000304511.7
ENSP00000306894.5,105,ENST00000306376.10
ENSP00000306902.5,0,ENST00000307422.9
ENSP00000306906.4,10,ENST00000306368.9
ENSP00000306920.4,54,ENST00000307363.10
ENSP00000306968.3,20,ENST00000306721.8
ENSP00000306983.5,104,ENST00000305135.10
ENSP00000306999.8,44,ENST00000305188.13
ENSP00000307004.4,53,ENST00000303795.9
ENSP00000307023.1,65,ENST00000305883.6
ENSP00000307046.4,12,ENST00000302190.9
ENSP00000307071.6,2,ENST00000304177.10
ENSP00000307078.4,31,ENST00000302418.5
ENSP00000307143.4,43,ENST00000303071.10
ENSP00000307156.4,214,ENST00000305544.9
ENSP00000307183.3,23,ENST00000302327.4
ENSP00000307188.9,34,ENST00000304874.14
ENSP00000307214.5,60,ENST00000305641.7
ENSP00000307235.3,279,ENST00000303236.9
ENSP00000307241.6,2,ENST00000302746.11
ENSP00000307251.6,37,ENST00000303459.10
ENSP00000307260.4,31,ENST00000305632.11
ENSP00000307264.6,55,ENST00000304271.11
ENSP00000307265.3,36,ENST00000302165.5
ENSP00000307272.3,115,ENST00000306801.8
ENSP00000307288.5,13,ENST00000303887.10
ENSP00000307297.6,27,ENST00000306243.7
ENSP00000307298.4,92,ENST00000306917.5
ENSP00000307305.3,22,ENST00000307365.4
ENSP00000307321.4,30,ENST00000303460.5
ENSP00000307387.3,35,ENST00000307296.8
ENSP00000307423.2,54,ENST00000305386.4
ENSP00000307461.3,43,ENST00000305428.8
ENSP00000307471.6,126,ENST00000302955.11
ENSP00000307479.4,34,ENST00000303329.9
ENSP00000307491.5,45,ENST00000302313.10
ENSP00000307513.5,103,ENST00000303375.10
ENSP00000307549.4,36,ENST00000306773.5
ENSP00000307567.6,13,ENST00000306125.12
ENSP00000307604.4,154,ENST00000307750.5
ENSP00000307636.6,24,ENST00000307450.11
ENSP00000307666.5,78,ENST00000305866.10
ENSP00000307674.2,37,ENST00000302345.6
ENSP00000307701.3,63,ENST00000305798.8
ENSP00000307705.4,0,ENST00000304218.6
ENSP00000307741.3,24,ENST00000307526.4
ENSP00000307746.5,193,ENST00000306315.9
ENSP00000307774.6,82,ENST00000306006.10
ENSP00000307786.2,8,ENST00000305786.7
ENSP00000307833.3,18,ENST00000308275.8
ENSP00000307850.2,20,ENST00000312515.7
ENSP00000307853.4,61,ENST00000308110.9
ENSP00000307911.3,26,ENST00000309575.5
ENSP00000307939.5,176,ENST00000309863.11
ENSP00000307940.5,10,ENST00000309311.7
ENSP00000307954.2,36,ENST00000312637.5
ENSP00000307959.7,471,ENST00000312431.10
ENSP00000307971.4,27,ENST00000310496.9
ENSP00000307975.4,65,ENST00000310392.5
ENSP00000308022.6,80,ENST00000310074.8
ENSP00000308032.3,42,ENST00000310054.9
ENSP00000308179.4,31,ENST00000349139.6
ENSP00000308193.5,9,ENST00000308418.10
ENSP00000308208.6,11,ENST00000311852.11
ENSP00000308219.7,30,ENST00000308234.11
ENSP00000308236.5,41,ENST00000311832.5
ENSP00000308258.5,51,ENST00000308020.6
ENSP00000308268.3,24,ENST00000307823.7
ENSP00000308275.4,15,ENST00000309352.4
ENSP00000308332.2,17,ENST00000309822.7
ENSP00000308334.8,49,ENST00000311459.12
ENSP00000308354.5,15,ENST00000309880.6
ENSP00000308369.2,43,ENST00000308330.3
ENSP00000308405.5,0,ENST00000308153.9
ENSP00000308413.5,62,ENST00000312629.10
ENSP00000308430.8,11,ENST00000307892.13
ENSP00000308461.5,23,ENST00000309739.6
ENSP00000308496.5,20,ENST00000310389.6
ENSP00000308546.2,42,ENST00000310512.4
ENSP00000308548.4,52,ENST00000310597.6
ENSP00000308578.6,75,ENST00000311048.11
ENSP00000308610.5,43,ENST00000310454.10
ENSP00000308617.5,41,ENST00000312060.9
ENSP00000308622.5,29,ENST00000309971.9
ENSP00000308716.2,10,ENST00000309668.3
ENSP00000308717.7,11,ENST00000310614.12
ENSP00000308725.5,19,ENST00000311550.10
ENSP00000308727.3,71,ENST00000309558.8
ENSP00000308750.4,26,ENST00000310942.9
ENSP00000308753.7,13,ENST00000308580.12
ENSP00000308759.5,89,ENST00000310826.10
ENSP00000308873.6,14,ENST00000310463.10
ENSP00000308893.8,45,ENST00000310397.13
ENSP00000308895.4,38,ENST00000311124.9
ENSP00000308897.7,11,ENST00000310999.11
ENSP00000308921.2,18,ENST00000310164.3
ENSP00000308926.6,34,ENST00000309276.10
ENSP00000308937.3,10,ENST00000312280.9
ENSP00000308944.5,52,ENST00000310053.10
ENSP00000309007.3,5,ENST00000311638.7
ENSP00000309031.4,119,ENST00000310421.5
ENSP00000309036.8,25,ENST00000310032.12
ENSP00000309096.4,33,ENST00000311181.5
ENSP00000309141.5,19,ENST00000308660.6
ENSP00000309142.7,30,ENST00000311180.9
ENSP00000309163.3,58,ENST00000309657.8
ENSP00000309186.6,101,ENST00000309415.8
ENSP00000309198.8,83,ENST00000348165.10
ENSP00000309226.8,31,ENST00000308659.12
ENSP00000309262.9,46,ENST00000308271.14
ENSP00000309285.4,61,ENST00000310085.6
ENSP00000309330.6,107,ENST00000309683.11
ENSP00000309376.4,21,ENST00000310786.10
ENSP00000309402.4,32,ENST00000310754.5
ENSP00000309429.3,58,ENST00000310442.5
ENSP00000309430.7,54,ENST00000308360.8
ENSP00000309432.4,54,ENST00000309428.10
ENSP00000309439.5,9,ENST00000311177.7
ENSP00000309457.4,51,ENST00000310301.9
ENSP00000309463.4,26,ENST00000310109.5
ENSP00000309474.6,17,ENST00000308696.11
ENSP00000309477.5,52,ENST00000309951.8
ENSP00000309539.5,21,ENST00000311151.9
ENSP00000309548.2,72,ENST00000311765.4
ENSP00000309555.7,75,ENST00000310441.12
ENSP00000309565.5,6,ENST00000311672.10
ENSP00000309570.6,10,ENST00000309446.11
ENSP00000309572.5,87,ENST00000310581.10
ENSP00000309595.2,50,ENST00000311916.8
ENSP00000309597.3,52,ENST00000309100.8
ENSP00000309606.2,156,ENST00000311764.3
ENSP00000309610.6,55,ENST00000311506.10
ENSP00000309640.6,42,ENST00000310380.11
ENSP00000309644.4,23,ENST00000311086.9
ENSP00000309689.6,124,ENST00000310300.11
ENSP00000309690.8,572,ENST00000311085.8
ENSP00000309714.5,89,ENST00000311601.6
ENSP00000309741.6,25,ENST00000310954.7
ENSP00000309751.6,71,ENST00000308027.7
ENSP00000309790.4,138,ENST00000310806.9
ENSP00000309794.2,97,ENST00000310924.7
ENSP00000309830.6,0,ENST00000311111.11
ENSP00000309848.8,60,ENST00000349459.10
ENSP00000309899.10,11,ENST00000309794.16
ENSP00000309945.11,24,ENST00000311008.16
ENSP00000309953.6,15,ENST00000307998.11
ENSP00000309965.5,92,ENST00000350437.8
ENSP00000309968.3,115,ENST00000310823.8
ENSP00000310006.3,46,ENST00000312521.9
ENSP00000310008.1,57,ENST00000312423.4
ENSP00000310015.3,126,ENST00000307921.7
ENSP00000310042.2,30,ENST00000308683.3
ENSP00000310082.2,33,ENST00000310682.6
ENSP00000310088.7,0,ENST00000309083.8
ENSP00000310117.3,14,ENST00000309318.8
ENSP00000310120.4,50,ENST00000308742.9
ENSP00000310129.4,26,ENST00000310118.9
ENSP00000310182.4,9,ENST00000309733.6
ENSP00000310189.3,23,ENST00000309395.7
ENSP00000310205.3,26,ENST00000309166.8
ENSP00000310208.3,39,ENST00000310574.8
ENSP00000310226.6,10,ENST00000311481.11
ENSP00000310244.5,37,ENST00000310803.10
ENSP00000310260.4,100,ENST00000311234.9
ENSP00000310263.3,87,ENST00000312584.4
ENSP00000310332.6,53,ENST00000311630.7
ENSP00000310338.4,310,ENST00000312561.9
ENSP00000310356.5,12,ENST00000312499.6
ENSP00000310406.4,10,ENST00000311320.9
ENSP00000310447.4,26,ENST00000311966.9
ENSP00000310448.5,12,ENST00000312397.10
ENSP00000310459.4,8,ENST00000309377.9
ENSP00000310472.7,97,ENST00000311331.12
ENSP00000310491.4,50,ENST00000311956.9
ENSP00000310520.7,71,ENST00000311895.8
ENSP00000310521.4,35,ENST00000309934.4
ENSP00000310561.8,262,ENST00000310343.13
ENSP00000310572.6,0,ENST00000310144.11
ENSP00000310593.4,72,ENST00000311277.9
ENSP00000310596.4,6,ENST00000311351.9
ENSP00000310649.1,102,ENST00000309383.6
ENSP00000310668.5,36,ENST00000308159.10
ENSP00000310670.4,27,ENST00000308511.8
ENSP00000310697.9,60,ENST00000308219.13
ENSP00000310701.1,86,ENST00000311227.6
ENSP00000310721.3,12,ENST00000310193.4
ENSP00000310723.2,51,ENST00000308025.8
ENSP00000310726.4,14,ENST00000309594.5
ENSP00000310803.3,32,ENST00000310981.6
ENSP00000310829.3,58,ENST00000310715.7
ENSP00000310832.5,107,ENST00000310325.10
ENSP00000310841.4,43,ENST00000311635.12
ENSP00000310873.4,37,ENST00000311469.9
ENSP00000310901.5,9,ENST00000311083.10
ENSP00000310928.4,47,ENST00000311565.4
ENSP00000310933.4,184,ENST00000311027.9
ENSP00000310978.5,65,ENST00000308158.10
ENSP00000310998.3,48,ENST00000312251.8
ENSP00000311005.5,39,ENST00000308406.9
ENSP00000311026.6,121,ENST00000312046.10
ENSP00000311032.4,62,ENST00000308394.9
ENSP00000311106.4,82,ENST00000347934.8
ENSP00000311134.7,62,ENST00000311502.12
ENSP00000311135.2,49,ENST00000308736.7
ENSP00000311183.2,39,ENST00000311044.8
ENSP00000311219.4,11,ENST00000309784.9
ENSP00000311221.2,61,ENST00000311417.7
ENSP00000311257.4,103,ENST00000308497.9
ENSP00000311273.6,51,ENST00000312428.11
ENSP00000311280.6,125,ENST00000308167.10
ENSP00000311291.4,12,ENST00000310926.11
ENSP00000311318.3,105,ENST00000309469.9
ENSP00000311319.4,6,ENST00000312026.6
ENSP00000311336.6,11,ENST00000310127.10
ENSP00000311344.5,24,ENST00000311129.9
ENSP00000311360.2,38,ENST00000307980.7
ENSP00000311368.3,13,ENST00000312419.8
ENSP00000311399.6,36,ENST00000309117.11
ENSP00000311401.5,29,ENST00000311128.10
ENSP00000311405.4,96,ENST00000307885.4
ENSP00000311427.6,52,ENST00000308527.6
ENSP00000311429.5,49,ENST00000307897.10
ENSP00000311430.6,28,ENST00000307961.11
ENSP00000311449.5,23,ENST00000310653.10
ENSP00000311500.6,17,ENST00000309451.7
ENSP00000311502.3,66,ENST00000311127.9
ENSP00000311505.6,77,ENST00000310864.11
ENSP00000311521.6,30,ENST00000311437.11
ENSP00000311528.3,14,ENST00000311268.8
ENSP00000311609.2,31,ENST00000310546.3
ENSP00000311648.6,98,ENST00000310836.11
ENSP00000311656.6,2,ENST00000310958.10
ENSP00000311665.4,12,ENST00000310571.8
ENSP00000311677.5,29,ENST00000311772.10
ENSP00000311679.5,55,ENST00000309235.6
ENSP00000311684.7,273,ENST00000312358.12
ENSP00000311695.2,4,ENST00000312579.4
ENSP00000311713.3,22,ENST00000311806.8
ENSP00000311740.4,21,ENST00000308961.5
ENSP00000311747.5,46,ENST00000310137.5
ENSP00000311750.5,122,ENST00000310340.9
ENSP00000311778.4,99,ENST00000309315.9
ENSP00000311816.7,75,ENST00000309042.12
ENSP00000311827.2,58,ENST00000309993.3
ENSP00000311857.3,30,ENST00000309660.10
ENSP00000311905.8,115,ENST00000308370.11
ENSP00000311930.3,26,ENST00000309244.9
ENSP00000311957.3,16,ENST00000311015.7
ENSP00000311962.4,41,ENST00000309859.8
ENSP00000311977.5,37,ENST00000309061.12
ENSP00000312017.7,9,ENST00000308278.13
ENSP00000312066.1,27,ENST00000307877.7
ENSP00000312070.3,94,ENST00000308177.5
ENSP00000312081.4,119,ENST00000308127.9
ENSP00000312107.4,30,ENST00000309033.5
ENSP00000312122.4,9,ENST00000350697.8
ENSP00000312143.9,109,ENST00000311160.14
ENSP00000312150.3,53,ENST00000311922.4
ENSP00000312158.5,42,ENST00000312541.10
ENSP00000312222.4,177,ENST00000309060.7
ENSP00000312224.4,4,ENST00000310850.9
ENSP00000312244.4,89,ENST00000312196.10
ENSP00000312250.8,56,ENST00000311669.12
ENSP00000312262.5,55,ENST00000308595.10
ENSP00000312272.4,10,ENST00000312655.9
ENSP00000312288.4,18,ENST00000309522.8
ENSP00000312304.4,61,ENST00000309983.5
ENSP00000312311.4,35,ENST00000312475.5
ENSP00000312318.3,6,ENST00000309328.8
ENSP00000312356.6,17,ENST00000309922.7
ENSP00000312379.3,276,ENST00000311117.8
ENSP00000312397.4,11,ENST00000309755.9
ENSP00000312411.2,68,ENST00000308249.4
ENSP00000312439.4,69,ENST00000311413.5
ENSP00000312442.5,54,ENST00000308724.9
ENSP00000312455.2,90,ENST00000309955.8
ENSP00000312458.2,24,ENST00000310256.7
ENSP00000312506.5,38,ENST00000308508.5
ENSP00000312523.5,27,ENST00000309190.9
ENSP00000312535.4,46,ENST00000309602.5
ENSP00000312550.5,83,ENST00000308713.9
ENSP00000312599.5,8,ENST00000312184.6
ENSP00000312615.2,13,ENST00000308022.7
ENSP00000312618.7,8,ENST00000308982.12
ENSP00000312624.2,10,ENST00000309889.3
ENSP00000312634.7,6,ENST00000308354.11
ENSP00000312649.5,43,ENST00000309241.10
ENSP00000312664.5,24,ENST00000310447.10
ENSP00000312671.4,97,ENST00000309295.9
ENSP00000312706.4,35,ENST00000320516.5
ENSP00000312709.5,7,ENST00000313368.8
ENSP00000312734.4,10,ENST00000321437.9
ENSP00000312741.5,57,ENST00000324774.9
ENSP00000312767.2,0,ENST00000322630.3
ENSP00000312769.5,12,ENST00000324379.10
ENSP00000312770.5,92,ENST00000319974.6
ENSP00000312778.7,37,ENST00000326448.12
ENSP00000312814.6,31,ENST00000322444.7
ENSP00000312981.6,26,ENST00000323701.11
ENSP00000312995.3,35,ENST00000318121.8
ENSP00000312999.6,18,ENST00000313601.11
ENSP00000313007.5,34,ENST00000318607.10
ENSP00000313021.2,0,ENST00000313243.6
ENSP00000313034.3,39,ENST00000325285.8
ENSP00000313050.3,19,ENST00000322090.8
ENSP00000313059.6,129,ENST00000315939.11
ENSP00000313070.8,277,ENST00000321521.13
ENSP00000313079.3,48,ENST00000319420.4
ENSP00000313084.5,9,ENST00000322350.10
ENSP00000313121.3,96,ENST00000314673.8
ENSP00000313159.4,73,ENST00000313833.5
ENSP00000313169.4,94,ENST00000316534.8
ENSP00000313171.4,156,ENST00000321990.5
ENSP00000313172.5,17,ENST00000314641.10
ENSP00000313199.7,0,ENST00000313899.12
ENSP00000313214.5,15,ENST00000319511.6
ENSP00000313226.3,9,ENST00000318978.6
ENSP00000313309.4,25,ENST00000313777.9
ENSP00000313318.3,67,ENST00000314134.4
ENSP00000313382.5,29,ENST00000316999.9
ENSP00000313391.6,59,ENST00000320816.11
ENSP00000313420.3,93,ENST00000314191.7
ENSP00000313432.6,9,ENST00000318158.11
ENSP00000313454.4,78,ENST00000322244.10
ENSP00000313490.6,45,ENST00000314666.11
ENSP00000313500.4,39,ENST00000319977.8
ENSP00000313504.5,94,ENST00000323584.10
ENSP00000313584.6,3,ENST00000321301.7
ENSP00000313670.4,41,ENST00000318962.9
ENSP00000313681.3,32,ENST00000323374.8
ENSP00000313752.5,6,ENST00000322310.10
ENSP00000313811.4,99,ENST00000315480.9
ENSP00000313822.6,23,ENST00000313565.10
ENSP00000313829.7,0,ENST00000327300.12
ENSP00000313851.10,147,ENST00000315596.15
ENSP00000313875.4,22,ENST00000322875.8
ENSP00000313885.7,99,ENST00000314256.12
ENSP00000313933.4,27,ENST00000314073.9
ENSP00000313953.4,51,ENST00000317907.9
ENSP00000313983.7,298,ENST00000317025.13
ENSP00000313995.4,18,ENST00000326974.9
ENSP00000314004.2,22,ENST00000323927.3
ENSP00000314023.4,111,ENST00000324225.9
ENSP00000314029.8,28,ENST00000321337.12
ENSP00000314030.5,16,ENST00000317089.10
ENSP00000314036.4,48,ENST00000320285.9
ENSP00000314067.3,26,ENST00000327134.7
ENSP00000314073.6,52,ENST00000317459.11
ENSP00000314080.3,38,ENST00000322941.3
ENSP00000314099.3,25,ENST00000318636.8
ENSP00000314129.7,59,ENST00000315869.8
ENSP00000314151.1,7,ENST00000326003.7
ENSP00000314193.4,16,ENST00000314761.9
ENSP00000314295.5,10,ENST00000324557.9
ENSP00000314311.6,26,ENST00000324052.10
ENSP00000314348.3,56,ENST00000322536.8
ENSP00000314363.6,60,ENST00000347699.8
ENSP00000314380.5,33,ENST00000313269.5
ENSP00000314396.6,143,ENST00000322396.7
ENSP00000314407.4,29,ENST00000317995.5
ENSP00000314420.4,131,ENST00000317276.9
ENSP00000314441.7,27,ENST00000324871.12
ENSP00000314458.8,13,ENST00000315554.13
ENSP00000314480.8,13,ENST00000316333.9
ENSP00000314499.4,59,ENST00000314167.9
ENSP00000314505.5,144,ENST00000316316.10
ENSP00000314518.6,34,ENST00000315948.11
ENSP00000314556.6,151,ENST00000322954.11
ENSP00000314606.6,43,ENST00000326317.11
ENSP00000314608.3,21,ENST00000319121.4
ENSP00000314615.3,10,ENST00000353546.7
ENSP00000314619.3,10,ENST00000316495.8
ENSP00000314625.8,9,ENST00000321250.13
ENSP00000314649.3,37,ENST00000348925.2
ENSP00000314669.7,279,ENST00000320370.11
ENSP00000314709.4,170,ENST00000314393.6
ENSP00000314733.5,21,ENST00000317204.11
ENSP00000314774.4,6,ENST00000317814.8
ENSP00000314776.6,26,ENST00000316610.7
ENSP00000315011.5,37,ENST00000324300.10
ENSP00000315013.2,17,ENST00000318080.7
ENSP00000315017.8,41,ENST00000315567.13
ENSP00000315064.3,23,ENST00000317897.5
ENSP00000315106.6,11,ENST00000321662.11
ENSP00000315118.3,57,ENST00000324464.8
ENSP00000315130.10,100,ENST00000316403.15
ENSP00000315136.2,122,ENST00000316757.4
ENSP00000315152.4,72,ENST00000315796.5
ENSP00000315182.8,21,ENST00000325599.13
ENSP00000315190.8,131,ENST00000320031.13
ENSP00000315203.4,11,ENST00000324768.6
ENSP00000315263.3,16,ENST00000318348.9
ENSP00000315295.4,48,ENST00000321505.9
ENSP00000315325.7,85,ENST00000313695.11
ENSP00000315351.4,61,ENST00000321264.9
ENSP00000315357.5,34,ENST00000326446.10
ENSP00000315371.9,190,ENST00000324559.9
ENSP00000315379.6,33,ENST00000324862.7
ENSP00000315386.5,60,ENST00000323468.10
ENSP00000315397.6,10,ENST00000323563.8
ENSP00000315410.2,189,ENST00000313367.7
ENSP00000315417.3,20,ENST00000316824.4
ENSP00000315476.4,11,ENST00000316052.6
ENSP00000315505.3,82,ENST00000324411.8
ENSP00000315568.4,40,ENST00000318709.9
ENSP00000315602.5,14,ENST00000326828.6
ENSP00000315604.5,16,ENST00000313732.9
ENSP00000315614.3,22,ENST00000318528.8
ENSP00000315630.6,34,ENST00000318950.11
ENSP00000315635.5,81,ENST00000313236.10
ENSP00000315644.10,5,ENST00000323274.15
ENSP00000315659.4,261,ENST00000324109.9
ENSP00000315664.3,92,ENST00000322748.7
ENSP00000315680.3,21,ENST00000318471.5
ENSP00000315685.7,24,ENST00000321280.11
ENSP00000315700.4,9,ENST00000314103.6
ENSP00000315702.4,2,ENST00000323303.9
ENSP00000315713.5,143,ENST00000326495.10
ENSP00000315743.5,52,ENST00000316355.10
ENSP00000315768.4,71,ENST00000314128.9
ENSP00000315774.5,6,ENST00000313468.10
ENSP00000315775.5,75,ENST00000323786.10
ENSP00000315791.4,38,ENST00000323959.9
ENSP00000315931.3,57,ENST00000325006.7
ENSP00000315948.8,12,ENST00000318364.12
ENSP00000315949.4,43,ENST00000313173.6
ENSP00000316007.7,7,ENST00000316097.13
ENSP00000316029.9,114,ENST00000314888.10
ENSP00000316032.7,86,ENST00000324932.12
ENSP00000316042.4,1,ENST00000314940.7
ENSP00000316054.3,89,ENST00000313143.9
ENSP00000316109.7,27,ENST00000312916.12
ENSP00000316114.3,19,ENST00000317058.8
ENSP00000316173.3,37,ENST00000326505.4
ENSP00000316176.2,20,ENST00000318066.7
ENSP00000316329.4,7,ENST00000319540.9
ENSP00000316335.5,45,ENST00000324331.10
ENSP00000316454.4,190,ENST00000320580.9
ENSP00000316464.5,12,ENST00000318074.9
ENSP00000316476.4,12,ENST00000323699.9
ENSP00000316527.3,274,ENST00000326648.4
ENSP00000316543.5,164,ENST00000319170.10
ENSP00000316578.5,59,ENST00000322652.10
ENSP00000316589.3,80,ENST00000317506.8
ENSP00000316628.3,6,ENST00000312828.4
ENSP00000316632.3,30,ENST00000327171.7
ENSP00000316649.3,30,ENST00000313733.9
ENSP00000316681.6,165,ENST00000325212.11
ENSP00000316699.5,82,ENST00000319190.11
ENSP00000316786.5,9,ENST00000326152.6
ENSP00000316809.7,9,ENST00000313486.12
ENSP00000316842.4,99,ENST00000317578.7
ENSP00000316845.5,61,ENST00000326016.10
ENSP00000316879.5,73,ENST00000346169.7
ENSP00000316881.5,28,ENST00000319332.10
ENSP00000316891.7,47,ENST00000313860.11
ENSP00000316905.5,18,ENST00000321442.10
ENSP00000316924.4,56,ENST00000323482.9
ENSP00000316948.4,61,ENST00000316308.9
ENSP00000316950.7,58,ENST00000324324.12
ENSP00000317039.3,23,ENST00000325875.7
ENSP00000317087.3,13,ENST00000319836.7
ENSP00000317123.5,69,ENST00000323853.10
ENSP00000317144.6,74,ENST00000326291.11
ENSP00000317159.4,12,ENST00000318911.5
ENSP00000317177.3,52,ENST00000321560.4
ENSP00000317214.1,14,ENST00000324068.2
ENSP00000317224.5,62,ENST00000314471.10
ENSP00000317232.4,11,ENST00000321562.9
ENSP00000317296.10,73,ENST00000315144.14
ENSP00000317300.6,105,ENST00000314891.11
ENSP00000317331.3,1,ENST00000320857.7
ENSP00000317334.7,11,ENST00000321394.12
ENSP00000317362.3,29,ENST00000313010.8
ENSP00000317376.4,5,ENST00000325844.9
ENSP00000317379.3,70,ENST00000320717.8
ENSP00000317382.4,48,ENST00000326402.9
ENSP00000317396.4,121,ENST00000317623.8
ENSP00000317404.2,15,ENST00000319340.7
ENSP00000317468.5,16,ENST00000325167.9
ENSP00000317469.7,33,ENST00000318312.12
ENSP00000317473.3,14,ENST00000319942.8
ENSP00000317534.4,43,ENST00000319119.4
ENSP00000317537.4,23,ENST00000327141.9
ENSP00000317564.4,17,ENST00000326282.5
ENSP00000317578.4,55,ENST00000324198.11
ENSP00000317579.2,66,ENST00000327237.7
ENSP00000317614.3,88,ENST00000326756.4
ENSP00000317636.5,90,ENST00000317905.10
ENSP00000317691.6,30,ENST00000322177.6
ENSP00000317714.3,29,ENST00000313843.8
ENSP00000317743.3,36,ENST00000326737.3
ENSP00000317780.6,10,ENST00000322347.11
ENSP00000317790.6,21,ENST00000320955.8
ENSP00000317842.5,108,ENST00000317091.10
ENSP00000317872.4,186,ENST00000319715.10
ENSP00000317891.7,29,ENST00000315050.11
ENSP00000317902.5,44,ENST00000325542.10
ENSP00000317904.3,55,ENST00000323798.8
ENSP00000317955.8,148,ENST00000322349.13
ENSP00000317985.6,82,ENST00000315872.11
ENSP00000317992.6,41,ENST00000327044.7
ENSP00000318012.9,29,ENST00000322030.13
ENSP00000318016.7,187,ENST00000318410.12
ENSP00000318032.3,11,ENST00000322329.5
ENSP00000318066.3,64,ENST00000321037.5
ENSP00000318085.3,37,ENST00000350777.7
ENSP00000318086.9,37,ENST00000316077.14
ENSP00000318102.4,25,ENST00000320203.8
ENSP00000318128.3,16,ENST00000320776.5
ENSP00000318131.10,5,ENST00000313683.15
ENSP00000318147.7,68,ENST00000318130.13
ENSP00000318154.6,2,ENST00000320848.7
ENSP00000318158.5,9,ENST00000317534.6
ENSP00000318165.7,9,ENST00000315970.12
ENSP00000318176.4,19,ENST00000325748.9
ENSP00000318177.9,37,ENST00000319725.10
ENSP00000318195.4,9,ENST00000322723.9
ENSP00000318196.6,29,ENST00000318129.6
ENSP00000318222.4,7,ENST00000319374.4
ENSP00000318234.8,40,ENST00000313669.12
ENSP00000318258.7,10,ENST00000314499.11
ENSP00000318270.9,22,ENST00000317620.14
ENSP00000318297.5,9,ENST00000322623.10
ENSP00000318298.6,40,ENST00000320172.11
ENSP00000318313.3,127,ENST00000314845.7
ENSP00000318318.6,16,ENST00000352410.9
ENSP00000318351.5,27,ENST00000320393.9
ENSP00000318352.4,4,ENST00000320912.8
ENSP00000318373.6,28,ENST00000323703.11
ENSP00000318406.3,106,ENST00000325722.8
ENSP00000318423.8,118,ENST00000314742.13
ENSP00000318486.3,34,ENST00000313401.4
ENSP00000318557.3,55,ENST00000316341.8
ENSP00000318559.6,157,ENST00000319778.11
ENSP00000318602.5,24,ENST00000320152.11
ENSP00000318604.5,3,ENST00000322428.10
ENSP00000318607.5,60,ENST00000315571.6
ENSP00000318629.4,43,ENST00000324849.9
ENSP00000318635.4,4,ENST00000326669.6
ENSP00000318646.4,19,ENST00000322989.8
ENSP00000318687.5,13,ENST00000320027.10
ENSP00000318690.3,62,ENST00000321027.8
ENSP00000318697.4,22,ENST00000317702.10
ENSP00000318770.3,12,ENST00000313578.4
ENSP00000318804.6,19,ENST00000324238.7
ENSP00000318821.2,42,ENST00000321407.3
ENSP00000318822.7,28,ENST00000317361.11
ENSP00000318861.6,58,ENST00000322535.11
ENSP00000318883.5,27,ENST00000317582.10
ENSP00000318884.9,164,ENST00000319653.14
ENSP00000318900.5,153,ENST00000317357.10
ENSP00000318912.3,26,ENST00000321764.4
ENSP00000318914.3,23,ENST00000316836.5
ENSP00000318944.6,50,ENST00000326181.11
ENSP00000318966.3,47,ENST00000314787.8
ENSP00000318986.4,24,ENST00000314622.9
ENSP00000319006.6,78,ENST00000321895.7
ENSP00000319009.4,23,ENST00000323523.8
ENSP00000319053.3,137,ENST00000314531.5
ENSP00000319060.3,18,ENST00000322680.7
ENSP00000319096.2,18,ENST00000323534.5
ENSP00000319104.6,44,ENST00000314616.11
ENSP00000319141.4,25,ENST00000321348.9
ENSP00000319169.8,29,ENST00000324366.13
ENSP00000319192.5,27,ENST00000319357.6
ENSP00000319208.5,29,ENST00000313519.9
ENSP00000319222.9,0,ENST00000316491.13
ENSP00000319240.2,12,ENST00000320756.7
ENSP00000319248.9,188,ENST00000320985.14
ENSP00000319281.3,33,ENST00000322611.4
ENSP00000319308.5,4,ENST00000313961.10
ENSP00000319341.2,3,ENST00000315732.3
ENSP00000319388.2,163,ENST00000317446.7
ENSP00000319417.5,49,ENST00000314759.6
ENSP00000319482.3,31,ENST00000324344.9
ENSP00000319501.6,47,ENST00000316423.11
ENSP00000319597.5,5,ENST00000316634.6
ENSP00000319623.3,70,ENST00000352385.3
ENSP00000319664.5,9,ENST00000321265.10
ENSP00000319713.5,10,ENST00000314340.10
ENSP00000319726.4,68,ENST00000317568.10
ENSP00000319756.3,8,ENST00000314276.7
ENSP00000319781.6,8,ENST00000315150.10
ENSP00000319788.5,17,ENST00000320623.10
ENSP00000319814.4,3,ENST00000319441.6
ENSP00000319829.5,61,ENST00000324048.9
ENSP00000319831.5,58,ENST00000316637.7
ENSP00000319851.5,77,ENST00000315251.11
ENSP00000319894.5,66,ENST00000323588.9
ENSP00000319918.6,109,ENST00000320640.11
ENSP00000319992.6,17,ENST00000317635.6
ENSP00000320038.4,201,ENST00000314737.9
ENSP00000320043.3,33,ENST00000316963.8
ENSP00000320081.4,43,ENST00000315691.8
ENSP00000320084.5,45,ENST00000318443.10
ENSP00000320087.8,186,ENST00000320560.13
ENSP00000320096.2,74,ENST00000325351.5
ENSP00000320116.5,0,ENST00000313056.10
ENSP00000320130.6,17,ENST00000324972.10
ENSP00000320147.2,47,ENST00000320356.7
ENSP00000320171.6,13,ENST00000319622.10
ENSP00000320176.3,13,ENST00000314583.8
ENSP00000320184.8,9,ENST00000313608.13
ENSP00000320188.3,50,ENST00000325421.7
ENSP00000320232.3,12,ENST00000322527.4
ENSP00000320251.5,54,ENST00000314400.10
ENSP00000320291.3,38,ENST00000319481.8
ENSP00000320309.3,17,ENST00000314606.9
ENSP00000320324.4,97,ENST00000322157.9
ENSP00000320337.5,10,ENST00000323646.9
ENSP00000320359.4,15,ENST00000315322.10
ENSP00000320378.7,80,ENST00000316902.12
ENSP00000320434.4,75,ENST00000325551.9
ENSP00000320485.7,174,ENST00000324856.13
ENSP00000320493.6,44,ENST00000313285.12
ENSP00000320508.5,36,ENST00000326132.11
ENSP00000320516.3,47,ENST00000320631.8
ENSP00000320520.8,12,ENST00000318753.13
ENSP00000320543.5,89,ENST00000314728.9
ENSP00000320566.5,27,ENST00000315870.10
ENSP00000320567.5,0,ENST00000324787.10
ENSP00000320634.6,13,ENST00000318445.11
ENSP00000320648.8,51,ENST00000323662.9
ENSP00000320649.3,72,ENST00000316398.5
ENSP00000320650.3,42,ENST00000313525.4
ENSP00000320658.8,8,ENST00000324868.13
ENSP00000320663.5,59,ENST00000318522.10
ENSP00000320794.4,32,ENST00000316407.9
ENSP00000320797.3,30,ENST00000325752.8
ENSP00000320821.5,56,ENST00000320785.10
ENSP00000320849.3,19,ENST00000316554.5
ENSP00000320866.4,17,ENST00000316448.10
ENSP00000320869.5,47,ENST00000315073.10
ENSP00000320886.3,139,ENST00000313375.8
ENSP00000320898.3,39,ENST00000318037.3
ENSP00000320924.4,35,ENST00000323571.9
ENSP00000320936.6,89,ENST00000319363.11
ENSP00000320949.5,182,ENST00000317147.10
ENSP00000321070.5,60,ENST00000321341.11
ENSP00000321132.4,51,ENST00000317243.10
ENSP00000321195.5,131,ENST00000323116.10
ENSP00000321203.7,12,ENST00000315423.12
ENSP00000321259.3,0,ENST00000319006.8
ENSP00000321260.3,12,ENST00000314133.4
ENSP00000321271.3,17,ENST00000317479.8
ENSP00000321320.5,36,ENST00000347708.5
ENSP00000321326.4,26,ENST00000319211.5
ENSP00000321330.6,32,ENST00000320892.11
ENSP00000321347.7,35,ENST00000348403.10
ENSP00000321348.8,76,ENST00000324765.13
ENSP00000321449.6,23,ENST00000323013.7
ENSP00000321455.5,50,ENST00000318063.10
ENSP00000321498.9,27,ENST00000326232.14
ENSP00000321537.4,80,ENST00000316843.9
ENSP00000321573.6,128,ENST00000326840.11
ENSP00000321584.4,15,ENST00000326739.9
ENSP00000321617.5,66,ENST00000323348.10
ENSP00000321656.6,31,ENST00000323760.11
ENSP00000321674.3,55,ENST00000317268.7
ENSP00000321679.4,10,ENST00000318357.9
ENSP00000321684.4,14,ENST00000318579.9
ENSP00000321691.8,11,ENST00000319863.13
ENSP00000321706.5,30,ENST00000319004.6
ENSP00000321711.4,50,ENST00000319212.9
ENSP00000321724.6,14,ENST00000317306.8
ENSP00000321744.4,9,ENST00000314332.5
ENSP00000321746.4,65,ENST00000317968.9
ENSP00000321804.8,23,ENST00000318782.9
ENSP00000321810.5,36,ENST00000316891.10
ENSP00000321812.5,67,ENST00000317178.10
ENSP00000321813.7,88,ENST00000348066.8
ENSP00000321834.8,70,ENST00000325438.12
ENSP00000321971.4,36,ENST00000315082.9
ENSP00000321997.6,86,ENST00000326639.11
ENSP00000322020.5,11,ENST00000320230.9
ENSP00000322142.7,7,ENST00000313552.11
ENSP00000322159.4,22,ENST00000317868.9
ENSP00000322170.4,14,ENST00000313213.5
ENSP00000322180.4,38,ENST00000313655.5
ENSP00000322229.9,30,ENST00000350997.12
ENSP00000322238.4,16,ENST00000319074.6
ENSP00000322242.4,107,ENST00000325954.9
ENSP00000322265.6,20,ENST00000314529.10
ENSP00000322300.3,54,ENST00000321196.8
ENSP00000322316.5,5,ENST00000321998.10
ENSP00000322373.3,41,ENST00000315367.4
ENSP00000322396.2,1,ENST00000320270.4
ENSP00000322439.3,19,ENST00000313511.8
ENSP00000322457.3,47,ENST00000312960.4
ENSP00000322469.3,10,ENST00000318887.8
ENSP00000322519.5,51,ENST00000315456.10
ENSP00000322524.4,8,ENST00000319285.5
ENSP00000322545.3,66,ENST00000321545.5
ENSP00000322570.5,81,ENST00000320574.10
ENSP00000322579.3,6,ENST00000320316.8
ENSP00000322594.2,26,ENST00000320578.3
ENSP00000322628.2,19,ENST00000320033.5
ENSP00000322706.6,18,ENST00000325110.11
ENSP00000322716.6,32,ENST00000321919.14
ENSP00000322730.6,25,ENST00000326427.11
ENSP00000322775.3,197,ENST00000313080.8
ENSP00000322777.6,60,ENST00000321233.10
ENSP00000322832.6,21,ENST00000322048.12
ENSP00000322845.5,62,ENST00000314425.9
ENSP00000322898.6,13,ENST00000313708.11
ENSP00000322915.6,165,ENST00000314607.11
ENSP00000322926.6,212,ENST00000319562.11
ENSP00000322937.4,55,ENST00000323301.8
ENSP00000322956.5,0,ENST00000322602.9
ENSP00000322977.4,49,ENST00000320672.8
ENSP00000322991.5,15,ENST00000316273.11
ENSP00000323046.4,28,ENST00000327304.10
ENSP00000323047.6,38,ENST00000317502.11
ENSP00000323065.1,6,ENST00000316939.3
ENSP00000323068.4,99,ENST00000312814.11
ENSP00000323074.4,49,ENST00000353383.6
ENSP00000323076.5,0,ENST00000326925.11
ENSP00000323096.7,32,ENST00000320431.8
ENSP00000323099.3,87,ENST00000320211.10
ENSP00000323118.3,37,ENST00000348335.7
ENSP00000323148.6,41,ENST00000324306.11
ENSP00000323152.6,94,ENST00000323180.10
ENSP00000323183.4,42,ENST00000325144.5
ENSP00000323246.7,74,ENST00000322886.12
ENSP00000323265.5,47,ENST00000313778.9
ENSP00000323288.7,61,ENST00000315616.12
ENSP00000323300.5,79,ENST00000321765.10
ENSP00000323302.3,100,ENST00000313546.8
ENSP00000323313.7,48,ENST00000316218.12
ENSP00000323332.7,64,ENST00000321949.13
ENSP00000323339.7,348,ENST00000313663.11
ENSP00000323421.3,21,ENST00000322213.9
ENSP00000323424.6,29,ENST00000313146.10
ENSP00000323435.4,11,ENST00000325881.9
ENSP00000323511.2,32,ENST00000322344.8
ENSP00000323527.6,36,ENST00000352689.11
ENSP00000323543.7,8,ENST00000345664.10
ENSP00000323584.5,138,ENST00000322038.5
ENSP00000323588.1,24,ENST00000325404.3
ENSP00000323635.3,12,ENST00000322247.7
ENSP00000323663.3,81,ENST00000315005.8
ENSP00000323670.3,36,ENST00000322357.9
ENSP00000323678.3,30,ENST00000322342.4
ENSP00000323687.6,39,ENST00000319380.12
ENSP00000323696.5,21,ENST00000320954.11
ENSP00000323720.1,129,ENST00000324817.6
ENSP00000323782.7,0,ENST00000315286.13
ENSP00000323811.5,55,ENST00000321169.10
ENSP00000323856.4,210,ENST00000322810.8
ENSP00000323879.4,68,ENST00000323037.5
ENSP00000323889.4,26,ENST00000316881.9
ENSP00000323901.3,30,ENST00000315323.5
ENSP00000323945.5,29,ENST00000319296.10
ENSP00000323967.6,15,ENST00000348513.12
ENSP00000324056.2,77,ENST00000320159.2
ENSP00000324100.4,11,ENST00000351111.7
ENSP00000324105.6,52,ENST00000323997.10
ENSP00000324124.4,11,ENST00000322028.5
ENSP00000324173.6,26,ENST00000324460.7
ENSP00000324180.4,12,ENST00000350051.8
ENSP00000324196.4,69,ENST00000326724.9
ENSP00000324203.5,48,ENST00000316024.9
ENSP00000324204.8,17,ENST00000324453.13
ENSP00000324241.3,26,ENST00000326085.7
ENSP00000324245.3,25,ENST00000319854.7
ENSP00000324274.3,34,ENST00000324170.7
ENSP00000324287.6,96,ENST00000326793.11
ENSP00000324318.5,122,ENST00000324266.10
ENSP00000324323.5,13,ENST00000325318.10
ENSP00000324404.5,23,ENST00000312777.9
ENSP00000324463.7,146,ENST00000325680.12
ENSP00000324464.6,32,ENST00000314028.10
ENSP00000324510.5,113,ENST00000324385.9
ENSP00000324527.5,34,ENST00000318217.10
ENSP00000324560.3,68,ENST00000321867.6
ENSP00000324578.5,28,ENST00000319397.6
ENSP00000324598.3,12,ENST00000316433.9
ENSP00000324628.6,30,ENST00000322897.11
ENSP00000324693.9,58,ENST00000324907.14
ENSP00000324729.4,33,ENST00000324679.5
ENSP00000324741.3,73,ENST00000316937.8
ENSP00000324763.2,25,ENST00000319070.3
ENSP00000324792.4,19,ENST00000320805.8
ENSP00000324804.6,6,ENST00000322088.11
ENSP00000324810.6,16,ENST00000317040.12
ENSP00000324842.6,34,ENST00000316519.11
ENSP00000324856.6,36,ENST00000326873.12
ENSP00000324857.5,33,ENST00000316364.9
ENSP00000324944.7,28,ENST00000324607.8
ENSP00000324956.3,32,ENST00000347642.7
ENSP00000325002.6,42,ENST00000314797.10
ENSP00000325017.5,72,ENST00000315579.10
ENSP00000325018.5,21,ENST00000316950.11
ENSP00000325091.8,90,ENST00000317135.13
ENSP00000325120.5,13,ENST00000325455.10
ENSP00000325136.5,43,ENST00000317799.10
ENSP00000325137.5,181,ENST00000313698.9
ENSP00000325146.8,13,ENST00000322507.13
ENSP00000325223.6,48,ENST00000323668.11
ENSP00000325240.6,13,ENST00000318008.11
ENSP00000325266.3,22,ENST00000316461.9
ENSP00000325285.5,63,ENST00000323456.9
ENSP00000325290.4,112,ENST00000325418.5
ENSP00000325312.5,9,ENST00000323666.10
ENSP00000325313.3,32,ENST00000324096.9
ENSP00000325326.2,67,ENST00000322927.3
ENSP00000325355.3,76,ENST00000321617.8
ENSP00000325376.2,0,ENST00000325495.9
ENSP00000325377.3,71,ENST00000322313.9
ENSP00000325402.4,40,ENST00000322217.6
ENSP00000325421.5,7,ENST00000317096.9
ENSP00000325425.6,9,ENST00000321757.11
ENSP00000325485.6,33,ENST00000317551.12
ENSP00000325508.4,33,ENST00000325636.8
ENSP00000325526.3,35,ENST00000322563.8
ENSP00000325527.5,140,ENST00000316623.10
ENSP00000325548.4,26,ENST00000324262.9
ENSP00000325562.6,21,ENST00000322753.7
ENSP00000325612.1,136,ENST00000325464.6
ENSP00000325618.7,16,ENST00000313028.12
ENSP00000325634.3,67,ENST00000326361.7
ENSP00000325655.5,9,ENST00000324913.9
ENSP00000325663.5,40,ENST00000326172.9
ENSP00000325681.6,13,ENST00000325974.9
ENSP00000325690.4,35,ENST00000327064.9
ENSP00000325748.4,13,ENST00000316586.9
ENSP00000325819.3,14,ENST00000327111.8
ENSP00000325827.7,150,ENST00000313050.11
ENSP00000325836.3,32,ENST00000323469.5
ENSP00000325863.4,39,ENST00000323929.8
ENSP00000325895.9,37,ENST00000319580.13
ENSP00000325905.6,0,ENST00000313117.11
ENSP00000325917.3,186,ENST00000320934.8
ENSP00000325919.6,23,ENST00000317615.11
ENSP00000325929.3,28,ENST00000316334.5
ENSP00000325958.9,19,ENST00000326674.10
ENSP00000326003.6,50,ENST00000316752.11
ENSP00000326050.7,203,ENST00000326595.11
ENSP00000326052.2,9,ENST00000317943.6
ENSP00000326063.5,59,ENST00000319172.10
ENSP00000326070.6,59,ENST00000315891.10
ENSP00000326095.4,48,ENST00000312838.9
ENSP00000326110.2,12,ENST00000319933.7
ENSP00000326119.7,11,ENST00000316660.7
ENSP00000326128.3,42,ENST00000316157.8
ENSP00000326170.7,22,ENST00000315249.11
ENSP00000326200.4,55,ENST00000312938.5
ENSP00000326227.8,65,ENST00000318010.12
ENSP00000326244.4,11,ENST00000327259.5
ENSP00000326261.8,50,ENST00000323848.14
ENSP00000326267.7,24,ENST00000316738.12
ENSP00000326305.4,22,ENST00000319017.5
ENSP00000326340.5,122,ENST00000321297.10
ENSP00000326342.3,19,ENST00000323570.8
ENSP00000326366.5,29,ENST00000324501.10
ENSP00000326375.5,57,ENST00000350811.7
ENSP00000326379.2,17,ENST00000313182.6
ENSP00000326381.5,21,ENST00000323963.10
ENSP00000326411.6,47,ENST00000354105.10
ENSP00000326424.2,28,ENST00000319023.7
ENSP00000326445.4,9,ENST00000319234.5
ENSP00000326491.4,9,ENST00000316470.9
ENSP00000326531.8,18,ENST00000326266.13
ENSP00000326550.4,18,ENST00000313288.9
ENSP00000326563.5,157,ENST00000314358.10
ENSP00000326570.4,32,ENST00000318584.10
ENSP00000326603.7,304,ENST00000320876.11
ENSP00000326604.7,45,ENST00000353442.10
ENSP00000326630.2,169,ENST00000319555.8
ENSP00000326649.6,80,ENST00000325103.10
ENSP00000326693.6,25,ENST00000318596.8
ENSP00000326706.4,35,ENST00000323544.5
ENSP00000326737.5,18,ENST00000326577.9
ENSP00000326804.3,42,ENST00000325222.9
ENSP00000326806.5,11,ENST00000321256.10
ENSP00000326830.4,37,ENST00000321356.9
ENSP00000326846.3,13,ENST00000325192.8
ENSP00000326858.3,18,ENST00000319550.9
ENSP00000326869.3,12,ENST00000325795.7
ENSP00000326879.9,41,ENST00000325366.14
ENSP00000326933.3,37,ENST00000313349.3
ENSP00000326948.2,26,ENST00000348411.3
ENSP00000326981.2,21,ENST00000314852.2
ENSP00000327009.5,89,ENST00000320081.10
ENSP00000327048.4,24,ENST00000326043.5
ENSP00000327054.3,11,ENST00000325327.4
ENSP00000327070.5,0,ENST00000315758.10
ENSP00000327077.8,89,ENST00000325083.12
ENSP00000327116.5,129,ENST00000322054.10
ENSP00000327124.2,56,ENST00000325301.7
ENSP00000327143.3,115,ENST00000322434.8
ENSP00000327168.3,29,ENST00000323249.8
ENSP00000327179.7,49,ENST00000314423.12
ENSP00000327191.5,12,ENST00000314144.10
ENSP00000327197.5,52,ENST00000323460.10
ENSP00000327213.4,143,ENST00000318948.7
ENSP00000327214.8,71,ENST00000326735.13
ENSP00000327246.4,24,ENST00000325123.5
ENSP00000327251.6,41,ENST00000313735.11
ENSP00000327396.6,9,ENST00000333478.10
ENSP00000327436.5,48,ENST00000331768.10
ENSP00000327459.3,37,ENST00000333467.4
ENSP00000327468.2,11,ENST00000332780.4
ENSP00000327487.6,35,ENST00000333213.11
ENSP00000327513.6,36,ENST00000329608.11
ENSP00000327583.3,12,ENST00000331821.7
ENSP00000327584.3,11,ENST00000347970.7
ENSP00000327608.3,38,ENST00000330475.9
ENSP00000327650.4,15,ENST00000333371.8
ENSP00000327758.4,16,ENST00000329198.5
ENSP00000327797.3,11,ENST00000333119.7
ENSP00000327801.4,6,ENST00000331483.9
ENSP00000327821.5,117,ENST00000332707.10
ENSP00000327824.1,31,ENST00000327535.6
ENSP00000327889.2,146,ENST00000330574.2
ENSP00000327943.3,5,ENST00000330498.4
ENSP00000328023.5,18,ENST00000332118.11
ENSP00000328059.6,62,ENST00000332687.11
ENSP00000328062.6,133,ENST00000332180.10
ENSP00000328079.5,78,ENST00000332629.7
ENSP00000328083.6,12,ENST00000333677.7
ENSP00000328088.4,27,ENST00000328827.9
ENSP00000328133.4,11,ENST00000329582.9
ENSP00000328169.3,70,ENST00000331782.8
ENSP00000328181.4,26,ENST00000332822.6
ENSP00000328187.5,39,ENST00000330622.9
ENSP00000328203.2,38,ENST00000331456.7
ENSP00000328228.3,160,ENST00000330560.8
ENSP00000328236.6,285,ENST00000333479.12
ENSP00000328269.6,18,ENST00000333651.11
ENSP00000328277.6,46,ENST00000329962.11
ENSP00000328287.6,134,ENST00000327697.11
ENSP00000328325.3,1,ENST00000330938.8
ENSP00000328327.8,19,ENST00000332783.12
ENSP00000328340.5,55,ENST00000328381.10
ENSP00000328364.2,36,ENST00000333480.3
ENSP00000328436.8,25,ENST00000333219.9
ENSP00000328494.2,80,ENST00000332129.6
ENSP00000328515.3,16,ENST00000330143.8
ENSP00000328521.5,1,ENST00000329146.9
ENSP00000328524.3,81,ENST00000328194.8
ENSP00000328547.2,47,ENST00000328111.6
ENSP00000328570.4,3,ENST00000331334.5
ENSP00000328625.4,12,ENST00000328557.5
ENSP00000328694.6,30,ENST00000329957.7
ENSP00000328720.4,72,ENST00000328914.5
ENSP00000328729.6,7,ENST00000331835.10
ENSP00000328773.3,3,ENST00000332499.4
ENSP00000328777.6,17,ENST00000333274.11
ENSP00000328789.2,25,ENST00000329235.6
ENSP00000328813.2,11,ENST00000328405.7
ENSP00000328835.3,31,ENST00000329245.9
ENSP00000328858.8,7,ENST00000329875.13
ENSP00000328875.3,74,ENST00000332624.8
ENSP00000328923.2,39,ENST00000330915.7
ENSP00000328928.5,63,ENST00000332503.6
ENSP00000328968.4,120,ENST00000333535.9
ENSP00000328983.4,25,ENST00000332272.9
ENSP00000328992.4,114,ENST00000331923.9
ENSP00000328998.5,178,ENST00000327628.10
ENSP00000329002.7,14,ENST00000328703.12
ENSP00000329040.5,35,ENST00000327355.6
ENSP00000329097.3,12,ENST00000332070.7
ENSP00000329102.5,60,ENST00000328205.9
ENSP00000329140.6,51,ENST00000330387.11
ENSP00000329170.5,41,ENST00000328345.8
ENSP00000329200.2,12,ENST00000332782.7
ENSP00000329213.6,9,ENST00000329967.11
ENSP00000329214.3,24,ENST00000328299.4
ENSP00000329219.2,22,ENST00000331495.8
ENSP00000329295.6,13,ENST00000328741.6
ENSP00000329318.3,21,ENST00000331437.4
ENSP00000329357.4,20,ENST00000327443.9
ENSP00000329360.8,4,ENST00000329214.13
ENSP00000329419.4,29,ENST00000333188.10
ENSP00000329436.6,46,ENST00000329800.7
ENSP00000329452.5,60,ENST00000331299.6
ENSP00000329466.6,26,ENST00000328666.11
ENSP00000329468.3,43,ENST00000330889.8
ENSP00000329471.2,13,ENST00000330720.7
ENSP00000329558.3,15,ENST00000329271.8
ENSP00000329614.3,17,ENST00000329319.7
ENSP00000329662.4,9,ENST00000333762.6
ENSP00000329715.4,12,ENST00000331457.9
ENSP00000329748.5,52,ENST00000331366.10
ENSP00000329757.4,14,ENST00000330398.9
ENSP00000329858.3,99,ENST00000328599.4
ENSP00000329867.8,13,ENST00000328257.13
ENSP00000329915.3,16,ENST00000331573.8
ENSP00000329918.4,138,ENST00000329713.5
ENSP00000329933.4,118,ENST00000332830.9
ENSP00000329967.5,85,ENST00000331710.10
ENSP00000330005.7,38,ENST00000329082.11
ENSP00000330032.4,56,ENST00000331803.8
ENSP00000330060.5,73,ENST00000328834.9
ENSP00000330148.7,118,ENST00000327946.12
ENSP00000330188.6,27,ENST00000331738.12
ENSP00000330190.11,14,ENST00000333640.11
ENSP00000330199.3,48,ENST00000331565.5
ENSP00000330200.9,90,ENST00000327705.14
ENSP00000330221.6,30,ENST00000328089.11
ENSP00000330237.5,5,ENST00000333868.10
ENSP00000330240.5,20,ENST00000328697.11
ENSP00000330278.5,262,ENST00000329153.10
ENSP00000330289.5,11,ENST00000330149.10
ENSP00000330320.4,121,ENST00000328306.4
ENSP00000330341.2,12,ENST00000330871.3
ENSP00000330343.7,0,ENST00000332859.11
ENSP00000330349.8,12,ENST00000330503.12
ENSP00000330361.6,22,ENST00000331434.7
ENSP00000330381.4,72,ENST00000330689.6
ENSP00000330393.7,104,ENST00000349533.11
ENSP00000330460.6,32,ENST00000331314.11
ENSP00000330485.3,70,ENST00000330212.7
ENSP00000330488.5,25,ENST00000327877.10
ENSP00000330572.4,69,ENST00000329492.6
ENSP00000330631.4,25,ENST00000331238.7
ENSP00000330730.3,13,ENST00000328709.8
ENSP00000330737.2,0,ENST00000327772.7
ENSP00000330753.2,138,ENST00000333229.6
ENSP00000330838.5,83,ENST00000329630.10
ENSP00000330875.3,25,ENST00000327470.6
ENSP00000330918.7,10,ENST00000333503.8
ENSP00000330945.6,15,ENST00000332598.7
ENSP00000331019.5,0,ENST00000330964.10
ENSP00000331040.3,11,ENST00000333337.3
ENSP00000331057.6,82,ENST00000333725.10
ENSP00000331087.6,23,ENST00000333256.11
ENSP00000331103.5,11,ENST00000328631.10
ENSP00000331201.4,61,ENST00000329138.9
ENSP00000331209.4,22,ENST00000331239.8
ENSP00000331258.5,23,ENST00000331373.10
ENSP00000331298.6,32,ENST00000327490.8
ENSP00000331305.3,17,ENST00000327492.4
ENSP00000331310.5,23,ENST00000331268.9
ENSP00000331313.6,34,ENST00000329517.11
ENSP00000331342.4,72,ENST00000330843.9
ENSP00000331369.5,5,ENST00000327428.10
ENSP00000331397.4,24,ENST00000332947.6
ENSP00000331423.4,25,ENST00000333175.9
ENSP00000331462.3,26,ENST00000327835.7
ENSP00000331465.7,97,ENST00000327668.11
ENSP00000331470.6,12,ENST00000332700.6
ENSP00000331479.4,15,ENST00000332439.5
ENSP00000331487.5,10,ENST00000331134.11
ENSP00000331500.4,13,ENST00000333437.5
ENSP00000331504.3,11,ENST00000328850.8
ENSP00000331544.6,84,ENST00000327858.11
ENSP00000331577.6,6,ENST00000330501.12
ENSP00000331602.3,34,ENST00000330452.8
ENSP00000331608.3,102,ENST00000329734.4
ENSP00000331626.7,179,ENST00000328086.12
ENSP00000331640.6,6,ENST00000333050.7
ENSP00000331643.5,88,ENST00000329291.6
ENSP00000331682.4,81,ENST00000328879.9
ENSP00000331691.2,12,ENST00000330828.3
ENSP00000331720.7,22,ENST00000327827.12
ENSP00000331791.4,43,ENST00000332710.8
ENSP00000331831.6,98,ENST00000327773.7
ENSP00000331845.6,177,ENST00000327423.11
ENSP00000331849.3,0,ENST00000330133.5
ENSP00000331879.6,29,ENST00000331079.11
ENSP00000331897.4,26,ENST00000330062.8
ENSP00000331907.4,126,ENST00000328771.9
ENSP00000331927.5,41,ENST00000331410.10
ENSP00000331944.3,24,ENST00000332810.4
ENSP00000331981.4,25,ENST00000331536.8
ENSP00000331983.6,217,ENST00000329474.7
ENSP00000332013.5,50,ENST00000328969.5
ENSP00000332034.4,161,ENST00000352251.8
ENSP00000332073.3,36,ENST00000333055.8
ENSP00000332123.3,117,ENST00000329152.7
ENSP00000332148.2,49,ENST00000327532.7
ENSP00000332194.3,14,ENST00000331380.4
ENSP00000332198.5,5,ENST00000328848.6
ENSP00000332247.2,66,ENST00000330342.8
ENSP00000332256.5,11,ENST00000329841.10
ENSP00000332287.5,24,ENST00000328933.10
ENSP00000332296.4,13,ENST00000330688.9
ENSP00000332325.4,20,ENST00000331569.6
ENSP00000332340.6,38,ENST00000332395.7
ENSP00000332353.6,176,ENST00000331920.11
ENSP00000332371.8,265,ENST00000328333.12
ENSP00000332433.3,88,ENST00000329665.5
ENSP00000332444.4,32,ENST00000331173.6
ENSP00000332448.2,0,ENST00000329478.4
ENSP00000332454.3,153,ENST00000332512.8
ENSP00000332565.4,43,ENST00000330884.9
ENSP00000332576.6,159,ENST00000332585.11
ENSP00000332592.5,104,ENST00000331683.10
ENSP00000332595.8,52,ENST00000328747.12
ENSP00000332613.3,31,ENST00000328965.9
ENSP00000332624.5,38,ENST00000329548.5
ENSP00000332646.4,48,ENST00000329687.8
ENSP00000332687.4,27,ENST00000331728.9
ENSP00000332706.3,31,ENST00000331327.5
ENSP00000332721.4,9,ENST00000327374.9
ENSP00000332737.4,10,ENST00000329542.9
ENSP00000332750.5,57,ENST00000330236.7
ENSP00000332756.3,115,ENST00000327569.7
ENSP00000332757.5,16,ENST00000327671.10
ENSP00000332773.4,80,ENST00000327987.9
ENSP00000332790.4,0,ENST00000331128.6
ENSP00000332791.8,32,ENST00000328046.8
ENSP00000332806.3,34,ENST00000332312.4
ENSP00000332823.6,7,ENST00000331552.12
ENSP00000332887.6,3,ENST00000330029.6
ENSP00000332973.4,57,ENST00000327367.9
ENSP00000332979.6,34,ENST00000330333.11
ENSP00000333012.3,62,ENST00000331758.8
ENSP00000333018.3,23,ENST00000333610.4
ENSP00000333142.3,131,ENST00000332509.8
ENSP00000333212.6,49,ENST00000332884.11
ENSP00000333223.7,40,ENST00000330619.13
ENSP00000333275.4,71,ENST00000333003.10
ENSP00000333277.2,14,ENST00000331491.2
ENSP00000333283.8,49,ENST00000327787.13
ENSP00000333292.3,13,ENST00000329078.8
ENSP00000333298.4,3,ENST00000332556.5
ENSP00000333350.4,72,ENST00000332349.5
ENSP00000333376.6,114,ENST00000327681.10
ENSP00000333433.7,19,ENST00000330137.12
ENSP00000333539.7,41,ENST00000327441.11
ENSP00000333547.5,4,ENST00000328024.11
ENSP00000333551.3,14,ENST00000328195.8
ENSP00000333568.6,120,ENST00000331968.11
ENSP00000333593.6,74,ENST00000349394.6
ENSP00000333633.7,54,ENST00000331320.12
ENSP00000333640.5,84,ENST00000327619.10
ENSP00000333660.2,28,ENST00000328550.6
ENSP00000333664.8,12,ENST00000333167.13
ENSP00000333666.3,20,ENST00000327435.11
ENSP00000333667.3,19,ENST00000328923.8
ENSP00000333685.6,8,ENST00000330651.11
ENSP00000333697.3,19,ENST00000333449.9
ENSP00000333725.5,73,ENST00000328654.10
ENSP00000333769.3,16,ENST00000333511.9
ENSP00000333802.6,1,ENST00000329285.13
ENSP00000333806.4,26,ENST00000332065.9
ENSP00000333813.5,23,ENST00000330817.11
ENSP00000333836.3,123,ENST00000333129.4
ENSP00000333837.3,2,ENST00000333676.8
ENSP00000333873.6,13,ENST00000328649.11
ENSP00000333896.4,77,ENST00000334205.9
ENSP00000333905.4,58,ENST00000334743.9
ENSP00000333926.6,115,ENST00000334444.11
ENSP00000333934.5,62,ENST00000334379.11
ENSP00000333946.2,51,ENST00000334571.7
ENSP00000333947.6,66,ENST00000346248.7
ENSP00000333948.3,12,ENST00000334678.8
ENSP00000333980.4,63,ENST00000334181.5
ENSP00000334002.4,148,ENST00000347901.9
ENSP00000334003.5,145,ENST00000335251.11
ENSP00000334008.9,61,ENST00000334956.15
ENSP00000334037.6,14,ENST00000334976.11
ENSP00000334040.7,61,ENST00000334955.13
ENSP00000334140.4,18,ENST00000335420.10
ENSP00000334145.7,32,ENST00000334047.12
ENSP00000334148.6,97,ENST00000335290.10
ENSP00000334153.4,41,ENST00000334133.9
ENSP00000334181.5,45,ENST00000335080.6
ENSP00000334186.5,33,ENST00000335613.10
ENSP00000334198.7,168,ENST00000348261.11
ENSP00000334219.4,153,ENST00000334370.8
ENSP00000334289.2,12,ENST00000334731.7
ENSP00000334294.3,51,ENST00000335351.8
ENSP00000334308.4,50,ENST00000334258.9
ENSP00000334314.4,192,ENST00000334192.8
ENSP00000334319.8,353,ENST00000333891.14
ENSP00000334329.6,50,ENST00000335350.10
ENSP00000334373.4,61,ENST00000334256.9
ENSP00000334382.6,12,ENST00000334082.11
ENSP00000334414.5,9,ENST00000334944.9
ENSP00000334437.5,54,ENST00000334513.6
ENSP00000334448.4,13,ENST00000335281.8
ENSP00000334474.5,54,ENST00000334512.10
ENSP00000334538.6,28,ENST00000334121.11
ENSP00000334553.7,27,ENST00000335025.12
ENSP00000334564.3,20,ENST00000334163.4
ENSP00000334594.8,47,ENST00000335472.12
ENSP00000334611.7,12,ENST00000334830.11
ENSP00000334625.5,27,ENST00000334635.10
ENSP00000334642.5,174,ENST00000334464.7
ENSP00000334657.4,23,ENST00000334634.9
ENSP00000334675.3,82,ENST00000334463.4
ENSP00000334685.7,27,ENST00000333987.12
ENSP00000334738.5,6,ENST00000335272.10
ENSP00000334748.2,73,ENST00000334546.6
ENSP00000334754.6,9,ENST00000334310.10
ENSP00000334779.4,51,ENST00000334933.8
ENSP00000334785.7,24,ENST00000335209.12
ENSP00000334808.4,53,ENST00000334352.8
ENSP00000334849.5,53,ENST00000335464.10
ENSP00000334853.3,67,ENST00000334241.9
ENSP00000334854.5,60,ENST00000334586.10
ENSP00000334940.5,15,ENST00000334928.11
ENSP00000334941.5,210,ENST00000345512.7
ENSP00000334952.5,150,ENST00000334304.10
ENSP00000334974.2,10,ENST00000335012.3
ENSP00000335044.6,395,ENST00000334344.11
ENSP00000335055.5,85,ENST00000335327.6
ENSP00000335082.7,127,ENST00000334705.12
ENSP00000335084.5,10,ENST00000335007.10
ENSP00000335087.6,60,ENST00000335670.11
ENSP00000335091.4,43,ENST00000335325.9
ENSP00000335094.5,12,ENST00000335390.6
ENSP00000335144.3,9,ENST00000334295.9
ENSP00000335196.6,10,ENST00000335449.11
ENSP00000335201.4,56,ENST00000333924.6
ENSP00000335261.3,17,ENST00000334398.8
ENSP00000335285.3,11,ENST00000334221.5
ENSP00000335304.4,21,ENST00000334220.9
ENSP00000335320.3,191,ENST00000334801.7
ENSP00000335321.6,21,ENST00000335508.11
ENSP00000335333.3,85,ENST00000335312.8
ENSP00000335357.6,13,ENST00000335183.11
ENSP00000335371.6,196,ENST00000334690.11
ENSP00000335397.3,74,ENST00000335099.8
ENSP00000335416.2,29,ENST00000334667.6
ENSP00000335434.5,14,ENST00000335263.9
ENSP00000335463.6,86,ENST00000346991.9
ENSP00000335481.6,6,ENST00000334018.11
ENSP00000335493.6,43,ENST00000334793.6
ENSP00000335500.3,12,ENST00000348904.4
ENSP00000335506.8,120,ENST00000334211.12
ENSP00000335557.5,91,ENST00000334534.10
ENSP00000335595.4,42,ENST00000334274.9
ENSP00000335605.5,20,ENST00000334983.10
ENSP00000335614.3,49,ENST00000334186.9
ENSP00000335632.5,16,ENST00000334660.10
ENSP00000335636.4,16,ENST00000334982.9
ENSP00000335655.5,119,ENST00000335154.10
ENSP00000335677.5,52,ENST00000335255.10
ENSP00000335808.6,34,ENST00000309137.13
ENSP00000336127.4,183,ENST00000328459.11
ENSP00000336580.7,29,ENST00000336430.11
ENSP00000336587.5,40,ENST00000337231.5
ENSP00000336606.5,82,ENST00000336148.10
ENSP00000336655.6,51,ENST00000336174.12
ENSP00000336666.5,1,ENST00000337619.11
ENSP00000336687.4,14,ENST00000337620.8
ENSP00000336701.4,14,ENST00000337432.9
ENSP00000336721.4,38,ENST00000336314.9
ENSP00000336724.4,79,ENST00000337137.9
ENSP00000336727.3,67,ENST00000337623.7
ENSP00000336729.4,52,ENST00000337827.8
ENSP00000336733.5,21,ENST00000335791.10
ENSP00000336740.2,107,ENST00000336180.7
ENSP00000336741.4,47,ENST00000336812.5
ENSP00000336747.6,223,ENST00000336926.11
ENSP00000336750.5,45,ENST00000337768.10
ENSP00000336752.6,59,ENST00000337488.11
ENSP00000336753.5,13,ENST00000336095.10
ENSP00000336756.6,144,ENST00000336505.11
ENSP00000336775.7,212,ENST00000336292.11
ENSP00000336783.4,219,ENST00000335749.4
ENSP00000336790.2,24,ENST00000337304.2
ENSP00000336799.5,59,ENST00000336023.9
ENSP00000336800.5,125,ENST00000337975.6
ENSP00000336808.4,78,ENST00000337664.9
ENSP00000336831.3,30,ENST00000337777.7
ENSP00000336842.3,21,ENST00000335754.8
ENSP00000336866.4,19,ENST00000337227.9
ENSP00000336868.4,12,ENST00000335756.9
ENSP00000336872.6,70,ENST00000336086.10
ENSP00000336887.5,19,ENST00000336643.10
ENSP00000336888.4,130,ENST00000335757.10
ENSP00000336894.5,133,ENST00000337386.10
ENSP00000336923.3,186,ENST00000336498.8
ENSP00000336931.3,21,ENST00000336032.4
ENSP00000336945.4,59,ENST00000352393.8
ENSP00000336994.4,57,ENST00000337392.10
ENSP00000337034.4,59,ENST00000337963.9
ENSP00000337040.3,50,ENST00000335765.9
ENSP00000337053.4,40,ENST00000336735.9
ENSP00000337122.2,65,ENST00000335815.7
ENSP00000337163.5,36,ENST00000337120.9
ENSP00000337168.2,129,ENST00000338074.7
ENSP00000337180.5,36,ENST00000337198.10
ENSP00000337194.6,61,ENST00000337659.11
ENSP00000337226.3,11,ENST00000336219.4
ENSP00000337261.3,82,ENST00000337665.8
ENSP00000337289.2,36,ENST00000335783.4
ENSP00000337332.1,34,ENST00000337491.7
ENSP00000337353.4,44,ENST00000335725.9
ENSP00000337354.5,30,ENST00000336233.10
ENSP00000337368.5,73,ENST00000336976.10
ENSP00000337386.3,36,ENST00000336440.3
ENSP00000337405.4,26,ENST00000337344.9
ENSP00000337425.1,49,ENST00000336307.6
ENSP00000337439.4,52,ENST00000335867.4
ENSP00000337443.3,44,ENST00000336868.8
ENSP00000337445.4,33,ENST00000338034.9
ENSP00000337446.5,50,ENST00000336308.10
ENSP00000337451.2,63,ENST00000336596.7
ENSP00000337464.6,39,ENST00000336985.11
ENSP00000337473.3,99,ENST00000336614.9
ENSP00000337500.5,26,ENST00000336126.6
ENSP00000337593.4,36,ENST00000336604.8
ENSP00000337598.4,33,ENST00000338045.7
ENSP00000337623.2,34,ENST00000336617.8
ENSP00000337641.3,38,ENST00000337537.8
ENSP00000337675.5,40,ENST00000337573.10
ENSP00000337688.4,9,ENST00000337002.9
ENSP00000337701.4,30,ENST00000336615.9
ENSP00000337746.7,37,ENST00000338128.13
ENSP00000337797.5,132,ENST00000347755.10
ENSP00000337816.4,106,ENST00000336577.9
ENSP00000337850.2,65,ENST00000338134.8
ENSP00000337852.4,13,ENST00000336564.5
ENSP00000337854.6,65,ENST00000337014.10
ENSP00000337889.2,12,ENST00000337190.7
ENSP00000337907.5,58,ENST00000337532.9
ENSP00000337972.3,49,ENST00000336898.8
ENSP00000337991.5,71,ENST00000336349.6
ENSP00000337998.6,96,ENST00000335999.7
ENSP00000338010.3,11,ENST00000337929.8
ENSP00000338013.6,38,ENST00000338005.7
ENSP00000338018.4,53,ENST00000337138.9
ENSP00000338034.5,10,ENST00000338146.7
ENSP00000338039.6,5,ENST00000335877.11
ENSP00000338093.3,89,ENST00000335968.8
ENSP00000338127.5,27,ENST00000336395.6
ENSP00000338157.4,24,ENST00000335953.9
ENSP00000338165.5,17,ENST00000336294.10
ENSP00000338173.5,60,ENST00000338086.9
ENSP00000338185.6,183,ENST00000338037.11
ENSP00000338191.4,50,ENST00000336278.8
ENSP00000338207.3,12,ENST00000335790.8
ENSP00000338217.4,43,ENST00000336078.8
ENSP00000338235.3,26,ENST00000336273.8
ENSP00000338258.3,55,ENST00000335793.4
ENSP00000338283.5,82,ENST00000335681.10
ENSP00000338290.5,89,ENST00000338121.10
ENSP00000338302.4,149,ENST00000337303.8
ENSP00000338348.3,0,ENST00000345496.7
ENSP00000338371.8,212,ENST00000335727.13
ENSP00000338378.5,70,ENST00000336665.9
ENSP00000338389.4,18,ENST00000337109.9
ENSP00000338413.6,26,ENST00000335972.11
ENSP00000338461.6,0,ENST00000352397.10
ENSP00000338516.8,10,ENST00000335895.12
ENSP00000338532.3,38,ENST00000337318.8
ENSP00000338533.4,9,ENST00000337702.5
ENSP00000338562.4,40,ENST00000337979.9
ENSP00000338568.4,9,ENST00000335698.4
ENSP00000338572.2,46,ENST00000335870.7
ENSP00000338607.3,19,ENST00000336138.4
ENSP00000338615.5,36,ENST00000337195.9
ENSP00000338624.4,59,ENST00000337743.9
ENSP00000338627.3,21,ENST00000335875.9
ENSP00000338629.3,177,ENST00000337907.7
ENSP00000338641.2,62,ENST00000337685.6
ENSP00000338671.5,36,ENST00000337910.10
ENSP00000338673.7,38,ENST00000353379.12
ENSP00000338746.5,23,ENST00000337132.10
ENSP00000338770.2,48,ENST00000337995.4
ENSP00000338777.4,11,ENST00000336418.9
ENSP00000338785.4,152,ENST00000336934.10
ENSP00000338788.6,13,ENST00000337859.11
ENSP00000338807.4,13,ENST00000337872.9
ENSP00000338844.3,30,ENST00000336714.8
ENSP00000338860.3,13,ENST00000337080.8
ENSP00000338862.5,13,ENST00000336767.6
ENSP00000338868.6,89,ENST00000338154.11
ENSP00000338885.3,154,ENST00000336702.7
ENSP00000338887.5,45,ENST00000337338.9
ENSP00000338934.7,7,ENST00000337147.11
ENSP00000338964.5,72,ENST00000336431.10
ENSP00000338988.3,0,ENST00000336990.8
ENSP00000339004.3,58,ENST00000313071.7
ENSP00000339017.4,21,ENST00000308448.11
ENSP00000339030.5,26,ENST00000316059.7
ENSP00000339063.7,18,ENST00000316292.13
ENSP00000339067.3,38,ENST00000311575.6
ENSP00000339086.4,177,ENST00000318282.9
ENSP00000339090.4,19,ENST00000305536.11
ENSP00000339109.3,150,ENST00000341068.8
ENSP00000339115.3,31,ENST00000343063.8
ENSP00000339145.4,44,ENST00000340648.6
ENSP00000339157.3,23,ENST00000338356.7
ENSP00000339208.5,62,ENST00000341861.9
ENSP00000339299.4,357,ENST00000344204.9
ENSP00000339314.3,2,ENST00000341976.5
ENSP00000339324.3,8,ENST00000339020.8
ENSP00000339328.3,39,ENST00000340093.8
ENSP00000339340.3,13,ENST00000340067.4
ENSP00000339356.4,44,ENST00000340940.5
ENSP00000339371.2,20,ENST00000342045.6
ENSP00000339381.5,118,ENST00000344733.9
ENSP00000339435.5,27,ENST00000344595.10
ENSP00000339467.4,44,ENST00000351018.5
ENSP00000339479.5,45,ENST00000343289.9
ENSP00000339484.5,48,ENST00000344646.10
ENSP00000339527.6,41,ENST00000343882.10
ENSP00000339532.3,33,ENST00000345094.7
ENSP00000339566.3,12,ENST00000343677.4
ENSP00000339585.4,113,ENST00000339249.5
ENSP00000339587.3,56,ENST00000342947.9
ENSP00000339620.4,235,ENST00000347528.8
ENSP00000339622.4,33,ENST00000338972.8
ENSP00000339626.4,32,ENST00000343605.5
ENSP00000339631.6,73,ENST00000343820.10
ENSP00000339637.4,69,ENST00000340611.9
ENSP00000339659.5,81,ENST00000338700.10
ENSP00000339692.4,11,ENST00000340258.10
ENSP00000339720.5,12,ENST00000339600.6
ENSP00000339723.3,27,ENST00000342016.8
ENSP00000339730.2,24,ENST00000350881.6
ENSP00000339740.5,45,ENST00000342666.9
ENSP00000339764.4,21,ENST00000339711.8
ENSP00000339804.3,19,ENST00000344895.4
ENSP00000339813.4,29,ENST00000338754.9
ENSP00000339826.5,28,ENST00000339364.10
ENSP00000339830.4,4,ENST00000341871.8
ENSP00000339834.4,33,ENST00000342415.6
ENSP00000339850.3,46,ENST00000338492.9
ENSP00000339881.4,105,ENST00000340080.9
ENSP00000339883.2,27,ENST00000338179.6
ENSP00000339889.5,102,ENST00000338205.9
ENSP00000339912.4,24,ENST00000341420.5
ENSP00000339917.5,33,ENST00000341864.6
ENSP00000339952.4,37,ENST00000339824.7
ENSP00000339976.4,81,ENST00000350027.8
ENSP00000340006.4,0,ENST00000351424.8
ENSP00000340019.2,40,ENST00000345042.6
ENSP00000340083.3,25,ENST00000347055.4
ENSP00000340132.2,34,ENST00000352998.7
ENSP00000340164.3,22,ENST00000344795.8
ENSP00000340184.4,28,ENST00000341247.8
ENSP00000340211.5,27,ENST00000341356.10
ENSP00000340220.5,33,ENST00000344417.10
ENSP00000340243.4,30,ENST00000342374.5
ENSP00000340271.5,197,ENST00000344293.6
ENSP00000340278.5,3,ENST00000338639.10
ENSP00000340299.2,31,ENST00000348579.6
ENSP00000340329.4,23,ENST00000341394.9
ENSP00000340330.4,25,ENST00000341318.9
ENSP00000340347.5,57,ENST00000342854.10
ENSP00000340361.3,59,ENST00000352511.5
ENSP00000340427.5,169,ENST00000339450.10
ENSP00000340434.3,24,ENST00000341255.4
ENSP00000340474.4,10,ENST00000340951.9
ENSP00000340505.4,11,ENST00000340912.6
ENSP00000340507.4,110,ENST00000343526.9
ENSP00000340514.2,78,ENST00000344099.4
ENSP00000340594.5,139,ENST00000341460.6
ENSP00000340596.3,187,ENST00000342494.8
ENSP00000340648.3,189,ENST00000342160.7
ENSP00000340668.4,25,ENST00000341567.8
ENSP00000340672.4,42,ENST00000341189.8
ENSP00000340683.5,53,ENST00000341191.11
ENSP00000340691.4,13,ENST00000338825.5
ENSP00000340693.5,42,ENST00000344949.9
ENSP00000340716.4,24,ENST00000342503.8
ENSP00000340736.4,13,ENST00000345003.9
ENSP00000340742.5,167,ENST00000340370.10
ENSP00000340761.7,12,ENST00000341446.9
ENSP00000340766.2,142,ENST00000347615.6
ENSP00000340796.4,31,ENST00000340281.9
ENSP00000340823.6,22,ENST00000340473.8
ENSP00000340836.6,14,ENST00000346234.7
ENSP00000340839.4,11,ENST00000338957.4
ENSP00000340841.5,52,ENST00000339296.10
ENSP00000340896.5,65,ENST00000343823.11
ENSP00000340900.5,155,ENST00000344922.10
ENSP00000340914.3,29,ENST00000338916.8
ENSP00000340944.3,71,ENST00000351677.7
ENSP00000341024.5,107,ENST00000338745.11
ENSP00000341044.7,332,ENST00000338432.11
ENSP00000341082.7,0,ENST00000344843.12
ENSP00000341117.4,24,ENST00000345635.8
ENSP00000341165.4,133,ENST00000343280.8
ENSP00000341171.6,66,ENST00000338779.11
ENSP00000341198.5,141,ENST00000339362.9
ENSP00000341214.5,13,ENST00000338379.6
ENSP00000341236.7,24,ENST00000339986.8
ENSP00000341267.5,0,ENST00000344726.9
ENSP00000341268.4,29,ENST00000345057.9
ENSP00000341280.2,138,ENST00000341776.7
ENSP00000341289.4,24,ENST00000340384.5
ENSP00000341324.4,35,ENST00000339397.5
ENSP00000341344.4,62,ENST00000343632.9
ENSP00000341351.5,37,ENST00000341516.10
ENSP00000341360.4,94,ENST00000342193.8
ENSP00000341361.3,77,ENST00000344229.7
ENSP00000341382.5,59,ENST00000344722.5
ENSP00000341408.5,50,ENST00000339157.10
ENSP00000341483.5,5,ENST00000340578.10
ENSP00000341489.1,84,ENST00000342784.7
ENSP00000341490.4,22,ENST00000342219.9
ENSP00000341524.5,14,ENST00000343984.5
ENSP00000341528.4,34,ENST00000343459.8
ENSP00000341539.4,41,ENST00000342649.9
ENSP00000341551.3,59,ENST00000342988.8
ENSP00000341562.4,87,ENST00000341156.9
ENSP00000341564.4,14,ENST00000340634.6
ENSP00000341597.4,35,ENST00000351797.9
ENSP00000341619.3,49,ENST00000346208.4
ENSP00000341625.4,18,ENST00000340533.9
ENSP00000341637.4,50,ENST00000338965.9
ENSP00000341657.3,12,ENST00000341541.8
ENSP00000341679.5,14,ENST00000341426.9
ENSP00000341680.6,14,ENST00000344537.10
ENSP00000341684.5,184,ENST00000344762.6
ENSP00000341785.5,42,ENST00000340990.10
ENSP00000341805.4,60,ENST00000339209.9
ENSP00000341815.7,28,ENST00000340356.9
ENSP00000341838.5,16,ENST00000344887.10
ENSP00000341848.5,283,ENST00000340645.9
ENSP00000341874.3,25,ENST00000339486.8
ENSP00000341885.4,23,ENST00000343262.9
ENSP00000341903.4,53,ENST00000339514.8
ENSP00000341905.5,10,ENST00000343625.12
ENSP00000341911.4,53,ENST00000338448.10
ENSP00000341947.3,131,ENST00000340417.8
ENSP00000341957.7,80,ENST00000343537.12
ENSP00000342015.3,11,ENST00000344111.4
ENSP00000342023.6,73,ENST00000340253.10
ENSP00000342026.5,12,ENST00000340385.6
ENSP00000342056.3,47,ENST00000351328.8
ENSP00000342075.6,33,ENST00000341199.10
ENSP00000342105.4,35,ENST00000344096.4
ENSP00000342112.4,192,ENST00000341547.8
ENSP00000342118.6,17,ENST00000343410.7
ENSP00000342136.2,23,ENST00000353704.3
ENSP00000342148.7,10,ENST00000338272.9
ENSP00000342169.2,43,ENST00000352903.6
ENSP00000342194.2,34,ENST00000341919.7
ENSP00000342222.7,24,ENST00000338560.12
ENSP00000342235.4,7,ENST00000342788.9
ENSP00000342254.4,0,ENST00000342683.6
ENSP00000342262.2,20,ENST00000340413.7
ENSP00000342267.4,33,ENST00000338625.9
ENSP00000342307.2,83,ENST00000342628.6
ENSP00000342313.3,25,ENST00000342066.8
ENSP00000342322.4,36,ENST00000343028.9
ENSP00000342379.4,55,ENST00000341712.8
ENSP00000342434.4,52,ENST00000339594.9
ENSP00000342481.5,57,ENST00000338821.6
ENSP00000342499.4,82,ENST00000341170.5
ENSP00000342502.6,40,ENST00000343818.11
ENSP00000342510.3,121,ENST00000341893.8
ENSP00000342513.4,21,ENST00000339145.8
ENSP00000342576.4,44,ENST00000344962.9
ENSP00000342604.7,127,ENST00000338891.12
ENSP00000342609.2,13,ENST00000340967.3
ENSP00000342676.3,9,ENST00000338370.7
ENSP00000342680.2,13,ENST00000342995.4
ENSP00000342755.4,19,ENST00000345093.9
ENSP00000342778.4,6,ENST00000344034.5
ENSP00000342787.3,10,ENST00000344063.7
ENSP00000342793.4,73,ENST00000351298.9
ENSP00000342800.5,100,ENST00000340811.9
ENSP00000342818.6,14,ENST00000343381.10
ENSP00000342828.7,19,ENST00000344586.9
ENSP00000342832.3,10,ENST00000339468.8
ENSP00000342840.2,43,ENST00000344791.6
ENSP00000342848.2,19,ENST00000341349.6
ENSP00000342889.3,2,ENST00000353107.8
ENSP00000342895.3,19,ENST00000340344.4
ENSP00000342924.5,60,ENST00000344683.10
ENSP00000342962.3,15,ENST00000339697.5
ENSP00000342974.4,106,ENST00000343325.9
ENSP00000343002.4,82,ENST00000343307.5
ENSP00000343032.5,25,ENST00000340852.9
ENSP00000343054.3,68,ENST00000347869.8
ENSP00000343103.5,29,ENST00000339507.9
ENSP00000343118.5,0,ENST00000341942.9
ENSP00000343140.3,7,ENST00000340369.4
ENSP00000343144.3,45,ENST00000353265.8
ENSP00000343190.3,21,ENST00000342932.8
ENSP00000343205.2,54,ENST00000343796.6
ENSP00000343242.4,1,ENST00000343855.6
ENSP00000343248.4,37,ENST00000341901.5
ENSP00000343273.4,60,ENST00000339077.10
ENSP00000343325.4,68,ENST00000342216.8
ENSP00000343339.4,23,ENST00000343948.8
ENSP00000343396.4,26,ENST00000341550.9
ENSP00000343398.4,100,ENST00000342462.5
ENSP00000343405.2,63,ENST00000339365.2
ENSP00000343435.5,17,ENST00000339413.11
ENSP00000343479.5,84,ENST00000341165.10
ENSP00000343507.2,14,ENST00000344458.6
ENSP00000343515.5,55,ENST00000343484.10
ENSP00000343526.4,24,ENST00000339950.5
ENSP00000343535.4,72,ENST00000344836.9
ENSP00000343552.5,24,ENST00000343813.10
ENSP00000343581.1,103,ENST00000351218.6
ENSP00000343593.5,11,ENST00000340630.9
ENSP00000343619.6,47,ENST00000343483.7
ENSP00000343629.4,161,ENST00000338920.8
ENSP00000343633.3,72,ENST00000340553.8
ENSP00000343635.6,31,ENST00000343629.11
ENSP00000343656.6,23,ENST00000344041.10
ENSP00000343657.6,28,ENST00000340941.11
ENSP00000343701.6,19,ENST00000344337.11
ENSP00000343706.1,11,ENST00000342972.3
ENSP00000343709.5,11,ENST00000338523.9
ENSP00000343741.4,197,ENST00000350721.9
ENSP00000343742.5,24,ENST00000340934.10
ENSP00000343746.5,11,ENST00000343933.9
ENSP00000343764.6,251,ENST00000342992.10
ENSP00000343818.4,87,ENST00000349780.9
ENSP00000343867.3,10,ENST00000344641.8
ENSP00000343885.5,23,ENST00000341695.10
ENSP00000343890.4,14,ENST00000343938.9
ENSP00000343930.3,33,ENST00000338591.8
ENSP00000343966.4,32,ENST00000338910.9
ENSP00000344002.6,150,ENST00000346177.6
ENSP00000344055.4,32,ENST00000345016.9
ENSP00000344087.4,157,ENST00000342771.10
ENSP00000344106.4,0,ENST00000339997.8
ENSP00000344112.4,26,ENST00000345005.8
ENSP00000344125.2,109,ENST00000344697.3
ENSP00000344148.3,117,ENST00000341697.7
ENSP00000344155.6,251,ENST00000341511.11
ENSP00000344162.4,12,ENST00000343979.6
ENSP00000344173.2,9,ENST00000339582.7
ENSP00000344208.2,43,ENST00000341469.7
ENSP00000344220.4,100,ENST00000342085.9
ENSP00000344223.3,100,ENST00000343411.8
ENSP00000344241.3,23,ENST00000344318.4
ENSP00000344242.4,12,ENST00000339431.9
ENSP00000344254.3,17,ENST00000342879.7
ENSP00000344259.5,21,ENST00000342192.9
ENSP00000344299.4,21,ENST00000340434.5
ENSP00000344308.2,151,ENST00000342427.6
ENSP00000344314.6,152,ENST00000340096.11
ENSP00000344338.3,10,ENST00000341298.3
ENSP00000344352.4,19,ENST00000341491.9
ENSP00000344393.4,11,ENST00000341162.8
ENSP00000344401.4,15,ENST00000345080.5
ENSP00000344424.4,36,ENST00000342745.5
ENSP00000344432.5,25,ENST00000340083.6
ENSP00000344446.4,70,ENST00000343958.9
ENSP00000344460.5,13,ENST00000352178.9
ENSP00000344468.6,56,ENST00000339394.7
ENSP00000344479.4,12,ENST00000339562.9
ENSP00000344488.4,39,ENST00000342232.5
ENSP00000344537.4,59,ENST00000344095.8
ENSP00000344544.3,15,ENST00000346872.8
ENSP00000344547.7,11,ENST00000341369.11
ENSP00000344562.5,39,ENST00000345068.9
ENSP00000344566.4,15,ENST00000339818.9
ENSP00000344635.2,12,ENST00000340828.7
ENSP00000344648.2,65,ENST00000352133.3
ENSP00000344666.5,33,ENST00000338641.10
ENSP00000344672.5,370,ENST00000343505.9
ENSP00000344683.4,56,ENST00000338399.9
ENSP00000344741.4,30,ENST00000340368.9
ENSP00000344772.5,17,ENST00000340305.9
ENSP00000344794.5,152,ENST00000340692.10
ENSP00000344828.4,96,ENST00000343776.10
ENSP00000344829.3,47,ENST00000338415.8
ENSP00000344831.5,34,ENST00000341119.10
ENSP00000344838.5,52,ENST00000349064.10
ENSP00000344855.3,69,ENST00000339235.4
ENSP00000344866.3,128,ENST00000341285.8
ENSP00000344868.7,19,ENST00000350320.10
ENSP00000344903.4,26,ENST00000343242.9
ENSP00000344937.4,142,ENST00000342179.9
ENSP00000344942.4,15,ENST00000344651.5
ENSP00000345023.1,11,ENST00000338595.7
ENSP00000345024.1,64,ENST00000340042.2
ENSP00000345064.3,124,ENST00000345127.9
ENSP00000345083.4,29,ENST00000342679.9
ENSP00000345096.6,77,ENST00000338791.11
ENSP00000345118.3,18,ENST00000342512.3
ENSP00000345133.5,12,ENST00000342711.6
ENSP00000345143.4,85,ENST00000338859.8
ENSP00000345147.4,39,ENST00000351817.5
ENSP00000345216.4,228,ENST00000339859.8
ENSP00000345229.4,9,ENST00000341772.5
ENSP00000345270.6,20,ENST00000341184.7
ENSP00000345281.5,10,ENST00000344450.9
ENSP00000345282.4,14,ENST00000340124.9
ENSP00000345285.5,11,ENST00000343106.9
ENSP00000345292.1,13,ENST00000349004.6
ENSP00000345341.6,18,ENST00000338961.11
ENSP00000345344.5,0,ENST00000343150.10
ENSP00000345347.5,17,ENST00000341423.10
ENSP00000345358.4,17,ENST00000343810.9
ENSP00000345359.6,54,ENST00000342480.7
ENSP00000345361.2,17,ENST00000353214.6
ENSP00000345405.4,57,ENST00000338502.8
ENSP00000345436.6,167,ENST00000343516.8
ENSP00000345445.4,14,ENST00000350028.5
ENSP00000345479.4,46,ENST00000339656.8
ENSP00000345492.2,79,ENST00000341259.7
ENSP00000345494.4,13,ENST00000342435.9
ENSP00000345528.5,35,ENST00000344420.10
ENSP00000345571.5,45,ENST00000343380.6
ENSP00000345580.5,12,ENST00000350690.10
ENSP00000345656.4,17,ENST00000340541.4
ENSP00000345672.5,13,ENST00000353047.11
ENSP00000345681.2,107,ENST00000341105.7
ENSP00000345719.4,42,ENST00000351698.5
ENSP00000345728.6,175,ENST00000341514.11
ENSP00000345731.2,41,ENST00000346964.6
ENSP00000345739.3,77,ENST00000340748.8
ENSP00000345752.6,38,ENST00000346299.10
ENSP00000345773.3,49,ENST00000341083.7
ENSP00000345785.3,40,ENST00000344575.5
ENSP00000345793.4,79,ENST00000352645.5
ENSP00000345808.2,89,ENST00000344936.7
ENSP00000345810.6,107,ENST00000342704.11
ENSP00000345826.3,30,ENST00000341744.8
ENSP00000345837.5,6,ENST00000342166.10
ENSP00000345848.4,6,ENST00000339399.5
ENSP00000345853.3,35,ENST00000342782.4
ENSP00000345895.3,71,ENST00000347635.9
ENSP00000345917.4,20,ENST00000343470.9
ENSP00000345923.4,56,ENST00000342274.8
ENSP00000345957.3,8,ENST00000343986.9
ENSP00000345984.6,51,ENST00000340026.10
ENSP00000346001.3,39,ENST00000216146.9
ENSP00000346012.5,12,ENST00000298289.7
ENSP00000346015.5,10,ENST00000314138.11
ENSP00000346037.5,12,ENST00000260379.11
ENSP00000346065.5,10,ENST00000316081.11
ENSP00000346067.4,26,ENST00000301821.11
ENSP00000346080.7,5,ENST00000295830.13
ENSP00000346088.3,9,ENST00000234875.9
ENSP00000346103.7,10,ENST00000354171.13
ENSP00000346120.4,4,ENST00000354185.9
ENSP00000346127.5,24,ENST00000354190.10
ENSP00000346130.4,8,ENST00000354193.5
ENSP00000346139.4,100,ENST00000354200.5
ENSP00000346151.4,36,ENST00000354212.9
ENSP00000346160.4,54,ENST00000354221.5
ENSP00000346175.5,39,ENST00000354234.8
ENSP00000346236.4,60,ENST00000354283.8
ENSP00000346255.3,25,ENST00000354300.5
ENSP00000346300.3,28,ENST00000354336.8
ENSP00000346335.3,139,ENST00000354366.8
ENSP00000346340.2,7,ENST00000354371.7
ENSP00000346348.3,43,ENST00000354377.8
ENSP00000346349.4,55,ENST00000354379.8
ENSP00000346359.6,186,ENST00000354386.10
ENSP00000346389.5,78,ENST00000354410.9
ENSP00000346420.2,106,ENST00000354436.6
ENSP00000346437.3,73,ENST00000354449.7
ENSP00000346466.4,40,ENST00000354475.5
ENSP00000346483.3,10,ENST00000354488.8
ENSP00000346534.4,82,ENST00000354534.11
ENSP00000346550.5,13,ENST00000354546.10
ENSP00000346599.4,14,ENST00000354586.5
ENSP00000346603.2,60,ENST00000354590.7
ENSP00000346613.6,59,ENST00000354599.10
ENSP00000346627.4,66,ENST00000354611.9
ENSP00000346634.5,29,ENST00000354618.10
ENSP00000346635.5,67,ENST00000354619.10
ENSP00000346667.2,243,ENST00000354646.6
ENSP00000346671.3,15,ENST00000354650.7
ENSP00000346693.3,33,ENST00000354666.4
ENSP00000346725.6,1,ENST00000354694.12
ENSP00000346729.3,34,ENST00000354698.8
ENSP00000346733.5,67,ENST00000354700.10
ENSP00000346761.3,25,ENST00000354724.8
ENSP00000346762.3,14,ENST00000354725.8
ENSP00000346809.3,59,ENST00000354764.9
ENSP00000346827.4,4,ENST00000354775.4
ENSP00000346874.3,22,ENST00000354817.8
ENSP00000346886.3,35,ENST00000354828.7
ENSP00000346890.7,64,ENST00000354831.11
ENSP00000346927.4,48,ENST00000354862.4
ENSP00000346931.1,10,ENST00000332290.3
ENSP00000346954.4,18,ENST00000354882.10
ENSP00000346956.4,34,ENST00000354884.8
ENSP00000347005.4,19,ENST00000354926.9
ENSP00000347032.5,28,ENST00000354947.10
ENSP00000347038.2,37,ENST00000354952.7
ENSP00000347043.2,94,ENST00000354957.8
ENSP00000347129.3,11,ENST00000355025.7
ENSP00000347152.3,45,ENST00000355044.8
ENSP00000347170.4,60,ENST00000355059.9
ENSP00000347182.2,118,ENST00000355070.6
ENSP00000347188.6,23,ENST00000355076.6
ENSP00000347198.3,80,ENST00000355086.8
ENSP00000347206.4,48,ENST00000355091.9
ENSP00000347213.2,12,ENST00000355097.7
ENSP00000347224.3,20,ENST00000355105.8
ENSP00000347232.3,162,ENST00000355112.8
ENSP00000347322.3,28,ENST00000355190.7
ENSP00000347324.3,20,ENST00000355192.8
ENSP00000347338.2,85,ENST00000355202.9
ENSP00000347345.4,27,ENST00000355209.9
ENSP00000347385.3,27,ENST00000355243.8
ENSP00000347427.6,115,ENST00000355280.11
ENSP00000347434.7,44,ENST00000355286.12
ENSP00000347444.4,200,ENST00000355295.5
ENSP00000347464.3,53,ENST00000355312.8
ENSP00000347469.3,12,ENST00000355315.8
ENSP00000347495.2,13,ENST00000355338.6
ENSP00000347498.4,45,ENST00000355341.8
ENSP00000347514.3,55,ENST00000355356.3
ENSP00000347538.2,13,ENST00000355377.7
ENSP00000347548.2,71,ENST00000355387.6
ENSP00000347583.1,46,ENST00000355415.7
ENSP00000347586.2,11,ENST00000355417.7
ENSP00000347602.3,77,ENST00000355431.8
ENSP00000347626.6,26,ENST00000355451.8
ENSP00000347648.3,34,ENST00000355467.6
ENSP00000347649.2,20,ENST00000355468.7
ENSP00000347655.5,34,ENST00000355472.10
ENSP00000347665.5,104,ENST00000355480.10
ENSP00000347672.2,28,ENST00000355485.7
ENSP00000347710.5,63,ENST00000355520.6
ENSP00000347717.4,32,ENST00000355527.8
ENSP00000347719.4,93,ENST00000355528.9
ENSP00000347730.1,82,ENST00000355537.4
ENSP00000347733.3,304,ENST00000355540.7
ENSP00000347767.4,36,ENST00000355568.8
ENSP00000347792.4,197,ENST00000355585.9
ENSP00000347821.4,69,ENST00000355610.9
ENSP00000347834.5,28,ENST00000355619.10
ENSP00000347836.3,33,ENST00000355621.8
ENSP00000347839.3,93,ENST00000355624.8
ENSP00000347872.2,1,ENST00000355653.8
ENSP00000347883.2,153,ENST00000355661.7
ENSP00000347896.3,178,ENST00000355673.8
ENSP00000347909.5,40,ENST00000355683.9
ENSP00000347915.4,116,ENST00000355689.6
ENSP00000347924.2,14,ENST00000355697.7
ENSP00000347942.3,11,ENST00000355710.8
ENSP00000347988.2,8,ENST00000355749.7
ENSP00000348010.6,70,ENST00000355765.11
ENSP00000348019.5,82,ENST00000355773.6
ENSP00000348043.4,24,ENST00000355790.8
ENSP00000348056.4,6,ENST00000355803.8
ENSP00000348086.7,106,ENST00000355830.11
ENSP00000348089.5,82,ENST00000355832.10
ENSP00000348099.2,22,ENST00000355841.7
ENSP00000348107.3,18,ENST00000355848.7
ENSP00000348108.5,34,ENST00000355849.10
ENSP00000348128.4,160,ENST00000355867.8
ENSP00000348157.5,26,ENST00000355893.11
ENSP00000348162.4,124,ENST00000355898.6
ENSP00000348163.3,19,ENST00000355899.8
ENSP00000348168.4,41,ENST00000355904.9
ENSP00000348206.4,7,ENST00000355937.9
ENSP00000348211.3,32,ENST00000355943.8
ENSP00000348215.2,105,ENST00000355946.6
ENSP00000348216.2,21,ENST00000355947.6
ENSP00000348278.4,68,ENST00000355999.5
ENSP00000348314.3,36,ENST00000356031.8
ENSP00000348349.5,318,ENST00000356056.10
ENSP00000348374.4,129,ENST00000356073.8
ENSP00000348380.4,109,ENST00000356079.9
ENSP00000348381.4,59,ENST00000356080.9
ENSP00000348385.3,371,ENST00000356083.8
ENSP00000348395.6,16,ENST00000356091.11
ENSP00000348442.3,36,ENST00000356126.8
ENSP00000348455.3,72,ENST00000356136.8
ENSP00000348461.4,32,ENST00000356142.4
ENSP00000348472.2,119,ENST00000356151.7
ENSP00000348478.6,12,ENST00000356157.12
ENSP00000348489.5,112,ENST00000356166.11
ENSP00000348498.3,241,ENST00000356175.7
ENSP00000348510.4,49,ENST00000356183.9
ENSP00000348538.5,15,ENST00000356208.10
ENSP00000348554.3,38,ENST00000356221.8
ENSP00000348564.3,171,ENST00000356231.4
ENSP00000348573.3,298,ENST00000356239.8
ENSP00000348596.5,51,ENST00000356260.10
ENSP00000348602.2,130,ENST00000356264.7
ENSP00000348632.6,41,ENST00000356286.10
ENSP00000348657.3,54,ENST00000356309.8
ENSP00000348668.2,28,ENST00000356317.8
ENSP00000348673.4,65,ENST00000356321.4
ENSP00000348685.5,30,ENST00000356331.9
ENSP00000348696.4,66,ENST00000356341.8
ENSP00000348708.2,134,ENST00000356352.6
ENSP00000348714.4,115,ENST00000356357.9
ENSP00000348752.2,22,ENST00000356387.6
ENSP00000348753.4,75,ENST00000356388.9
ENSP00000348757.3,19,ENST00000356392.9
ENSP00000348772.3,218,ENST00000356404.8
ENSP00000348775.4,55,ENST00000356406.10
ENSP00000348810.4,45,ENST00000356433.10
ENSP00000348821.4,13,ENST00000356443.9
ENSP00000348838.4,14,ENST00000356455.9
ENSP00000348842.6,80,ENST00000356458.7
ENSP00000348848.3,78,ENST00000356463.7
ENSP00000348877.3,67,ENST00000356487.11
ENSP00000348886.5,21,ENST00000356493.10
ENSP00000348924.3,9,ENST00000356530.5
ENSP00000348933.4,10,ENST00000356537.9
ENSP00000348959.3,69,ENST00000356554.7
ENSP00000348965.4,107,ENST00000360184.10
ENSP00000348982.4,111,ENST00000356575.9
ENSP00000348984.4,133,ENST00000356577.10
ENSP00000349016.4,13,ENST00000356607.9
ENSP00000349022.2,53,ENST00000356613.4
ENSP00000349041.2,14,ENST00000356628.4
ENSP00000349049.3,46,ENST00000356634.7
ENSP00000349053.3,19,ENST00000356638.8
ENSP00000349078.6,11,ENST00000356657.10
ENSP00000349124.5,49,ENST00000356692.10
ENSP00000349143.4,115,ENST00000356709.9
ENSP00000349147.4,32,ENST00000356713.5
ENSP00000349161.3,30,ENST00000356725.9
ENSP00000349168.5,50,ENST00000356731.9
ENSP00000349181.5,13,ENST00000356742.9
ENSP00000349192.3,49,ENST00000356751.8
ENSP00000349205.3,108,ENST00000356763.8
ENSP00000349212.3,2,ENST00000356769.7
ENSP00000349238.5,143,ENST00000356786.10
ENSP00000349259.4,51,ENST00000356805.9
ENSP00000349274.2,123,ENST00000356818.7
ENSP00000349281.4,23,ENST00000356824.9
ENSP00000349293.6,74,ENST00000356836.10
ENSP00000349297.5,48,ENST00000356839.10
ENSP00000349298.3,57,ENST00000356840.8
ENSP00000349320.3,139,ENST00000356860.8
ENSP00000349358.3,25,ENST00000356891.4
ENSP00000349396.4,10,ENST00000356924.9
ENSP00000349401.2,92,ENST00000356929.3
ENSP00000349415.7,11,ENST00000356940.11
ENSP00000349420.5,25,ENST00000356942.9
ENSP00000349430.2,11,ENST00000356950.2
ENSP00000349458.3,37,ENST00000356971.3
ENSP00000349467.4,0,ENST00000356978.9
ENSP00000349477.3,22,ENST00000356986.8
ENSP00000349503.4,41,ENST00000357006.8
ENSP00000349541.4,13,ENST00000357037.6
ENSP00000349543.4,18,ENST00000357039.9
ENSP00000349568.3,12,ENST00000357060.8
ENSP00000349575.2,36,ENST00000357066.8
ENSP00000349588.4,276,ENST00000357077.9
ENSP00000349593.4,12,ENST00000357082.8
ENSP00000349596.2,25,ENST00000357085.5
ENSP00000349597.4,275,ENST00000357086.10
ENSP00000349629.3,88,ENST00000357115.9
ENSP00000349636.4,52,ENST00000357122.8
ENSP00000349654.5,11,ENST00000357134.10
ENSP00000349658.4,24,ENST00000357137.9
ENSP00000349687.3,7,ENST00000357164.4
ENSP00000349689.6,26,ENST00000357166.11
ENSP00000349708.4,71,ENST00000357182.9
ENSP00000349723.3,36,ENST00000357195.8
ENSP00000349732.3,13,ENST00000357203.8
ENSP00000349748.5,26,ENST00000357214.6
ENSP00000349762.4,36,ENST00000357227.9
ENSP00000349781.5,102,ENST00000357242.10
ENSP00000349803.3,12,ENST00000357258.8
ENSP00000349805.5,11,ENST00000357260.6
ENSP00000349823.4,64,ENST00000357276.9
ENSP00000349824.3,13,ENST00000357277.8
ENSP00000349863.3,52,ENST00000357311.7
ENSP00000349874.4,43,ENST00000357321.9
ENSP00000349877.6,57,ENST00000357324.11
ENSP00000349878.5,0,ENST00000357325.10
ENSP00000349893.3,31,ENST00000357338.3
ENSP00000349923.4,12,ENST00000357360.4
ENSP00000349959.3,374,ENST00000357387.8
ENSP00000349970.4,16,ENST00000357394.8
ENSP00000350012.3,48,ENST00000357430.8
ENSP00000350032.2,69,ENST00000357447.7
ENSP00000350036.4,12,ENST00000357450.9
ENSP00000350049.4,56,ENST00000357460.7
ENSP00000350078.3,32,ENST00000357485.8
ENSP00000350098.4,1,ENST00000357500.5
ENSP00000350102.2,22,ENST00000357503.3
ENSP00000350124.5,28,ENST00000357519.9
ENSP00000350136.3,26,ENST00000357529.7
ENSP00000350162.2,14,ENST00000357552.8
ENSP00000350170.3,21,ENST00000357559.9
ENSP00000350195.2,305,ENST00000357582.3
ENSP00000350198.2,15,ENST00000357585.4
ENSP00000350223.3,147,ENST00000357606.7
ENSP00000350249.3,82,ENST00000357628.8
ENSP00000350260.5,17,ENST00000357635.10
ENSP00000350267.6,113,ENST00000357641.10
ENSP00000350278.4,54,ENST00000357650.9
ENSP00000350295.4,52,ENST00000357666.8
ENSP00000350331.6,29,ENST00000357700.11
ENSP00000350353.3,24,ENST00000357721.3
ENSP00000350359.2,44,ENST00000357727.7
ENSP00000350369.4,20,ENST00000357736.9
ENSP00000350378.4,12,ENST00000357743.9
ENSP00000350386.2,61,ENST00000357749.7
ENSP00000350401.3,40,ENST00000357758.3
ENSP00000350413.4,14,ENST00000357769.4
ENSP00000350447.4,132,ENST00000357799.9
ENSP00000350467.3,2,ENST00000357814.8
ENSP00000350491.5,43,ENST00000338193.11
ENSP00000350509.4,12,ENST00000357847.9
ENSP00000350512.4,15,ENST00000357849.9
ENSP00000350534.4,273,ENST00000357867.8
ENSP00000350547.2,102,ENST00000357877.7
ENSP00000350560.3,14,ENST00000357887.7
ENSP00000350576.4,43,ENST00000357901.5
ENSP00000350630.3,57,ENST00000357947.4
ENSP00000350633.4,30,ENST00000357949.5
ENSP00000350651.4,107,ENST00000357967.9
ENSP00000350680.3,35,ENST00000357991.7
ENSP00000350681.4,41,ENST00000357992.9
ENSP00000350686.5,45,ENST00000357997.10
ENSP00000350695.3,23,ENST00000358005.7
ENSP00000350698.3,27,ENST00000358007.7
ENSP00000350704.4,21,ENST00000358011.8
ENSP00000350708.3,26,ENST00000358015.8
ENSP00000350719.3,1422,ENST00000358025.7
ENSP00000350734.4,65,ENST00000358039.9
ENSP00000350815.3,104,ENST00000358102.8
ENSP00000350848.2,0,ENST00000358130.7
ENSP00000350869.3,23,ENST00000358149.8
ENSP00000350881.4,33,ENST00000358160.9
ENSP00000350896.3,134,ENST00000358173.8
ENSP00000350928.3,98,ENST00000358196.8
ENSP00000350934.4,74,ENST00000358201.9
ENSP00000350937.4,50,ENST00000358204.9
ENSP00000350949.3,30,ENST00000358215.8
ENSP00000350961.4,8,ENST00000358227.5
ENSP00000350967.6,47,ENST00000358232.11
ENSP00000351008.2,14,ENST00000358268.6
ENSP00000351035.4,33,ENST00000358290.9
ENSP00000351040.3,58,ENST00000358293.7
ENSP00000351052.4,27,ENST00000358303.9
ENSP00000351066.7,10,ENST00000358314.12
ENSP00000351113.4,484,ENST00000358350.9
ENSP00000351132.3,166,ENST00000358365.7
ENSP00000351137.3,38,ENST00000358368.5
ENSP00000351138.4,49,ENST00000358369.8
ENSP00000351141.4,23,ENST00000358372.8
ENSP00000351147.2,48,ENST00000358377.7
ENSP00000351155.7,64,ENST00000358385.12
ENSP00000351157.5,18,ENST00000358387.9
ENSP00000351159.4,18,ENST00000358389.7
ENSP00000351181.5,12,ENST00000358406.10
ENSP00000351185.3,94,ENST00000358410.8
ENSP00000351209.5,71,ENST00000358432.8
ENSP00000351245.2,138,ENST00000358461.6
ENSP00000351250.2,70,ENST00000358465.7
ENSP00000351255.4,17,ENST00000358470.8
ENSP00000351284.3,81,ENST00000358495.8
ENSP00000351310.6,34,ENST00000358511.10
ENSP00000351314.4,32,ENST00000358514.9
ENSP00000351318.2,62,ENST00000358517.6
ENSP00000351329.4,13,ENST00000358528.9
ENSP00000351333.4,10,ENST00000358531.9
ENSP00000351338.4,234,ENST00000358536.8
ENSP00000351345.4,21,ENST00000358543.9
ENSP00000351380.5,9,ENST00000358572.10
ENSP00000351407.5,93,ENST00000358595.10
ENSP00000351409.3,40,ENST00000358597.7
ENSP00000351416.4,131,ENST00000358602.9
ENSP00000351490.4,5,ENST00000358664.9
ENSP00000351492.2,8,ENST00000358666.7
ENSP00000351507.2,33,ENST00000358679.3
ENSP00000351520.4,78,ENST00000358689.9
ENSP00000351524.5,232,ENST00000358691.10
ENSP00000351536.5,36,ENST00000358701.10
ENSP00000351539.4,53,ENST00000358704.4
ENSP00000351554.3,45,ENST00000358715.3
ENSP00000351589.3,2,ENST00000358739.4
ENSP00000351593.1,45,ENST00000358743.5
ENSP00000351605.4,129,ENST00000358755.5
ENSP00000351614.2,21,ENST00000358763.7
ENSP00000351619.2,38,ENST00000358769.7
ENSP00000351631.5,76,ENST00000358780.10
ENSP00000351644.6,13,ENST00000358792.11
ENSP00000351664.3,146,ENST00000358807.8
ENSP00000351665.2,89,ENST00000358808.6
ENSP00000351669.4,40,ENST00000358812.9
ENSP00000351684.2,161,ENST00000358823.6
ENSP00000351697.3,499,ENST00000358835.7
ENSP00000351737.7,16,ENST00000358867.11
ENSP00000351740.2,12,ENST00000358869.5
ENSP00000351770.4,25,ENST00000358897.8
ENSP00000351777.6,15,ENST00000358901.11
ENSP00000351789.4,75,ENST00000358912.5
ENSP00000351811.5,98,ENST00000358933.10
ENSP00000351813.2,18,ENST00000358935.3
ENSP00000351832.2,193,ENST00000358951.7
ENSP00000351908.4,140,ENST00000359015.5
ENSP00000351926.4,46,ENST00000359032.9
ENSP00000351933.4,31,ENST00000359039.5
ENSP00000351937.2,48,ENST00000359042.6
ENSP00000352011.5,24,ENST00000359106.10
ENSP00000352021.4,2,ENST00000359114.9
ENSP00000352119.2,10,ENST00000359193.3
ENSP00000352138.6,162,ENST00000359209.11
ENSP00000352167.3,43,ENST00000359232.8
ENSP00000352172.5,38,ENST00000359236.10
ENSP00000352185.4,102,ENST00000359246.9
ENSP00000352216.2,37,ENST00000359271.4
ENSP00000352252.3,13,ENST00000359303.4
ENSP00000352257.4,41,ENST00000359308.8
ENSP00000352264.5,20,ENST00000359314.5
ENSP00000352265.4,15,ENST00000359315.6
ENSP00000352271.1,40,ENST00000359321.2
ENSP00000352288.4,189,ENST00000359337.9
ENSP00000352299.1,81,ENST00000359345.5
ENSP00000352314.4,6,ENST00000359358.9
ENSP00000352320.4,19,ENST00000359362.6
ENSP00000352400.5,217,ENST00000359428.10
ENSP00000352401.6,19,ENST00000359429.11
ENSP00000352408.3,27,ENST00000359435.8
ENSP00000352444.2,74,ENST00000359467.8
ENSP00000352510.7,284,ENST00000359520.12
ENSP00000352513.2,6,ENST00000359523.7
ENSP00000352522.2,21,ENST00000359530.7
ENSP00000352527.3,99,ENST00000359534.4
ENSP00000352536.2,60,ENST00000359541.6
ENSP00000352540.3,2,ENST00000359543.8
ENSP00000352572.5,165,ENST00000359568.10
ENSP00000352581.6,136,ENST00000359576.9
ENSP00000352601.4,112,ENST00000359591.9
ENSP00000352603.4,51,ENST00000359593.9
ENSP00000352606.4,45,ENST00000359595.8
ENSP00000352608.2,7,ENST00000359596.8
ENSP00000352614.5,124,ENST00000359600.6
ENSP00000352627.3,4,ENST00000359611.4
ENSP00000352642.4,19,ENST00000359623.9
ENSP00000352645.5,105,ENST00000359626.10
ENSP00000352665.3,84,ENST00000359644.7
ENSP00000352676.4,42,ENST00000359653.4
ENSP00000352678.4,42,ENST00000359655.9
ENSP00000352706.5,20,ENST00000359678.10
ENSP00000352721.6,20,ENST00000359692.10
ENSP00000352821.5,7,ENST00000359775.10
ENSP00000352836.3,100,ENST00000359788.9
ENSP00000352842.5,28,ENST00000359794.11
ENSP00000352918.6,9,ENST00000359856.11
ENSP00000352927.3,261,ENST00000359865.7
ENSP00000352928.3,0,ENST00000359866.9
ENSP00000352941.3,37,ENST00000359878.8
ENSP00000352956.3,12,ENST00000359890.8
ENSP00000352962.2,60,ENST00000359894.6
ENSP00000352992.4,29,ENST00000359918.8
ENSP00000353007.4,112,ENST00000359930.8
ENSP00000353010.4,429,ENST00000359933.6
ENSP00000353030.4,133,ENST00000359947.9
ENSP00000353042.3,0,ENST00000359957.8
ENSP00000353098.3,51,ENST00000360003.7
ENSP00000353099.5,12,ENST00000360004.5
ENSP00000353104.2,39,ENST00000360009.6
ENSP00000353109.3,114,ENST00000360013.7
ENSP00000353114.4,94,ENST00000333244.6
ENSP00000353129.3,10,ENST00000360029.4
ENSP00000353132.3,14,ENST00000360032.4
ENSP00000353174.7,22,ENST00000360064.7
ENSP00000353246.5,11,ENST00000360128.11
ENSP00000353249.4,52,ENST00000360131.5
ENSP00000353270.4,22,ENST00000360150.9
ENSP00000353314.3,13,ENST00000360187.9
ENSP00000353344.3,33,ENST00000360214.8
ENSP00000353355.4,35,ENST00000360221.8
ENSP00000353375.6,44,ENST00000360240.10
ENSP00000353388.4,87,ENST00000360252.8
ENSP00000353393.4,49,ENST00000360256.9
ENSP00000353395.4,26,ENST00000360258.8
ENSP00000353408.5,13,ENST00000360270.7
ENSP00000353422.3,317,ENST00000360280.8
ENSP00000353444.5,18,ENST00000360299.10
ENSP00000353463.3,28,ENST00000360315.7
ENSP00000353470.2,20,ENST00000360321.7
ENSP00000353491.2,21,ENST00000360338.4
ENSP00000353512.2,37,ENST00000360356.6
ENSP00000353518.3,73,ENST00000360359.5
ENSP00000353538.3,47,ENST00000360375.8
ENSP00000353544.3,264,ENST00000360380.7
ENSP00000353557.4,53,ENST00000360388.9
ENSP00000353575.2,20,ENST00000360403.7
ENSP00000353582.3,193,ENST00000360409.7
ENSP00000353608.4,78,ENST00000360428.9
ENSP00000353646.5,251,ENST00000360461.9
ENSP00000353654.5,244,ENST00000360467.7
ENSP00000353660.5,14,ENST00000360472.9
ENSP00000353664.3,6,ENST00000360476.8
ENSP00000353679.2,12,ENST00000360490.7
ENSP00000353731.3,11,ENST00000360534.8
ENSP00000353732.3,10,ENST00000360535.9
ENSP00000353734.2,45,ENST00000360537.6
ENSP00000353735.2,117,ENST00000360538.7
ENSP00000353739.5,71,ENST00000360540.9
ENSP00000353741.5,30,ENST00000360541.10
ENSP00000353769.2,68,ENST00000360565.8
ENSP00000353785.5,37,ENST00000360578.7
ENSP00000353793.3,102,ENST00000360586.8
ENSP00000353804.2,27,ENST00000360596.7
ENSP00000353824.4,20,ENST00000360612.5
ENSP00000353826.2,21,ENST00000360614.8
ENSP00000353850.3,36,ENST00000360635.7
ENSP00000353854.2,106,ENST00000360639.6
ENSP00000353868.2,66,ENST00000360652.7
ENSP00000353871.4,56,ENST00000360655.8
ENSP00000353910.5,158,ENST00000360689.9
ENSP00000353942.3,14,ENST00000360716.8
ENSP00000353998.2,27,ENST00000360768.5
ENSP00000354004.3,73,ENST00000360772.7
ENSP00000354040.4,9,ENST00000360803.9
ENSP00000354061.2,171,ENST00000360820.7
ENSP00000354080.3,10,ENST00000360835.9
ENSP00000354085.2,24,ENST00000360839.7
ENSP00000354086.5,12,ENST00000360840.9
ENSP00000354091.2,32,ENST00000360845.3
ENSP00000354111.4,16,ENST00000360864.9
ENSP00000354119.5,4,ENST00000360872.9
ENSP00000354125.4,22,ENST00000360876.9
ENSP00000354163.2,48,ENST00000304189.6
ENSP00000354201.5,36,ENST00000360943.10
ENSP00000354206.3,134,ENST00000360947.8
ENSP00000354213.2,48,ENST00000360954.3
ENSP00000354218.4,106,ENST00000360957.10
ENSP00000354223.6,8,ENST00000360961.11
ENSP00000354251.2,57,ENST00000360982.2
ENSP00000354305.1,21,ENST00000361028.5
ENSP00000354340.4,58,ENST00000361055.9
ENSP00000354346.4,20,ENST00000361059.7
ENSP00000354347.4,20,ENST00000361060.5
ENSP00000354357.2,1,ENST00000361066.7
ENSP00000354360.4,106,ENST00000361069.9
ENSP00000354361.4,36,ENST00000361070.9
ENSP00000354377.4,56,ENST00000361085.9
ENSP00000354387.4,14,ENST00000361092.9
ENSP00000354394.4,12,ENST00000361099.8
ENSP00000354414.4,26,ENST00000361113.10
ENSP00000354415.5,29,ENST00000361114.10
ENSP00000354436.4,49,ENST00000361175.8
ENSP00000354441.4,27,ENST00000361684.8
ENSP00000354451.2,89,ENST00000361170.7
ENSP00000354476.4,37,ENST00000361204.9
ENSP00000354478.4,10,ENST00000361725.5
ENSP00000354482.4,53,ENST00000361443.4
ENSP00000354485.4,62,ENST00000361733.8
ENSP00000354486.2,293,ENST00000361924.6
ENSP00000354498.2,97,ENST00000361417.6
ENSP00000354499.2,38,ENST00000361624.2
ENSP00000354501.3,23,ENST00000361822.8
ENSP00000354504.2,28,ENST00000361209.6
ENSP00000354505.2,345,ENST00000361603.7
ENSP00000354511.6,12,ENST00000361682.11
ENSP00000354513.2,32,ENST00000361901.6
ENSP00000354518.3,33,ENST00000361952.5
ENSP00000354522.2,42,ENST00000361337.3
ENSP00000354525.2,11,ENST00000361531.6
ENSP00000354532.6,8,ENST00000361505.10
ENSP00000354543.2,66,ENST00000361875.7
ENSP00000354547.4,41,ENST00000361584.5
ENSP00000354553.1,25,ENST00000362007.6
ENSP00000354554.2,14,ENST00000361789.2
ENSP00000354558.4,280,ENST00000361445.9
ENSP00000354560.2,59,ENST00000361580.7
ENSP00000354571.3,14,ENST00000361756.8
ENSP00000354580.2,10,ENST00000362034.7
ENSP00000354583.3,33,ENST00000361618.4
ENSP00000354590.3,8,ENST00000361731.4
ENSP00000354597.4,143,ENST00000361217.9
ENSP00000354607.3,125,ENST00000295417.4
ENSP00000354609.6,23,ENST00000361530.11
ENSP00000354610.4,15,ENST00000361355.8
ENSP00000354616.5,28,ENST00000361198.9
ENSP00000354621.1,42,ENST00000361125.1
ENSP00000354622.1,80,ENST00000361677.5
ENSP00000354623.3,159,ENST00000362057.4
ENSP00000354632.2,17,ENST00000361899.2
ENSP00000354633.4,22,ENST00000361288.9
ENSP00000354645.5,33,ENST00000361720.10
ENSP00000354652.2,23,ENST00000296533.3
ENSP00000354665.2,19,ENST00000361681.2
ENSP00000354671.2,230,ENST00000361297.7
ENSP00000354673.4,58,ENST00000361528.8
ENSP00000354676.4,20,ENST00000361564.9
ENSP00000354681.3,34,ENST00000361908.8
ENSP00000354686.2,60,ENST00000362063.6
ENSP00000354687.2,11,ENST00000361390.2
ENSP00000354688.2,6,ENST00000361432.3
ENSP00000354718.2,179,ENST00000361243.6
ENSP00000354720.5,33,ENST00000361804.5
ENSP00000354724.5,13,ENST00000362003.9
ENSP00000354728.1,11,ENST00000361335.1
ENSP00000354732.5,4,ENST00000361473.9
ENSP00000354739.5,17,ENST00000361436.10
ENSP00000354742.4,57,ENST00000361565.9
ENSP00000354762.5,2,ENST00000328434.8
ENSP00000354772.3,27,ENST00000361171.8
ENSP00000354774.3,22,ENST00000361840.8
ENSP00000354775.2,32,ENST00000361189.7
ENSP00000354777.3,65,ENST00000361722.7
ENSP00000354794.3,134,ENST00000361524.8
ENSP00000354812.5,2,ENST00000361256.10
ENSP00000354813.2,47,ENST00000361567.2
ENSP00000354814.5,102,ENST00000361936.9
ENSP00000354829.2,35,ENST00000361781.7
ENSP00000354830.2,20,ENST00000273990.6
ENSP00000354848.4,11,ENST00000361983.7
ENSP00000354850.3,15,ENST00000361464.8
ENSP00000354851.3,191,ENST00000361961.7
ENSP00000354855.3,50,ENST00000362042.8
ENSP00000354876.1,14,ENST00000361739.1
ENSP00000354910.1,45,ENST00000361474.6
ENSP00000354911.2,21,ENST00000361717.4
ENSP00000354912.2,156,ENST00000361470.4
ENSP00000354913.3,141,ENST00000361499.7
ENSP00000354916.6,26,ENST00000361544.11
ENSP00000354917.2,213,ENST00000361462.7
ENSP00000354920.3,32,ENST00000361735.4
ENSP00000354942.2,45,ENST00000361991.6
ENSP00000354947.2,14,ENST00000361183.8
ENSP00000354957.5,32,ENST00000361138.7
ENSP00000354960.4,64,ENST00000361927.9
ENSP00000354961.2,14,ENST00000361381.2
ENSP00000354964.2,124,ENST00000361428.3
ENSP00000354972.5,91,ENST00000361671.10
ENSP00000354982.2,23,ENST00000362079.2
ENSP00000354997.4,40,ENST00000361311.4
ENSP00000355001.2,20,ENST00000361360.4
ENSP00000355010.3,22,ENST00000361420.8
ENSP00000355011.4,12,ENST00000361891.9
ENSP00000355013.2,43,ENST00000361367.7
ENSP00000355014.1,48,ENST00000361478.1
ENSP00000355022.4,33,ENST00000361837.9
ENSP00000355028.3,103,ENST00000361582.8
ENSP00000355031.2,26,ENST00000361923.2
ENSP00000355046.4,38,ENST00000361453.3
ENSP00000355050.6,13,ENST00000361383.11
ENSP00000355051.4,8,ENST00000338366.6
ENSP00000355053.3,114,ENST00000361328.7
ENSP00000355060.3,139,ENST00000361221.8
ENSP00000355077.4,23,ENST00000361439.9
ENSP00000355094.3,14,ENST00000361752.8
ENSP00000355114.3,58,ENST00000361264.9
ENSP00000355124.3,7,ENST00000361566.7
ENSP00000355141.2,82,ENST00000361547.7
ENSP00000355162.2,37,ENST00000304337.3
ENSP00000355179.2,141,ENST00000361387.6
ENSP00000355180.3,27,ENST00000361866.8
ENSP00000355185.2,175,ENST00000361384.7
ENSP00000355204.3,11,ENST00000361488.7
ENSP00000355206.2,5,ENST00000361227.2
ENSP00000355217.5,29,ENST00000362031.10
ENSP00000355228.5,14,ENST00000361427.6
ENSP00000355231.3,18,ENST00000361523.8
ENSP00000355237.2,66,ENST00000361246.7
ENSP00000355243.2,62,ENST00000361762.3
ENSP00000355245.6,23,ENST00000361487.7
ENSP00000355250.3,94,ENST00000361413.8
ENSP00000355251.5,20,ENST00000361518.10
ENSP00000355260.4,32,ENST00000361131.5
ENSP00000355261.5,62,ENST00000361813.5
ENSP00000355265.1,7,ENST00000361851.1
ENSP00000355279.4,38,ENST00000361272.9
ENSP00000355304.2,91,ENST00000361847.7
ENSP00000355306.3,27,ENST00000361605.4
ENSP00000355308.3,21,ENST00000361271.8
ENSP00000355317.3,45,ENST00000361771.7
ENSP00000355319.2,65,ENST00000361786.7
ENSP00000355325.6,11,ENST00000361611.11
ENSP00000355330.2,12,ENST00000361475.7
ENSP00000355340.3,14,ENST00000361441.5
ENSP00000355374.3,11,ENST00000361711.7
ENSP00000355377.4,13,ENST00000361640.5
ENSP00000355384.3,62,ENST00000361193.8
ENSP00000355385.4,9,ENST00000361574.10
ENSP00000355387.6,11,ENST00000361900.10
ENSP00000355388.4,105,ENST00000361479.10
ENSP00000355396.4,87,ENST00000361127.6
ENSP00000355428.5,10,ENST00000366472.6
ENSP00000355437.3,38,ENST00000366481.4
ENSP00000355459.2,23,ENST00000366503.3
ENSP00000355465.1,289,ENST00000326225.3
ENSP00000355467.3,17,ENST00000366510.4
ENSP00000355470.4,122,ENST00000366513.9
ENSP00000355471.4,22,ENST00000366514.5
ENSP00000355492.4,23,ENST00000366534.9
ENSP00000355493.3,10,ENST00000366535.4
ENSP00000355506.3,75,ENST00000366548.8
ENSP00000355512.2,118,ENST00000366554.3
ENSP00000355518.4,16,ENST00000366560.4
ENSP00000355521.1,22,ENST00000366563.5
ENSP00000355536.5,51,ENST00000366577.10
ENSP00000355537.4,107,ENST00000366578.6
ENSP00000355541.3,84,ENST00000366582.8
ENSP00000355551.3,25,ENST00000366592.8
ENSP00000355566.4,14,ENST00000366607.5
ENSP00000355571.1,9,ENST00000366612.1
ENSP00000355580.3,13,ENST00000366621.8
ENSP00000355583.3,83,ENST00000366624.8
ENSP00000355587.4,6,ENST00000366628.10
ENSP00000355589.1,179,ENST00000366630.5
ENSP00000355599.3,36,ENST00000366639.9
ENSP00000355601.3,29,ENST00000366641.4
ENSP00000355605.2,19,ENST00000366645.1
ENSP00000355607.4,47,ENST00000366647.9
ENSP00000355609.2,13,ENST00000366649.7
ENSP00000355614.4,16,ENST00000366654.5
ENSP00000355621.4,116,ENST00000366661.9
ENSP00000355623.5,34,ENST00000366663.10
ENSP00000355629.4,47,ENST00000366669.9
ENSP00000355631.3,27,ENST00000366671.7
ENSP00000355632.4,28,ENST00000366672.5
ENSP00000355637.3,101,ENST00000344517.5
ENSP00000355645.3,13,ENST00000366684.7
ENSP00000355651.4,6,ENST00000366690.5
ENSP00000355658.2,3,ENST00000366697.6
ENSP00000355672.3,39,ENST00000366711.4
ENSP00000355675.2,10,ENST00000366714.3
ENSP00000355679.1,11,ENST00000366718.5
ENSP00000355696.1,16,ENST00000366735.5
ENSP00000355731.3,390,ENST00000366769.7
ENSP00000355747.3,35,ENST00000366783.8
ENSP00000355752.3,9,ENST00000366788.8
ENSP00000355759.5,28,ENST00000366794.10
ENSP00000355771.3,126,ENST00000366806.6
ENSP00000355777.5,11,ENST00000366812.6
ENSP00000355800.3,193,ENST00000366835.8
ENSP00000355812.3,35,ENST00000366847.9
ENSP00000355827.5,20,ENST00000366862.10
ENSP00000355847.2,84,ENST00000366882.6
ENSP00000355855.2,24,ENST00000366889.6
ENSP00000355880.3,16,ENST00000366913.8
ENSP00000355884.5,153,ENST00000366917.6
ENSP00000355889.2,43,ENST00000366922.3
ENSP00000355890.3,62,ENST00000366923.8
ENSP00000355895.5,23,ENST00000366928.10
ENSP00000355897.4,26,ENST00000366930.9
ENSP00000355899.3,0,ENST00000366932.4
ENSP00000355900.4,24,ENST00000366933.5
ENSP00000355902.3,39,ENST00000366935.8
ENSP00000355922.3,130,ENST00000366955.8
ENSP00000355923.4,123,ENST00000366956.10
ENSP00000355924.5,34,ENST00000366957.10
ENSP00000355927.3,75,ENST00000366960.8
ENSP00000355929.3,54,ENST00000366962.8
ENSP00000355938.4,85,ENST00000366971.9
ENSP00000355941.4,33,ENST00000366974.9
ENSP00000355944.3,12,ENST00000366977.8
ENSP00000355955.3,17,ENST00000366988.5
ENSP00000355958.4,38,ENST00000366991.5
ENSP00000355961.3,71,ENST00000366994.8
ENSP00000355964.4,36,ENST00000366997.9
ENSP00000355966.4,18,ENST00000366999.9
ENSP00000355968.4,54,ENST00000367001.5
ENSP00000355996.4,25,ENST00000367029.5
ENSP00000356000.3,242,ENST00000367033.4
ENSP00000356001.4,10,ENST00000367034.5
ENSP00000356015.4,7,ENST00000367048.5
ENSP00000356025.3,27,ENST00000367058.7
ENSP00000356031.4,41,ENST00000367064.9
ENSP00000356047.3,24,ENST00000367080.8
ENSP00000356056.3,12,ENST00000367089.8
ENSP00000356064.3,116,ENST00000367097.8
ENSP00000356104.4,8,ENST00000367136.5
ENSP00000356105.3,111,ENST00000367137.4
ENSP00000356107.3,26,ENST00000367139.8
ENSP00000356110.4,1,ENST00000367142.5
ENSP00000356113.3,24,ENST00000367145.4
ENSP00000356115.4,12,ENST00000367147.9
ENSP00000356125.5,36,ENST00000367157.6
ENSP00000356130.3,62,ENST00000367162.8
ENSP00000356134.4,17,ENST00000367166.5
ENSP00000356135.3,23,ENST00000367167.4
ENSP00000356143.1,38,ENST00000367175.1
ENSP00000356150.3,65,ENST00000367182.8
ENSP00000356155.3,171,ENST00000367187.7
ENSP00000356156.4,15,ENST00000367188.5
ENSP00000356170.4,63,ENST00000367202.9
ENSP00000356172.1,21,ENST00000367204.6
ENSP00000356202.5,35,ENST00000367233.10
ENSP00000356205.4,22,ENST00000367236.8
ENSP00000356209.2,25,ENST00000367240.6
ENSP00000356211.3,11,ENST00000367242.4
ENSP00000356218.4,15,ENST00000367249.9
ENSP00000356224.5,424,ENST00000367255.10
ENSP00000356230.3,43,ENST00000367261.8
ENSP00000356231.3,4,ENST00000367262.4
ENSP00000356234.3,69,ENST00000367265.9
ENSP00000356237.4,32,ENST00000367268.5
ENSP00000356256.4,5,ENST00000367287.5
ENSP00000356257.4,65,ENST00000367288.5
ENSP00000356263.3,39,ENST00000367294.4
ENSP00000356265.4,400,ENST00000367296.8
ENSP00000356280.3,25,ENST00000367311.5
ENSP00000356299.1,0,ENST00000367330.6
ENSP00000356308.1,10,ENST00000367339.7
ENSP00000356319.4,181,ENST00000367350.5
ENSP00000356320.3,48,ENST00000367351.4
ENSP00000356331.3,12,ENST00000367362.8
ENSP00000356355.4,25,ENST00000367385.9
ENSP00000356366.3,28,ENST00000367396.7
ENSP00000356379.4,236,ENST00000367409.9
ENSP00000356381.2,12,ENST00000367411.7
ENSP00000356389.5,26,ENST00000367419.10
ENSP00000356405.4,21,ENST00000367435.5
ENSP00000356410.3,13,ENST00000367440.3
ENSP00000356416.3,33,ENST00000367446.7
ENSP00000356425.3,22,ENST00000367455.8
ENSP00000356426.1,135,ENST00000367456.5
ENSP00000356433.4,76,ENST00000367463.5
ENSP00000356436.3,61,ENST00000367466.4
ENSP00000356437.3,148,ENST00000367467.8
ENSP00000356438.5,34,ENST00000367468.10
ENSP00000356444.1,17,ENST00000367474.2
ENSP00000356448.3,39,ENST00000367478.9
ENSP00000356451.3,207,ENST00000367481.7
ENSP00000356465.3,27,ENST00000367495.4
ENSP00000356468.3,33,ENST00000367498.8
ENSP00000356470.4,81,ENST00000367500.9
ENSP00000356476.5,34,ENST00000367506.10
ENSP00000356480.3,30,ENST00000367510.8
ENSP00000356481.3,48,ENST00000367511.4
ENSP00000356489.3,50,ENST00000367519.9
ENSP00000356515.3,368,ENST00000367545.7
ENSP00000356520.3,26,ENST00000367549.4
ENSP00000356529.5,21,ENST00000367558.6
ENSP00000356530.3,146,ENST00000367559.7
ENSP00000356537.6,9,ENST00000331872.11
ENSP00000356541.2,12,ENST00000367569.4
ENSP00000356542.1,21,ENST00000367570.5
ENSP00000356548.5,51,ENST00000367576.6
ENSP00000356549.4,5,ENST00000367577.7
ENSP00000356562.4,131,ENST00000367590.9
ENSP00000356563.4,22,ENST00000367591.5
ENSP00000356574.3,51,ENST00000367602.8
ENSP00000356576.1,159,ENST00000367604.6
ENSP00000356579.3,270,ENST00000367607.8
ENSP00000356581.3,20,ENST00000367609.8
ENSP00000356584.3,29,ENST00000367612.7
ENSP00000356591.3,12,ENST00000367619.8
ENSP00000356599.3,41,ENST00000367627.8
ENSP00000356602.3,23,ENST00000367630.9
ENSP00000356623.2,13,ENST00000367651.4
ENSP00000356630.2,62,ENST00000367658.3
ENSP00000356632.3,6,ENST00000367660.4
ENSP00000356641.3,61,ENST00000367669.8
ENSP00000356652.2,21,ENST00000367679.7
ENSP00000356658.2,25,ENST00000367685.5
ENSP00000356669.2,103,ENST00000367696.7
ENSP00000356674.4,74,ENST00000367701.9
ENSP00000356702.1,68,ENST00000367728.1
ENSP00000356705.1,65,ENST00000367731.5
ENSP00000356713.5,25,ENST00000367739.9
ENSP00000356723.3,12,ENST00000367749.4
ENSP00000356746.4,135,ENST00000367772.8
ENSP00000356782.3,14,ENST00000367808.8
ENSP00000356785.3,19,ENST00000367811.8
ENSP00000356788.4,12,ENST00000367814.8
ENSP00000356790.1,12,ENST00000367816.5
ENSP00000356795.3,12,ENST00000367821.8
ENSP00000356807.2,2,ENST00000367833.7
ENSP00000356811.5,23,ENST00000367837.10
ENSP00000356812.1,54,ENST00000367838.5
ENSP00000356817.3,70,ENST00000367843.7
ENSP00000356825.4,11,ENST00000367851.9
ENSP00000356840.2,85,ENST00000367866.7
ENSP00000356848.4,24,ENST00000367874.5
ENSP00000356849.1,27,ENST00000367875.1
ENSP00000356853.4,0,ENST00000367879.9
ENSP00000356864.3,8,ENST00000367889.8
ENSP00000356899.2,37,ENST00000367922.7
ENSP00000356918.1,12,ENST00000367941.7
ENSP00000356919.3,70,ENST00000367942.4
ENSP00000356920.4,29,ENST00000367943.5
ENSP00000356925.2,14,ENST00000367948.6
ENSP00000356940.3,70,ENST00000367963.8
ENSP00000356953.3,26,ENST00000367975.7
ENSP00000356954.3,68,ENST00000367976.4
ENSP00000356967.3,30,ENST00000367988.8
ENSP00000356972.3,14,ENST00000367993.7
ENSP00000356978.4,23,ENST00000367999.9
ENSP00000356981.3,82,ENST00000368002.8
ENSP00000356982.5,11,ENST00000368003.6
ENSP00000356985.3,39,ENST00000368006.8
ENSP00000356988.2,25,ENST00000368009.7
ENSP00000356989.3,8,ENST00000368010.4
ENSP00000357000.3,16,ENST00000368021.7
ENSP00000357040.2,106,ENST00000368061.3
ENSP00000357047.3,117,ENST00000368068.8
ENSP00000357052.3,10,ENST00000368073.7
ENSP00000357065.1,75,ENST00000368086.5
ENSP00000357069.2,15,ENST00000368090.5
ENSP00000357073.1,62,ENST00000368094.6
ENSP00000357077.5,8,ENST00000368097.9
ENSP00000357079.4,50,ENST00000368099.9
ENSP00000357110.2,1,ENST00000368128.6
ENSP00000357118.2,115,ENST00000368136.3
ENSP00000357131.2,94,ENST00000368149.3
ENSP00000357175.4,85,ENST00000368192.9
ENSP00000357199.4,38,ENST00000368216.9
ENSP00000357206.3,176,ENST00000368223.4
ENSP00000357218.3,31,ENST00000368235.8
ENSP00000357260.3,4,ENST00000368277.3
ENSP00000357265.1,20,ENST00000368282.1
ENSP00000357283.4,34,ENST00000368300.9
ENSP00000357288.4,11,ENST00000368305.9
ENSP00000357292.3,41,ENST00000368309.4
ENSP00000357304.3,46,ENST00000368321.8
ENSP00000357306.3,19,ENST00000368323.8
ENSP00000357320.5,28,ENST00000368336.10
ENSP00000357348.3,38,ENST00000368364.4
ENSP00000357362.3,48,ENST00000368378.7
ENSP00000357389.4,35,ENST00000368404.9
ENSP00000357392.3,25,ENST00000368407.8
ENSP00000357393.3,14,ENST00000368408.4
ENSP00000357394.3,22,ENST00000368409.8
ENSP00000357409.3,16,ENST00000368424.4
ENSP00000357425.4,44,ENST00000368440.5
ENSP00000357438.4,27,ENST00000368453.8
ENSP00000357440.4,32,ENST00000368455.9
ENSP00000357442.2,101,ENST00000368457.3
ENSP00000357448.3,33,ENST00000368463.8
ENSP00000357452.3,10,ENST00000368467.4
ENSP00000357453.3,55,ENST00000368468.4
ENSP00000357459.4,55,ENST00000368474.9
ENSP00000357470.3,13,ENST00000368485.8
ENSP00000357477.3,51,ENST00000368491.8
ENSP00000357480.3,20,ENST00000368494.4
ENSP00000357484.2,55,ENST00000368498.7
ENSP00000357535.3,13,ENST00000368547.4
ENSP00000357552.1,57,ENST00000368564.7
ENSP00000357565.3,91,ENST00000368576.8
ENSP00000357583.3,90,ENST00000368594.8
ENSP00000357588.3,35,ENST00000368599.4
ENSP00000357597.4,20,ENST00000368608.4
ENSP00000357603.3,37,ENST00000368614.8
ENSP00000357622.1,66,ENST00000368633.2
ENSP00000357625.5,22,ENST00000368636.8
ENSP00000357633.1,27,ENST00000368644.5
ENSP00000357637.3,65,ENST00000368648.8
ENSP00000357643.3,102,ENST00000368654.8
ENSP00000357644.4,13,ENST00000368655.5
ENSP00000357645.2,14,ENST00000368656.7
ENSP00000357651.5,103,ENST00000368662.10
ENSP00000357669.3,12,ENST00000368680.4
ENSP00000357674.5,12,ENST00000368685.6
ENSP00000357683.3,2,ENST00000368694.8
ENSP00000357748.5,26,ENST00000368759.5
ENSP00000357787.4,35,ENST00000368797.10
ENSP00000357801.3,8,ENST00000368811.8
ENSP00000357804.3,33,ENST00000368814.8
ENSP00000357812.1,48,ENST00000368822.5
ENSP00000357823.3,10,ENST00000368830.8
ENSP00000357829.2,17,ENST00000368836.7
ENSP00000357835.5,43,ENST00000368842.10
ENSP00000357838.5,21,ENST00000368845.6
ENSP00000357842.3,53,ENST00000368849.8
ENSP00000357844.4,59,ENST00000368851.10
ENSP00000357858.4,12,ENST00000368865.9
ENSP00000357861.5,35,ENST00000368868.10
ENSP00000357863.4,18,ENST00000329970.8
ENSP00000357868.4,89,ENST00000368874.8
ENSP00000357873.3,50,ENST00000358776.7
ENSP00000357879.4,14,ENST00000368884.8
ENSP00000357880.3,30,ENST00000368885.8
ENSP00000357882.3,43,ENST00000368887.7
ENSP00000357887.5,17,ENST00000368892.9
ENSP00000357901.4,0,ENST00000368905.9
ENSP00000357904.5,14,ENST00000368908.10
ENSP00000357907.3,75,ENST00000368911.8
ENSP00000357914.3,88,ENST00000368918.8
ENSP00000357917.3,6,ENST00000368921.5
ENSP00000357922.5,84,ENST00000368926.6
ENSP00000357927.3,20,ENST00000368931.8
ENSP00000357928.1,54,ENST00000368932.5
ENSP00000357965.4,108,ENST00000368969.8
ENSP00000357973.3,93,ENST00000368977.9
ENSP00000357980.3,66,ENST00000368984.8
ENSP00000357986.3,99,ENST00000368990.7
ENSP00000357998.4,29,ENST00000369002.9
ENSP00000358001.1,228,ENST00000369005.6
ENSP00000358010.6,17,ENST00000369014.10
ENSP00000358019.3,25,ENST00000369023.8
ENSP00000358022.2,0,ENST00000369026.3
ENSP00000358033.4,50,ENST00000369037.9
ENSP00000358042.4,50,ENST00000369046.8
ENSP00000358043.4,9,ENST00000369047.9
ENSP00000358059.3,15,ENST00000369063.8
ENSP00000358060.3,42,ENST00000369064.8
ENSP00000358071.3,76,ENST00000369075.8
ENSP00000358072.3,18,ENST00000369076.8
ENSP00000358081.4,9,ENST00000369085.8
ENSP00000358098.1,15,ENST00000369102.5
ENSP00000358099.2,7,ENST00000369103.3
ENSP00000358105.3,22,ENST00000369109.8
ENSP00000358120.4,25,ENST00000369124.5
ENSP00000358140.3,22,ENST00000369144.8
ENSP00000358142.3,46,ENST00000369146.8
ENSP00000358147.2,32,ENST00000369151.8
ENSP00000358149.1,31,ENST00000369153.2
ENSP00000358151.2,15,ENST00000369155.3
ENSP00000358159.2,179,ENST00000369162.7
ENSP00000358160.2,4,ENST00000369163.3
ENSP00000358164.1,22,ENST00000369167.2
ENSP00000358183.4,13,ENST00000369183.9
ENSP00000358210.4,10,ENST00000369208.8
ENSP00000358217.5,45,ENST00000369215.5
ENSP00000358247.1,65,ENST00000369244.7
ENSP00000358251.4,167,ENST00000369248.9
ENSP00000358262.4,47,ENST00000369258.8
ENSP00000358265.4,12,ENST00000369261.9
ENSP00000358272.4,14,ENST00000316149.8
ENSP00000358283.4,69,ENST00000369278.5
ENSP00000358301.2,15,ENST00000369295.4
ENSP00000358307.3,51,ENST00000369301.3
ENSP00000358309.4,106,ENST00000369303.9
ENSP00000358310.3,18,ENST00000369304.8
ENSP00000358312.3,73,ENST00000369306.8
ENSP00000358320.1,28,ENST00000369314.2
ENSP00000358335.3,37,ENST00000369329.8
ENSP00000358363.4,87,ENST00000369356.8
ENSP00000358374.3,65,ENST00000369367.8
ENSP00000358397.3,12,ENST00000369390.7
ENSP00000358400.3,407,ENST00000369393.8
ENSP00000358404.4,47,ENST00000369397.8
ENSP00000358413.3,47,ENST00000369405.7
ENSP00000358423.4,9,ENST00000369415.9
ENSP00000358451.4,27,ENST00000369443.10
ENSP00000358458.3,58,ENST00000369448.4
ENSP00000358464.5,66,ENST00000369452.9
ENSP00000358466.3,30,ENST00000369454.4
ENSP00000358474.1,4,ENST00000369462.5
ENSP00000358478.3,68,ENST00000369466.9
ENSP00000358482.1,50,ENST00000369470.1
ENSP00000358488.3,8,ENST00000369476.8
ENSP00000358495.1,161,ENST00000369483.5
ENSP00000358497.4,41,ENST00000369485.9
ENSP00000358501.5,25,ENST00000369489.10
ENSP00000358510.3,13,ENST00000369498.8
ENSP00000358515.4,11,ENST00000369503.9
ENSP00000358529.2,23,ENST00000369516.7
ENSP00000358532.3,198,ENST00000369519.4
ENSP00000358547.3,7,ENST00000369534.8
ENSP00000358548.4,13,ENST00000369535.5
ENSP00000358549.5,47,ENST00000369536.10
ENSP00000358554.3,1,ENST00000369541.4
ENSP00000358563.5,12,ENST00000369550.10
ENSP00000358565.4,21,ENST00000369552.9
ENSP00000358582.1,81,ENST00000369569.6
ENSP00000358590.3,468,ENST00000369577.8
ENSP00000358596.3,9,ENST00000369583.4
ENSP00000358616.4,5,ENST00000369603.10
ENSP00000358617.1,84,ENST00000369604.6
ENSP00000358628.1,76,ENST00000369615.5
ENSP00000358635.3,41,ENST00000369622.8
ENSP00000358674.4,11,ENST00000369660.9
ENSP00000358677.4,131,ENST00000369663.10
ENSP00000358695.3,122,ENST00000369681.10
ENSP00000358696.3,85,ENST00000369682.4
ENSP00000358698.4,12,ENST00000369684.5
ENSP00000358714.3,24,ENST00000369700.4
ENSP00000358716.4,37,ENST00000369702.5
ENSP00000358719.3,34,ENST00000369705.4
ENSP00000358723.3,24,ENST00000369709.3
ENSP00000358727.5,11,ENST00000369713.10
ENSP00000358737.3,28,ENST00000369722.8
ENSP00000358739.3,23,ENST00000369724.5
ENSP00000358747.3,22,ENST00000369732.4
ENSP00000358753.4,16,ENST00000369738.9
ENSP00000358762.3,54,ENST00000369747.8
ENSP00000358770.3,62,ENST00000369755.4
ENSP00000358777.2,18,ENST00000369762.7
ENSP00000358778.4,67,ENST00000369763.5
ENSP00000358784.2,9,ENST00000369769.4
ENSP00000358794.4,21,ENST00000369779.9
ENSP00000358810.3,65,ENST00000369795.8
ENSP00000358812.3,53,ENST00000369797.8
ENSP00000358813.2,41,ENST00000369798.7
ENSP00000358814.5,34,ENST00000369799.10
ENSP00000358815.5,8,ENST00000369800.6
ENSP00000358824.1,26,ENST00000369809.5
ENSP00000358831.4,37,ENST00000369816.5
ENSP00000358840.1,8,ENST00000369825.6
ENSP00000358851.4,22,ENST00000369836.9
ENSP00000358853.4,2,ENST00000369838.6
ENSP00000358854.3,59,ENST00000369839.4
ENSP00000358857.4,14,ENST00000369842.9
ENSP00000358862.3,61,ENST00000369847.4
ENSP00000358865.4,15,ENST00000369849.9
ENSP00000358866.3,87,ENST00000369850.10
ENSP00000358867.4,15,ENST00000369851.7
ENSP00000358880.4,38,ENST00000369864.5
ENSP00000358886.3,117,ENST00000369870.7
ENSP00000358888.3,54,ENST00000369872.4
ENSP00000358894.3,64,ENST00000369878.9
ENSP00000358896.3,7,ENST00000369880.8
ENSP00000358902.3,20,ENST00000369886.8
ENSP00000358904.1,97,ENST00000369888.6
ENSP00000358905.4,31,ENST00000369889.5
ENSP00000358909.4,12,ENST00000369893.10
ENSP00000358918.4,42,ENST00000369902.8
ENSP00000358921.4,9,ENST00000369905.9
ENSP00000358924.5,32,ENST00000369908.9
ENSP00000358925.2,19,ENST00000369909.6
ENSP00000358953.4,13,ENST00000369937.5
ENSP00000358956.1,21,ENST00000369940.7
ENSP00000358982.4,186,ENST00000369965.8
ENSP00000358983.3,81,ENST00000369966.8
ENSP00000358997.3,45,ENST00000369980.8
ENSP00000358999.4,26,ENST00000369982.5
ENSP00000359002.3,116,ENST00000369985.9
ENSP00000359025.3,18,ENST00000370008.4
ENSP00000359027.2,124,ENST00000370010.6
ENSP00000359039.5,12,ENST00000370022.9
ENSP00000359050.4,108,ENST00000370033.9
ENSP00000359052.3,85,ENST00000370035.8
ENSP00000359070.1,10,ENST00000370053.3
ENSP00000359073.4,36,ENST00000370056.9
ENSP00000359077.1,13,ENST00000370060.7
ENSP00000359095.1,28,ENST00000370078.2
ENSP00000359098.2,9,ENST00000370081.6
ENSP00000359119.3,10,ENST00000370101.8
ENSP00000359127.3,8,ENST00000370109.8
ENSP00000359128.5,6,ENST00000370110.5
ENSP00000359131.3,40,ENST00000370113.7
ENSP00000359151.3,21,ENST00000370132.8
ENSP00000359160.2,72,ENST00000370141.7
ENSP00000359170.4,10,ENST00000370151.9
ENSP00000359171.3,9,ENST00000370152.8
ENSP00000359181.3,35,ENST00000370162.8
ENSP00000359198.3,9,ENST00000370179.8
ENSP00000359206.3,40,ENST00000370187.8
ENSP00000359211.3,133,ENST00000370192.8
ENSP00000359219.6,23,ENST00000370200.6
ENSP00000359221.4,12,ENST00000370202.5
ENSP00000359222.4,11,ENST00000370203.9
ENSP00000359224.4,31,ENST00000370205.6
ENSP00000359225.4,17,ENST00000370206.9
ENSP00000359233.4,21,ENST00000370214.9
ENSP00000359240.1,20,ENST00000370220.1
ENSP00000359258.3,18,ENST00000370238.8
ENSP00000359269.2,21,ENST00000370249.3
ENSP00000359295.3,11,ENST00000370272.9
ENSP00000359297.3,12,ENST00000370274.8
ENSP00000359300.3,10,ENST00000370277.5
ENSP00000359305.3,11,ENST00000370282.8
ENSP00000359321.4,27,ENST00000370298.9
ENSP00000359323.4,47,ENST00000370300.8
ENSP00000359333.4,53,ENST00000370310.5
ENSP00000359345.2,26,ENST00000370321.8
ENSP00000359356.1,64,ENST00000370331.5
ENSP00000359364.3,34,ENST00000370339.8
ENSP00000359370.3,185,ENST00000370345.8
ENSP00000359380.2,14,ENST00000370355.3
ENSP00000359385.3,55,ENST00000370360.8
ENSP00000359393.3,14,ENST00000325307.12
ENSP00000359398.2,19,ENST00000370372.7
ENSP00000359410.4,12,ENST00000370383.5
ENSP00000359417.3,43,ENST00000370390.7
ENSP00000359423.3,105,ENST00000370396.7
ENSP00000359424.6,31,ENST00000370397.8
ENSP00000359434.3,14,ENST00000370406.8
ENSP00000359454.3,10,ENST00000370425.8
ENSP00000359464.3,84,ENST00000370435.5
ENSP00000359469.1,128,ENST00000370440.5
ENSP00000359474.3,30,ENST00000370445.5
ENSP00000359483.4,100,ENST00000370454.9
ENSP00000359489.2,12,ENST00000370460.7
ENSP00000359505.3,17,ENST00000370474.4
ENSP00000359506.5,30,ENST00000370475.9
ENSP00000359507.5,41,ENST00000370476.10
ENSP00000359518.3,12,ENST00000370487.5
ENSP00000359520.4,122,ENST00000370489.5
ENSP00000359526.4,21,ENST00000370495.6
ENSP00000359531.5,0,ENST00000370500.10
ENSP00000359539.5,9,ENST00000370508.7
ENSP00000359540.4,23,ENST00000370509.5
ENSP00000359552.3,47,ENST00000370521.8
ENSP00000359557.2,1,ENST00000370526.5
ENSP00000359575.4,31,ENST00000370544.10
ENSP00000359579.1,17,ENST00000370548.3
ENSP00000359581.4,29,ENST00000370550.10
ENSP00000359606.3,23,ENST00000370574.4
ENSP00000359607.4,11,ENST00000370575.5
ENSP00000359621.1,61,ENST00000370589.7
ENSP00000359629.3,37,ENST00000370597.8
ENSP00000359630.1,37,ENST00000370598.6
ENSP00000359643.3,46,ENST00000370611.4
ENSP00000359645.3,40,ENST00000320676.11
ENSP00000359660.3,33,ENST00000370626.4
ENSP00000359664.4,20,ENST00000370630.6
ENSP00000359665.3,30,ENST00000370631.3
ENSP00000359675.3,7,ENST00000370641.3
ENSP00000359685.4,7,ENST00000370651.7
ENSP00000359688.5,9,ENST00000370654.6
ENSP00000359693.1,13,ENST00000370659.1
ENSP00000359698.3,25,ENST00000370664.4
ENSP00000359719.3,5,ENST00000370685.7
ENSP00000359727.4,6,ENST00000370693.5
ENSP00000359742.4,104,ENST00000370708.8
ENSP00000359765.1,286,ENST00000370730.5
ENSP00000359768.4,71,ENST00000370733.5
ENSP00000359788.4,52,ENST00000370752.4
ENSP00000359793.3,11,ENST00000370757.8
ENSP00000359799.5,84,ENST00000370763.6
ENSP00000359802.3,54,ENST00000370766.8
ENSP00000359815.4,19,ENST00000370779.8
ENSP00000359818.1,54,ENST00000370782.6
ENSP00000359821.3,13,ENST00000370785.4
ENSP00000359830.3,96,ENST00000370794.7
ENSP00000359837.3,60,ENST00000370801.8
ENSP00000359848.3,14,ENST00000370812.8
ENSP00000359854.3,32,ENST00000370818.8
ENSP00000359864.3,30,ENST00000370828.4
ENSP00000359866.3,14,ENST00000370830.4
ENSP00000359873.2,22,ENST00000370836.6
ENSP00000359878.5,10,ENST00000370841.9
ENSP00000359892.5,103,ENST00000370855.5
ENSP00000359904.3,25,ENST00000370867.8
ENSP00000359910.4,0,ENST00000370873.9
ENSP00000359911.1,12,ENST00000370874.2
ENSP00000359925.1,58,ENST00000370888.6
ENSP00000359939.3,5,ENST00000370902.8
ENSP00000359958.3,0,ENST00000370920.8
ENSP00000359976.3,39,ENST00000370938.8
ENSP00000359982.4,67,ENST00000370944.9
ENSP00000359988.3,7,ENST00000370950.7
ENSP00000359990.3,40,ENST00000370952.4
ENSP00000360002.4,8,ENST00000370963.9
ENSP00000360005.5,77,ENST00000370966.9
ENSP00000360017.4,52,ENST00000370978.9
ENSP00000360021.3,3,ENST00000370982.4
ENSP00000360025.4,17,ENST00000370986.9
ENSP00000360033.4,27,ENST00000370994.8
ENSP00000360035.3,57,ENST00000370996.5
ENSP00000360054.1,9,ENST00000371015.6
ENSP00000360058.2,12,ENST00000371019.4
ENSP00000360060.3,17,ENST00000371021.5
ENSP00000360104.4,12,ENST00000371065.9
ENSP00000360107.4,77,ENST00000371068.11
ENSP00000360112.4,33,ENST00000371072.8
ENSP00000360120.1,49,ENST00000371079.6
ENSP00000360125.3,8,ENST00000371084.8
ENSP00000360129.4,104,ENST00000371088.5
ENSP00000360154.4,39,ENST00000371113.9
ENSP00000360157.2,83,ENST00000371116.4
ENSP00000360163.4,18,ENST00000371122.8
ENSP00000360183.4,60,ENST00000371141.8
ENSP00000360184.4,40,ENST00000371142.9
ENSP00000360202.1,48,ENST00000371160.5
ENSP00000360229.3,50,ENST00000371187.7
ENSP00000360247.3,41,ENST00000371204.4
ENSP00000360252.3,42,ENST00000371208.5
ENSP00000360266.2,11,ENST00000371222.4
ENSP00000360268.2,14,ENST00000371224.7
ENSP00000360270.3,38,ENST00000371226.8
ENSP00000360285.1,63,ENST00000371241.5
ENSP00000360290.4,34,ENST00000371244.9
ENSP00000360296.3,44,ENST00000371250.4
ENSP00000360305.3,21,ENST00000329399.7
ENSP00000360316.3,36,ENST00000371269.9
ENSP00000360327.3,84,ENST00000371279.4
ENSP00000360329.3,16,ENST00000371281.4
ENSP00000360366.3,21,ENST00000371316.3
ENSP00000360367.5,22,ENST00000371317.10
ENSP00000360386.4,14,ENST00000371335.4
ENSP00000360398.3,37,ENST00000371347.10
ENSP00000360412.3,28,ENST00000371361.3
ENSP00000360421.3,55,ENST00000371370.8
ENSP00000360423.1,70,ENST00000371372.6
ENSP00000360437.3,33,ENST00000371384.4
ENSP00000360462.3,42,ENST00000371408.7
ENSP00000360464.3,20,ENST00000371410.5
ENSP00000360472.4,12,ENST00000371418.9
ENSP00000360473.2,0,ENST00000371419.7
ENSP00000360475.4,40,ENST00000371421.9
ENSP00000360483.3,56,ENST00000371429.4
ENSP00000360488.3,29,ENST00000359204.5
ENSP00000360492.4,11,ENST00000371437.5
ENSP00000360497.2,3,ENST00000371442.4
ENSP00000360498.5,1,ENST00000371443.6
ENSP00000360515.1,40,ENST00000371460.5
ENSP00000360525.3,3,ENST00000371470.8
ENSP00000360532.3,51,ENST00000371477.4
ENSP00000360540.3,41,ENST00000371485.8
ENSP00000360541.3,72,ENST00000371486.4
ENSP00000360552.3,20,ENST00000371497.10
ENSP00000360569.3,38,ENST00000371514.8
ENSP00000360576.4,26,ENST00000371521.8
ENSP00000360583.1,31,ENST00000371528.2
ENSP00000360593.3,13,ENST00000371538.5
ENSP00000360609.1,44,ENST00000371554.2
ENSP00000360613.2,5,ENST00000371558.7
ENSP00000360623.3,24,ENST00000371568.8
ENSP00000360626.4,83,ENST00000371571.5
ENSP00000360635.2,89,ENST00000371579.7
ENSP00000360642.2,83,ENST00000371586.6
ENSP00000360645.4,30,ENST00000371589.9
ENSP00000360660.4,37,ENST00000371601.5
ENSP00000360662.2,49,ENST00000371602.9
ENSP00000360664.4,0,ENST00000313334.13
ENSP00000360671.4,10,ENST00000317881.9
ENSP00000360672.2,28,ENST00000371610.7
ENSP00000360682.3,22,ENST00000371620.4
ENSP00000360683.3,16,ENST00000371621.5
ENSP00000360688.4,16,ENST00000371626.9
ENSP00000360689.4,175,ENST00000371627.5
ENSP00000360690.3,63,ENST00000371628.8
ENSP00000360715.4,14,ENST00000371652.9
ENSP00000360718.3,19,ENST00000371655.4
ENSP00000360730.3,117,ENST00000371666.8
ENSP00000360757.4,44,ENST00000371692.9
ENSP00000360761.2,12,ENST00000371696.7
ENSP00000360764.1,46,ENST00000371699.5
ENSP00000360776.4,39,ENST00000371711.4
ENSP00000360777.3,61,ENST00000371712.4
ENSP00000360782.3,10,ENST00000371717.8
ENSP00000360797.5,62,ENST00000371732.10
ENSP00000360798.3,91,ENST00000371733.8
ENSP00000360817.1,305,ENST00000371752.5
ENSP00000360821.3,33,ENST00000371756.4
ENSP00000360850.1,8,ENST00000371785.5
ENSP00000360860.4,67,ENST00000371795.5
ENSP00000360869.3,35,ENST00000371804.4
ENSP00000360876.4,23,ENST00000371811.4
ENSP00000360882.3,232,ENST00000371817.8
ENSP00000360913.3,12,ENST00000371847.8
ENSP00000360968.3,11,ENST00000371901.4
ENSP00000360985.4,117,ENST00000371917.5
ENSP00000360992.1,39,ENST00000371924.5
ENSP00000361001.3,71,ENST00000371933.8
ENSP00000361008.2,14,ENST00000371940.1
ENSP00000361009.3,68,ENST00000371941.4
ENSP00000361043.4,82,ENST00000371975.9
ENSP00000361048.3,34,ENST00000371980.4
ENSP00000361052.3,55,ENST00000371984.8
ENSP00000361064.4,31,ENST00000371996.9
ENSP00000361066.3,159,ENST00000371998.8
ENSP00000361084.3,9,ENST00000372014.5
ENSP00000361095.4,35,ENST00000372025.5
ENSP00000361107.2,48,ENST00000372037.8
ENSP00000361120.3,13,ENST00000372050.8
ENSP00000361138.2,35,ENST00000372068.7
ENSP00000361140.3,29,ENST00000372070.7
ENSP00000361158.3,53,ENST00000372086.4
ENSP00000361162.5,53,ENST00000372090.6
ENSP00000361186.3,29,ENST00000372114.4
ENSP00000361207.3,4,ENST00000372134.6
ENSP00000361219.4,33,ENST00000372146.5
ENSP00000361231.1,19,ENST00000372158.6
ENSP00000361232.3,79,ENST00000372159.7
ENSP00000361245.4,56,ENST00000372172.5
ENSP00000361264.3,62,ENST00000372190.7
ENSP00000361266.3,85,ENST00000372192.4
ENSP00000361275.4,67,ENST00000372201.5
ENSP00000361289.4,49,ENST00000372215.5
ENSP00000361290.4,158,ENST00000372216.8
ENSP00000361298.4,8,ENST00000372224.9
ENSP00000361304.5,29,ENST00000372230.10
ENSP00000361306.3,99,ENST00000372232.8
ENSP00000361310.4,46,ENST00000372236.9
ENSP00000361311.3,21,ENST00000372237.8
ENSP00000361331.2,33,ENST00000372257.7
ENSP00000361359.3,25,ENST00000372285.8
ENSP00000361363.2,30,ENST00000372289.7
ENSP00000361384.4,29,ENST00000372310.8
ENSP00000361392.3,57,ENST00000372318.8
ENSP00000361411.3,13,ENST00000372336.4
ENSP00000361418.3,101,ENST00000372343.8
ENSP00000361423.2,93,ENST00000372348.7
ENSP00000361433.5,5,ENST00000372358.10
ENSP00000361446.3,115,ENST00000372371.8
ENSP00000361471.1,53,ENST00000372394.5
ENSP00000361473.3,181,ENST00000372396.4
ENSP00000361475.3,25,ENST00000372398.6
ENSP00000361486.3,46,ENST00000372409.8
ENSP00000361499.2,28,ENST00000372422.7
ENSP00000361512.4,15,ENST00000372435.10
ENSP00000361521.2,41,ENST00000372444.6
ENSP00000361524.3,11,ENST00000372447.7
ENSP00000361535.4,18,ENST00000372457.9
ENSP00000361540.1,24,ENST00000372462.1
ENSP00000361544.4,20,ENST00000372466.8
ENSP00000361557.3,20,ENST00000372479.7
ENSP00000361569.2,29,ENST00000372491.4
ENSP00000361584.1,38,ENST00000372506.5
ENSP00000361595.2,40,ENST00000372517.8
ENSP00000361599.4,0,ENST00000372521.9
ENSP00000361601.1,110,ENST00000372523.1
ENSP00000361602.4,18,ENST00000372524.5
ENSP00000361616.3,13,ENST00000372538.8
ENSP00000361620.1,49,ENST00000372542.5
ENSP00000361625.4,16,ENST00000372546.9
ENSP00000361626.3,44,ENST00000321358.12
ENSP00000361628.4,47,ENST00000372548.9
ENSP00000361642.3,37,ENST00000372561.4
ENSP00000361653.1,86,ENST00000372572.5
ENSP00000361658.2,96,ENST00000372577.2
ENSP00000361664.1,69,ENST00000372583.6
ENSP00000361667.3,13,ENST00000372586.4
ENSP00000361669.4,12,ENST00000372588.4
ENSP00000361673.3,43,ENST00000372592.8
ENSP00000361678.1,101,ENST00000372597.5
ENSP00000361686.3,32,ENST00000332211.10
ENSP00000361705.3,24,ENST00000372622.8
ENSP00000361708.3,8,ENST00000372625.8
ENSP00000361716.1,23,ENST00000372633.1
ENSP00000361725.4,2,ENST00000372642.5
ENSP00000361728.3,8,ENST00000372645.3
ENSP00000361731.5,39,ENST00000372648.10
ENSP00000361748.4,56,ENST00000372663.9
ENSP00000361770.3,9,ENST00000372685.8
ENSP00000361780.5,6,ENST00000372695.6
ENSP00000361788.1,30,ENST00000372703.1
ENSP00000361791.1,24,ENST00000372706.6
ENSP00000361803.3,50,ENST00000372718.8
ENSP00000361813.3,18,ENST00000372728.4
ENSP00000361818.3,13,ENST00000372733.3
ENSP00000361824.4,47,ENST00000372739.7
ENSP00000361834.3,24,ENST00000372748.8
ENSP00000361845.3,45,ENST00000372759.4
ENSP00000361857.4,394,ENST00000372771.5
ENSP00000361877.3,6,ENST00000372791.7
ENSP00000361883.3,20,ENST00000372797.7
ENSP00000361892.3,54,ENST00000372806.8
ENSP00000361898.6,94,ENST00000372811.10
ENSP00000361900.3,24,ENST00000372813.4
ENSP00000361903.2,36,ENST00000372816.3
ENSP00000361915.3,23,ENST00000372827.8
ENSP00000361923.5,2,ENST00000372833.6
ENSP00000361926.4,20,ENST00000372836.5
ENSP00000361927.2,3,ENST00000316594.6
ENSP00000361929.4,85,ENST00000372838.9
ENSP00000361930.3,2,ENST00000372839.7
ENSP00000361932.3,103,ENST00000372841.8
ENSP00000361942.4,40,ENST00000372851.8
ENSP00000361943.3,57,ENST00000372852.4
ENSP00000361944.4,0,ENST00000372853.9
ENSP00000361948.3,15,ENST00000372857.7
ENSP00000361965.4,33,ENST00000372874.9
ENSP00000361967.1,23,ENST00000372876.2
ENSP00000361980.1,12,ENST00000372889.5
ENSP00000361982.4,21,ENST00000372890.6
ENSP00000361993.3,8,ENST00000372902.4
ENSP00000361995.3,67,ENST00000372904.7
ENSP00000361998.3,10,ENST00000372907.7
ENSP00000362010.4,18,ENST00000372919.8
ENSP00000362013.4,43,ENST00000372922.8
ENSP00000362014.4,106,ENST00000372923.8
ENSP00000362018.1,99,ENST00000372927.5
ENSP00000362027.3,85,ENST00000372936.4
ENSP00000362036.3,9,ENST00000372945.8
ENSP00000362041.4,29,ENST00000372950.6
ENSP00000362058.3,12,ENST00000372967.3
ENSP00000362068.3,32,ENST00000372977.8
ENSP00000362070.4,60,ENST00000372979.9
ENSP00000362080.1,112,ENST00000372989.5
ENSP00000362082.5,0,ENST00000372991.9
ENSP00000362090.1,24,ENST00000372999.5
ENSP00000362092.3,26,ENST00000373001.4
ENSP00000362103.2,43,ENST00000373012.5
ENSP00000362105.4,10,ENST00000373014.5
ENSP00000362107.3,43,ENST00000373016.4
ENSP00000362110.4,30,ENST00000373019.5
ENSP00000362111.4,5,ENST00000373020.9
ENSP00000362115.3,54,ENST00000373024.8
ENSP00000362121.3,61,ENST00000373030.8
ENSP00000362127.3,113,ENST00000373036.5
ENSP00000362133.4,10,ENST00000373042.5
ENSP00000362135.2,20,ENST00000373044.3
ENSP00000362139.4,48,ENST00000373048.9
ENSP00000362144.3,36,ENST00000373053.7
ENSP00000362146.1,20,ENST00000373055.6
ENSP00000362153.3,9,ENST00000373062.8
ENSP00000362154.3,51,ENST00000373063.7
ENSP00000362155.5,69,ENST00000373064.9
ENSP00000362166.2,2,ENST00000373075.6
ENSP00000362170.4,75,ENST00000373078.5
ENSP00000362171.3,35,ENST00000373079.4
ENSP00000362187.1,73,ENST00000373095.6
ENSP00000362207.4,91,ENST00000373115.5
ENSP00000362208.5,21,ENST00000373116.6
ENSP00000362217.4,20,ENST00000373125.9
ENSP00000362221.3,55,ENST00000373129.7
ENSP00000362243.4,67,ENST00000373150.8
ENSP00000362260.3,70,ENST00000373165.7
ENSP00000362261.3,4,ENST00000373166.8
ENSP00000362268.2,8,ENST00000373173.7
ENSP00000362272.2,64,ENST00000373177.3
ENSP00000362273.4,26,ENST00000373178.5
ENSP00000362285.5,10,ENST00000373189.6
ENSP00000362287.3,82,ENST00000373191.9
ENSP00000362298.3,51,ENST00000373202.8
ENSP00000362300.4,68,ENST00000373204.6
ENSP00000362306.3,49,ENST00000373210.4
ENSP00000362308.5,6,ENST00000373212.6
ENSP00000362314.4,12,ENST00000373218.5
ENSP00000362329.2,16,ENST00000373232.8
ENSP00000362330.3,193,ENST00000373233.8
ENSP00000362334.3,10,ENST00000373237.4
ENSP00000362339.1,13,ENST00000373242.6
ENSP00000362340.2,36,ENST00000373243.7
ENSP00000362344.2,2,ENST00000373247.7
ENSP00000362352.3,6,ENST00000373255.9
ENSP00000362361.4,34,ENST00000373264.5
ENSP00000362372.4,137,ENST00000373275.5
ENSP00000362376.4,32,ENST00000373279.6
ENSP00000362381.5,70,ENST00000373284.10
ENSP00000362387.2,34,ENST00000373290.7
ENSP00000362409.3,37,ENST00000373312.4
ENSP00000362410.2,48,ENST00000373313.3
ENSP00000362413.4,0,ENST00000373316.5
ENSP00000362424.4,48,ENST00000373327.5
ENSP00000362435.3,11,ENST00000373337.3
ENSP00000362444.1,10,ENST00000373347.6
ENSP00000362446.4,116,ENST00000342483.5
ENSP00000362456.3,2,ENST00000373358.8
ENSP00000362463.3,13,ENST00000373365.5
ENSP00000362469.3,61,ENST00000373371.8
ENSP00000362481.4,35,ENST00000373383.9
ENSP00000362507.3,10,ENST00000373408.4
ENSP00000362532.4,24,ENST00000373433.9
ENSP00000362547.2,126,ENST00000373448.6
ENSP00000362550.4,76,ENST00000373451.9
ENSP00000362555.7,66,ENST00000373456.11
ENSP00000362560.4,17,ENST00000373461.9
ENSP00000362563.4,26,ENST00000373464.5
ENSP00000362574.5,28,ENST00000373475.10
ENSP00000362578.4,18,ENST00000373479.9
ENSP00000362588.5,52,ENST00000373489.10
ENSP00000362590.3,44,ENST00000373491.3
ENSP00000362592.4,39,ENST00000373493.10
ENSP00000362601.5,14,ENST00000373502.9
ENSP00000362608.5,81,ENST00000373509.6
ENSP00000362616.3,40,ENST00000373517.4
ENSP00000362634.3,44,ENST00000373534.4
ENSP00000362638.4,12,ENST00000329421.8
ENSP00000362639.3,70,ENST00000373538.8
ENSP00000362643.4,104,ENST00000373542.9
ENSP00000362649.3,17,ENST00000373548.8
ENSP00000362653.4,61,ENST00000373552.8
ENSP00000362656.4,48,ENST00000373555.9
ENSP00000362664.5,45,ENST00000373563.9
ENSP00000362674.3,33,ENST00000373573.9
ENSP00000362682.3,14,ENST00000373580.8
ENSP00000362687.3,67,ENST00000373585.8
ENSP00000362705.1,27,ENST00000373603.5
ENSP00000362707.3,14,ENST00000373605.7
ENSP00000362711.1,0,ENST00000373609.1
ENSP00000362718.5,21,ENST00000373616.9
ENSP00000362727.2,160,ENST00000373624.6
ENSP00000362728.3,5,ENST00000373625.8
ENSP00000362743.4,55,ENST00000373640.5
ENSP00000362744.4,19,ENST00000316084.10
ENSP00000362748.4,256,ENST00000373644.5
ENSP00000362751.4,75,ENST00000373647.9
ENSP00000362759.2,311,ENST00000373655.6
ENSP00000362760.3,22,ENST00000373656.4
ENSP00000362763.3,26,ENST00000373659.4
ENSP00000362768.3,68,ENST00000373664.8
ENSP00000362773.3,14,ENST00000373669.8
ENSP00000362774.1,158,ENST00000373670.5
ENSP00000362799.1,26,ENST00000373695.1
ENSP00000362803.5,8,ENST00000373699.6
ENSP00000362807.4,20,ENST00000373703.5
ENSP00000362813.3,79,ENST00000373709.8
ENSP00000362819.1,21,ENST00000373714.5
ENSP00000362820.5,0,ENST00000373715.11
ENSP00000362824.3,62,ENST00000373719.8
ENSP00000362836.2,64,ENST00000373731.7
ENSP00000362841.2,8,ENST00000373736.7
ENSP00000362863.4,28,ENST00000373758.5
ENSP00000362870.4,22,ENST00000373765.5
ENSP00000362873.3,7,ENST00000373768.4
ENSP00000362888.1,18,ENST00000373783.3
ENSP00000362894.3,38,ENST00000373789.8
ENSP00000362896.3,16,ENST00000373791.7
ENSP00000362900.4,2,ENST00000373795.7
ENSP00000362924.4,28,ENST00000373818.8
ENSP00000362931.2,30,ENST00000373825.7
ENSP00000362935.3,12,ENST00000373829.8
ENSP00000362936.3,10,ENST00000373830.4
ENSP00000362939.5,7,ENST00000373833.10
ENSP00000362942.3,101,ENST00000373836.4
ENSP00000362946.4,15,ENST00000373840.9
ENSP00000362978.3,62,ENST00000373871.8
ENSP00000362981.2,18,ENST00000373874.6
ENSP00000362991.5,51,ENST00000373884.6
ENSP00000362993.3,142,ENST00000373886.8
ENSP00000362994.3,23,ENST00000373887.8
ENSP00000363001.3,121,ENST00000373894.8
ENSP00000363003.3,71,ENST00000373896.8
ENSP00000363018.3,12,ENST00000322203.7
ENSP00000363019.3,13,ENST00000373910.9
ENSP00000363021.3,12,ENST00000373912.8
ENSP00000363023.3,124,ENST00000373913.7
ENSP00000363031.3,68,ENST00000373921.8
ENSP00000363040.3,40,ENST00000373930.4
ENSP00000363041.4,6,ENST00000333926.6
ENSP00000363043.3,23,ENST00000373932.3
ENSP00000363046.3,43,ENST00000373935.4
ENSP00000363054.4,12,ENST00000373943.9
ENSP00000363055.3,0,ENST00000373944.8
ENSP00000363064.3,47,ENST00000373953.8
ENSP00000363103.3,6,ENST00000373991.3
ENSP00000363123.2,172,ENST00000374011.6
ENSP00000363124.3,162,ENST00000374012.8
ENSP00000363135.3,65,ENST00000374023.8
ENSP00000363162.3,0,ENST00000374050.4
ENSP00000363191.1,2,ENST00000374078.5
ENSP00000363193.3,88,ENST00000374080.8
ENSP00000363205.3,28,ENST00000374092.9
ENSP00000363216.4,178,ENST00000374103.9
ENSP00000363228.3,0,ENST00000374114.8
ENSP00000363241.5,210,ENST00000374126.9
ENSP00000363250.3,15,ENST00000374135.9
ENSP00000363255.2,12,ENST00000374140.6
ENSP00000363257.3,57,ENST00000374142.9
ENSP00000363286.4,0,ENST00000374171.5
ENSP00000363291.4,32,ENST00000374176.8
ENSP00000363298.4,14,ENST00000374183.5
ENSP00000363315.4,18,ENST00000374199.9
ENSP00000363329.4,13,ENST00000374212.5
ENSP00000363339.1,85,ENST00000374222.5
ENSP00000363349.3,77,ENST00000374232.8
ENSP00000363360.3,12,ENST00000374242.9
ENSP00000363373.2,60,ENST00000374255.6
ENSP00000363377.3,19,ENST00000374259.8
ENSP00000363384.5,15,ENST00000374266.7
ENSP00000363388.4,59,ENST00000374270.8
ENSP00000363389.4,45,ENST00000374271.8
ENSP00000363391.3,8,ENST00000374273.8
ENSP00000363397.3,41,ENST00000374279.4
ENSP00000363398.3,14,ENST00000374280.4
ENSP00000363400.3,94,ENST00000374282.8
ENSP00000363416.4,21,ENST00000374298.4
ENSP00000363417.3,74,ENST00000374299.8
ENSP00000363419.3,26,ENST00000374301.7
ENSP00000363435.4,457,ENST00000374316.9
ENSP00000363458.4,21,ENST00000374338.5
ENSP00000363463.4,44,ENST00000374343.5
ENSP00000363478.4,17,ENST00000374358.5
ENSP00000363480.3,64,ENST00000374360.8
ENSP00000363482.2,123,ENST00000374362.6
ENSP00000363500.4,29,ENST00000374379.9
ENSP00000363506.5,17,ENST00000374385.10
ENSP00000363516.3,66,ENST00000374395.9
ENSP00000363520.4,56,ENST00000374399.9
ENSP00000363524.3,55,ENST00000374403.4
ENSP00000363558.3,98,ENST00000374435.3
ENSP00000363559.3,9,ENST00000374436.7
ENSP00000363590.3,49,ENST00000374466.4
ENSP00000363591.3,25,ENST00000374467.4
ENSP00000363593.2,70,ENST00000374469.6
ENSP00000363614.3,37,ENST00000374490.8
ENSP00000363616.3,153,ENST00000374492.8
ENSP00000363638.3,17,ENST00000374514.8
ENSP00000363641.5,10,ENST00000374517.6
ENSP00000363642.4,52,ENST00000374518.6
ENSP00000363656.2,50,ENST00000374531.6
ENSP00000363661.5,41,ENST00000342206.10
ENSP00000363667.1,149,ENST00000374541.4
ENSP00000363680.4,43,ENST00000374552.9
ENSP00000363708.4,120,ENST00000374580.10
ENSP00000363714.3,55,ENST00000374586.8
ENSP00000363753.3,8,ENST00000322940.11
ENSP00000363763.3,175,ENST00000374632.7
ENSP00000363779.5,77,ENST00000374647.10
ENSP00000363804.4,14,ENST00000374672.5
ENSP00000363824.3,22,ENST00000374692.8
ENSP00000363827.3,217,ENST00000374695.8
ENSP00000363836.4,51,ENST00000374704.8
ENSP00000363852.3,71,ENST00000374720.8
ENSP00000363868.3,43,ENST00000374736.8
ENSP00000363873.3,5,ENST00000374741.4
ENSP00000363880.1,53,ENST00000374748.5
ENSP00000363899.4,20,ENST00000374767.5
ENSP00000363914.3,61,ENST00000374782.7
ENSP00000363921.3,351,ENST00000374789.8
ENSP00000363929.2,463,ENST00000374796.6
ENSP00000363943.3,13,ENST00000374810.8
ENSP00000363972.3,23,ENST00000374839.8
ENSP00000363973.3,58,ENST00000374840.8
ENSP00000363984.1,87,ENST00000374851.1
ENSP00000363985.3,46,ENST00000374852.4
ENSP00000363999.4,14,ENST00000374865.5
ENSP00000364000.3,26,ENST00000374866.9
ENSP00000364003.4,203,ENST00000374869.8
ENSP00000364018.3,16,ENST00000374884.3
ENSP00000364028.6,55,ENST00000374893.11
ENSP00000364037.4,43,ENST00000374902.9
ENSP00000364119.2,27,ENST00000374980.3
ENSP00000364126.3,68,ENST00000374987.4
ENSP00000364133.4,33,ENST00000374994.9
ENSP00000364145.3,10,ENST00000375006.8
ENSP00000364150.3,76,ENST00000375011.4
ENSP00000364193.2,23,ENST00000375053.6
ENSP00000364204.3,47,ENST00000321556.5
ENSP00000364207.5,59,ENST00000375066.6
ENSP00000364236.3,41,ENST00000375095.3
ENSP00000364260.3,30,ENST00000375119.8
ENSP00000364261.3,31,ENST00000375120.4
ENSP00000364265.3,35,ENST00000375123.5
ENSP00000364270.5,28,ENST00000375128.5
ENSP00000364277.3,198,ENST00000375135.4
ENSP00000364289.3,45,ENST00000375147.8
ENSP00000364293.4,3,ENST00000375151.5
ENSP00000364295.3,35,ENST00000375153.8
ENSP00000364320.3,4,ENST00000330263.5
ENSP00000364324.2,86,ENST00000375180.7
ENSP00000364361.3,135,ENST00000375213.8
ENSP00000364379.1,38,ENST00000375231.5
ENSP00000364382.3,37,ENST00000375234.8
ENSP00000364390.3,26,ENST00000375242.7
ENSP00000364398.4,47,ENST00000375249.5
ENSP00000364403.3,378,ENST00000375254.8
ENSP00000364404.3,121,ENST00000375255.8
ENSP00000364405.4,30,ENST00000375256.5
ENSP00000364448.3,35,ENST00000375299.8
ENSP00000364449.1,109,ENST00000375300.6
ENSP00000364476.3,13,ENST00000375327.6
ENSP00000364490.3,47,ENST00000375341.8
ENSP00000364493.3,57,ENST00000375344.8
ENSP00000364514.2,50,ENST00000375365.2
ENSP00000364519.4,45,ENST00000375370.10
ENSP00000364526.1,85,ENST00000375377.2
ENSP00000364550.4,76,ENST00000375401.8
ENSP00000364555.1,13,ENST00000375406.2
ENSP00000364561.5,15,ENST00000375412.11
ENSP00000364580.3,64,ENST00000375431.9
ENSP00000364589.4,71,ENST00000375440.9
ENSP00000364591.4,55,ENST00000375442.8
ENSP00000364595.4,38,ENST00000375446.5
ENSP00000364613.2,22,ENST00000375464.7
ENSP00000364635.4,14,ENST00000375486.9
ENSP00000364645.3,122,ENST00000375495.8
ENSP00000364649.3,19,ENST00000375499.8
ENSP00000364662.3,53,ENST00000375512.3
ENSP00000364683.3,56,ENST00000375533.6
ENSP00000364685.3,13,ENST00000375535.4
ENSP00000364691.4,370,ENST00000375541.10
ENSP00000364699.3,14,ENST00000375549.8
ENSP00000364721.5,6,ENST00000375571.6
ENSP00000364737.3,43,ENST00000375587.8
ENSP00000364742.3,42,ENST00000375592.8
ENSP00000364754.3,123,ENST00000375604.6
ENSP00000364794.3,39,ENST00000375643.7
ENSP00000364839.4,130,ENST00000375687.10
ENSP00000364860.3,25,ENST00000375708.4
ENSP00000364864.3,45,ENST00000375712.4
ENSP00000364874.1,39,ENST00000375722.5
ENSP00000364883.5,31,ENST00000375731.9
ENSP00000364886.2,13,ENST00000375734.6
ENSP00000364888.4,35,ENST00000375736.8
ENSP00000364898.1,81,ENST00000375746.1
ENSP00000364902.3,33,ENST00000375749.8
ENSP00000364912.3,229,ENST00000375759.8
ENSP00000364926.1,41,ENST00000375771.5
ENSP00000364946.4,43,ENST00000375790.9
ENSP00000364956.3,113,ENST00000375799.8
ENSP00000364965.3,71,ENST00000375807.8
ENSP00000364976.3,5,ENST00000314355.7
ENSP00000364979.4,84,ENST00000375820.10
ENSP00000364986.3,37,ENST00000375826.4
ENSP00000365006.3,47,ENST00000375846.3
ENSP00000365007.3,41,ENST00000375847.8
ENSP00000365016.3,171,ENST00000375856.5
ENSP00000365019.3,21,ENST00000375859.4
ENSP00000365063.3,31,ENST00000375898.4
ENSP00000365070.4,41,ENST00000375905.8
ENSP00000365080.1,11,ENST00000375915.4
ENSP00000365113.4,55,ENST00000375946.8
ENSP00000365130.3,117,ENST00000375963.8
ENSP00000365147.4,20,ENST00000375980.9
ENSP00000365160.3,26,ENST00000375992.4
ENSP00000365162.2,12,ENST00000375994.6
ENSP00000365172.4,134,ENST00000376004.5
ENSP00000365174.3,11,ENST00000376006.7
ENSP00000365176.1,48,ENST00000376008.3
ENSP00000365198.2,89,ENST00000376030.7
ENSP00000365200.4,11,ENST00000376032.9
ENSP00000365201.2,17,ENST00000376033.3
ENSP00000365210.1,51,ENST00000376042.6
ENSP00000365230.2,27,ENST00000376062.6
ENSP00000365233.4,119,ENST00000376065.8
ENSP00000365251.3,120,ENST00000376083.7
ENSP00000365280.3,15,ENST00000376112.4
ENSP00000365318.4,13,ENST00000376148.9
ENSP00000365380.4,12,ENST00000376207.10
ENSP00000365388.5,65,ENST00000376215.10
ENSP00000365401.3,22,ENST00000376227.4
ENSP00000365402.5,14,ENST00000376228.9
ENSP00000365408.3,97,ENST00000376234.7
ENSP00000365426.1,6,ENST00000376250.6
ENSP00000365442.5,40,ENST00000376266.9
ENSP00000365458.4,25,ENST00000376281.8
ENSP00000365462.1,75,ENST00000376285.6
ENSP00000365477.2,54,ENST00000376300.7
ENSP00000365514.3,42,ENST00000376335.8
ENSP00000365522.3,9,ENST00000376344.8
ENSP00000365530.2,26,ENST00000376352.6
ENSP00000365533.4,36,ENST00000376355.7
ENSP00000365536.3,14,ENST00000376358.4
ENSP00000365550.2,85,ENST00000376371.7
ENSP00000365576.4,19,ENST00000376395.9
ENSP00000365606.5,12,ENST00000376423.8
ENSP00000365630.3,41,ENST00000376447.4
ENSP00000365637.3,56,ENST00000376454.8
ENSP00000365643.1,307,ENST00000376460.5
ENSP00000365682.3,80,ENST00000376499.8
ENSP00000365692.4,27,ENST00000376509.4
ENSP00000365693.3,18,ENST00000376510.8
ENSP00000365756.3,68,ENST00000376572.8
ENSP00000365757.4,36,ENST00000376573.9
ENSP00000365766.3,8,ENST00000376582.7
ENSP00000365773.3,15,ENST00000376588.4
ENSP00000365777.1,31,ENST00000376592.6
ENSP00000365782.4,76,ENST00000376597.9
ENSP00000365804.2,104,ENST00000376619.6
ENSP00000365830.2,61,ENST00000356454.5
ENSP00000365837.3,13,ENST00000376649.8
ENSP00000365840.4,46,ENST00000376652.9
ENSP00000365877.4,10,ENST00000376687.4
ENSP00000365891.4,11,ENST00000376701.5
ENSP00000365908.3,31,ENST00000376718.8
ENSP00000365919.5,52,ENST00000376729.10
ENSP00000365926.1,8,ENST00000376736.6
ENSP00000365931.4,39,ENST00000376741.5
ENSP00000365936.4,10,ENST00000376745.9
ENSP00000365938.3,104,ENST00000376747.8
ENSP00000365943.4,214,ENST00000376752.8
ENSP00000365950.3,0,ENST00000376759.8
ENSP00000365961.1,39,ENST00000376770.5
ENSP00000365962.4,67,ENST00000376771.9
ENSP00000366030.3,56,ENST00000376834.8
ENSP00000366032.3,2,ENST00000376836.8
ENSP00000366036.4,109,ENST00000376840.8
ENSP00000366050.5,6,ENST00000376854.6
ENSP00000366070.4,41,ENST00000376874.9
ENSP00000366093.2,14,ENST00000376896.8
ENSP00000366098.4,15,ENST00000376901.9
ENSP00000366109.1,30,ENST00000376911.1
ENSP00000366135.4,33,ENST00000376936.9
ENSP00000366144.2,24,ENST00000376945.4
ENSP00000366156.2,17,ENST00000376957.7
ENSP00000366157.4,45,ENST00000376958.5
ENSP00000366161.5,19,ENST00000376962.10
ENSP00000366179.3,32,ENST00000376980.8
ENSP00000366182.3,25,ENST00000376983.8
ENSP00000366221.3,160,ENST00000377022.8
ENSP00000366225.4,12,ENST00000377026.4
ENSP00000366237.3,22,ENST00000377038.8
ENSP00000366243.4,275,ENST00000377044.9
ENSP00000366244.4,52,ENST00000377045.9
ENSP00000366246.3,83,ENST00000377047.9
ENSP00000366265.4,89,ENST00000377065.8
ENSP00000366267.3,31,ENST00000377067.9
ENSP00000366271.3,127,ENST00000377071.9
ENSP00000366272.3,172,ENST00000377072.8
ENSP00000366273.4,25,ENST00000377073.4
ENSP00000366275.2,121,ENST00000377075.3
ENSP00000366283.2,69,ENST00000325089.7
ENSP00000366290.1,101,ENST00000377086.5
ENSP00000366306.1,44,ENST00000377102.5
ENSP00000366307.2,25,ENST00000377103.3
ENSP00000366347.4,61,ENST00000377142.5
ENSP00000366390.2,65,ENST00000377185.2
ENSP00000366396.3,71,ENST00000377191.5
ENSP00000366410.1,22,ENST00000377205.6
ENSP00000366413.4,19,ENST00000377208.7
ENSP00000366430.1,20,ENST00000377223.6
ENSP00000366453.4,7,ENST00000377245.9
ENSP00000366460.3,84,ENST00000377252.5
ENSP00000366465.1,64,ENST00000377255.3
ENSP00000366474.1,12,ENST00000377263.6
ENSP00000366475.3,273,ENST00000377264.8
ENSP00000366487.3,12,ENST00000377275.4
ENSP00000366509.2,44,ENST00000377294.3
ENSP00000366519.4,73,ENST00000377304.7
ENSP00000366525.2,13,ENST00000331825.11
ENSP00000366527.3,0,ENST00000340487.5
ENSP00000366542.1,83,ENST00000377325.2
ENSP00000366543.3,26,ENST00000377326.7
ENSP00000366557.2,57,ENST00000377340.6
ENSP00000366563.4,33,ENST00000377346.9
ENSP00000366603.3,4,ENST00000377386.8
ENSP00000366617.5,18,ENST00000377400.8
ENSP00000366618.2,16,ENST00000377401.3
ENSP00000366620.2,25,ENST00000377403.7
ENSP00000366628.4,9,ENST00000377411.5
ENSP00000366672.4,5,ENST00000377452.4
ENSP00000366679.2,10,ENST00000377459.3
ENSP00000366694.2,12,ENST00000377474.4
ENSP00000366702.5,97,ENST00000377482.10
ENSP00000366746.3,33,ENST00000377524.8
ENSP00000366748.3,20,ENST00000377526.4
ENSP00000366783.7,400,ENST00000377560.9
ENSP00000366789.4,11,ENST00000377566.9
ENSP00000366798.1,9,ENST00000377575.3
ENSP00000366800.5,21,ENST00000377577.10
ENSP00000366828.4,48,ENST00000377603.5
ENSP00000366829.3,56,ENST00000377604.8
ENSP00000366841.3,3,ENST00000377615.7
ENSP00000366854.3,15,ENST00000377627.7
ENSP00000366863.3,105,ENST00000377636.8
ENSP00000366876.4,32,ENST00000377648.5
ENSP00000366886.4,50,ENST00000377658.8
ENSP00000366901.5,21,ENST00000377673.10
ENSP00000366902.4,28,ENST00000377674.9
ENSP00000366915.4,39,ENST00000377687.6
ENSP00000366927.3,17,ENST00000377698.4
ENSP00000366934.5,53,ENST00000377705.6
ENSP00000366936.3,14,ENST00000377707.4
ENSP00000366937.2,16,ENST00000377708.7
ENSP00000366939.5,27,ENST00000377710.10
ENSP00000366945.2,13,ENST00000377716.6
ENSP00000366953.3,85,ENST00000377724.8
ENSP00000366997.4,31,ENST00000377767.9
ENSP00000366998.3,40,ENST00000377768.7
ENSP00000367013.3,24,ENST00000377782.7
ENSP00000367024.4,2,ENST00000377793.9
ENSP00000367029.4,21,ENST00000377798.9
ENSP00000367030.3,43,ENST00000377799.8
ENSP00000367034.3,8,ENST00000377803.4
ENSP00000367038.2,17,ENST00000377807.6
ENSP00000367049.3,0,ENST00000377818.4
ENSP00000367086.2,31,ENST00000377855.6
ENSP00000367096.2,149,ENST00000377865.7
ENSP00000367104.3,26,ENST00000377873.8
ENSP00000367122.2,13,ENST00000377890.6
ENSP00000367125.2,98,ENST00000377893.3
ENSP00000367151.3,142,ENST00000377918.8
ENSP00000367154.3,20,ENST00000377921.7
ENSP00000367173.4,80,ENST00000377939.5
ENSP00000367177.3,9,ENST00000377942.7
ENSP00000367193.2,12,ENST00000377957.4
ENSP00000367196.4,16,ENST00000377960.9
ENSP00000367202.3,22,ENST00000377966.4
ENSP00000367229.2,183,ENST00000377990.7
ENSP00000367230.4,39,ENST00000377991.9
ENSP00000367239.1,26,ENST00000378000.5
ENSP00000367265.4,31,ENST00000378026.5
ENSP00000367284.4,7,ENST00000378045.5
ENSP00000367299.3,23,ENST00000378060.9
ENSP00000367300.2,116,ENST00000378061.7
ENSP00000367316.3,86,ENST00000378076.4
ENSP00000367318.4,20,ENST00000378078.5
ENSP00000367330.4,5,ENST00000378090.9
ENSP00000367337.1,24,ENST00000378097.6
ENSP00000367343.3,84,ENST00000378103.7
ENSP00000367346.5,78,ENST00000378106.10
ENSP00000367356.4,152,ENST00000378116.9
ENSP00000367359.4,28,ENST00000378119.9
ENSP00000367398.4,300,ENST00000378156.9
ENSP00000367406.2,157,ENST00000378164.7
ENSP00000367407.3,36,ENST00000378165.9
ENSP00000367424.3,43,ENST00000378182.4
ENSP00000367440.4,14,ENST00000378198.9
ENSP00000367446.3,171,ENST00000378204.7
ENSP00000367453.4,12,ENST00000356189.6
ENSP00000367454.4,32,ENST00000378209.8
ENSP00000367459.3,10,ENST00000378214.8
ENSP00000367476.3,44,ENST00000378230.8
ENSP00000367494.3,137,ENST00000378247.8
ENSP00000367498.1,22,ENST00000378251.3
ENSP00000367527.2,73,ENST00000378278.7
ENSP00000367545.4,112,ENST00000378295.9
ENSP00000367552.2,48,ENST00000378302.7
ENSP00000367564.2,57,ENST00000378313.7
ENSP00000367570.3,37,ENST00000378319.8
ENSP00000367595.2,19,ENST00000378344.7
ENSP00000367615.3,23,ENST00000378364.8
ENSP00000367623.3,46,ENST00000378372.8
ENSP00000367629.4,51,ENST00000378378.9
ENSP00000367638.3,77,ENST00000378387.4
ENSP00000367644.1,51,ENST00000378392.6
ENSP00000367721.2,160,ENST00000378460.6
ENSP00000367755.3,23,ENST00000378494.8
ENSP00000367756.3,96,ENST00000378495.7
ENSP00000367762.2,59,ENST00000378501.2
ENSP00000367770.4,49,ENST00000378509.9
ENSP00000367787.3,52,ENST00000378526.9
ENSP00000367792.3,94,ENST00000378531.8
ENSP00000367794.3,16,ENST00000378533.4
ENSP00000367797.4,64,ENST00000378536.5
ENSP00000367808.4,21,ENST00000378546.9
ENSP00000367815.5,46,ENST00000378553.10
ENSP00000367817.3,78,ENST00000378555.8
ENSP00000367830.3,78,ENST00000378567.8
ENSP00000367835.3,24,ENST00000378572.8
ENSP00000367841.4,6,ENST00000378578.9
ENSP00000367848.4,24,ENST00000378585.7
ENSP00000367872.3,31,ENST00000378609.9
ENSP00000367879.3,21,ENST00000378616.5
ENSP00000367880.3,51,ENST00000378617.4
ENSP00000367882.4,6,ENST00000378619.4
ENSP00000367888.1,304,ENST00000378623.6
ENSP00000367893.3,38,ENST00000327347.10
ENSP00000367910.4,42,ENST00000378643.8
ENSP00000367911.4,24,ENST00000378644.5
ENSP00000367938.1,7,ENST00000378669.5
ENSP00000367939.3,4,ENST00000378670.8
ENSP00000367942.2,12,ENST00000378673.2
ENSP00000367965.2,42,ENST00000378693.4
ENSP00000367972.3,16,ENST00000378700.8
ENSP00000367991.2,8,ENST00000378719.7
ENSP00000367992.3,17,ENST00000378720.8
ENSP00000368017.4,126,ENST00000378743.9
ENSP00000368020.3,45,ENST00000378746.8
ENSP00000368024.5,33,ENST00000378750.10
ENSP00000368027.3,83,ENST00000378752.7
ENSP00000368030.5,56,ENST00000378755.9
ENSP00000368076.6,15,ENST00000378799.11
ENSP00000368079.4,14,ENST00000378802.5
ENSP00000368100.4,12,ENST00000378823.8
ENSP00000368102.3,10,ENST00000378825.5
ENSP00000368119.4,56,ENST00000378842.8
ENSP00000368129.3,43,ENST00000378852.7
ENSP00000368140.4,18,ENST00000378863.9
ENSP00000368144.3,11,ENST00000378867.7
ENSP00000368152.3,10,ENST00000378875.7
ENSP00000368169.5,83,ENST00000378891.9
ENSP00000368173.4,53,ENST00000378895.9
ENSP00000368215.1,83,ENST00000378933.5
ENSP00000368226.3,30,ENST00000378943.7
ENSP00000368244.4,11,ENST00000378961.9
ENSP00000368265.3,63,ENST00000378980.8
ENSP00000368273.4,12,ENST00000378988.5
ENSP00000368305.4,89,ENST00000379019.7
ENSP00000368314.3,126,ENST00000379028.8
ENSP00000368318.5,11,ENST00000379031.10
ENSP00000368320.1,14,ENST00000379034.1
ENSP00000368356.1,99,ENST00000379066.5
ENSP00000368370.2,11,ENST00000379079.8
ENSP00000368389.4,24,ENST00000379095.5
ENSP00000368391.3,48,ENST00000379097.7
ENSP00000368393.3,40,ENST00000379099.3
ENSP00000368447.4,17,ENST00000379151.9
ENSP00000368450.3,11,ENST00000379153.4
ENSP00000368452.5,16,ENST00000379155.9
ENSP00000368458.3,11,ENST00000379160.3
ENSP00000368459.4,59,ENST00000379161.5
ENSP00000368468.3,41,ENST00000379170.8
ENSP00000368475.1,86,ENST00000379177.5
ENSP00000368496.2,30,ENST00000379198.5
ENSP00000368503.4,10,ENST00000379205.5
ENSP00000368516.4,124,ENST00000379214.9
ENSP00000368528.4,15,ENST00000379226.9
ENSP00000368547.4,49,ENST00000379245.8
ENSP00000368565.3,56,ENST00000379263.8
ENSP00000368588.2,19,ENST00000379286.6
ENSP00000368589.3,86,ENST00000379287.4
ENSP00000368637.1,63,ENST00000379333.5
ENSP00000368646.4,2,ENST00000379341.9
ENSP00000368664.3,23,ENST00000379359.4
ENSP00000368666.4,13,ENST00000379361.5
ENSP00000368678.2,100,ENST00000379370.7
ENSP00000368682.4,13,ENST00000379374.5
ENSP00000368686.3,14,ENST00000379378.8
ENSP00000368688.4,16,ENST00000379380.9
ENSP00000368698.2,524,ENST00000379388.7
ENSP00000368701.3,31,ENST00000379391.7
ENSP00000368710.3,14,ENST00000379400.8
ENSP00000368716.3,77,ENST00000379406.8
ENSP00000368730.4,60,ENST00000379419.8
ENSP00000368737.1,26,ENST00000379426.2
ENSP00000368759.5,7,ENST00000379446.10
ENSP00000368767.4,60,ENST00000379454.9
ENSP00000368773.2,56,ENST00000379460.6
ENSP00000368793.3,34,ENST00000379480.9
ENSP00000368797.3,127,ENST00000379483.4
ENSP00000368798.5,50,ENST00000379484.10
ENSP00000368799.1,74,ENST00000379485.2
ENSP00000368801.3,21,ENST00000379487.5
ENSP00000368824.3,22,ENST00000379510.5
ENSP00000368831.2,26,ENST00000379516.7
ENSP00000368835.3,16,ENST00000379520.7
ENSP00000368856.3,72,ENST00000379540.8
ENSP00000368858.5,24,ENST00000379542.10
ENSP00000368880.4,89,ENST00000379561.6
ENSP00000368881.3,25,ENST00000379562.9
ENSP00000368884.3,38,ENST00000379565.9
ENSP00000368908.3,42,ENST00000379589.4
ENSP00000368920.3,39,ENST00000379600.8
ENSP00000368927.5,26,ENST00000379607.10
ENSP00000368959.4,10,ENST00000379638.9
ENSP00000368965.4,138,ENST00000379644.9
ENSP00000368972.3,26,ENST00000379651.7
ENSP00000368976.4,91,ENST00000379655.8
ENSP00000368981.4,47,ENST00000379660.4
ENSP00000368982.3,33,ENST00000379661.8
ENSP00000368993.3,11,ENST00000379671.7
ENSP00000368994.5,122,ENST00000379672.10
ENSP00000369009.3,125,ENST00000379687.7
ENSP00000369014.4,109,ENST00000379692.9
ENSP00000369038.5,18,ENST00000379715.10
ENSP00000369042.3,86,ENST00000379719.8
ENSP00000369075.4,51,ENST00000379751.5
ENSP00000369081.4,27,ENST00000379757.9
ENSP00000369099.4,41,ENST00000379774.5
ENSP00000369100.4,54,ENST00000379775.9
ENSP00000369127.3,12,ENST00000330899.5
ENSP00000369129.3,112,ENST00000379802.8
ENSP00000369131.1,99,ENST00000379803.5
ENSP00000369145.2,16,ENST00000379817.7
ENSP00000369162.2,17,ENST00000379834.7
ENSP00000369176.3,0,ENST00000379847.8
ENSP00000369213.2,75,ENST00000379883.3
ENSP00000369217.4,41,ENST00000379887.9
ENSP00000369251.4,12,ENST00000379919.6
ENSP00000369270.2,140,ENST00000379938.7
ENSP00000369274.4,101,ENST00000379942.5
ENSP00000369292.2,48,ENST00000379958.3
ENSP00000369314.4,14,ENST00000379979.8
ENSP00000369318.3,119,ENST00000379982.8
ENSP00000369335.5,69,ENST00000379999.6
ENSP00000369343.2,55,ENST00000380006.2
ENSP00000369346.4,118,ENST00000380009.9
ENSP00000369373.3,49,ENST00000380034.8
ENSP00000369382.3,26,ENST00000380043.7
ENSP00000369383.1,23,ENST00000380044.6
ENSP00000369390.3,79,ENST00000380050.8
ENSP00000369391.2,32,ENST00000380051.7
ENSP00000369396.3,76,ENST00000380056.7
ENSP00000369400.3,14,ENST00000380060.7
ENSP00000369411.3,0,ENST00000380071.8
ENSP00000369427.3,7,ENST00000380087.7
ENSP00000369431.3,31,ENST00000333916.8
ENSP00000369436.4,18,ENST00000380094.10
ENSP00000369456.3,6,ENST00000380113.8
ENSP00000369465.5,37,ENST00000380122.10
ENSP00000369500.3,11,ENST00000380155.4
ENSP00000369538.4,15,ENST00000380191.9
ENSP00000369545.2,21,ENST00000380198.6
ENSP00000369592.4,26,ENST00000380243.9
ENSP00000369599.1,201,ENST00000380249.5
ENSP00000369618.3,77,ENST00000380266.4
ENSP00000369627.1,0,ENST00000380274.2
ENSP00000369677.4,22,ENST00000380320.9
ENSP00000369681.3,43,ENST00000380324.8
ENSP00000369682.3,0,ENST00000380325.4
ENSP00000369695.4,67,ENST00000380338.9
ENSP00000369702.2,31,ENST00000380345.7
ENSP00000369703.2,41,ENST00000333628.4
ENSP00000369716.4,258,ENST00000380358.9
ENSP00000369717.3,41,ENST00000380359.3
ENSP00000369739.5,32,ENST00000380379.10
ENSP00000369757.4,12,ENST00000380394.9
ENSP00000369777.5,37,ENST00000380412.7
ENSP00000369786.3,26,ENST00000380421.3
ENSP00000369810.3,72,ENST00000380445.8
ENSP00000369857.3,12,ENST00000321945.12
ENSP00000369860.3,73,ENST00000380492.8
ENSP00000369863.4,8,ENST00000380495.8
ENSP00000369871.3,93,ENST00000380502.8
ENSP00000369887.2,47,ENST00000380516.7
ENSP00000369889.3,107,ENST00000380518.8
ENSP00000369895.4,29,ENST00000380523.8
ENSP00000369899.1,11,ENST00000380527.3
ENSP00000369921.4,6,ENST00000380548.9
ENSP00000369953.1,11,ENST00000380579.6
ENSP00000369981.4,12,ENST00000380607.5
ENSP00000369989.3,51,ENST00000380615.8
ENSP00000370003.2,22,ENST00000380629.7
ENSP00000370013.4,60,ENST00000380639.10
ENSP00000370021.3,244,ENST00000380647.8
ENSP00000370023.3,29,ENST00000380649.8
ENSP00000370047.3,36,ENST00000380672.9
ENSP00000370055.4,12,ENST00000380680.5
ENSP00000370074.4,23,ENST00000380698.5
ENSP00000370077.3,142,ENST00000380701.8
ENSP00000370078.3,57,ENST00000380702.7
ENSP00000370113.3,22,ENST00000380737.8
ENSP00000370114.4,30,ENST00000380738.8
ENSP00000370115.5,13,ENST00000380739.6
ENSP00000370125.5,12,ENST00000380749.10
ENSP00000370128.5,14,ENST00000380752.10
ENSP00000370139.4,3,ENST00000380762.5
ENSP00000370147.2,13,ENST00000380770.5
ENSP00000370150.4,25,ENST00000380773.9
ENSP00000370194.4,54,ENST00000380815.5
ENSP00000370196.2,91,ENST00000380817.8
ENSP00000370200.3,30,ENST00000380821.7
ENSP00000370213.4,12,ENST00000380833.9
ENSP00000370214.2,42,ENST00000380834.7
ENSP00000370222.4,10,ENST00000380842.5
ENSP00000370223.4,13,ENST00000380843.9
ENSP00000370224.3,10,ENST00000307428.7
ENSP00000370242.5,38,ENST00000380861.9
ENSP00000370253.4,12,ENST00000380871.5
ENSP00000370288.2,65,ENST00000380903.7
ENSP00000370293.2,14,ENST00000380907.2
ENSP00000370299.3,33,ENST00000380913.8
ENSP00000370330.2,78,ENST00000380943.6
ENSP00000370345.3,183,ENST00000380958.8
ENSP00000370372.5,35,ENST00000380985.10
ENSP00000370376.2,15,ENST00000331200.8
ENSP00000370377.2,74,ENST00000380989.6
ENSP00000370394.3,76,ENST00000381006.8
ENSP00000370395.4,53,ENST00000381007.9
ENSP00000370408.6,37,ENST00000381020.8
ENSP00000370419.3,38,ENST00000381031.8
ENSP00000370421.4,12,ENST00000381033.5
ENSP00000370430.4,13,ENST00000381042.9
ENSP00000370460.2,21,ENST00000381070.8
ENSP00000370508.1,23,ENST00000381116.5
ENSP00000370517.4,37,ENST00000381125.9
ENSP00000370524.2,2,ENST00000381132.6
ENSP00000370542.1,37,ENST00000381150.5
ENSP00000370543.3,20,ENST00000381151.5
ENSP00000370555.3,35,ENST00000381163.7
ENSP00000370557.3,30,ENST00000381165.3
ENSP00000370589.3,13,ENST00000329276.10
ENSP00000370611.3,49,ENST00000381213.7
ENSP00000370625.1,47,ENST00000381227.5
ENSP00000370648.3,29,ENST00000381249.4
ENSP00000370653.2,136,ENST00000381254.7
ENSP00000370671.2,53,ENST00000381271.7
ENSP00000370680.4,16,ENST00000381280.4
ENSP00000370695.2,29,ENST00000381295.7
ENSP00000370698.2,81,ENST00000381298.7
ENSP00000370719.3,104,ENST00000381318.8
ENSP00000370736.5,38,ENST00000381334.10
ENSP00000370737.4,200,ENST00000321612.8
ENSP00000370744.3,584,ENST00000381340.8
ENSP00000370746.3,19,ENST00000381342.7
ENSP00000370750.4,11,ENST00000381346.9
ENSP00000370764.1,0,ENST00000381359.5
ENSP00000370817.4,115,ENST00000381410.5
ENSP00000370839.6,15,ENST00000381431.10
ENSP00000370882.3,7,ENST00000381473.7
ENSP00000370889.1,8,ENST00000381480.7
ENSP00000370891.3,69,ENST00000381482.8
ENSP00000370896.2,238,ENST00000381486.7
ENSP00000370912.3,51,ENST00000381501.8
ENSP00000370936.3,64,ENST00000381525.8
ENSP00000370938.3,0,ENST00000381527.8
ENSP00000370966.3,19,ENST00000381554.8
ENSP00000370981.1,31,ENST00000381569.5
ENSP00000370984.4,24,ENST00000381571.6
ENSP00000371000.4,170,ENST00000381588.9
ENSP00000371003.1,69,ENST00000381591.5
ENSP00000371051.2,194,ENST00000381638.7
ENSP00000371061.2,21,ENST00000381647.7
ENSP00000371067.4,65,ENST00000381652.4
ENSP00000371077.3,12,ENST00000381661.3
ENSP00000371084.5,91,ENST00000381668.9
ENSP00000371101.5,32,ENST00000381685.10
ENSP00000371133.3,41,ENST00000381714.7
ENSP00000371137.3,73,ENST00000381718.7
ENSP00000371152.4,34,ENST00000381733.9
ENSP00000371169.4,26,ENST00000381750.9
ENSP00000371193.4,35,ENST00000381774.9
ENSP00000371214.6,68,ENST00000381795.10
ENSP00000371230.3,11,ENST00000381809.8
ENSP00000371253.3,78,ENST00000381831.7
ENSP00000371267.4,0,ENST00000381844.8
ENSP00000371278.3,29,ENST00000381854.4
ENSP00000371285.3,25,ENST00000381861.7
ENSP00000371297.3,70,ENST00000381873.7
ENSP00000371307.2,50,ENST00000381883.5
ENSP00000371308.4,55,ENST00000381884.9
ENSP00000371318.3,49,ENST00000381894.3
ENSP00000371345.3,33,ENST00000381920.8
ENSP00000371362.4,36,ENST00000381937.9
ENSP00000371388.4,15,ENST00000381962.4
ENSP00000371393.4,44,ENST00000381967.9
ENSP00000371397.1,31,ENST00000329759.6
ENSP00000371419.3,112,ENST00000381989.4
ENSP00000371434.3,35,ENST00000382004.7
ENSP00000371469.2,23,ENST00000382038.7
ENSP00000371472.3,175,ENST00000382041.7
ENSP00000371532.2,26,ENST00000382100.8
ENSP00000371535.2,36,ENST00000382103.7
ENSP00000371577.3,109,ENST00000382142.8
ENSP00000371586.2,35,ENST00000382151.6
ENSP00000371594.2,13,ENST00000382159.8
ENSP00000371607.3,101,ENST00000382172.4
ENSP00000371634.3,98,ENST00000382199.7
ENSP00000371638.1,404,ENST00000382203.5
ENSP00000371682.1,23,ENST00000382247.6
ENSP00000371693.4,64,ENST00000382258.8
ENSP00000371710.1,5,ENST00000382275.6
ENSP00000371728.3,25,ENST00000382291.7
ENSP00000371729.3,329,ENST00000382292.9
ENSP00000371785.1,44,ENST00000382348.2
ENSP00000371786.4,5,ENST00000382349.5
ENSP00000371790.5,14,ENST00000382353.6
ENSP00000371798.3,51,ENST00000382361.8
ENSP00000371800.3,44,ENST00000382363.8
ENSP00000371805.3,81,ENST00000382368.8
ENSP00000371811.4,21,ENST00000382374.9
ENSP00000371846.3,67,ENST00000382409.4
ENSP00000371859.2,75,ENST00000382422.6
ENSP00000371875.5,47,ENST00000382438.6
ENSP00000371886.4,12,ENST00000382448.8
ENSP00000371890.2,23,ENST00000382452.6
ENSP00000371897.1,106,ENST00000345122.8
ENSP00000371958.1,15,ENST00000382518.6
ENSP00000371994.3,136,ENST00000382554.4
ENSP00000372005.2,8,ENST00000382564.8
ENSP00000372035.4,84,ENST00000382592.5
ENSP00000372042.4,14,ENST00000382599.9
ENSP00000372160.5,1,ENST00000382713.10
ENSP00000372170.4,13,ENST00000382723.5
ENSP00000372193.4,20,ENST00000382745.9
ENSP00000372199.3,158,ENST00000382751.4
ENSP00000372201.4,35,ENST00000382753.5
ENSP00000372206.1,10,ENST00000382758.6
ENSP00000372210.3,9,ENST00000382762.7
ENSP00000372274.2,38,ENST00000382824.5
ENSP00000372290.3,85,ENST00000382839.7
ENSP00000372313.3,13,ENST00000382862.7
ENSP00000372335.4,43,ENST00000382882.9
ENSP00000372351.3,65,ENST00000382895.7
ENSP00000372394.3,65,ENST00000382936.8
ENSP00000372482.3,0,ENST00000383018.7
ENSP00000372689.2,93,ENST00000383202.7
ENSP00000372720.3,63,ENST00000383233.8
ENSP00000372857.4,56,ENST00000383366.9
ENSP00000372924.3,58,ENST00000383432.8
ENSP00000372955.3,35,ENST00000383463.9
ENSP00000373153.5,9,ENST00000383657.10
ENSP00000373176.2,23,ENST00000383678.8
ENSP00000373191.3,12,ENST00000383693.8
ENSP00000373244.2,64,ENST00000383738.6
ENSP00000373272.3,126,ENST00000383763.6
ENSP00000373278.2,12,ENST00000383768.7
ENSP00000373298.3,57,ENST00000383788.10
ENSP00000373301.3,22,ENST00000383791.8
ENSP00000373304.3,37,ENST00000383794.7
ENSP00000373331.5,33,ENST00000383820.9
ENSP00000373354.3,45,ENST00000358065.4
ENSP00000373360.2,10,ENST00000383847.7
ENSP00000373364.3,8,ENST00000388712.7
ENSP00000373399.4,11,ENST00000388747.9
ENSP00000373404.3,0,ENST00000388752.8
ENSP00000373472.4,54,ENST00000388820.5
ENSP00000373474.3,31,ENST00000388822.10
ENSP00000373477.4,54,ENST00000388825.9
ENSP00000373485.3,93,ENST00000388833.7
ENSP00000373489.2,45,ENST00000388837.6
ENSP00000373553.5,23,ENST00000388901.10
ENSP00000373575.3,13,ENST00000388923.5
ENSP00000373594.3,55,ENST00000388942.8
ENSP00000373600.3,10,ENST00000388948.8
ENSP00000373640.4,39,ENST00000388988.9
ENSP00000373647.5,77,ENST00000388995.11
ENSP00000373657.4,19,ENST00000389005.6
ENSP00000373669.4,35,ENST00000389017.6
ENSP00000373674.4,9,ENST00000389022.9
ENSP00000373684.3,52,ENST00000389032.8
ENSP00000373696.4,73,ENST00000389044.8
ENSP00000373706.4,68,ENST00000389054.8
ENSP00000373715.2,37,ENST00000389063.3
ENSP00000373734.5,113,ENST00000389082.10
ENSP00000373772.3,37,ENST00000389120.8
ENSP00000373783.3,40,ENST00000389131.8
ENSP00000373808.4,75,ENST00000389156.9
ENSP00000373827.4,184,ENST00000389175.9
ENSP00000373828.3,14,ENST00000389176.3
ENSP00000373873.6,46,ENST00000389221.9
ENSP00000373883.5,39,ENST00000389231.9
ENSP00000373918.3,53,ENST00000389266.8
ENSP00000373937.4,82,ENST00000389286.9
ENSP00000373948.4,46,ENST00000389297.8
ENSP00000373952.3,112,ENST00000389301.8
ENSP00000373992.3,27,ENST00000389341.9
ENSP00000374014.2,1,ENST00000389363.5
ENSP00000374035.3,39,ENST00000389384.8
ENSP00000374037.3,43,ENST00000389386.8
ENSP00000374045.3,43,ENST00000389394.8
ENSP00000374069.4,62,ENST00000389418.9
ENSP00000374071.3,68,ENST00000389420.8
ENSP00000374135.3,412,ENST00000389484.8
ENSP00000374152.4,36,ENST00000389501.9
ENSP00000374157.5,375,ENST00000389506.10
ENSP00000374183.4,176,ENST00000389532.9
ENSP00000374212.2,195,ENST00000389561.7
ENSP00000374268.4,34,ENST00000389617.9
ENSP00000374273.3,382,ENST00000389622.7
ENSP00000374280.4,64,ENST00000389629.8
ENSP00000374309.3,541,ENST00000389658.4
ENSP00000374323.5,125,ENST00000389672.9
ENSP00000374328.4,58,ENST00000389677.6
ENSP00000374332.3,5,ENST00000389682.8
ENSP00000374354.3,15,ENST00000389704.4
ENSP00000374357.4,65,ENST00000389707.8
ENSP00000374359.3,126,ENST00000389709.8
ENSP00000374387.4,101,ENST00000389737.5
ENSP00000374394.3,21,ENST00000389744.8
ENSP00000374399.4,36,ENST00000389749.9
ENSP00000374443.2,207,ENST00000389793.7
ENSP00000374448.3,159,ENST00000389798.7
ENSP00000374467.4,109,ENST00000389817.8
ENSP00000374484.4,50,ENST00000389834.9
ENSP00000374490.6,41,ENST00000389840.7
ENSP00000374507.6,226,ENST00000389857.11
ENSP00000374529.5,59,ENST00000389879.9
ENSP00000374562.5,11,ENST00000389912.7
ENSP00000374565.3,23,ENST00000389915.4
ENSP00000375053.4,22,ENST00000343666.6
ENSP00000375057.2,11,ENST00000390645.2
ENSP00000375069.3,18,ENST00000390654.8
ENSP00000375073.2,18,ENST00000390658.4
ENSP00000375268.1,19,ENST00000391440.3
ENSP00000375582.1,36,ENST00000391701.1
ENSP00000375586.3,13,ENST00000391705.7
ENSP00000375593.1,16,ENST00000391713.5
ENSP00000375600.5,111,ENST00000391720.8
ENSP00000375649.2,18,ENST00000391769.2
ENSP00000375709.1,32,ENST00000391833.5
ENSP00000375717.1,6,ENST00000391842.5
ENSP00000375724.4,17,ENST00000391851.8
ENSP00000375730.4,12,ENST00000391857.9
ENSP00000375733.2,102,ENST00000391860.7
ENSP00000375756.1,29,ENST00000391884.2
ENSP00000375761.4,12,ENST00000391890.7
ENSP00000375778.1,13,ENST00000391911.5
ENSP00000375783.2,50,ENST00000391916.7
ENSP00000375809.4,49,ENST00000391945.10
ENSP00000375810.2,71,ENST00000391946.7
ENSP00000375834.2,5,ENST00000391973.6
ENSP00000375836.1,9,ENST00000391975.5
ENSP00000375844.2,44,ENST00000391984.7
ENSP00000375859.1,6,ENST00000392002.7
ENSP00000375863.2,18,ENST00000392006.8
ENSP00000375882.3,36,ENST00000392028.8
ENSP00000375892.2,45,ENST00000392038.7
ENSP00000375914.2,52,ENST00000392062.7
ENSP00000375922.3,40,ENST00000392070.7
ENSP00000375951.1,77,ENST00000392102.6
ENSP00000375978.3,23,ENST00000392133.7
ENSP00000375986.4,56,ENST00000392142.9
ENSP00000376013.1,15,ENST00000392173.6
ENSP00000376024.3,46,ENST00000392185.8
ENSP00000376045.3,50,ENST00000392209.7
ENSP00000376071.2,38,ENST00000392238.3
ENSP00000376077.2,12,ENST00000392246.7
ENSP00000376097.2,48,ENST00000392271.6
ENSP00000376107.4,8,ENST00000392283.9
ENSP00000376139.4,39,ENST00000392325.9
ENSP00000376141.1,12,ENST00000392328.6
ENSP00000376142.2,55,ENST00000392329.7
ENSP00000376154.3,31,ENST00000392343.3
ENSP00000376167.2,15,ENST00000392358.6
ENSP00000376168.3,0,ENST00000392359.8
ENSP00000376177.3,12,ENST00000392370.8
ENSP00000376178.2,12,ENST00000392373.7
ENSP00000376188.2,34,ENST00000392386.8
ENSP00000376197.3,18,ENST00000392396.7
ENSP00000376204.3,295,ENST00000392403.8
ENSP00000376246.2,117,ENST00000392452.3
ENSP00000376249.4,22,ENST00000392455.9
ENSP00000376258.3,22,ENST00000392465.7
ENSP00000376268.2,43,ENST00000392476.6
ENSP00000376269.2,148,ENST00000392477.7
ENSP00000376272.2,34,ENST00000392481.6
ENSP00000376276.2,2,ENST00000392485.2
ENSP00000376280.1,5,ENST00000392490.5
ENSP00000376297.2,4,ENST00000392509.6
ENSP00000376303.4,29,ENST00000392518.8
ENSP00000376304.2,64,ENST00000392519.7
ENSP00000376306.2,253,ENST00000392521.7
ENSP00000376307.3,69,ENST00000392522.7
ENSP00000376309.2,26,ENST00000392524.6
ENSP00000376317.3,139,ENST00000392533.8
ENSP00000376322.3,22,ENST00000392539.4
ENSP00000376330.2,66,ENST00000392547.6
ENSP00000376345.1,0,ENST00000392562.5
ENSP00000376349.2,12,ENST00000392568.7
ENSP00000376367.1,67,ENST00000392588.5
ENSP00000376410.4,144,ENST00000392634.9
ENSP00000376417.4,22,ENST00000392644.9
ENSP00000376419.2,32,ENST00000392647.7
ENSP00000376421.3,487,ENST00000392650.8
ENSP00000376443.2,111,ENST00000392676.8
ENSP00000376465.3,12,ENST00000392701.8
ENSP00000376472.3,11,ENST00000392708.9
ENSP00000376475.1,21,ENST00000392711.5
ENSP00000376500.3,31,ENST00000392745.8
ENSP00000376506.2,1,ENST00000392750.7
ENSP00000376522.2,181,ENST00000392769.6
ENSP00000376534.2,217,ENST00000392783.7
ENSP00000376558.2,92,ENST00000392811.6
ENSP00000376565.3,15,ENST00000392818.7
ENSP00000376570.3,53,ENST00000392825.8
ENSP00000376572.1,16,ENST00000392827.2
ENSP00000376582.4,73,ENST00000392837.9
ENSP00000376603.1,12,ENST00000392863.6
ENSP00000376608.1,33,ENST00000392869.6
ENSP00000376609.2,33,ENST00000392870.3
ENSP00000376611.3,27,ENST00000392872.8
ENSP00000376615.3,48,ENST00000392876.8
ENSP00000376652.3,59,ENST00000392920.8
ENSP00000376678.4,11,ENST00000392951.9
ENSP00000376686.1,47,ENST00000392959.5
ENSP00000376702.1,4,ENST00000392976.5
ENSP00000376705.3,11,ENST00000392979.7
ENSP00000376753.3,14,ENST00000393033.9
ENSP00000376755.2,0,ENST00000393035.6
ENSP00000376765.2,86,ENST00000393045.7
ENSP00000376767.3,35,ENST00000393047.8
ENSP00000376800.3,4,ENST00000393085.4
ENSP00000376808.2,84,ENST00000393094.7
ENSP00000376818.2,65,ENST00000393106.6
ENSP00000376827.2,29,ENST00000393119.7
ENSP00000376840.2,16,ENST00000393132.2
ENSP00000376889.2,20,ENST00000393193.6
ENSP00000376899.2,49,ENST00000393203.3
ENSP00000376903.2,64,ENST00000393208.6
ENSP00000376911.2,18,ENST00000393218.6
ENSP00000376921.3,12,ENST00000393229.4
ENSP00000376922.2,64,ENST00000393230.6
ENSP00000376945.3,31,ENST00000393261.8
ENSP00000376957.3,107,ENST00000393276.7
ENSP00000376973.4,9,ENST00000393295.8
ENSP00000377001.2,17,ENST00000393328.6
ENSP00000377015.3,31,ENST00000393346.8
ENSP00000377027.2,185,ENST00000393359.7
ENSP00000377033.2,9,ENST00000393366.7
ENSP00000377037.2,17,ENST00000393371.6
ENSP00000377059.2,33,ENST00000393405.6
ENSP00000377060.3,12,ENST00000393408.7
ENSP00000377086.3,32,ENST00000393437.8
ENSP00000377097.3,111,ENST00000393451.7
ENSP00000377103.1,71,ENST00000393459.5
ENSP00000377115.2,61,ENST00000393473.6
ENSP00000377123.3,37,ENST00000393483.8
ENSP00000377126.1,9,ENST00000393486.5
ENSP00000377170.4,20,ENST00000393537.5
ENSP00000377176.4,82,ENST00000393545.9
ENSP00000377192.3,22,ENST00000393562.10
ENSP00000377218.3,58,ENST00000393593.8
ENSP00000377224.1,28,ENST00000393599.3
ENSP00000377225.3,0,ENST00000393600.8
ENSP00000377245.1,32,ENST00000393623.6
ENSP00000377250.4,122,ENST00000393630.8
ENSP00000377257.4,35,ENST00000393640.8
ENSP00000377280.2,54,ENST00000393674.7
ENSP00000377282.3,18,ENST00000393677.8
ENSP00000377296.2,33,ENST00000393693.7
ENSP00000377298.4,73,ENST00000393695.8
ENSP00000377303.3,78,ENST00000393700.8
ENSP00000377311.4,1,ENST00000393708.3
ENSP00000377344.3,59,ENST00000393743.8
ENSP00000377357.1,23,ENST00000393760.6
ENSP00000377374.3,15,ENST00000393784.8
ENSP00000377381.2,25,ENST00000393792.3
ENSP00000377385.4,16,ENST00000393796.4
ENSP00000377390.3,37,ENST00000393801.7
ENSP00000377401.3,64,ENST00000393812.4
ENSP00000377406.1,42,ENST00000393818.3
ENSP00000377415.2,59,ENST00000393829.6
ENSP00000377440.3,15,ENST00000393860.7
ENSP00000377446.2,0,ENST00000393868.7
ENSP00000377461.1,12,ENST00000393883.6
ENSP00000377470.2,9,ENST00000393892.8
ENSP00000377486.2,7,ENST00000393909.7
ENSP00000377490.3,12,ENST00000393913.8
ENSP00000377504.3,70,ENST00000393927.9
ENSP00000377508.3,64,ENST00000393931.8
ENSP00000377522.2,15,ENST00000393950.7
ENSP00000377528.4,58,ENST00000393956.9
ENSP00000377536.1,3,ENST00000393964.1
ENSP00000377566.3,74,ENST00000393997.8
ENSP00000377577.3,32,ENST00000394009.5
ENSP00000377598.4,55,ENST00000394030.8
ENSP00000377617.2,0,ENST00000394053.7
ENSP00000377620.2,81,ENST00000394056.6
ENSP00000377633.2,21,ENST00000394070.7
ENSP00000377640.3,21,ENST00000394077.8
ENSP00000377655.2,167,ENST00000394095.7
ENSP00000377668.3,27,ENST00000394109.7
ENSP00000377681.3,6,ENST00000394123.7
ENSP00000377686.2,70,ENST00000394128.7
ENSP00000377690.2,55,ENST00000394132.7
ENSP00000377696.3,9,ENST00000394140.9
ENSP00000377703.1,108,ENST00000394147.5
ENSP00000377708.2,64,ENST00000394152.7
ENSP00000377718.2,41,ENST00000394163.2
ENSP00000377721.3,16,ENST00000394166.8
ENSP00000377724.1,19,ENST00000394169.5
ENSP00000377725.2,165,ENST00000394170.6
ENSP00000377729.2,19,ENST00000394175.6
ENSP00000377740.3,4,ENST00000394186.3
ENSP00000377747.4,324,ENST00000394196.9
ENSP00000377753.3,10,ENST00000394203.7
ENSP00000377769.3,21,ENST00000394222.8
ENSP00000377771.3,162,ENST00000394224.3
ENSP00000377778.3,5,ENST00000394231.8
ENSP00000377782.1,80,ENST00000394235.6
ENSP00000377783.3,65,ENST00000394236.9
ENSP00000377793.3,54,ENST00000394249.8
ENSP00000377796.3,17,ENST00000394252.4
ENSP00000377797.2,54,ENST00000394253.7
ENSP00000377801.2,18,ENST00000394258.6
ENSP00000377807.5,22,ENST00000394264.7
ENSP00000377814.4,20,ENST00000394272.8
ENSP00000377823.4,86,ENST00000394282.8
ENSP00000377833.4,19,ENST00000394295.6
ENSP00000377840.3,38,ENST00000394303.8
ENSP00000377845.3,10,ENST00000394308.8
ENSP00000377854.4,37,ENST00000394319.8
ENSP00000377867.2,40,ENST00000394334.7
ENSP00000377914.4,13,ENST00000394391.9
ENSP00000377934.3,140,ENST00000394412.8
ENSP00000377944.3,30,ENST00000394422.8
ENSP00000377948.2,35,ENST00000394427.3
ENSP00000377954.2,46,ENST00000394434.7
ENSP00000377958.3,20,ENST00000394440.8
ENSP00000377969.3,0,ENST00000394456.10
ENSP00000377971.4,22,ENST00000394458.7
ENSP00000378015.1,39,ENST00000394507.5
ENSP00000378040.3,13,ENST00000394532.7
ENSP00000378056.1,94,ENST00000394553.6
ENSP00000378058.2,61,ENST00000394555.6
ENSP00000378105.3,18,ENST00000394607.7
ENSP00000378107.2,18,ENST00000394609.6
ENSP00000378119.2,22,ENST00000394621.7
ENSP00000378132.4,20,ENST00000394636.9
ENSP00000378145.4,55,ENST00000394650.7
ENSP00000378149.3,48,ENST00000394654.3
ENSP00000378152.6,31,ENST00000394657.12
ENSP00000378161.3,12,ENST00000394666.7
ENSP00000378163.2,21,ENST00000394668.2
ENSP00000378176.4,23,ENST00000394684.8
ENSP00000378177.3,11,ENST00000394685.8
ENSP00000378193.5,67,ENST00000394703.9
ENSP00000378195.2,51,ENST00000394705.3
ENSP00000378198.2,141,ENST00000394708.7
ENSP00000378199.1,93,ENST00000394709.2
ENSP00000378202.4,67,ENST00000394713.7
ENSP00000378207.3,36,ENST00000394718.4
ENSP00000378218.3,71,ENST00000394730.7
ENSP00000378230.1,22,ENST00000394747.5
ENSP00000378235.2,65,ENST00000394752.8
ENSP00000378248.2,9,ENST00000394767.3
ENSP00000378260.3,90,ENST00000394780.8
ENSP00000378265.3,32,ENST00000394785.9
ENSP00000378275.2,8,ENST00000394795.6
ENSP00000378276.4,10,ENST00000394797.8
ENSP00000378284.3,20,ENST00000394805.8
ENSP00000378288.4,12,ENST00000394809.9
ENSP00000378310.2,51,ENST00000394833.6
ENSP00000378312.3,12,ENST00000394835.7
ENSP00000378313.2,49,ENST00000394836.7
ENSP00000378323.3,58,ENST00000394854.8
ENSP00000378327.2,3,ENST00000394858.6
ENSP00000378328.3,96,ENST00000394859.8
ENSP00000378349.3,9,ENST00000394885.8
ENSP00000378350.2,17,ENST00000394886.7
ENSP00000378356.3,22,ENST00000394894.8
ENSP00000378368.3,27,ENST00000394908.9
ENSP00000378377.1,22,ENST00000394919.5
ENSP00000378394.3,4,ENST00000394936.8
ENSP00000378399.2,51,ENST00000394942.2
ENSP00000378402.3,62,ENST00000394947.8
ENSP00000378405.1,31,ENST00000394951.5
ENSP00000378408.2,3,ENST00000394955.3
ENSP00000378414.4,53,ENST00000394963.9
ENSP00000378416.2,57,ENST00000394965.6
ENSP00000378418.2,111,ENST00000394967.3
ENSP00000378426.2,0,ENST00000394975.3
ENSP00000378427.3,26,ENST00000394976.4
ENSP00000378442.4,8,ENST00000394991.8
ENSP00000378451.1,50,ENST00000395003.5
ENSP00000378481.1,97,ENST00000395040.6
ENSP00000378483.1,26,ENST00000395042.2
ENSP00000378487.2,25,ENST00000395047.6
ENSP00000378514.4,48,ENST00000395076.9
ENSP00000378536.1,128,ENST00000395104.5
ENSP00000378548.1,26,ENST00000395116.1
ENSP00000378557.1,184,ENST00000395125.1
ENSP00000378588.2,14,ENST00000395159.7
ENSP00000378605.1,44,ENST00000395176.3
ENSP00000378611.1,36,ENST00000395184.6
ENSP00000378666.3,42,ENST00000395245.9
ENSP00000378699.3,7,ENST00000395284.8
ENSP00000378718.2,14,ENST00000395307.6
ENSP00000378721.2,36,ENST00000395310.7
ENSP00000378725.3,76,ENST00000395314.8
ENSP00000378731.2,24,ENST00000395321.6
ENSP00000378734.2,61,ENST00000395324.6
ENSP00000378735.3,154,ENST00000395325.7
ENSP00000378736.3,23,ENST00000395326.8
ENSP00000378743.2,25,ENST00000395334.6
ENSP00000378749.1,42,ENST00000395340.5
ENSP00000378769.2,26,ENST00000395366.3
ENSP00000378782.4,31,ENST00000395384.9
ENSP00000378792.2,51,ENST00000395395.7
ENSP00000378803.2,11,ENST00000395407.7
ENSP00000378812.3,14,ENST00000395422.4
ENSP00000378830.2,39,ENST00000395443.7
ENSP00000378851.3,13,ENST00000395468.9
ENSP00000378854.3,32,ENST00000395471.7
ENSP00000378857.3,63,ENST00000395474.7
ENSP00000378879.5,21,ENST00000395503.9
ENSP00000378887.3,19,ENST00000395511.7
ENSP00000378914.4,35,ENST00000395544.9
ENSP00000378917.2,101,ENST00000395547.6
ENSP00000378920.2,48,ENST00000395550.7
ENSP00000378953.1,21,ENST00000395587.5
ENSP00000378962.3,14,ENST00000395598.7
ENSP00000378965.3,44,ENST00000395601.7
ENSP00000378993.2,53,ENST00000395631.6
ENSP00000379042.3,33,ENST00000395686.8
ENSP00000379047.2,35,ENST00000395694.7
ENSP00000379051.2,10,ENST00000395699.5
ENSP00000379068.2,49,ENST00000395718.6
ENSP00000379093.3,74,ENST00000395744.7
ENSP00000379097.3,12,ENST00000395748.8
ENSP00000379111.2,93,ENST00000395762.7
ENSP00000379129.1,20,ENST00000395783.5
ENSP00000379133.3,22,ENST00000395787.4
ENSP00000379143.1,12,ENST00000395797.1
ENSP00000379144.3,37,ENST00000395799.8
ENSP00000379154.1,37,ENST00000395809.5
ENSP00000379169.3,111,ENST00000395825.4
ENSP00000379181.2,25,ENST00000395840.6
ENSP00000379183.2,38,ENST00000395842.3
ENSP00000379201.2,36,ENST00000395860.7
ENSP00000379204.3,39,ENST00000395863.8
ENSP00000379216.2,14,ENST00000395876.6
ENSP00000379217.3,22,ENST00000395878.8
ENSP00000379218.1,18,ENST00000395879.5
ENSP00000379258.3,192,ENST00000395925.8
ENSP00000379287.2,29,ENST00000395957.6
ENSP00000379294.3,99,ENST00000395965.8
ENSP00000379310.3,22,ENST00000395987.8
ENSP00000379330.3,17,ENST00000396009.7
ENSP00000379342.3,40,ENST00000396024.7
ENSP00000379350.2,66,ENST00000396033.6
ENSP00000379364.3,5,ENST00000396049.5
ENSP00000379367.2,21,ENST00000396052.3
ENSP00000379369.4,44,ENST00000396057.6
ENSP00000379372.2,10,ENST00000396060.7
ENSP00000379377.1,7,ENST00000396065.3
ENSP00000379386.1,30,ENST00000396076.5
ENSP00000379387.2,80,ENST00000396077.8
ENSP00000379390.1,41,ENST00000396081.5
ENSP00000379392.2,21,ENST00000396083.7
ENSP00000379430.4,23,ENST00000396124.9
ENSP00000379434.4,125,ENST00000396128.9
ENSP00000379441.4,92,ENST00000396137.5
ENSP00000379457.2,26,ENST00000396153.7
ENSP00000379458.1,25,ENST00000396154.7
ENSP00000379464.4,77,ENST00000396161.10
ENSP00000379482.3,24,ENST00000366197.9
ENSP00000379500.2,55,ENST00000396197.8
ENSP00000379506.2,22,ENST00000396203.7
ENSP00000379512.1,12,ENST00000396209.5
ENSP00000379515.2,172,ENST00000396212.6
ENSP00000379563.4,17,ENST00000396265.4
ENSP00000379601.2,12,ENST00000396307.6
ENSP00000379621.2,34,ENST00000396330.6
ENSP00000379644.3,26,ENST00000396356.7
ENSP00000379658.3,7,ENST00000396373.9
ENSP00000379678.1,12,ENST00000396396.6
ENSP00000379680.3,33,ENST00000396398.8
ENSP00000379689.3,96,ENST00000396408.8
ENSP00000379696.2,1,ENST00000396418.7
ENSP00000379704.3,60,ENST00000396426.7
ENSP00000379709.2,205,ENST00000396432.7
ENSP00000379721.3,82,ENST00000396444.7
ENSP00000379739.3,94,ENST00000396478.4
ENSP00000379773.2,143,ENST00000396516.6
ENSP00000379802.3,13,ENST00000396554.7
ENSP00000379808.2,23,ENST00000396560.6
ENSP00000379836.3,169,ENST00000396591.8
ENSP00000379838.2,19,ENST00000396593.6
ENSP00000379842.1,11,ENST00000396596.2
ENSP00000379845.2,48,ENST00000396600.6
ENSP00000379847.2,69,ENST00000396602.7
ENSP00000379866.3,13,ENST00000396625.5
ENSP00000379888.3,18,ENST00000396651.8
ENSP00000379901.2,13,ENST00000396667.7
ENSP00000379911.1,24,ENST00000396679.6
ENSP00000379915.2,75,ENST00000396684.3
ENSP00000379931.1,26,ENST00000396703.6
ENSP00000379933.4,26,ENST00000396705.10
ENSP00000379934.2,34,ENST00000396706.2
ENSP00000379946.2,248,ENST00000396720.7
ENSP00000379964.2,29,ENST00000396738.7
ENSP00000379975.2,39,ENST00000396751.6
ENSP00000380019.3,22,ENST00000396801.7
ENSP00000380026.2,7,ENST00000396811.6
ENSP00000380037.3,31,ENST00000396825.4
ENSP00000380044.1,14,ENST00000396832.6
ENSP00000380054.2,22,ENST00000396842.7
ENSP00000380061.4,89,ENST00000396852.9
ENSP00000380070.1,28,ENST00000396861.5
ENSP00000380074.2,77,ENST00000396865.7
ENSP00000380087.3,65,ENST00000396878.8
ENSP00000380088.3,10,ENST00000396879.8
ENSP00000380109.1,50,ENST00000396901.5
ENSP00000380116.5,27,ENST00000396908.8
ENSP00000380120.1,149,ENST00000396912.2
ENSP00000380157.3,26,ENST00000396954.8
ENSP00000380159.3,7,ENST00000396958.8
ENSP00000380165.1,0,ENST00000396965.5
ENSP00000380174.2,217,ENST00000396976.6
ENSP00000380184.3,41,ENST00000396987.7
ENSP00000380227.2,90,ENST00000397033.7
ENSP00000380234.3,148,ENST00000397041.8
ENSP00000380242.2,0,ENST00000397049.2
ENSP00000380252.3,33,ENST00000397062.8
ENSP00000380256.4,26,ENST00000397066.9
ENSP00000380271.3,45,ENST00000397081.8
ENSP00000380281.1,0,ENST00000397092.5
ENSP00000380283.1,0,ENST00000397095.2
ENSP00000380286.3,3,ENST00000397098.8
ENSP00000380317.2,60,ENST00000397128.6
ENSP00000380322.1,9,ENST00000397133.2
ENSP00000380336.3,32,ENST00000397149.4
ENSP00000380340.3,21,ENST00000397154.7
ENSP00000380352.2,40,ENST00000397166.7
ENSP00000380378.4,17,ENST00000397195.10
ENSP00000380379.2,20,ENST00000397196.7
ENSP00000380402.2,13,ENST00000397225.2
ENSP00000380413.2,72,ENST00000397238.7
ENSP00000380427.1,14,ENST00000397256.5
ENSP00000380437.1,97,ENST00000397267.5
ENSP00000380451.2,71,ENST00000397281.6
ENSP00000380460.3,32,ENST00000397292.8
ENSP00000380467.4,8,ENST00000397299.9
ENSP00000380479.2,104,ENST00000397312.7
ENSP00000380514.3,26,ENST00000397356.8
ENSP00000380516.3,35,ENST00000397358.7
ENSP00000380531.3,7,ENST00000397375.7
ENSP00000380553.1,26,ENST00000397404.5
ENSP00000380557.3,45,ENST00000397410.10
ENSP00000380559.2,171,ENST00000397412.8
ENSP00000380565.3,12,ENST00000397420.9
ENSP00000380598.2,3,ENST00000397457.7
ENSP00000380633.3,0,ENST00000397496.7
ENSP00000380638.1,28,ENST00000397501.5
ENSP00000380659.1,100,ENST00000397525.5
ENSP00000380661.1,238,ENST00000397527.6
ENSP00000380679.4,197,ENST00000397545.9
ENSP00000380690.2,107,ENST00000397558.6
ENSP00000380692.2,50,ENST00000397560.7
ENSP00000380702.2,10,ENST00000397572.5
ENSP00000380711.2,50,ENST00000397581.6
ENSP00000380718.3,60,ENST00000397588.8
ENSP00000380734.2,19,ENST00000397609.6
ENSP00000380746.1,26,ENST00000397621.6
ENSP00000380747.2,28,ENST00000397622.7
ENSP00000380759.1,39,ENST00000397637.5
ENSP00000380763.2,103,ENST00000397641.8
ENSP00000380779.4,45,ENST00000397659.9
ENSP00000380793.3,53,ENST00000397676.8
ENSP00000380794.1,27,ENST00000397677.6
ENSP00000380826.2,30,ENST00000397714.6
ENSP00000380837.2,100,ENST00000397728.8
ENSP00000380869.1,23,ENST00000397762.6
ENSP00000380872.2,14,ENST00000397766.4
ENSP00000380877.2,45,ENST00000397771.6
ENSP00000380880.2,21,ENST00000397778.7
ENSP00000380888.2,237,ENST00000397786.7
ENSP00000380903.1,46,ENST00000397801.6
ENSP00000380904.3,15,ENST00000397802.8
ENSP00000380911.4,80,ENST00000397809.10
ENSP00000380920.3,4,ENST00000397820.5
ENSP00000380921.3,134,ENST00000397821.8
ENSP00000380926.3,25,ENST00000397826.7
ENSP00000380942.2,182,ENST00000397843.7
ENSP00000380982.2,46,ENST00000397885.3
ENSP00000380987.2,31,ENST00000397890.6
ENSP00000380996.2,87,ENST00000397899.7
ENSP00000380998.3,7,ENST00000397901.8
ENSP00000380999.1,10,ENST00000397902.6
ENSP00000381003.2,147,ENST00000397906.6
ENSP00000381032.1,12,ENST00000397940.5
ENSP00000381034.3,84,ENST00000397942.4
ENSP00000381036.3,12,ENST00000397944.8
ENSP00000381064.3,115,ENST00000397977.8
ENSP00000381089.2,12,ENST00000398004.4
ENSP00000381097.3,53,ENST00000398015.8
ENSP00000381098.3,69,ENST00000398016.7
ENSP00000381104.2,46,ENST00000398022.7
ENSP00000381132.4,72,ENST00000398055.8
ENSP00000381148.2,29,ENST00000398073.7
ENSP00000381150.2,17,ENST00000398075.4
ENSP00000381198.2,133,ENST00000398130.6
ENSP00000381204.2,18,ENST00000398136.7
ENSP00000381216.2,23,ENST00000398148.7
ENSP00000381220.1,2,ENST00000398153.7
ENSP00000381266.2,6,ENST00000398208.3
ENSP00000381267.3,78,ENST00000398209.7
ENSP00000381282.3,11,ENST00000398226.7
ENSP00000381362.3,81,ENST00000398316.7
ENSP00000381364.2,218,ENST00000398319.6
ENSP00000381367.2,38,ENST00000398322.7
ENSP00000381377.3,8,ENST00000398333.7
ENSP00000381429.2,8,ENST00000398392.2
ENSP00000381436.2,1,ENST00000398399.7
ENSP00000381448.1,11,ENST00000398411.5
ENSP00000381490.2,63,ENST00000398473.7
ENSP00000381498.2,44,ENST00000398484.6
ENSP00000381499.2,10,ENST00000398485.6
ENSP00000381526.3,14,ENST00000398514.7
ENSP00000381543.3,38,ENST00000398532.9
ENSP00000381549.3,105,ENST00000398540.8
ENSP00000381567.2,113,ENST00000398559.7
ENSP00000381574.2,159,ENST00000398568.6
ENSP00000381577.2,236,ENST00000398571.7
ENSP00000381581.1,17,ENST00000398576.6
ENSP00000381589.2,38,ENST00000398587.7
ENSP00000381594.3,12,ENST00000398594.4
ENSP00000381607.3,9,ENST00000398606.10
ENSP00000381634.4,25,ENST00000398637.10
ENSP00000381657.3,134,ENST00000398665.8
ENSP00000381666.3,61,ENST00000398675.8
ENSP00000381693.2,205,ENST00000398706.6
ENSP00000381698.2,50,ENST00000398712.7
ENSP00000381717.3,16,ENST00000398733.8
ENSP00000381736.5,2,ENST00000398752.11
ENSP00000381773.2,55,ENST00000398793.6
ENSP00000381785.3,19,ENST00000398805.8
ENSP00000381818.4,18,ENST00000398838.8
ENSP00000381823.2,91,ENST00000398844.7
ENSP00000381840.3,36,ENST00000398864.7
ENSP00000381844.3,42,ENST00000398868.8
ENSP00000381863.2,82,ENST00000398888.6
ENSP00000381928.1,17,ENST00000398955.2
ENSP00000381970.2,48,ENST00000399004.7
ENSP00000381971.2,26,ENST00000399006.6
ENSP00000381981.2,140,ENST00000399017.6
ENSP00000381984.3,16,ENST00000399022.9
ENSP00000382015.2,9,ENST00000399061.3
ENSP00000382021.3,10,ENST00000399069.8
ENSP00000382034.1,21,ENST00000399084.5
ENSP00000382051.2,129,ENST00000399100.6
ENSP00000382071.1,105,ENST00000399120.5
ENSP00000382091.4,30,ENST00000399138.5
ENSP00000382104.3,307,ENST00000399151.3
ENSP00000382120.2,16,ENST00000399167.6
ENSP00000382140.1,29,ENST00000399187.6
ENSP00000382163.1,53,ENST00000399215.5
ENSP00000382165.3,100,ENST00000399218.8
ENSP00000382177.3,318,ENST00000399231.7
ENSP00000382178.4,111,ENST00000399232.8
ENSP00000382204.2,361,ENST00000399262.7
ENSP00000382218.1,17,ENST00000399277.6
ENSP00000382241.2,132,ENST00000399302.7
ENSP00000382250.2,15,ENST00000399312.3
ENSP00000382269.1,167,ENST00000399332.6
ENSP00000382271.3,300,ENST00000399334.7
ENSP00000382342.3,13,ENST00000399410.8
ENSP00000382379.2,81,ENST00000399451.6
ENSP00000382423.3,339,ENST00000399503.4
ENSP00000382492.3,195,ENST00000399583.4
ENSP00000382507.2,25,ENST00000399598.7
ENSP00000382580.1,12,ENST00000399672.5
ENSP00000382610.4,63,ENST00000399703.6
ENSP00000382628.2,54,ENST00000399722.6
ENSP00000382633.1,0,ENST00000399728.5
ENSP00000382648.4,18,ENST00000399744.8
ENSP00000382688.2,52,ENST00000399788.7
ENSP00000382691.2,26,ENST00000399793.6
ENSP00000382697.1,105,ENST00000399799.3
ENSP00000382707.4,25,ENST00000399808.5
ENSP00000382717.3,295,ENST00000399820.8
ENSP00000382767.3,41,ENST00000399878.8
ENSP00000382779.1,10,ENST00000399892.7
ENSP00000382805.1,77,ENST00000399921.5
ENSP00000382814.3,26,ENST00000399932.8
ENSP00000382815.3,201,ENST00000399933.8
ENSP00000382941.4,41,ENST00000400068.7
ENSP00000382965.3,6,ENST00000400093.3
ENSP00000383003.4,12,ENST00000400137.9
ENSP00000383023.2,47,ENST00000400159.6
ENSP00000383059.3,6,ENST00000400198.8
ENSP00000383067.2,14,ENST00000400206.7
ENSP00000383115.3,187,ENST00000400256.5
ENSP00000383145.2,60,ENST00000400288.7
ENSP00000383168.1,38,ENST00000400314.5
ENSP00000383178.3,96,ENST00000400324.9
ENSP00000383199.2,128,ENST00000400345.8
ENSP00000383212.4,83,ENST00000400359.4
ENSP00000383234.1,19,ENST00000400384.7
ENSP00000383295.3,438,ENST00000400445.7
ENSP00000383301.2,74,ENST00000400451.7
ENSP00000383333.1,135,ENST00000400485.6
ENSP00000383365.1,20,ENST00000400521.7
ENSP00000383392.1,51,ENST00000400546.6
ENSP00000383421.3,14,ENST00000400577.4
ENSP00000383594.3,24,ENST00000400788.9
ENSP00000383611.3,33,ENST00000400809.8
ENSP00000383808.3,150,ENST00000401026.7
ENSP00000383840.4,27,ENST00000401061.9
ENSP00000383851.2,229,ENST00000401073.7
ENSP00000383866.4,2,ENST00000401088.9
ENSP00000383889.3,11,ENST00000402802.7
ENSP00000383909.3,57,ENST00000404795.4
ENSP00000383911.3,21,ENST00000403766.8
ENSP00000383913.2,16,ENST00000407319.7
ENSP00000383949.1,9,ENST00000401959.6
ENSP00000383986.3,19,ENST00000406877.8
ENSP00000384004.1,11,ENST00000403058.6
ENSP00000384016.1,143,ENST00000405260.5
ENSP00000384018.1,233,ENST00000405201.5
ENSP00000384048.1,53,ENST00000404141.6
ENSP00000384081.3,78,ENST00000403714.8
ENSP00000384084.3,73,ENST00000406818.7
ENSP00000384091.1,57,ENST00000407925.5
ENSP00000384092.1,13,ENST00000405623.5
ENSP00000384160.3,81,ENST00000401878.8
ENSP00000384179.2,23,ENST00000407775.7
ENSP00000384182.3,37,ENST00000401642.8
ENSP00000384189.2,15,ENST00000405727.6
ENSP00000384200.4,37,ENST00000401604.8
ENSP00000384211.1,173,ENST00000404125.6
ENSP00000384222.3,199,ENST00000403733.8
ENSP00000384259.3,29,ENST00000404914.8
ENSP00000384262.2,29,ENST00000405413.6
ENSP00000384269.1,11,ENST00000405430.5
ENSP00000384273.3,46,ENST00000406246.8
ENSP00000384290.3,102,ENST00000407559.8
ENSP00000384296.2,5,ENST00000404366.7
ENSP00000384302.3,45,ENST00000407426.8
ENSP00000384313.1,75,ENST00000403666.5
ENSP00000384331.1,6,ENST00000402297.6
ENSP00000384363.3,12,ENST00000406256.8
ENSP00000384371.2,37,ENST00000406870.7
ENSP00000384391.3,34,ENST00000402077.7
ENSP00000384408.3,69,ENST00000402038.7
ENSP00000384421.1,46,ENST00000407690.6
ENSP00000384474.2,24,ENST00000406925.6
ENSP00000384477.3,41,ENST00000403825.8
ENSP00000384490.3,12,ENST00000407418.8
ENSP00000384491.1,38,ENST00000405154.6
ENSP00000384521.2,7,ENST00000405493.6
ENSP00000384527.1,167,ENST00000404138.5
ENSP00000384534.3,102,ENST00000404390.7
ENSP00000384537.2,77,ENST00000402676.7
ENSP00000384553.3,116,ENST00000406323.3
ENSP00000384564.1,23,ENST00000402395.5
ENSP00000384570.1,241,ENST00000403299.5
ENSP00000384575.2,13,ENST00000407528.6
ENSP00000384582.2,746,ENST00000405460.9
ENSP00000384593.1,94,ENST00000401533.7
ENSP00000384621.3,10,ENST00000404568.4
ENSP00000384625.3,89,ENST00000407008.8
ENSP00000384629.3,39,ENST00000402868.8
ENSP00000384648.3,12,ENST00000403627.7
ENSP00000384651.3,70,ENST00000401950.7
ENSP00000384667.1,12,ENST00000403305.6
ENSP00000384700.2,12,ENST00000404991.2
ENSP00000384719.1,14,ENST00000406397.1
ENSP00000384725.3,40,ENST00000407847.5
ENSP00000384763.1,44,ENST00000403092.5
ENSP00000384830.1,27,ENST00000406432.5
ENSP00000384849.1,12,ENST00000405375.5
ENSP00000384851.1,11,ENST00000405666.5
ENSP00000384863.2,65,ENST00000401558.7
ENSP00000384867.2,18,ENST00000405204.6
ENSP00000384869.1,9,ENST00000401408.6
ENSP00000384887.3,25,ENST00000403660.3
ENSP00000384924.1,14,ENST00000405640.1
ENSP00000384945.3,63,ENST00000401525.7
ENSP00000384966.2,3,ENST00000405709.7
ENSP00000384999.1,40,ENST00000401867.5
ENSP00000385006.1,32,ENST00000407315.6
ENSP00000385080.1,32,ENST00000407106.5
ENSP00000385097.1,232,ENST00000405141.5
ENSP00000385099.1,11,ENST00000404801.2
ENSP00000385107.4,0,ENST00000403994.9
ENSP00000385118.2,10,ENST00000407149.7
ENSP00000385205.3,20,ENST00000404072.7
ENSP00000385215.3,213,ENST00000403245.8
ENSP00000385235.1,137,ENST00000401752.6
ENSP00000385269.1,0,ENST00000407627.7
ENSP00000385300.1,51,ENST00000401528.5
ENSP00000385312.3,31,ENST00000402418.7
ENSP00000385334.1,30,ENST00000406869.5
ENSP00000385347.2,87,ENST00000405303.7
ENSP00000385357.1,24,ENST00000405659.5
ENSP00000385362.3,79,ENST00000406606.7
ENSP00000385398.1,54,ENST00000402508.5
ENSP00000385432.2,9,ENST00000402673.7
ENSP00000385451.2,4,ENST00000405308.6
ENSP00000385478.2,42,ENST00000407010.7
ENSP00000385510.1,97,ENST00000406462.6
ENSP00000385523.1,26,ENST00000407236.5
ENSP00000385560.1,1,ENST00000407184.5
ENSP00000385571.3,118,ENST00000406875.8
ENSP00000385575.2,62,ENST00000403729.7
ENSP00000385579.1,63,ENST00000402291.6
ENSP00000385597.2,42,ENST00000402050.7
ENSP00000385610.3,77,ENST00000406189.4
ENSP00000385622.3,36,ENST00000401507.7
ENSP00000385636.1,136,ENST00000404537.6
ENSP00000385651.2,49,ENST00000406470.6
ENSP00000385689.1,103,ENST00000406902.6
ENSP00000385722.3,114,ENST00000404767.8
ENSP00000385740.1,60,ENST00000405510.5
ENSP00000385746.2,32,ENST00000404933.7
ENSP00000385749.1,39,ENST00000406797.5
ENSP00000385757.1,5,ENST00000402924.5
ENSP00000385770.1,20,ENST00000401949.6
ENSP00000385787.2,42,ENST00000401707.7
ENSP00000385807.3,43,ENST00000403707.7
ENSP00000385828.3,37,ENST00000403892.7
ENSP00000385839.1,45,ENST00000402412.5
ENSP00000385848.2,87,ENST00000406610.7
ENSP00000385852.2,132,ENST00000402198.7
ENSP00000385885.2,30,ENST00000405954.2
ENSP00000385893.3,46,ENST00000405894.3
ENSP00000385899.2,308,ENST00000404826.7
ENSP00000385905.1,10,ENST00000407479.5
ENSP00000385923.3,21,ENST00000405315.9
ENSP00000385927.3,44,ENST00000406452.8
ENSP00000385939.1,112,ENST00000405858.6
ENSP00000385958.3,14,ENST00000401695.8
ENSP00000385990.3,50,ENST00000402774.8
ENSP00000385995.4,217,ENST00000405006.8
ENSP00000386023.2,4,ENST00000403633.6
ENSP00000386069.2,62,ENST00000330055.7
ENSP00000386076.3,29,ENST00000407471.7
ENSP00000386087.1,24,ENST00000405598.5
ENSP00000386104.4,23,ENST00000402744.9
ENSP00000386105.2,26,ENST00000406581.6
ENSP00000386135.3,249,ENST00000408954.8
ENSP00000386146.2,20,ENST00000408925.4
ENSP00000386153.4,51,ENST00000408927.8
ENSP00000386156.2,16,ENST00000408946.7
ENSP00000386170.3,93,ENST00000408931.4
ENSP00000386181.2,64,ENST00000408939.4
ENSP00000386184.3,18,ENST00000408953.4
ENSP00000386226.3,11,ENST00000408888.8
ENSP00000386227.3,204,ENST00000408903.7
ENSP00000386229.3,46,ENST00000408923.8
ENSP00000386230.2,12,ENST00000408991.4
ENSP00000386239.3,140,ENST00000409379.8
ENSP00000386248.3,52,ENST00000409344.7
ENSP00000386264.2,32,ENST00000409883.7
ENSP00000386277.1,39,ENST00000409789.5
ENSP00000386284.3,58,ENST00000409155.8
ENSP00000386289.1,39,ENST00000409580.5
ENSP00000386292.3,10,ENST00000409150.8
ENSP00000386302.2,16,ENST00000409466.6
ENSP00000386348.3,29,ENST00000409687.5
ENSP00000386357.1,27,ENST00000409093.1
ENSP00000386378.3,13,ENST00000410009.5
ENSP00000386385.3,30,ENST00000409299.8
ENSP00000386433.1,149,ENST00000409544.5
ENSP00000386452.1,11,ENST00000409122.7
ENSP00000386453.1,12,ENST00000409414.2
ENSP00000386456.3,197,ENST00000409085.9
ENSP00000386488.1,24,ENST00000409573.7
ENSP00000386498.1,45,ENST00000410016.5
ENSP00000386520.1,181,ENST00000409535.6
ENSP00000386528.1,8,ENST00000409860.1
ENSP00000386531.1,87,ENST00000409031.5
ENSP00000386538.3,44,ENST00000409939.8
ENSP00000386541.3,4,ENST00000409682.8
ENSP00000386543.1,47,ENST00000409936.5
ENSP00000386557.3,11,ENST00000409293.6
ENSP00000386574.3,276,ENST00000409663.7
ENSP00000386597.2,34,ENST00000409993.6
ENSP00000386636.1,14,ENST00000409333.1
ENSP00000386651.1,0,ENST00000409105.5
ENSP00000386652.5,12,ENST00000409906.9
ENSP00000386655.4,8,ENST00000409170.3
ENSP00000386660.1,69,ENST00000409556.5
ENSP00000386710.1,106,ENST00000409618.5
ENSP00000386722.4,50,ENST00000409418.9
ENSP00000386730.3,74,ENST00000409140.8
ENSP00000386738.3,21,ENST00000409785.9
ENSP00000386741.4,52,ENST00000409900.9
ENSP00000386764.1,24,ENST00000409871.6
ENSP00000386766.3,41,ENST00000409086.7
ENSP00000386830.1,56,ENST00000409175.6
ENSP00000386834.1,210,ENST00000409579.5
ENSP00000386857.1,12,ENST00000409624.1
ENSP00000386862.1,162,ENST00000409212.5
ENSP00000386881.3,12,ENST00000410020.8
ENSP00000386884.1,32,ENST00000409817.1
ENSP00000386890.4,32,ENST00000409257.9
ENSP00000386892.3,18,ENST00000409177.6
ENSP00000386915.1,33,ENST00000409014.5
ENSP00000386921.4,135,ENST00000409757.9
ENSP00000386935.3,33,ENST00000409858.8
ENSP00000386962.3,11,ENST00000409235.8
ENSP00000387006.3,47,ENST00000410053.8
ENSP00000387019.3,30,ENST00000409501.7
ENSP00000387040.2,148,ENST00000409404.6
ENSP00000387050.1,17,ENST00000409587.5
ENSP00000387059.3,4,ENST00000409753.8
ENSP00000387078.3,76,ENST00000409990.7
ENSP00000387100.4,97,ENST00000409012.6
ENSP00000387122.1,78,ENST00000409790.6
ENSP00000387123.3,33,ENST00000409134.8
ENSP00000387159.1,14,ENST00000409852.2
ENSP00000387164.1,25,ENST00000409850.5
ENSP00000387165.3,71,ENST00000409931.7
ENSP00000387185.2,81,ENST00000409548.7
ENSP00000387211.1,12,ENST00000409599.5
ENSP00000387219.3,12,ENST00000410022.7
ENSP00000387226.3,56,ENST00000410092.7
ENSP00000387246.1,143,ENST00000409947.5
ENSP00000387261.4,19,ENST00000409746.5
ENSP00000387286.3,5,ENST00000409784.8
ENSP00000387292.1,38,ENST00000409668.1
ENSP00000387294.3,145,ENST00000409540.7
ENSP00000387334.1,122,ENST00000409109.6
ENSP00000387365.3,15,ENST00000412830.8
ENSP00000387426.2,34,ENST00000438911.6
ENSP00000387462.1,43,ENST00000430430.5
ENSP00000387471.2,11,ENST00000422424.7
ENSP00000387593.2,334,ENST00000424789.6
ENSP00000387641.2,73,ENST00000456430.6
ENSP00000387654.2,28,ENST00000433351.7
ENSP00000387699.2,41,ENST00000432329.6
ENSP00000387713.2,117,ENST00000458705.6
ENSP00000387739.2,77,ENST00000433060.3
ENSP00000387757.2,37,ENST00000443632.2
ENSP00000387941.2,38,ENST00000455833.7
ENSP00000387982.3,29,ENST00000434634.7
ENSP00000388107.1,5,ENST00000442744.7
ENSP00000388231.3,149,ENST00000440411.7
ENSP00000388311.1,146,ENST00000458035.3
ENSP00000388337.1,0,ENST00000415949.5
ENSP00000388387.1,82,ENST00000425241.5
ENSP00000388464.2,58,ENST00000438747.7
ENSP00000388502.2,49,ENST00000333201.13
ENSP00000388510.2,13,ENST00000425354.7
ENSP00000388552.2,8,ENST00000412278.2
ENSP00000388638.1,18,ENST00000446108.5
ENSP00000388658.2,73,ENST00000422440.7
ENSP00000388713.1,42,ENST00000443314.5
ENSP00000388725.2,77,ENST00000428746.6
ENSP00000388823.2,27,ENST00000421177.6
ENSP00000388909.2,9,ENST00000437807.6
ENSP00000388920.2,13,ENST00000326397.10
ENSP00000389059.2,49,ENST00000416649.6
ENSP00000389060.1,18,ENST00000428879.5
ENSP00000389103.2,15,ENST00000422514.7
ENSP00000389111.1,19,ENST00000422725.4
ENSP00000389168.2,79,ENST00000450142.7
ENSP00000389175.2,61,ENST00000436784.7
ENSP00000389176.2,16,ENST00000436587.7
ENSP00000389380.1,71,ENST00000452918.7
ENSP00000389381.2,0,ENST00000429584.3
ENSP00000389383.1,74,ENST00000456909.6
ENSP00000389399.2,128,ENST00000434316.7
ENSP00000389445.1,78,ENST00000428931.6
ENSP00000389610.2,40,ENST00000424173.6
ENSP00000389630.2,66,ENST00000414645.6
ENSP00000389631.1,27,ENST00000451682.5
ENSP00000389787.2,13,ENST00000436066.4
ENSP00000389792.1,10,ENST00000452803.1
ENSP00000389810.1,16,ENST00000426836.5
ENSP00000389948.2,15,ENST00000435506.7
ENSP00000389985.1,4,ENST00000436884.5
ENSP00000389998.3,73,ENST00000453321.8
ENSP00000390011.1,29,ENST00000421832.3
ENSP00000390158.2,977,ENST00000443617.7
ENSP00000390179.2,68,ENST00000436120.7
ENSP00000390265.1,1,ENST00000415913.5
ENSP00000390500.2,42,ENST00000419617.7
ENSP00000390564.2,11,ENST00000450736.6
ENSP00000390590.2,79,ENST00000421952.3
ENSP00000390625.3,51,ENST00000449105.8
ENSP00000390722.2,25,ENST00000435456.7
ENSP00000390783.2,36,ENST00000458591.7
ENSP00000390932.2,4,ENST00000443597.7
ENSP00000391209.1,23,ENST00000418577.1
ENSP00000391211.1,13,ENST00000435765.5
ENSP00000391248.2,33,ENST00000447740.6
ENSP00000391249.1,22,ENST00000427177.6
ENSP00000391255.1,11,ENST00000449825.5
ENSP00000391372.2,46,ENST00000427482.7
ENSP00000391447.3,117,ENST00000435504.9
ENSP00000391504.1,2,ENST00000447353.6
ENSP00000391524.2,31,ENST00000413817.8
ENSP00000391549.2,13,ENST00000438528.7
ENSP00000391713.2,43,ENST00000445922.2
ENSP00000391747.1,12,ENST00000441843.5
ENSP00000391771.1,25,ENST00000431216.5
ENSP00000391774.2,39,ENST00000435070.7
ENSP00000392028.1,365,ENST00000423902.7
ENSP00000392066.2,90,ENST00000417564.3
ENSP00000392094.1,22,ENST00000426333.7
ENSP00000392105.2,14,ENST00000413687.3
ENSP00000392206.2,30,ENST00000452145.6
ENSP00000392270.2,12,ENST00000419869.7
ENSP00000392309.2,50,ENST00000425407.6
ENSP00000392316.1,48,ENST00000436390.5
ENSP00000392371.2,5,ENST00000420878.7
ENSP00000392395.2,85,ENST00000432561.6
ENSP00000392500.1,60,ENST00000457714.5
ENSP00000392511.1,65,ENST00000412055.6
ENSP00000392549.4,23,ENST00000426895.9
ENSP00000392553.2,37,ENST00000424479.7
ENSP00000392617.2,43,ENST00000448276.7
ENSP00000392660.2,10,ENST00000419673.6
ENSP00000392678.3,20,ENST00000432648.8
ENSP00000392782.1,52,ENST00000414773.5
ENSP00000392795.3,11,ENST00000423407.7
ENSP00000392828.1,8,ENST00000440944.6
ENSP00000392896.2,4,ENST00000433866.7
ENSP00000392906.2,283,ENST00000425673.6
ENSP00000392913.1,8,ENST00000456318.5
ENSP00000393139.1,24,ENST00000428239.5
ENSP00000393151.2,19,ENST00000444376.7
ENSP00000393154.2,12,ENST00000419743.7
ENSP00000393183.2,126,ENST00000423656.5
ENSP00000393275.1,35,ENST00000425699.3
ENSP00000393313.1,63,ENST00000455140.7
ENSP00000393316.2,11,ENST00000457354.7
ENSP00000393511.2,15,ENST00000447017.7
ENSP00000393596.2,330,ENST00000421745.6
ENSP00000393631.2,22,ENST00000420022.3
ENSP00000393667.2,112,ENST00000418596.7
ENSP00000393722.1,50,ENST00000443124.5
ENSP00000393762.2,75,ENST00000436639.6
ENSP00000393776.2,49,ENST00000430046.7
ENSP00000393785.2,10,ENST00000443659.6
ENSP00000393840.1,18,ENST00000433642.3
ENSP00000393896.2,49,ENST00000417816.2
ENSP00000393922.1,139,ENST00000455600.1
ENSP00000393978.1,65,ENST00000433867.5
ENSP00000394071.2,4,ENST00000447750.7
ENSP00000394085.2,29,ENST00000445478.6
ENSP00000394107.2,7,ENST00000429238.2
ENSP00000394178.2,22,ENST00000412401.3
ENSP00000394183.2,18,ENST00000458198.3
ENSP00000394316.2,51,ENST00000452790.6
ENSP00000394331.2,23,ENST00000450361.2
ENSP00000394352.3,47,ENST00000440460.7
ENSP00000394382.2,12,ENST00000422285.7
ENSP00000394390.1,26,ENST00000430256.3
ENSP00000394466.2,16,ENST00000449058.7
ENSP00000394510.1,111,ENST00000418929.7
ENSP00000394699.2,11,ENST00000412716.8
ENSP00000394720.2,49,ENST00000411539.6
ENSP00000394757.2,69,ENST00000443185.7
ENSP00000394770.2,42,ENST00000446378.3
ENSP00000394791.2,83,ENST00000448372.5
ENSP00000394794.1,599,ENST00000436978.5
ENSP00000394842.2,12,ENST00000437150.7
ENSP00000394976.1,60,ENST00000412389.5
ENSP00000395012.1,92,ENST00000454652.6
ENSP00000395196.2,36,ENST00000449606.7
ENSP00000395232.1,77,ENST00000420702.6
ENSP00000395249.2,55,ENST00000430297.7
ENSP00000395281.2,11,ENST00000429260.7
ENSP00000395340.2,57,ENST00000413034.3
ENSP00000395473.2,93,ENST00000456935.7
ENSP00000395487.2,202,ENST00000447906.8
ENSP00000395502.2,35,ENST00000424952.7
ENSP00000395574.2,46,ENST00000418390.6
ENSP00000395590.2,22,ENST00000438323.2
ENSP00000395641.3,74,ENST00000450525.7
ENSP00000395723.3,79,ENST00000431561.7
ENSP00000395772.1,1,ENST00000418458.6
ENSP00000395849.2,103,ENST00000429845.6
ENSP00000395862.2,13,ENST00000439096.3
ENSP00000395951.2,47,ENST00000417220.6
ENSP00000396045.1,4,ENST00000452633.5
ENSP00000396117.1,201,ENST00000437809.5
ENSP00000396160.2,98,ENST00000434748.2
ENSP00000396205.2,35,ENST00000435213.6
ENSP00000396225.2,48,ENST00000432126.7
ENSP00000396234.1,23,ENST00000416321.5
ENSP00000396301.2,45,ENST00000417647.7
ENSP00000396320.1,12,ENST00000435607.3
ENSP00000396452.2,12,ENST00000424830.6
ENSP00000396467.1,38,ENST00000446044.5
ENSP00000396527.2,7,ENST00000450043.2
ENSP00000396615.2,24,ENST00000431683.7
ENSP00000396628.1,35,ENST00000415259.5
ENSP00000396673.2,0,ENST00000427159.7
ENSP00000396704.2,70,ENST00000435706.6
ENSP00000396771.2,40,ENST00000447838.6
ENSP00000396830.2,264,ENST00000431932.6
ENSP00000396857.2,57,ENST00000421812.3
ENSP00000396896.2,34,ENST00000321685.7
ENSP00000396954.1,13,ENST00000423777.7
ENSP00000396995.3,95,ENST00000436909.8
ENSP00000397087.3,46,ENST00000424848.3
ENSP00000397099.3,19,ENST00000441443.6
ENSP00000397157.2,12,ENST00000421351.4
ENSP00000397188.2,12,ENST00000425133.2
ENSP00000397249.2,19,ENST00000433922.6
ENSP00000397351.2,22,ENST00000457091.2
ENSP00000397394.1,9,ENST00000436106.3
ENSP00000397441.2,89,ENST00000455146.8
ENSP00000397552.2,6,ENST00000429709.7
ENSP00000397556.2,20,ENST00000429029.6
ENSP00000397570.2,328,ENST00000457542.7
ENSP00000397693.2,24,ENST00000457749.7
ENSP00000397843.2,5,ENST00000438607.2
ENSP00000397947.1,53,ENST00000449726.6
ENSP00000398053.2,32,ENST00000427358.3
ENSP00000398076.2,210,ENST00000426216.6
ENSP00000398083.1,6,ENST00000433078.5
ENSP00000398106.2,35,ENST00000432999.6
ENSP00000398124.2,40,ENST00000416274.7
ENSP00000398178.1,8,ENST00000430715.6
ENSP00000398181.1,18,ENST00000429722.3
ENSP00000398273.2,49,ENST00000451604.7
ENSP00000398368.2,96,ENST00000453190.7
ENSP00000398401.1,29,ENST00000445716.6
ENSP00000398467.1,12,ENST00000450195.6
ENSP00000398502.3,47,ENST00000427587.9
ENSP00000398526.3,33,ENST00000419755.3
ENSP00000398596.1,39,ENST00000455809.5
ENSP00000398597.1,12,ENST00000435634.3
ENSP00000398610.1,28,ENST00000438331.5
ENSP00000398632.2,13,ENST00000428726.8
ENSP00000398736.2,109,ENST00000451137.7
ENSP00000398744.3,37,ENST00000422466.6
ENSP00000398778.2,25,ENST00000454158.7
ENSP00000398789.2,90,ENST00000428135.7
ENSP00000398837.2,225,ENST00000420124.4
ENSP00000398870.1,160,ENST00000433881.5
ENSP00000398880.4,88,ENST00000447079.6
ENSP00000398882.1,9,ENST00000427575.6
ENSP00000399168.2,35,ENST00000412585.7
ENSP00000399208.3,18,ENST00000443119.7
ENSP00000399259.2,155,ENST00000435817.7
ENSP00000399376.2,26,ENST00000430350.2
ENSP00000399403.1,26,ENST00000417856.5
ENSP00000399441.1,0,ENST00000334994.6
ENSP00000399457.3,21,ENST00000415136.6
ENSP00000399465.1,7,ENST00000420353.7
ENSP00000399511.2,150,ENST00000436636.7
ENSP00000399561.2,132,ENST00000457010.6
ENSP00000399718.2,38,ENST00000416007.9
ENSP00000399751.2,49,ENST00000438796.6
ENSP00000399797.2,95,ENST00000413052.6
ENSP00000399805.1,6,ENST00000417775.5
ENSP00000399808.2,32,ENST00000430889.3
ENSP00000399834.3,9,ENST00000433282.6
ENSP00000399851.2,73,ENST00000442287.6
ENSP00000399888.1,16,ENST00000447654.5
ENSP00000399903.1,303,ENST00000449802.5
ENSP00000399938.2,40,ENST00000416288.6
ENSP00000399968.2,271,ENST00000452400.7
ENSP00000399970.2,21,ENST00000455566.6
ENSP00000400010.2,116,ENST00000418331.7
ENSP00000400057.2,21,ENST00000415229.6
ENSP00000400113.2,98,ENST00000446113.7
ENSP00000400142.2,28,ENST00000414183.6
ENSP00000400157.3,46,ENST00000449549.4
ENSP00000400162.2,62,ENST00000447712.7
ENSP00000400168.1,17,ENST00000413834.5
ENSP00000400175.1,0,ENST00000418115.6
ENSP00000400184.2,10,ENST00000431388.3
ENSP00000400223.1,26,ENST00000317811.6
ENSP00000400228.3,26,ENST00000447966.7
ENSP00000400312.2,34,ENST00000440863.7
ENSP00000400333.2,20,ENST00000458013.7
ENSP00000400376.3,23,ENST00000437043.8
ENSP00000400391.1,27,ENST00000456324.5
ENSP00000400401.2,108,ENST00000412584.6
ENSP00000400433.2,0,ENST00000443950.6
ENSP00000400459.2,44,ENST00000439399.6
ENSP00000400471.2,39,ENST00000429772.7
ENSP00000400476.2,122,ENST00000446488.7
ENSP00000400482.2,17,ENST00000424011.6
ENSP00000400500.2,52,ENST00000415914.4
ENSP00000400513.2,43,ENST00000453153.7
ENSP00000400591.2,12,ENST00000414487.7
ENSP00000400646.2,32,ENST00000447944.7
ENSP00000400717.2,11,ENST00000439174.7
ENSP00000400803.2,25,ENST00000448384.2
ENSP00000400839.2,5,ENST00000446465.3
ENSP00000400852.1,78,ENST00000423484.3
ENSP00000400870.1,35,ENST00000427569.7
ENSP00000400878.1,75,ENST00000426739.7
ENSP00000400897.3,137,ENST00000396026.7
ENSP00000401076.2,8,ENST00000451997.6
ENSP00000401112.1,38,ENST00000417098.6
ENSP00000401115.1,0,ENST00000447630.5
ENSP00000401132.1,87,ENST00000439062.6
ENSP00000401264.1,53,ENST00000443824.5
ENSP00000401277.2,43,ENST00000440859.8
ENSP00000401306.1,36,ENST00000424728.6
ENSP00000401338.2,58,ENST00000431232.7
ENSP00000401371.2,2,ENST00000433529.7
ENSP00000401445.2,154,ENST00000433197.4
ENSP00000401470.2,20,ENST00000455915.6
ENSP00000401477.2,12,ENST00000455884.7
ENSP00000401726.1,10,ENST00000425675.7
ENSP00000401853.1,81,ENST00000447092.5
ENSP00000401867.2,25,ENST00000439742.6
ENSP00000401878.2,40,ENST00000417314.2
ENSP00000401879.2,14,ENST00000429642.2
ENSP00000401907.2,22,ENST00000440890.7
ENSP00000401938.2,48,ENST00000446041.6
ENSP00000401980.2,44,ENST00000428216.4
ENSP00000402020.2,0,ENST00000449250.3
ENSP00000402033.1,23,ENST00000438447.2
ENSP00000402060.2,39,ENST00000425690.8
ENSP00000402084.2,37,ENST00000450114.7
ENSP00000402338.2,17,ENST00000441448.7
ENSP00000402346.2,49,ENST00000425248.5
ENSP00000402390.1,78,ENST00000416314.5
ENSP00000402510.2,59,ENST00000440940.7
ENSP00000402515.3,317,ENST00000446231.7
ENSP00000402584.2,48,ENST00000434837.8
ENSP00000402653.3,24,ENST00000418543.8
ENSP00000402661.1,24,ENST00000424086.5
ENSP00000402798.2,14,ENST00000434178.6
ENSP00000402861.1,37,ENST00000428675.6
ENSP00000402949.2,45,ENST00000440428.5
ENSP00000403039.2,41,ENST00000438032.6
ENSP00000403042.2,149,ENST00000422959.6
ENSP00000403067.1,36,ENST00000417257.6
ENSP00000403104.2,52,ENST00000431843.7
ENSP00000403172.2,28,ENST00000424576.6
ENSP00000403302.1,118,ENST00000456556.5
ENSP00000403396.2,67,ENST00000432176.7
ENSP00000403441.1,61,ENST00000439785.5
ENSP00000403476.2,124,ENST00000453908.8
ENSP00000403524.3,46,ENST00000419234.9
ENSP00000403625.1,8,ENST00000451047.1
ENSP00000403768.2,47,ENST00000417368.7
ENSP00000403852.2,15,ENST00000442738.7
ENSP00000403937.3,43,ENST00000446510.6
ENSP00000403954.2,31,ENST00000422452.2
ENSP00000404042.2,10,ENST00000457408.7
ENSP00000404092.2,70,ENST00000448223.7
ENSP00000404122.1,58,ENST00000443698.5
ENSP00000404179.1,273,ENST00000437633.6
ENSP00000404190.2,27,ENST00000427314.6
ENSP00000404304.3,104,ENST00000423738.4
ENSP00000404381.2,88,ENST00000442697.7
ENSP00000404427.3,22,ENST00000447388.7
ENSP00000404658.1,109,ENST00000428826.7
ENSP00000404676.1,57,ENST00000419445.6
ENSP00000404834.3,79,ENST00000417956.6
ENSP00000404843.1,21,ENST00000434410.5
ENSP00000404854.2,24,ENST00000414097.6
ENSP00000404923.2,85,ENST00000447648.7
ENSP00000404991.2,49,ENST00000449592.7
ENSP00000405004.1,53,ENST00000434821.7
ENSP00000405068.2,44,ENST00000416614.7
ENSP00000405111.2,77,ENST00000457308.6
ENSP00000405252.2,19,ENST00000431975.7
ENSP00000405292.1,154,ENST00000412622.5
ENSP00000405327.1,37,ENST00000430479.6
ENSP00000405577.2,6,ENST00000448775.4
ENSP00000405620.1,50,ENST00000445061.6
ENSP00000405669.2,89,ENST00000449850.2
ENSP00000405674.2,0,ENST00000451315.7
ENSP00000405699.1,29,ENST00000427624.2
ENSP00000405812.2,49,ENST00000453097.7
ENSP00000405890.2,18,ENST00000420696.7
ENSP00000405926.3,13,ENST00000456936.4
ENSP00000405965.2,15,ENST00000420826.7
ENSP00000406012.2,122,ENST00000426508.7
ENSP00000406022.1,108,ENST00000453304.6
ENSP00000406026.2,4,ENST00000444387.7
ENSP00000406144.2,24,ENST00000413473.6
ENSP00000406197.2,32,ENST00000442253.3
ENSP00000406201.1,35,ENST00000429604.5
ENSP00000406229.2,315,ENST00000441802.7
ENSP00000406288.3,130,ENST00000430710.8
ENSP00000406318.2,10,ENST00000422689.3
ENSP00000406327.2,6,ENST00000411948.7
ENSP00000406367.2,112,ENST00000412232.3
ENSP00000406463.2,13,ENST00000457167.9
ENSP00000406482.2,14,ENST00000423059.9
ENSP00000406490.3,55,ENST00000441310.7
ENSP00000406598.1,38,ENST00000393381.3
ENSP00000406661.1,347,ENST00000440172.5
ENSP00000406885.1,41,ENST00000421852.6
ENSP00000407087.2,25,ENST00000430223.7
ENSP00000407168.1,72,ENST00000428468.6
ENSP00000407193.2,76,ENST00000448504.6
ENSP00000407238.1,162,ENST00000453495.2
ENSP00000407262.2,22,ENST00000440155.6
ENSP00000407301.2,29,ENST00000430121.3
ENSP00000407336.1,9,ENST00000454214.1
ENSP00000407442.3,224,ENST00000426820.7
ENSP00000407487.2,36,ENST00000418476.2
ENSP00000407613.1,31,ENST00000443029.5
ENSP00000407653.2,27,ENST00000419421.3
ENSP00000407726.2,33,ENST00000456829.7
ENSP00000407763.2,25,ENST00000444614.8
ENSP00000407767.2,63,ENST00000423556.6
ENSP00000407818.2,28,ENST00000441222.8
ENSP00000407922.2,15,ENST00000447513.7
ENSP00000408002.2,37,ENST00000435505.6
ENSP00000408005.2,42,ENST00000424542.7
ENSP00000408020.2,95,ENST00000439128.6
ENSP00000408236.2,34,ENST00000452733.7
ENSP00000408288.3,12,ENST00000452015.9
ENSP00000408295.2,8,ENST00000454402.7
ENSP00000408358.2,67,ENST00000415149.6
ENSP00000408367.3,25,ENST00000448552.7
ENSP00000408410.1,4,ENST00000418776.1
ENSP00000408695.3,155,ENST00000413366.8
ENSP00000408838.2,13,ENST00000449187.6
ENSP00000408910.3,14,ENST00000434715.7
ENSP00000408979.2,88,ENST00000455537.7
ENSP00000409016.3,34,ENST00000441174.8
ENSP00000409068.1,25,ENST00000426154.5
ENSP00000409107.2,36,ENST00000342537.8
ENSP00000409231.2,36,ENST00000438419.6
ENSP00000409315.2,24,ENST00000417201.4
ENSP00000409318.1,52,ENST00000429154.7
ENSP00000409382.2,94,ENST00000440314.7
ENSP00000409463.2,16,ENST00000416904.5
ENSP00000409555.2,16,ENST00000439977.7
ENSP00000409581.2,37,ENST00000420843.7
ENSP00000409652.1,50,ENST00000439461.6
ENSP00000409667.2,354,ENST00000433931.7
ENSP00000409681.3,20,ENST00000449692.3
ENSP00000409896.2,25,ENST00000437553.6
ENSP00000409906.1,212,ENST00000450251.5
ENSP00000409964.2,113,ENST00000458385.7
ENSP00000410007.1,67,ENST00000317683.4
ENSP00000410041.2,43,ENST00000449193.7
ENSP00000410051.2,44,ENST00000448120.7
ENSP00000410083.1,134,ENST00000436874.6
ENSP00000410088.2,22,ENST00000420993.7
ENSP00000410157.2,82,ENST00000435224.3
ENSP00000410198.2,65,ENST00000448803.6
ENSP00000410216.2,62,ENST00000428202.7
ENSP00000410294.2,111,ENST00000457416.6
ENSP00000410339.1,30,ENST00000426677.7
ENSP00000410396.2,28,ENST00000421999.8
ENSP00000410409.2,29,ENST00000448108.7
ENSP00000410431.1,77,ENST00000422516.5
ENSP00000410470.2,25,ENST00000414820.6
ENSP00000410545.1,41,ENST00000435989.7
ENSP00000410561.1,9,ENST00000425876.6
ENSP00000410594.1,124,ENST00000424248.2
ENSP00000410619.3,0,ENST00000422453.7
ENSP00000410734.1,84,ENST00000453372.7
ENSP00000410758.2,0,ENST00000450169.7
ENSP00000410798.2,28,ENST00000426395.7
ENSP00000410811.1,40,ENST00000419119.1
ENSP00000410833.2,45,ENST00000429644.7
ENSP00000410882.1,21,ENST00000440121.1
ENSP00000410890.1,97,ENST00000434415.6
ENSP00000410926.2,110,ENST00000420910.6
ENSP00000410943.1,12,ENST00000420283.3
ENSP00000410964.2,44,ENST00000421367.7
ENSP00000410992.3,48,ENST00000448666.7
ENSP00000411010.2,17,ENST00000436063.7
ENSP00000411084.2,22,ENST00000430385.3
ENSP00000411099.2,143,ENST00000431350.7
ENSP00000411124.2,71,ENST00000443071.6
ENSP00000411132.2,42,ENST00000447116.6
ENSP00000411197.2,136,ENST00000442267.3
ENSP00000411242.2,246,ENST00000415807.7
ENSP00000411253.1,88,ENST00000424280.5
ENSP00000411268.2,156,ENST00000429433.3
ENSP00000411372.1,86,ENST00000449309.2
ENSP00000411471.2,17,ENST00000429586.6
ENSP00000411514.4,12,ENST00000436535.4
ENSP00000411532.1,39,ENST00000423485.6
ENSP00000411771.2,24,ENST00000413219.6
ENSP00000411822.1,14,ENST00000418265.1
ENSP00000412302.2,23,ENST00000434436.8
ENSP00000412365.2,23,ENST00000429927.6
ENSP00000412388.1,15,ENST00000436881.2
ENSP00000412524.1,26,ENST00000454545.5
ENSP00000412536.1,2,ENST00000435873.1
ENSP00000412894.2,13,ENST00000445193.7
ENSP00000412999.1,66,ENST00000414468.3
ENSP00000413035.2,42,ENST00000438146.7
ENSP00000413064.2,25,ENST00000423729.3
ENSP00000413100.2,6,ENST00000442039.3
ENSP00000413152.2,30,ENST00000424785.7
ENSP00000413165.1,23,ENST00000434505.5
ENSP00000413196.1,68,ENST00000435205.6
ENSP00000413251.3,29,ENST00000457928.7
ENSP00000413353.3,12,ENST00000438998.7
ENSP00000413411.2,21,ENST00000418100.6
ENSP00000413418.2,82,ENST00000419474.5
ENSP00000413493.2,46,ENST00000435064.6
ENSP00000413520.2,97,ENST00000425042.7
ENSP00000413572.3,29,ENST00000442241.9
ENSP00000413619.2,11,ENST00000441711.6
ENSP00000413625.1,88,ENST00000446176.7
ENSP00000413660.2,11,ENST00000456783.3
ENSP00000413908.1,32,ENST00000431802.5
ENSP00000413937.2,35,ENST00000421807.7
ENSP00000413976.2,36,ENST00000443968.2
ENSP00000414055.2,84,ENST00000442628.7
ENSP00000414066.2,15,ENST00000432641.3
ENSP00000414068.2,14,ENST00000432920.2
ENSP00000414109.1,100,ENST00000411486.7
ENSP00000414147.1,50,ENST00000451493.5
ENSP00000414202.1,25,ENST00000412770.7
ENSP00000414237.3,81,ENST00000444766.7
ENSP00000414302.2,34,ENST00000452027.3
ENSP00000414330.2,48,ENST00000431473.4
ENSP00000414398.1,43,ENST00000439351.5
ENSP00000414402.1,215,ENST00000430092.5
ENSP00000414516.2,11,ENST00000415083.7
ENSP00000414521.2,32,ENST00000453318.6
ENSP00000414558.2,45,ENST00000428304.6
ENSP00000414624.2,16,ENST00000446526.8
ENSP00000414644.1,14,ENST00000438828.4
ENSP00000414786.2,62,ENST00000458549.7
ENSP00000414887.2,73,ENST00000444149.7
ENSP00000414909.2,46,ENST00000433342.5
ENSP00000414964.2,9,ENST00000426546.7
ENSP00000415030.2,11,ENST00000454765.7
ENSP00000415034.2,304,ENST00000450053.8
ENSP00000415078.1,68,ENST00000429344.7
ENSP00000415115.1,56,ENST00000411432.5
ENSP00000415178.1,26,ENST00000439838.5
ENSP00000415243.3,44,ENST00000458537.7
ENSP00000415332.2,38,ENST00000428443.8
ENSP00000415336.2,37,ENST00000419554.6
ENSP00000415430.1,63,ENST00000454366.2
ENSP00000415433.2,16,ENST00000451321.6
ENSP00000415434.1,107,ENST00000450966.5
ENSP00000415436.3,30,ENST00000420613.7
ENSP00000415454.1,25,ENST00000442371.5
ENSP00000415520.2,33,ENST00000434377.6
ENSP00000415528.2,9,ENST00000445632.7
ENSP00000415822.2,97,ENST00000427980.7
ENSP00000415998.2,34,ENST00000442218.3
ENSP00000416015.2,274,ENST00000441493.7
ENSP00000416033.2,47,ENST00000434752.4
ENSP00000416050.2,14,ENST00000456397.7
ENSP00000416154.2,11,ENST00000444469.4
ENSP00000416158.2,121,ENST00000446284.6
ENSP00000416227.4,21,ENST00000431606.4
ENSP00000416250.2,0,ENST00000424014.7
ENSP00000416263.2,0,ENST00000425441.5
ENSP00000416289.1,91,ENST00000448612.6
ENSP00000416338.1,24,ENST00000444836.5
ENSP00000416429.2,14,ENST00000429711.7
ENSP00000416508.1,110,ENST00000439040.5
ENSP00000416523.1,188,ENST00000450295.5
ENSP00000416583.2,30,ENST00000428559.7
ENSP00000416658.1,16,ENST00000421967.5
ENSP00000416662.3,10,ENST00000429591.4
ENSP00000416696.2,252,ENST00000414202.7
ENSP00000416707.2,11,ENST00000416569.3
ENSP00000416739.2,56,ENST00000444129.7
ENSP00000416750.1,135,ENST00000447869.5
ENSP00000416787.1,101,ENST00000434507.5
ENSP00000416799.1,91,ENST00000422556.1
ENSP00000416959.2,0,ENST00000453386.7
ENSP00000417003.2,114,ENST00000427836.8
ENSP00000417052.1,34,ENST00000495186.6
ENSP00000417078.1,60,ENST00000496811.6
ENSP00000417085.1,21,ENST00000489711.6
ENSP00000417122.2,12,ENST00000482387.6
ENSP00000417132.1,49,ENST00000460680.6
ENSP00000417138.1,39,ENST00000477313.5
ENSP00000417164.1,31,ENST00000461745.5
ENSP00000417175.1,16,ENST00000475243.6
ENSP00000417183.1,49,ENST00000495880.2
ENSP00000417185.1,56,ENST00000476993.2
ENSP00000417190.2,11,ENST00000474627.8
ENSP00000417207.1,24,ENST00000470495.1
ENSP00000417229.1,25,ENST00000460851.6
ENSP00000417235.1,301,ENST00000474524.5
ENSP00000417273.1,31,ENST00000481752.6
ENSP00000417354.1,23,ENST00000470487.6
ENSP00000417401.1,383,ENST00000467148.1
ENSP00000417402.1,43,ENST00000469408.6
ENSP00000417464.1,0,ENST00000497547.2
ENSP00000417470.1,57,ENST00000491431.2
ENSP00000417509.2,168,ENST00000493960.6
ENSP00000417517.1,7,ENST00000494383.1
ENSP00000417548.1,12,ENST00000465995.6
ENSP00000417556.2,10,ENST00000482796.1
ENSP00000417573.1,18,ENST00000462683.6
ENSP00000417580.1,40,ENST00000497473.6
ENSP00000417581.1,38,ENST00000493442.2
ENSP00000417583.1,10,ENST00000477717.6
ENSP00000417601.1,77,ENST00000484457.6
ENSP00000417602.1,22,ENST00000476781.6
ENSP00000417610.1,24,ENST00000468148.6
ENSP00000417654.1,31,ENST00000492406.6
ENSP00000417659.1,96,ENST00000498165.6
ENSP00000417686.1,14,ENST00000489418.6
ENSP00000417697.1,14,ENST00000466436.5
ENSP00000417706.1,11,ENST00000478244.6
ENSP00000417748.1,16,ENST00000480945.6
ENSP00000417763.1,15,ENST00000464845.6
ENSP00000417764.1,20,ENST00000476832.2
ENSP00000417769.1,51,ENST00000466202.5
ENSP00000417773.1,26,ENST00000462138.6
ENSP00000417806.1,8,ENST00000477703.6
ENSP00000417864.2,8,ENST00000465139.6
ENSP00000417960.2,166,ENST00000476379.6
ENSP00000417963.1,18,ENST00000485511.6
ENSP00000417980.1,101,ENST00000460843.6
ENSP00000418001.1,41,ENST00000392993.7
ENSP00000418008.1,25,ENST00000495075.5
ENSP00000418062.2,1,ENST00000481533.5
ENSP00000418070.1,44,ENST00000485303.6
ENSP00000418082.1,11,ENST00000491306.6
ENSP00000418086.1,31,ENST00000494481.5
ENSP00000418112.1,256,ENST00000474889.6
ENSP00000418210.1,92,ENST00000461685.5
ENSP00000418221.3,25,ENST00000493763.7
ENSP00000418232.1,86,ENST00000479054.5
ENSP00000418234.2,14,ENST00000470229.6
ENSP00000418268.1,54,ENST00000484800.6
ENSP00000418287.1,19,ENST00000488633.2
ENSP00000418348.1,12,ENST00000466830.6
ENSP00000418401.1,17,ENST00000466490.7
ENSP00000418447.1,15,ENST00000481195.6
ENSP00000418563.1,38,ENST00000473835.7
ENSP00000418565.1,12,ENST00000480687.5
ENSP00000418571.4,33,ENST00000475381.7
ENSP00000418582.1,10,ENST00000492590.6
ENSP00000418647.3,127,ENST00000496259.5
ENSP00000418648.2,144,ENST00000473989.8
ENSP00000418661.1,13,ENST00000419060.5
ENSP00000418663.1,34,ENST00000495514.5
ENSP00000418668.1,33,ENST00000307584.6
ENSP00000418669.3,23,ENST00000478753.5
ENSP00000418674.1,40,ENST00000473092.5
ENSP00000418693.1,42,ENST00000493196.2
ENSP00000418719.1,66,ENST00000476120.1
ENSP00000418734.1,56,ENST00000472487.6
ENSP00000418735.1,116,ENST00000498707.5
ENSP00000418748.2,16,ENST00000473183.7
ENSP00000418751.1,39,ENST00000481247.6
ENSP00000418803.1,30,ENST00000494664.6
ENSP00000418813.1,0,ENST00000495461.6
ENSP00000418823.1,24,ENST00000471389.6
ENSP00000418901.1,13,ENST00000472886.5
ENSP00000418910.1,28,ENST00000471696.6
ENSP00000418960.2,122,ENST00000471181.7
ENSP00000419004.1,13,ENST00000460469.1
ENSP00000419005.1,57,ENST00000491415.7
ENSP00000419038.1,38,ENST00000486715.6
ENSP00000419087.1,0,ENST00000476279.5
ENSP00000419088.1,6,ENST00000477892.5
ENSP00000419101.1,73,ENST00000474759.6
ENSP00000419126.1,99,ENST00000481909.2
ENSP00000419184.2,21,ENST00000490107.6
ENSP00000419185.2,110,ENST00000491143.3
ENSP00000419195.1,36,ENST00000477224.6
ENSP00000419235.1,37,ENST00000479870.6
ENSP00000419243.2,25,ENST00000484259.3
ENSP00000419270.1,2,ENST00000496391.5
ENSP00000419296.2,16,ENST00000489835.6
ENSP00000419370.1,0,ENST00000466681.2
ENSP00000419371.1,34,ENST00000479665.6
ENSP00000419397.1,63,ENST00000481138.6
ENSP00000419412.1,105,ENST00000485713.5
ENSP00000419413.1,80,ENST00000469044.6
ENSP00000419417.1,12,ENST00000471115.6
ENSP00000419425.1,14,ENST00000468812.6
ENSP00000419446.2,37,ENST00000487273.7
ENSP00000419449.1,2,ENST00000469257.2
ENSP00000419465.1,75,ENST00000465804.5
ENSP00000419471.1,37,ENST00000487270.5
ENSP00000419475.1,4,ENST00000473414.6
ENSP00000419592.1,26,ENST00000486347.5
ENSP00000419599.1,7,ENST00000488423.2
ENSP00000419607.1,123,ENST00000476907.6
ENSP00000419619.1,10,ENST00000463745.6
ENSP00000419628.1,12,ENST00000491614.6
ENSP00000419654.1,37,ENST00000496613.6
ENSP00000419665.1,4,ENST00000481508.1
ENSP00000419691.1,36,ENST00000484973.5
ENSP00000419719.2,0,ENST00000495313.5
ENSP00000419765.1,58,ENST00000467963.6
ENSP00000419782.1,17,ENST00000485972.6
ENSP00000419851.1,31,ENST00000496455.7
ENSP00000419873.1,87,ENST00000470360.5
ENSP00000419879.1,38,ENST00000460006.6
ENSP00000419923.1,41,ENST00000497571.6
ENSP00000419970.1,15,ENST00000461988.6
ENSP00000419992.1,13,ENST00000494774.5
ENSP00000420009.2,4,ENST00000484302.3
ENSP00000420065.1,27,ENST00000483233.5
ENSP00000420076.1,2,ENST00000479209.1
ENSP00000420091.1,60,ENST00000475390.2
ENSP00000420127.1,20,ENST00000464506.2
ENSP00000420161.1,80,ENST00000483209.5
ENSP00000420176.1,0,ENST00000483063.2
ENSP00000420180.3,108,ENST00000488653.6
ENSP00000420182.1,79,ENST00000485419.7
ENSP00000420195.1,5,ENST00000492112.3
ENSP00000420267.1,58,ENST00000487099.7
ENSP00000420270.1,44,ENST00000489294.2
ENSP00000420283.2,67,ENST00000498508.6
ENSP00000420294.1,120,ENST00000495893.7
ENSP00000420309.1,19,ENST00000465828.5
ENSP00000420311.2,0,ENST00000479035.7
ENSP00000420323.1,84,ENST00000483466.5
ENSP00000420357.2,22,ENST00000466444.7
ENSP00000420387.1,69,ENST00000487903.5
ENSP00000420418.1,34,ENST00000475153.6
ENSP00000420443.1,12,ENST00000465271.6
ENSP00000420477.2,22,ENST00000490531.3
ENSP00000420484.1,23,ENST00000479950.5
ENSP00000420588.1,9,ENST00000487519.6
ENSP00000420599.1,43,ENST00000486111.5
ENSP00000420608.1,43,ENST00000477853.6
ENSP00000420612.1,157,ENST00000461166.5
ENSP00000420617.1,37,ENST00000471841.6
ENSP00000420637.1,146,ENST00000495273.5
ENSP00000420656.1,35,ENST00000467728.5
ENSP00000420659.1,160,ENST00000486442.6
ENSP00000420714.1,8,ENST00000476371.1
ENSP00000420860.1,92,ENST00000503752.5
ENSP00000420875.1,11,ENST00000515098.5
ENSP00000420919.1,23,ENST00000515780.6
ENSP00000420927.1,68,ENST00000503176.6
ENSP00000420931.1,282,ENST00000506720.5
ENSP00000421028.1,103,ENST00000505242.6
ENSP00000421169.1,96,ENST00000502486.6
ENSP00000421180.1,46,ENST00000509479.6
ENSP00000421202.2,29,ENST00000506184.7
ENSP00000421226.1,28,ENST00000503004.5
ENSP00000421246.1,35,ENST00000509634.5
ENSP00000421280.1,390,ENST00000513610.6
ENSP00000421380.1,2,ENST00000502492.6
ENSP00000421491.1,28,ENST00000511817.1
ENSP00000421544.1,17,ENST00000512783.5
ENSP00000421566.1,20,ENST00000502935.6
ENSP00000421592.2,4,ENST00000505490.3
ENSP00000421799.3,11,ENST00000470747.4
ENSP00000421842.1,2,ENST00000510994.5
ENSP00000421915.1,103,ENST00000306562.8
ENSP00000421917.1,118,ENST00000502717.6
ENSP00000421926.1,77,ENST00000511320.6
ENSP00000421934.2,8,ENST00000503506.6
ENSP00000421981.1,66,ENST00000512733.5
ENSP00000421985.1,92,ENST00000510461.6
ENSP00000422037.1,49,ENST00000507489.2
ENSP00000422131.1,82,ENST00000514747.6
ENSP00000422185.2,6,ENST00000507866.6
ENSP00000422245.1,30,ENST00000504771.3
ENSP00000422338.1,12,ENST00000511437.6
ENSP00000422431.1,21,ENST00000503771.2
ENSP00000422464.1,50,ENST00000502773.6
ENSP00000422473.1,18,ENST00000504986.6
ENSP00000422496.1,82,ENST00000512701.6
ENSP00000422591.1,104,ENST00000504154.6
ENSP00000422607.1,65,ENST00000515030.5
ENSP00000422834.2,764,ENST00000512123.4
ENSP00000423067.2,54,ENST00000506538.6
ENSP00000423094.2,22,ENST00000502484.6
ENSP00000423153.1,104,ENST00000503780.6
ENSP00000423161.1,12,ENST00000505790.5
ENSP00000423302.1,41,ENST00000509852.6
ENSP00000423325.1,53,ENST00000507166.5
ENSP00000423354.2,13,ENST00000503335.7
ENSP00000423399.1,11,ENST00000508987.1
ENSP00000423463.1,49,ENST00000504764.5
ENSP00000423563.1,2,ENST00000511689.5
ENSP00000423567.2,7,ENST00000503566.6
ENSP00000423665.1,82,ENST00000506784.5
ENSP00000423673.1,27,ENST00000507754.9
ENSP00000423674.1,11,ENST00000508177.5
ENSP00000423712.1,37,ENST00000512261.5
ENSP00000423822.1,19,ENST00000503787.6
ENSP00000423861.1,20,ENST00000508190.1
ENSP00000423881.1,34,ENST00000503585.6
ENSP00000423933.1,24,ENST00000505747.6
ENSP00000424007.2,0,ENST00000510585.3
ENSP00000424123.1,44,ENST00000508821.6
ENSP00000424126.1,8,ENST00000515393.5
ENSP00000424183.1,17,ENST00000499666.7
ENSP00000424191.1,44,ENST00000508394.6
ENSP00000424226.1,337,ENST00000511685.6
ENSP00000424314.1,9,ENST00000472745.1
ENSP00000424328.1,31,ENST00000507110.6
ENSP00000424381.1,87,ENST00000474879.7
ENSP00000424417.1,13,ENST00000499023.7
ENSP00000424541.2,160,ENST00000503462.3
ENSP00000424544.1,35,ENST00000503731.6
ENSP00000424566.1,33,ENST00000514199.1
ENSP00000424571.1,265,ENST00000508053.5
ENSP00000424618.2,36,ENST00000513200.7
ENSP00000424707.1,5,ENST00000502346.2
ENSP00000424730.1,22,ENST00000505416.5
ENSP00000424870.1,4,ENST00000505459.6
ENSP00000424874.1,10,ENST00000513973.6
ENSP00000424896.1,34,ENST00000504123.6
ENSP00000424940.3,28,ENST00000510025.7
ENSP00000425031.1,11,ENST00000504898.5
ENSP00000425040.1,73,ENST00000509176.5
ENSP00000425048.1,39,ENST00000510708.6
ENSP00000425092.1,2,ENST00000505658.6
ENSP00000425107.1,13,ENST00000509910.2
ENSP00000425118.2,44,ENST00000506351.6
ENSP00000425130.1,60,ENST00000511216.6
ENSP00000425166.1,25,ENST00000270815.5
ENSP00000425487.1,57,ENST00000513000.5
ENSP00000425570.1,43,ENST00000504953.5
ENSP00000425587.1,59,ENST00000512944.6
ENSP00000425634.1,17,ENST00000504156.7
ENSP00000425658.1,335,ENST00000504087.6
ENSP00000425759.1,8,ENST00000509578.1
ENSP00000425765.1,39,ENST00000508192.5
ENSP00000425840.1,71,ENST00000515673.7
ENSP00000425915.1,11,ENST00000506577.5
ENSP00000425979.2,136,ENST00000511367.6
ENSP00000425996.1,0,ENST00000507606.3
ENSP00000426018.1,136,ENST00000513140.5
ENSP00000426067.1,11,ENST00000500337.6
ENSP00000426193.1,200,ENST00000512132.5
ENSP00000426237.3,107,ENST00000507668.7
ENSP00000426255.1,63,ENST00000504273.5
ENSP00000426359.1,28,ENST00000513312.3
ENSP00000426387.1,108,ENST00000514251.5
ENSP00000426455.2,39,ENST00000508775.6
ENSP00000426503.1,0,ENST00000511600.5
ENSP00000426638.1,37,ENST00000511912.6
ENSP00000426741.1,4,ENST00000505139.1
ENSP00000426848.1,165,ENST00000505560.5
ENSP00000426906.1,9,ENST00000507747.1
ENSP00000426909.1,16,ENST00000512805.6
ENSP00000426948.1,4,ENST00000514667.1
ENSP00000426983.1,92,ENST00000513440.6
ENSP00000427004.1,69,ENST00000509430.5
ENSP00000427018.3,14,ENST00000504942.6
ENSP00000427108.1,133,ENST00000504169.2
ENSP00000427130.2,51,ENST00000511455.7
ENSP00000427401.3,12,ENST00000513458.9
ENSP00000427407.2,8,ENST00000506197.2
ENSP00000427463.1,0,ENST00000503362.2
ENSP00000427514.1,60,ENST00000498907.3
ENSP00000427550.1,156,ENST00000506447.5
ENSP00000427562.1,98,ENST00000502732.6
ENSP00000427695.1,27,ENST00000499247.3
ENSP00000427788.1,9,ENST00000521262.5
ENSP00000427793.1,117,ENST00000517970.6
ENSP00000427802.1,23,ENST00000521764.3
ENSP00000427820.1,104,ENST00000518698.6
ENSP00000427831.1,224,ENST00000520727.5
ENSP00000427866.1,41,ENST00000523266.5
ENSP00000427882.1,98,ENST00000520309.5
ENSP00000427900.1,174,ENST00000524189.6
ENSP00000427951.1,13,ENST00000517294.5
ENSP00000427975.1,224,ENST00000523189.6
ENSP00000428056.1,26,ENST00000521381.6
ENSP00000428085.1,8,ENST00000521291.5
ENSP00000428112.1,12,ENST00000519638.3
ENSP00000428205.1,42,ENST00000517956.5
ENSP00000428209.1,6,ENST00000523111.7
ENSP00000428223.1,13,ENST00000521476.5
ENSP00000428321.1,10,ENST00000520948.5
ENSP00000428341.1,36,ENST00000518149.5
ENSP00000428388.1,0,ENST00000520311.5
ENSP00000428409.1,19,ENST00000521545.7
ENSP00000428417.1,12,ENST00000521978.5
ENSP00000428426.2,30,ENST00000521604.7
ENSP00000428480.2,21,ENST00000518156.3
ENSP00000428540.1,34,ENST00000521180.5
ENSP00000428585.1,14,ENST00000521580.3
ENSP00000428603.1,10,ENST00000520790.1
ENSP00000428646.1,129,ENST00000521871.5
ENSP00000428746.2,11,ENST00000475866.3
ENSP00000428756.1,80,ENST00000524300.6
ENSP00000428763.2,128,ENST00000524325.6
ENSP00000428765.2,15,ENST00000523983.6
ENSP00000428787.1,12,ENST00000518421.5
ENSP00000428878.1,14,ENST00000511833.3
ENSP00000428924.1,43,ENST00000519728.6
ENSP00000428968.1,152,ENST00000519449.5
ENSP00000428982.1,16,ENST00000520429.6
ENSP00000429022.1,11,ENST00000519289.1
ENSP00000429065.1,49,ENST00000521022.6
ENSP00000429084.1,141,ENST00000520539.6
ENSP00000429089.1,34,ENST00000520509.5
ENSP00000429148.1,39,ENST00000523374.5
ENSP00000429150.1,20,ENST00000519824.6
ENSP00000429168.1,38,ENST00000519676.6
ENSP00000429190.1,75,ENST00000518137.6
ENSP00000429200.1,67,ENST00000519973.6
ENSP00000429216.2,55,ENST00000522111.3
ENSP00000429274.2,10,ENST00000521288.2
ENSP00000429278.2,87,ENST00000522526.6
ENSP00000429344.1,53,ENST00000522362.7
ENSP00000429367.1,43,ENST00000518322.6
ENSP00000429407.1,48,ENST00000517492.5
ENSP00000429468.2,65,ENST00000520694.6
ENSP00000429488.1,237,ENST00000522006.5
ENSP00000429517.1,11,ENST00000521988.6
ENSP00000429655.1,51,ENST00000523771.5
ENSP00000429690.1,12,ENST00000519374.6
ENSP00000429707.1,0,ENST00000523016.1
ENSP00000429754.1,39,ENST00000520262.6
ENSP00000429803.1,55,ENST00000523638.6
ENSP00000429900.1,228,ENST00000518721.6
ENSP00000429911.1,125,ENST00000522684.5
ENSP00000429931.1,11,ENST00000521861.6
ENSP00000429986.1,1,ENST00000521688.6
ENSP00000429993.2,24,ENST00000520358.7
ENSP00000430000.2,0,ENST00000519948.4
ENSP00000430025.1,13,ENST00000523377.2
ENSP00000430236.1,104,ENST00000521508.2
ENSP00000430237.1,37,ENST00000521389.6
ENSP00000430241.1,24,ENST00000520164.6
ENSP00000430269.1,135,ENST00000521400.6
ENSP00000430282.1,8,ENST00000518738.2
ENSP00000430338.1,79,ENST00000523731.6
ENSP00000430432.1,12,ENST00000519065.6
ENSP00000430493.1,10,ENST00000517876.5
ENSP00000430548.1,43,ENST00000517309.6
ENSP00000430598.1,0,ENST00000524142.5
ENSP00000430684.1,75,ENST00000520810.6
ENSP00000430774.1,8,ENST00000519718.1
ENSP00000430823.1,11,ENST00000520347.5
ENSP00000430846.1,22,ENST00000523207.2
ENSP00000430853.1,14,ENST00000524087.5
ENSP00000430897.2,17,ENST00000523505.3
ENSP00000430945.1,98,ENST00000517894.5
ENSP00000430947.2,39,ENST00000521374.6
ENSP00000431040.1,0,ENST00000523037.6
ENSP00000431162.2,0,ENST00000530028.3
ENSP00000431165.1,19,ENST00000531839.5
ENSP00000431173.2,35,ENST00000533608.7
ENSP00000431202.1,0,ENST00000529555.1
ENSP00000431240.1,12,ENST00000530797.5
ENSP00000431245.2,15,ENST00000526355.7
ENSP00000431287.1,0,ENST00000532971.2
ENSP00000431371.1,47,ENST00000529564.1
ENSP00000431459.1,9,ENST00000530349.2
ENSP00000431586.1,24,ENST00000530878.5
ENSP00000431605.1,20,ENST00000472174.7
ENSP00000431800.1,53,ENST00000533626.5
ENSP00000431808.1,11,ENST00000526415.5
ENSP00000431821.1,59,ENST00000528673.5
ENSP00000431822.1,12,ENST00000531743.5
ENSP00000431872.2,14,ENST00000530705.6
ENSP00000431876.1,120,ENST00000529308.6
ENSP00000431885.1,103,ENST00000525621.6
ENSP00000431984.1,66,ENST00000527323.5
ENSP00000432016.1,24,ENST00000532219.5
ENSP00000432119.1,19,ENST00000525239.5
ENSP00000432163.1,11,ENST00000531837.2
ENSP00000432172.1,27,ENST00000528266.6
ENSP00000432279.1,3,ENST00000526991.3
ENSP00000432305.1,18,ENST00000532692.1
ENSP00000432327.1,166,ENST00000529032.5
ENSP00000432334.1,28,ENST00000528542.6
ENSP00000432472.1,5,ENST00000530758.2
ENSP00000432487.1,29,ENST00000524803.6
ENSP00000432504.1,134,ENST00000530393.6
ENSP00000432511.1,23,ENST00000527670.5
ENSP00000432523.2,25,ENST00000524958.6
ENSP00000432595.2,19,ENST00000526639.3
ENSP00000432614.1,9,ENST00000530054.1
ENSP00000432660.1,0,ENST00000525451.6
ENSP00000432692.1,6,ENST00000531323.1
ENSP00000432724.1,145,ENST00000528372.5
ENSP00000432768.1,81,ENST00000529230.6
ENSP00000432786.1,131,ENST00000529006.7
ENSP00000432789.1,25,ENST00000467909.5
ENSP00000432799.3,0,ENST00000528157.7
ENSP00000432845.1,63,ENST00000532414.3
ENSP00000432886.1,87,ENST00000533099.5
ENSP00000433071.1,36,ENST00000525754.5
ENSP00000433080.1,24,ENST00000529844.5
ENSP00000433102.1,36,ENST00000525074.5
ENSP00000433126.1,26,ENST00000528080.6
ENSP00000433146.2,107,ENST00000527733.7
ENSP00000433302.1,47,ENST00000531433.5
ENSP00000433343.1,56,ENST00000533050.6
ENSP00000433361.1,11,ENST00000534025.6
ENSP00000433427.1,44,ENST00000504924.6
ENSP00000433446.1,116,ENST00000533895.5
ENSP00000433488.2,13,ENST00000527786.7
ENSP00000433490.1,5,ENST00000533448.1
ENSP00000433528.1,80,ENST00000534127.5
ENSP00000433543.1,13,ENST00000524625.5
ENSP00000433623.1,49,ENST00000526995.6
ENSP00000433681.3,86,ENST00000534548.7
ENSP00000433760.1,7,ENST00000533166.5
ENSP00000433919.1,0,ENST00000525428.6
ENSP00000434024.1,0,ENST00000530167.1
ENSP00000434034.1,31,ENST00000531380.2
ENSP00000434056.1,9,ENST00000533544.6
ENSP00000434103.3,46,ENST00000533601.7
ENSP00000434142.1,19,ENST00000534000.6
ENSP00000434241.1,57,ENST00000477616.2
ENSP00000434359.1,62,ENST00000526683.6
ENSP00000434412.1,47,ENST00000524558.5
ENSP00000434442.1,50,ENST00000524782.6
ENSP00000434466.1,64,ENST00000534064.6
ENSP00000434480.1,34,ENST00000532485.6
ENSP00000434511.1,19,ENST00000534355.6
ENSP00000434552.1,23,ENST00000524717.6
ENSP00000434643.1,9,ENST00000531188.6
ENSP00000434717.1,15,ENST00000497194.6
ENSP00000434724.1,21,ENST00000529689.5
ENSP00000434847.1,21,ENST00000527881.1
ENSP00000434849.1,62,ENST00000529415.7
ENSP00000434887.1,132,ENST00000524413.5
ENSP00000434908.1,12,ENST00000474289.6
ENSP00000434995.1,46,ENST00000533682.2
ENSP00000435188.1,13,ENST00000528405.1
ENSP00000435189.1,12,ENST00000533486.5
ENSP00000435210.1,98,ENST00000531224.6
ENSP00000435289.1,11,ENST00000527958.6
ENSP00000435350.1,77,ENST00000527275.5
ENSP00000435371.1,38,ENST00000534070.5
ENSP00000435373.2,23,ENST00000465148.3
ENSP00000435421.1,46,ENST00000533655.6
ENSP00000435565.1,306,ENST00000528919.5
ENSP00000435619.1,0,ENST00000527879.2
ENSP00000435648.2,24,ENST00000527524.8
ENSP00000435777.1,12,ENST00000525634.6
ENSP00000435790.1,45,ENST00000533342.6
ENSP00000435838.1,11,ENST00000527087.5
ENSP00000435927.2,26,ENST00000524796.6
ENSP00000435954.1,10,ENST00000524391.6
ENSP00000436049.1,16,ENST00000531120.6
ENSP00000436152.1,14,ENST00000533940.5
ENSP00000436186.1,8,ENST00000532097.6
ENSP00000436187.2,44,ENST00000527478.6
ENSP00000436273.2,80,ENST00000532868.6
ENSP00000436318.1,30,ENST00000533244.6
ENSP00000436376.1,22,ENST00000529803.1
ENSP00000436455.1,0,ENST00000529010.6
ENSP00000436541.2,65,ENST00000528667.7
ENSP00000436596.1,24,ENST00000531909.5
ENSP00000436604.2,26,ENST00000529983.3
ENSP00000436607.1,23,ENST00000528655.5
ENSP00000436621.1,29,ENST00000524821.6
ENSP00000436649.1,31,ENST00000531072.1
ENSP00000436679.1,16,ENST00000532297.5
ENSP00000436773.2,202,ENST00000528896.7
ENSP00000436785.1,31,ENST00000525815.6
ENSP00000436836.1,12,ENST00000533854.6
ENSP00000436848.1,38,ENST00000532208.5
ENSP00000436901.1,30,ENST00000528416.6
ENSP00000436930.1,67,ENST00000526117.6
ENSP00000436984.1,67,ENST00000526060.5
ENSP00000437125.1,46,ENST00000532636.5
ENSP00000437188.2,82,ENST00000461783.7
ENSP00000437216.1,25,ENST00000529382.5
ENSP00000437271.1,116,ENST00000532437.1
ENSP00000437402.1,7,ENST00000535366.5
ENSP00000437464.2,133,ENST00000542267.7
ENSP00000437532.1,10,ENST00000543610.6
ENSP00000437550.1,154,ENST00000543571.6
ENSP00000437616.1,35,ENST00000543227.5
ENSP00000437659.1,32,ENST00000544916.6
ENSP00000437783.1,55,ENST00000541669.6
ENSP00000437808.1,161,ENST00000538976.5
ENSP00000437940.2,52,ENST00000538922.8
ENSP00000437968.2,133,ENST00000543095.7
ENSP00000438040.1,62,ENST00000545336.5
ENSP00000438085.3,76,ENST00000537686.6
ENSP00000438209.1,13,ENST00000536300.2
ENSP00000438273.1,66,ENST00000542236.5
ENSP00000438349.2,13,ENST00000544844.6
ENSP00000438455.1,11,ENST00000541231.1
ENSP00000438465.1,1,ENST00000498926.7
ENSP00000438483.2,42,ENST00000537025.6
ENSP00000438507.1,8,ENST00000398092.4
ENSP00000438546.1,135,ENST00000543086.7
ENSP00000438553.1,10,ENST00000544848.2
ENSP00000438647.1,65,ENST00000535420.5
ENSP00000438748.2,50,ENST00000543872.6
ENSP00000438875.2,105,ENST00000539517.7
ENSP00000439020.2,41,ENST00000295766.9
ENSP00000439056.1,44,ENST00000203166.10
ENSP00000439065.2,28,ENST00000472726.3
ENSP00000439068.2,22,ENST00000542893.2
ENSP00000439176.1,17,ENST00000542447.6
ENSP00000439245.3,32,ENST00000538936.7
ENSP00000439392.1,96,ENST00000536386.5
ENSP00000439467.1,14,ENST00000541970.6
ENSP00000439566.1,82,ENST00000536814.1
ENSP00000439688.2,24,ENST00000540393.6
ENSP00000439807.1,200,ENST00000541718.5
ENSP00000439856.2,50,ENST00000546361.7
ENSP00000439918.1,28,ENST00000540163.5
ENSP00000439937.1,38,ENST00000539827.5
ENSP00000440005.1,3,ENST00000541182.1
ENSP00000440038.2,27,ENST00000544987.2
ENSP00000440045.2,43,ENST00000539276.7
ENSP00000440149.1,124,ENST00000538906.5
ENSP00000440222.1,29,ENST00000541515.3
ENSP00000440273.3,108,ENST00000536178.3
ENSP00000440288.1,150,ENST00000542678.5
ENSP00000440329.1,54,ENST00000546034.1
ENSP00000440396.1,23,ENST00000544612.6
ENSP00000440485.1,21,ENST00000541212.6
ENSP00000440502.1,17,ENST00000541961.5
ENSP00000440542.2,98,ENST00000544040.7
ENSP00000440613.1,12,ENST00000535992.5
ENSP00000440638.1,25,ENST00000515837.7
ENSP00000440689.1,12,ENST00000463117.6
ENSP00000440915.2,28,ENST00000534898.9
ENSP00000440945.1,40,ENST00000539589.5
ENSP00000441126.1,7,ENST00000544855.5
ENSP00000441140.1,91,ENST00000545558.5
ENSP00000441158.1,159,ENST00000427926.6
ENSP00000441214.1,116,ENST00000542802.7
ENSP00000441365.1,24,ENST00000285605.8
ENSP00000441369.1,27,ENST00000541640.5
ENSP00000441405.1,23,ENST00000539644.5
ENSP00000441481.1,60,ENST00000545661.5
ENSP00000441543.1,50,ENST00000536769.1
ENSP00000441641.2,23,ENST00000542965.2
ENSP00000441755.1,47,ENST00000540757.6
ENSP00000441838.1,53,ENST00000536254.6
ENSP00000441875.1,19,ENST00000535923.6
ENSP00000441913.1,35,ENST00000545377.5
ENSP00000441927.1,35,ENST00000536441.7
ENSP00000441953.1,53,ENST00000535373.5
ENSP00000441954.2,4,ENST00000545279.6
ENSP00000441980.1,28,ENST00000545121.5
ENSP00000442053.2,42,ENST00000545145.6
ENSP00000442060.1,13,ENST00000538320.5
ENSP00000442157.1,21,ENST00000540656.5
ENSP00000442297.1,72,ENST00000545005.5
ENSP00000442304.1,43,ENST00000546354.6
ENSP00000442318.1,68,ENST00000545606.6
ENSP00000442478.2,46,ENST00000541638.6
ENSP00000442515.1,12,ENST00000535842.5
ENSP00000442563.2,54,ENST00000539111.7
ENSP00000442600.1,59,ENST00000545947.5
ENSP00000442699.1,13,ENST00000535601.5
ENSP00000442788.1,249,ENST00000540549.5
ENSP00000442920.1,5,ENST00000546087.5
ENSP00000442954.1,0,ENST00000535453.5
ENSP00000442973.1,49,ENST00000545797.7
ENSP00000443017.1,0,ENST00000539745.1
ENSP00000443113.2,34,ENST00000534928.5
ENSP00000443130.1,10,ENST00000541135.5
ENSP00000443150.1,4,ENST00000541778.5
ENSP00000443160.2,36,ENST00000540509.5
ENSP00000443176.1,35,ENST00000537866.5
ENSP00000443216.1,9,ENST00000537328.6
ENSP00000443253.1,49,ENST00000474035.6
ENSP00000443256.1,33,ENST00000542587.5
ENSP00000443291.2,37,ENST00000536681.8
ENSP00000443292.1,40,ENST00000538780.2
ENSP00000443333.1,18,ENST00000543669.5
ENSP00000443631.1,41,ENST00000540288.5
ENSP00000443795.1,11,ENST00000545127.1
ENSP00000443957.1,21,ENST00000543039.2
ENSP00000443965.2,8,ENST00000539909.6
ENSP00000443988.1,44,ENST00000543473.2
ENSP00000444215.1,14,ENST00000536716.1
ENSP00000444278.1,24,ENST00000542554.5
ENSP00000444408.1,15,ENST00000542575.6
ENSP00000444411.1,25,ENST00000539465.5
ENSP00000444412.3,157,ENST00000536435.7
ENSP00000444430.2,43,ENST00000539479.6
ENSP00000444433.1,8,ENST00000543927.6
ENSP00000444537.1,47,ENST00000539247.5
ENSP00000444596.2,463,ENST00000544440.7
ENSP00000444628.1,28,ENST00000535456.7
ENSP00000444660.1,46,ENST00000542507.5
ENSP00000444810.1,23,ENST00000536438.5
ENSP00000444812.1,50,ENST00000536459.6
ENSP00000444935.1,6,ENST00000538771.5
ENSP00000445043.2,55,ENST00000542859.6
ENSP00000445162.1,17,ENST00000543341.7
ENSP00000445366.1,11,ENST00000542735.2
ENSP00000445408.2,37,ENST00000537505.6
ENSP00000445622.1,20,ENST00000536549.5
ENSP00000445633.2,9,ENST00000541790.3
ENSP00000445725.1,28,ENST00000534961.5
ENSP00000445806.2,15,ENST00000544017.5
ENSP00000445920.1,11,ENST00000545712.7
ENSP00000445926.2,9,ENST00000301686.13
ENSP00000446007.1,3,ENST00000544301.7
ENSP00000446039.1,17,ENST00000534947.5
ENSP00000446054.1,12,ENST00000543160.5
ENSP00000446099.1,0,ENST00000399794.6
ENSP00000446184.2,44,ENST00000536831.5
ENSP00000446215.1,18,ENST00000543796.6
ENSP00000446252.1,7,ENST00000538183.7
ENSP00000446335.1,86,ENST00000539719.6
ENSP00000446395.2,5,ENST00000544381.4
ENSP00000446439.1,10,ENST00000538274.5
ENSP00000446479.1,61,ENST00000552695.6
ENSP00000446576.2,91,ENST00000550104.5
ENSP00000446680.1,35,ENST00000546378.1
ENSP00000446743.1,15,ENST00000549318.5
ENSP00000446828.1,5,ENST00000469520.6
ENSP00000446830.1,10,ENST00000549441.7
ENSP00000446872.1,19,ENST00000551765.6
ENSP00000446880.1,158,ENST00000551812.5
ENSP00000446913.1,44,ENST00000546970.5
ENSP00000447001.1,0,ENST00000549920.6
ENSP00000447006.1,133,ENST00000551295.7
ENSP00000447057.1,12,ENST00000552951.7
ENSP00000447058.1,12,ENST00000549578.6
ENSP00000447091.1,86,ENST00000552014.5
ENSP00000447121.2,38,ENST00000549987.1
ENSP00000447241.1,47,ENST00000550389.5
ENSP00000447353.1,10,ENST00000547838.2
ENSP00000447433.1,10,ENST00000548065.7
ENSP00000447537.1,16,ENST00000548925.5
ENSP00000447566.1,46,ENST00000552551.5
ENSP00000447650.1,10,ENST00000550412.5
ENSP00000447651.1,34,ENST00000552029.1
ENSP00000447679.1,19,ENST00000552360.4
ENSP00000447730.1,12,ENST00000549117.5
ENSP00000447852.1,19,ENST00000548729.5
ENSP00000447873.1,10,ENST00000548198.5
ENSP00000447942.1,8,ENST00000551018.5
ENSP00000448012.1,413,ENST00000552810.6
ENSP00000448054.1,32,ENST00000552283.6
ENSP00000448071.1,13,ENST00000547379.6
ENSP00000448101.1,10,ENST00000548293.5
ENSP00000448112.1,78,ENST00000551659.5
ENSP00000448165.2,178,ENST00000551964.6
ENSP00000448182.1,33,ENST00000550746.5
ENSP00000448228.1,84,ENST00000553127.5
ENSP00000448289.1,42,ENST00000549621.5
ENSP00000448387.2,47,ENST00000547530.7
ENSP00000448419.1,39,ENST00000547167.6
ENSP00000448536.2,3,ENST00000443585.6
ENSP00000448617.1,25,ENST00000546500.5
ENSP00000448762.2,40,ENST00000546463.6
ENSP00000448785.1,14,ENST00000548553.1
ENSP00000448801.2,12,ENST00000552242.5
ENSP00000448955.1,65,ENST00000547754.6
ENSP00000449026.1,3,ENST00000546591.6
ENSP00000449328.1,28,ENST00000551150.5
ENSP00000449381.2,73,ENST00000551404.6
ENSP00000449386.2,30,ENST00000546815.6
ENSP00000449535.1,105,ENST00000548058.6
ENSP00000449544.1,14,ENST00000546504.1
ENSP00000449751.1,14,ENST00000550765.6
ENSP00000449770.3,9,ENST00000548861.2
ENSP00000449785.1,11,ENST00000548125.5
ENSP00000449795.1,9,ENST00000546954.2
ENSP00000449960.1,89,ENST00000550804.6
ENSP00000450114.1,47,ENST00000547315.6
ENSP00000450281.1,15,ENST00000551806.1
ENSP00000450333.1,26,ENST00000552739.5
ENSP00000450385.1,18,ENST00000553066.5
ENSP00000450399.1,24,ENST00000549701.6
ENSP00000450436.1,36,ENST00000553458.6
ENSP00000450461.2,78,ENST00000556440.7
ENSP00000450480.2,8,ENST00000555815.6
ENSP00000450524.1,12,ENST00000556529.4
ENSP00000450565.1,57,ENST00000555003.5
ENSP00000450567.1,83,ENST00000557413.6
ENSP00000450584.2,12,ENST00000557540.7
ENSP00000450607.1,50,ENST00000553532.6
ENSP00000450731.1,13,ENST00000554659.6
ENSP00000450742.1,139,ENST00000556143.6
ENSP00000450790.1,33,ENST00000555309.5
ENSP00000450799.1,81,ENST00000553935.6
ENSP00000450832.1,245,ENST00000555818.5
ENSP00000450856.2,13,ENST00000555074.1
ENSP00000450857.1,59,ENST00000555447.5
ENSP00000450864.1,75,ENST00000554684.5
ENSP00000450870.1,16,ENST00000485079.1
ENSP00000450909.1,13,ENST00000557342.6
ENSP00000450962.3,10,ENST00000553456.5
ENSP00000450969.1,59,ENST00000557385.2
ENSP00000451000.1,102,ENST00000554015.5
ENSP00000451040.1,14,ENST00000555567.6
ENSP00000451080.1,0,ENST00000557016.6
ENSP00000451112.2,0,ENST00000555619.6
ENSP00000451117.1,33,ENST00000557597.5
ENSP00000451131.1,14,ENST00000553443.5
ENSP00000451145.1,19,ENST00000554914.1
ENSP00000451162.1,32,ENST00000555265.6
ENSP00000451188.1,12,ENST00000556095.5
ENSP00000451261.1,17,ENST00000435041.3
ENSP00000451263.2,159,ENST00000555993.6
ENSP00000451406.1,13,ENST00000554643.5
ENSP00000451763.2,23,ENST00000555044.6
ENSP00000451792.1,12,ENST00000556278.1
ENSP00000451818.1,14,ENST00000556994.5
ENSP00000451828.1,37,ENST00000554581.5
ENSP00000451866.1,14,ENST00000416247.4
ENSP00000451945.1,30,ENST00000451024.5
ENSP00000451962.2,17,ENST00000553851.3
ENSP00000451974.1,20,ENST00000553264.5
ENSP00000451998.1,97,ENST00000554922.5
ENSP00000452007.1,23,ENST00000556816.6
ENSP00000452037.1,1,ENST00000553645.7
ENSP00000452123.1,8,ENST00000553521.5
ENSP00000452133.1,0,ENST00000554880.5
ENSP00000452181.1,42,ENST00000553888.5
ENSP00000452414.1,118,ENST00000556564.6
ENSP00000452454.1,43,ENST00000553612.6
ENSP00000452479.1,40,ENST00000557008.2
ENSP00000452521.1,27,ENST00000556492.6
ENSP00000452522.1,92,ENST00000555846.2
ENSP00000452535.1,9,ENST00000554335.6
ENSP00000452549.1,27,ENST00000555938.1
ENSP00000452552.1,34,ENST00000553380.1
ENSP00000452634.2,10,ENST00000560869.6
ENSP00000452762.1,0,ENST00000557943.6
ENSP00000452792.1,142,ENST00000559239.2
ENSP00000452793.1,12,ENST00000558017.5
ENSP00000452796.2,231,ENST00000560626.6
ENSP00000452871.1,39,ENST00000558939.5
ENSP00000452877.2,237,ENST00000560079.7
ENSP00000452885.1,100,ENST00000559228.6
ENSP00000452948.1,66,ENST00000559717.6
ENSP00000453019.1,13,ENST00000418388.6
ENSP00000453076.1,23,ENST00000561100.2
ENSP00000453302.1,52,ENST00000445355.8
ENSP00000453307.1,65,ENST00000561293.5
ENSP00000453399.1,13,ENST00000426077.3
ENSP00000453502.1,11,ENST00000478497.5
ENSP00000453508.1,200,ENST00000561311.5
ENSP00000453581.2,28,ENST00000560601.4
ENSP00000453785.1,44,ENST00000559844.6
ENSP00000453793.1,61,ENST00000561208.6
ENSP00000453801.1,25,ENST00000558311.5
ENSP00000453962.1,35,ENST00000418511.6
ENSP00000453969.1,9,ENST00000559313.5
ENSP00000454021.1,13,ENST00000558530.1
ENSP00000454071.1,49,ENST00000558518.6
ENSP00000454101.1,83,ENST00000560846.1
ENSP00000454303.1,35,ENST00000532090.3
ENSP00000454351.1,24,ENST00000563468.5
ENSP00000454380.1,29,ENST00000569529.6
ENSP00000454386.1,5,ENST00000568879.1
ENSP00000454404.1,20,ENST00000561878.2
ENSP00000454408.1,64,ENST00000567020.6
ENSP00000454500.1,9,ENST00000563634.1
ENSP00000454545.1,75,ENST00000563281.2
ENSP00000454561.1,10,ENST00000517562.3
ENSP00000454562.1,28,ENST00000564065.5
ENSP00000454646.1,46,ENST00000570101.5
ENSP00000454746.2,12,ENST00000567078.2
ENSP00000454836.1,53,ENST00000568546.6
ENSP00000454852.1,47,ENST00000564644.5
ENSP00000454973.1,189,ENST00000563290.6
ENSP00000455026.1,10,ENST00000561734.5
ENSP00000455064.1,25,ENST00000566454.5
ENSP00000455068.1,19,ENST00000568223.7
ENSP00000455079.2,7,ENST00000567970.2
ENSP00000455106.1,50,ENST00000569669.6
ENSP00000455169.1,31,ENST00000562435.6
ENSP00000455229.1,32,ENST00000565263.6
ENSP00000455265.1,73,ENST00000567759.5
ENSP00000455308.2,49,ENST00000562103.2
ENSP00000455397.1,34,ENST00000566621.6
ENSP00000455444.1,4,ENST00000563496.2
ENSP00000455547.1,11,ENST00000564543.1
ENSP00000455561.1,25,ENST00000569317.1
ENSP00000455585.1,105,ENST00000457543.4
ENSP00000455607.1,45,ENST00000563588.6
ENSP00000455625.1,12,ENST00000566423.5
ENSP00000455785.1,87,ENST00000568000.6
ENSP00000455823.1,726,ENST00000567887.5
ENSP00000455971.1,23,ENST00000432622.1
ENSP00000456019.1,4,ENST00000568606.5
ENSP00000456335.1,29,ENST00000563694.6
ENSP00000456348.1,45,ENST00000569795.6
ENSP00000456480.1,85,ENST00000566228.6
ENSP00000456500.2,21,ENST00000565624.3
ENSP00000456548.1,12,ENST00000424383.4
ENSP00000456594.1,66,ENST00000565468.6
ENSP00000456648.2,60,ENST00000564079.6
ENSP00000456743.1,115,ENST00000564996.6
ENSP00000456933.2,26,ENST00000543774.6
ENSP00000457016.1,13,ENST00000563197.6
ENSP00000457044.1,59,ENST00000570010.6
ENSP00000457168.1,620,ENST00000562955.2
ENSP00000457206.1,17,ENST00000566339.6
ENSP00000457230.1,31,ENST00000566780.6
ENSP00000457258.1,30,ENST00000566157.6
ENSP00000457274.1,27,ENST00000568028.1
ENSP00000457466.1,563,ENST00000566029.5
ENSP00000457492.1,10,ENST00000566848.5
ENSP00000457513.1,0,ENST00000562336.5
ENSP00000457539.1,8,ENST00000564831.6
ENSP00000457723.1,25,ENST00000565678.5
ENSP00000457810.1,19,ENST00000562787.6
ENSP00000457824.1,8,ENST00000566594.1
ENSP00000457870.1,22,ENST00000564088.5
ENSP00000457991.1,260,ENST00000568954.5
ENSP00000458162.1,14,ENST00000575842.5
ENSP00000458290.1,62,ENST00000574538.2
ENSP00000458355.1,19,ENST00000572933.5
ENSP00000458515.2,9,ENST00000575195.2
ENSP00000458770.1,4,ENST00000570319.5
ENSP00000458954.1,33,ENST00000573584.6
ENSP00000458986.1,48,ENST00000570628.6
ENSP00000459043.1,28,ENST00000572449.6
ENSP00000459174.1,23,ENST00000575158.5
ENSP00000459235.1,4,ENST00000572447.6
ENSP00000459439.1,12,ENST00000576655.5
ENSP00000459533.1,11,ENST00000571688.5
ENSP00000459719.1,160,ENST00000572681.6
ENSP00000459775.1,51,ENST00000574367.5
ENSP00000460236.1,62,ENST00000576479.4
ENSP00000460547.1,48,ENST00000570495.5
ENSP00000460639.1,15,ENST00000574980.5
ENSP00000460683.1,14,ENST00000574322.6
ENSP00000460823.1,36,ENST00000575882.6
ENSP00000460825.1,74,ENST00000574946.5
ENSP00000460850.1,18,ENST00000576634.6
ENSP00000460871.1,32,ENST00000571133.6
ENSP00000460964.1,13,ENST00000576409.5
ENSP00000461032.1,142,ENST00000575779.2
ENSP00000461295.3,22,ENST00000570054.3
ENSP00000461324.1,9,ENST00000571730.1
ENSP00000461388.1,18,ENST00000572195.3
ENSP00000461785.1,35,ENST00000571995.6
ENSP00000461930.1,5,ENST00000581066.2
ENSP00000461945.2,31,ENST00000578921.6
ENSP00000462099.1,45,ENST00000579436.7
ENSP00000462116.1,12,ENST00000584667.6
ENSP00000462154.4,392,ENST00000584436.7
ENSP00000462333.1,26,ENST00000579016.6
ENSP00000462337.1,139,ENST00000581208.2
ENSP00000462435.1,11,ENST00000564104.5
ENSP00000462468.1,30,ENST00000584307.5
ENSP00000462521.1,27,ENST00000582401.6
ENSP00000462600.1,13,ENST00000577412.5
ENSP00000462717.1,30,ENST00000577830.6
ENSP00000462729.1,65,ENST00000581312.6
ENSP00000462963.1,33,ENST00000581216.6
ENSP00000463013.1,6,ENST00000326005.10
ENSP00000463027.1,42,ENST00000578454.5
ENSP00000463041.2,150,ENST00000580059.7
ENSP00000463058.2,23,ENST00000583313.7
ENSP00000463138.1,20,ENST00000585313.5
ENSP00000463154.1,6,ENST00000583931.6
ENSP00000463159.1,33,ENST00000582783.5
ENSP00000463233.1,29,ENST00000421491.4
ENSP00000463245.1,10,ENST00000579849.6
ENSP00000463375.1,24,ENST00000581347.2
ENSP00000463379.1,23,ENST00000584895.5
ENSP00000463393.1,26,ENST00000578049.4
ENSP00000463559.1,24,ENST00000581193.5
ENSP00000463574.1,49,ENST00000583509.7
ENSP00000463650.1,30,ENST00000582693.5
ENSP00000463653.1,13,ENST00000580155.5
ENSP00000463778.1,12,ENST00000583088.6
ENSP00000463784.1,14,ENST00000584164.6
ENSP00000463794.1,10,ENST00000581521.5
ENSP00000463842.1,23,ENST00000579408.5
ENSP00000463999.1,9,ENST00000585124.6
ENSP00000464006.1,42,ENST00000581322.6
ENSP00000464030.1,45,ENST00000581977.7
ENSP00000464036.2,93,ENST00000407249.7
ENSP00000464050.1,40,ENST00000578681.5
ENSP00000464087.1,957,ENST00000582970.5
ENSP00000464162.1,258,ENST00000580732.6
ENSP00000464167.1,2,ENST00000577660.1
ENSP00000464218.1,14,ENST00000464847.6
ENSP00000464231.1,36,ENST00000577745.2
ENSP00000464275.1,23,ENST00000577809.6
ENSP00000464317.1,95,ENST00000583535.6
ENSP00000464327.1,8,ENST00000470557.2
ENSP00000464342.1,5,ENST00000577222.5
ENSP00000464522.3,19,ENST00000580018.4
ENSP00000464635.1,25,ENST00000577985.5
ENSP00000464813.1,13,ENST00000589913.6
ENSP00000464849.1,6,ENST00000588815.5
ENSP00000464872.2,55,ENST00000590202.3
ENSP00000464893.1,56,ENST00000589666.6
ENSP00000464932.1,36,ENST00000588460.5
ENSP00000464976.1,54,ENST00000591344.2
ENSP00000465075.1,6,ENST00000592540.5
ENSP00000465121.1,134,ENST00000590089.5
ENSP00000465213.1,14,ENST00000585603.6
ENSP00000465260.1,70,ENST00000590083.5
ENSP00000465356.1,13,ENST00000588750.5
ENSP00000465391.1,10,ENST00000589097.6
ENSP00000465432.1,0,ENST00000588234.6
ENSP00000465443.1,140,ENST00000588012.5
ENSP00000465461.1,5,ENST00000589838.5
ENSP00000465500.1,51,ENST00000586569.3
ENSP00000465517.1,17,ENST00000592875.6
ENSP00000465578.1,52,ENST00000591340.6
ENSP00000465617.1,22,ENST00000588173.1
ENSP00000465665.1,48,ENST00000591455.5
ENSP00000465676.1,30,ENST00000585916.6
ENSP00000465734.1,31,ENST00000587091.6
ENSP00000465757.1,3,ENST00000586790.6
ENSP00000465759.2,100,ENST00000588649.7
ENSP00000465776.1,44,ENST00000586600.5
ENSP00000465883.2,9,ENST00000588776.8
ENSP00000465894.1,22,ENST00000588072.6
ENSP00000465992.1,53,ENST00000593135.6
ENSP00000466022.2,6,ENST00000585933.2
ENSP00000466047.1,18,ENST00000587252.5
ENSP00000466121.1,24,ENST00000588258.6
ENSP00000466214.1,12,ENST00000590247.7
ENSP00000466259.1,11,ENST00000590151.5
ENSP00000466298.1,12,ENST00000587230.6
ENSP00000466379.1,19,ENST00000591090.5
ENSP00000466500.1,28,ENST00000589332.7
ENSP00000466514.1,2,ENST00000586012.1
ENSP00000466598.2,12,ENST00000588735.3
ENSP00000466680.1,24,ENST00000587250.4
ENSP00000466794.1,4,ENST00000590720.6
ENSP00000466818.2,7,ENST00000592141.6
ENSP00000466829.1,7,ENST00000587459.1
ENSP00000466845.1,10,ENST00000591470.5
ENSP00000466907.1,37,ENST00000591046.1
ENSP00000466953.2,65,ENST00000590071.7
ENSP00000466967.1,19,ENST00000592062.5
ENSP00000467017.1,46,ENST00000591416.5
ENSP00000467024.1,18,ENST00000586534.6
ENSP00000467041.1,5,ENST00000589258.1
ENSP00000467176.1,51,ENST00000588981.6
ENSP00000467201.1,21,ENST00000592524.6
ENSP00000467210.1,11,ENST00000585661.1
ENSP00000467290.1,39,ENST00000586582.6
ENSP00000467494.1,12,ENST00000590918.6
ENSP00000467556.1,134,ENST00000591680.6
ENSP00000467579.1,16,ENST00000591399.5
ENSP00000467723.1,20,ENST00000591998.6
ENSP00000467958.1,11,ENST00000586572.1
ENSP00000468025.1,19,ENST00000589334.5
ENSP00000468032.2,108,ENST00000585482.6
ENSP00000468049.1,117,ENST00000592502.2
ENSP00000468156.1,27,ENST00000590261.5
ENSP00000468304.1,62,ENST00000586178.6
ENSP00000468348.1,32,ENST00000590474.7
ENSP00000468354.1,11,ENST00000592179.6
ENSP00000468367.1,20,ENST00000592574.1
ENSP00000468376.1,19,ENST00000454744.7
ENSP00000468411.1,12,ENST00000587708.7
ENSP00000468424.1,7,ENST00000592782.5
ENSP00000468612.1,8,ENST00000585934.1
ENSP00000468633.1,15,ENST00000587834.6
ENSP00000468643.1,25,ENST00000586602.5
ENSP00000468678.1,88,ENST00000591022.6
ENSP00000468690.1,8,ENST00000592740.5
ENSP00000468782.1,13,ENST00000588982.5
ENSP00000468788.1,0,ENST00000588030.5
ENSP00000468927.1,14,ENST00000600324.5
ENSP00000468956.2,10,ENST00000598418.6
ENSP00000468980.1,41,ENST00000594199.3
ENSP00000469029.1,99,ENST00000600245.1
ENSP00000469113.1,14,ENST00000597198.5
ENSP00000469142.1,46,ENST00000602212.6
ENSP00000469158.1,101,ENST00000598088.5
ENSP00000469194.1,12,ENST00000597279.5
ENSP00000469240.1,10,ENST00000600118.5
ENSP00000469242.1,101,ENST00000598249.6
ENSP00000469332.1,14,ENST00000598523.3
ENSP00000469413.1,49,ENST00000593690.5
ENSP00000469468.2,9,ENST00000593829.6
ENSP00000469473.1,21,ENST00000599921.6
ENSP00000469474.1,11,ENST00000599174.3
ENSP00000469591.1,182,ENST00000598519.2
ENSP00000469759.1,10,ENST00000594814.6
ENSP00000469811.1,7,ENST00000597959.1
ENSP00000469836.2,21,ENST00000599612.3
ENSP00000469880.1,27,ENST00000599538.5
ENSP00000469888.1,22,ENST00000596755.1
ENSP00000469998.1,48,ENST00000595607.6
ENSP00000470034.1,3,ENST00000596358.6
ENSP00000470087.1,10,ENST00000594664.1
ENSP00000470239.1,11,ENST00000597252.5
ENSP00000470248.1,153,ENST00000599218.6
ENSP00000470252.1,59,ENST00000599117.5
ENSP00000470381.1,47,ENST00000595646.6
ENSP00000470478.3,166,ENST00000598234.6
ENSP00000470539.1,12,ENST00000594797.6
ENSP00000470560.1,13,ENST00000599672.6
ENSP00000470652.1,35,ENST00000595753.6
ENSP00000470692.3,74,ENST00000593767.3
ENSP00000470731.1,76,ENST00000596536.5
ENSP00000470746.1,48,ENST00000594295.5
ENSP00000470879.1,30,ENST00000600490.5
ENSP00000470969.1,0,ENST00000596831.1
ENSP00000470972.1,2,ENST00000598742.6
ENSP00000471000.1,33,ENST00000600228.6
ENSP00000471191.1,48,ENST00000596217.1
ENSP00000471239.2,25,ENST00000594442.2
ENSP00000471272.2,38,ENST00000595790.5
ENSP00000471299.1,49,ENST00000595224.5
ENSP00000471454.1,113,ENST00000595358.5
ENSP00000471455.1,3,ENST00000597436.5
ENSP00000471457.1,144,ENST00000595618.5
ENSP00000471512.1,25,ENST00000596251.6
ENSP00000471536.1,57,ENST00000602117.1
ENSP00000471700.1,30,ENST00000597960.7
ENSP00000471754.1,93,ENST00000595962.6
ENSP00000471851.1,28,ENST00000597188.6
ENSP00000471905.1,57,ENST00000601808.1
ENSP00000471932.1,80,ENST00000600449.8
ENSP00000472305.1,36,ENST00000597229.2
ENSP00000472349.1,15,ENST00000480502.5
ENSP00000472474.1,21,ENST00000595948.5
ENSP00000472600.2,64,ENST00000601098.6
ENSP00000472698.1,7,ENST00000594374.1
ENSP00000472802.1,26,ENST00000594369.6
ENSP00000472808.1,99,ENST00000595661.5
ENSP00000472836.1,14,ENST00000602094.5
ENSP00000472929.1,13,ENST00000602142.6
ENSP00000472985.1,0,ENST00000596046.1
ENSP00000472998.1,0,ENST00000598441.6
ENSP00000473089.1,56,ENST00000602063.5
ENSP00000473172.1,12,ENST00000595090.6
ENSP00000473185.1,10,ENST00000601048.6
ENSP00000473233.1,11,ENST00000599632.1
ENSP00000473267.1,23,ENST00000370558.8
ENSP00000473290.1,27,ENST00000602795.6
ENSP00000473381.1,23,ENST00000602676.6
ENSP00000473383.1,23,ENST00000338333.5
ENSP00000473391.1,2,ENST00000602390.5
ENSP00000473553.1,25,ENST00000528848.3
ENSP00000473565.1,116,ENST00000602925.5
ENSP00000473623.1,12,ENST00000602710.5
ENSP00000473631.1,59,ENST00000602402.6
ENSP00000473871.1,9,ENST00000603700.1
ENSP00000473983.1,39,ENST00000493111.7
ENSP00000474230.1,20,ENST00000603017.2
ENSP00000474456.1,9,ENST00000430580.6
ENSP00000474487.3,22,ENST00000604000.4
ENSP00000474534.1,6,ENST00000604458.1
ENSP00000474621.2,14,ENST00000562855.7
ENSP00000474710.2,26,ENST00000605788.6
ENSP00000474720.1,127,ENST00000604957.1
ENSP00000474823.1,9,ENST00000604011.5
ENSP00000475068.1,12,ENST00000603798.6
ENSP00000475168.1,9,ENST00000605895.6
ENSP00000475189.1,14,ENST00000606888.3
ENSP00000475489.1,148,ENST00000606320.6
ENSP00000475561.1,4,ENST00000490491.5
ENSP00000475615.2,0,ENST00000279839.8
ENSP00000475641.1,4,ENST00000606025.5
ENSP00000475676.1,84,ENST00000606812.5
ENSP00000475700.1,28,ENST00000606498.5
ENSP00000475727.1,24,ENST00000606214.5
ENSP00000475750.1,9,ENST00000607197.6
ENSP00000475845.1,5,ENST00000439374.6
ENSP00000475915.1,12,ENST00000607772.6
ENSP00000475924.2,9,ENST00000540200.6
ENSP00000475939.1,130,ENST00000409508.8
ENSP00000475957.1,7,ENST00000535431.1
ENSP00000475979.1,2,ENST00000607357.2
ENSP00000476091.1,12,ENST00000606910.5
ENSP00000476100.1,0,ENST00000607778.2
ENSP00000476117.3,22,ENST00000585809.6
ENSP00000476119.1,13,ENST00000607016.2
ENSP00000476136.1,8,ENST00000607124.1
ENSP00000476140.1,3,ENST00000607484.6
ENSP00000476145.1,11,ENST00000606080.2
ENSP00000476228.1,31,ENST00000606117.2
ENSP00000476252.1,29,ENST00000606505.5
ENSP00000476253.1,0,ENST00000607544.1
ENSP00000476369.1,67,ENST00000608872.6
ENSP00000476384.1,0,ENST00000567180.3
ENSP00000476386.1,43,ENST00000610213.6
ENSP00000476446.1,37,ENST00000610189.2
ENSP00000476480.2,35,ENST00000610140.7
ENSP00000476519.1,27,ENST00000222249.13
ENSP00000476603.1,48,ENST00000609438.2
ENSP00000476632.1,52,ENST00000609421.1
ENSP00000476755.1,155,ENST00000608999.6
ENSP00000476788.1,98,ENST00000464356.6
ENSP00000476792.1,62,ENST00000609883.1
ENSP00000476815.1,50,ENST00000609923.6
ENSP00000476820.1,23,ENST00000606738.3
ENSP00000476948.1,50,ENST00000610020.2
ENSP00000477023.1,58,ENST00000609451.5
ENSP00000477108.1,25,ENST00000382068.3
ENSP00000477310.1,6,ENST00000579991.3
ENSP00000477341.1,47,ENST00000608933.6
ENSP00000477344.1,26,ENST00000609117.5
ENSP00000477381.3,48,ENST00000473363.3
ENSP00000477481.1,6,ENST00000609261.6
ENSP00000477509.1,24,ENST00000615281.4
ENSP00000477527.2,8,ENST00000616182.2
ENSP00000477538.1,27,ENST00000618691.5
ENSP00000477590.1,19,ENST00000517490.6
ENSP00000477602.1,42,ENST00000621943.4
ENSP00000477613.1,125,ENST00000613397.4
ENSP00000477654.1,39,ENST00000620105.5
ENSP00000477706.1,91,ENST00000382252.6
ENSP00000477716.1,6,ENST00000621650.2
ENSP00000477725.1,147,ENST00000619269.4
ENSP00000477760.1,2,ENST00000621663.4
ENSP00000477841.1,14,ENST00000610704.5
ENSP00000477868.1,42,ENST00000613569.4
ENSP00000477979.1,20,ENST00000615421.4
ENSP00000478018.1,33,ENST00000613312.4
ENSP00000478056.1,60,ENST00000617859.4
ENSP00000478061.1,0,ENST00000612661.2
ENSP00000478104.1,760,ENST00000620676.6
ENSP00000478121.1,12,ENST00000622804.1
ENSP00000478187.1,78,ENST00000616623.4
ENSP00000478212.1,56,ENST00000621116.4
ENSP00000478255.1,249,ENST00000622132.5
ENSP00000478290.1,13,ENST00000367123.8
ENSP00000478298.1,110,ENST00000613503.5
ENSP00000478303.1,11,ENST00000615234.5
ENSP00000478310.2,2,ENST00000619898.5
ENSP00000478345.1,33,ENST00000456283.7
ENSP00000478384.2,49,ENST00000428390.3
ENSP00000478388.1,5,ENST00000611551.1
ENSP00000478396.1,39,ENST00000613904.1
ENSP00000478474.1,13,ENST00000612130.4
ENSP00000478490.1,36,ENST00000621413.4
ENSP00000478501.1,28,ENST00000613466.4
ENSP00000478528.1,55,ENST00000612133.4
ENSP00000478557.1,5,ENST00000610935.2
ENSP00000478589.1,137,ENST00000377540.6
ENSP00000478600.1,46,ENST00000290510.10
ENSP00000478609.1,52,ENST00000617931.4
ENSP00000478645.1,11,ENST00000617388.4
ENSP00000478721.1,118,ENST00000620660.4
ENSP00000478754.1,12,ENST00000620157.4
ENSP00000478755.1,13,ENST00000615189.5
ENSP00000478767.1,51,ENST00000612501.2
ENSP00000478771.1,33,ENST00000614404.1
ENSP00000478783.1,245,ENST00000614971.4
ENSP00000478799.1,50,ENST00000611957.4
ENSP00000478869.2,0,ENST00000613865.5
ENSP00000478877.1,4,ENST00000491935.5
ENSP00000478885.1,21,ENST00000621723.4
ENSP00000478892.1,86,ENST00000615612.2
ENSP00000478931.1,24,ENST00000613322.4
ENSP00000478941.1,25,ENST00000425953.5
ENSP00000478982.1,1,ENST00000616640.1
ENSP00000479064.1,10,ENST00000621281.1
ENSP00000479071.1,39,ENST00000613266.4
ENSP00000479106.2,0,ENST00000617569.2
ENSP00000479130.1,40,ENST00000614302.5
ENSP00000479166.1,39,ENST00000610970.1
ENSP00000479216.1,18,ENST00000265616.10
ENSP00000479266.1,91,ENST00000613797.4
ENSP00000479461.2,0,ENST00000614247.2
ENSP00000479504.1,11,ENST00000617633.5
ENSP00000479542.1,171,ENST00000619189.5
ENSP00000479543.1,8,ENST00000616146.4
ENSP00000479598.1,31,ENST00000618250.4
ENSP00000479602.1,11,ENST00000616742.4
ENSP00000479617.1,110,ENST00000622802.4
ENSP00000479636.1,63,ENST00000619929.5
ENSP00000479667.1,145,ENST00000614987.5
ENSP00000479669.1,13,ENST00000610540.4
ENSP00000479693.1,30,ENST00000619423.4
ENSP00000479775.2,21,ENST00000616435.5
ENSP00000479889.3,25,ENST00000613694.5
ENSP00000479953.1,90,ENST00000618098.4
ENSP00000479964.1,46,ENST00000613058.4
ENSP00000479968.1,101,ENST00000620254.5
ENSP00000479976.1,1,ENST00000617612.3
ENSP00000480004.1,38,ENST00000614058.4
ENSP00000480050.1,103,ENST00000621198.5
ENSP00000480109.1,25,ENST00000615301.4
ENSP00000480218.1,81,ENST00000432094.6
ENSP00000480297.1,75,ENST00000614034.5
ENSP00000480314.1,99,ENST00000614654.2
ENSP00000480364.1,16,ENST00000610322.5
ENSP00000480378.1,27,ENST00000614476.4
ENSP00000480401.1,42,ENST00000620094.4
ENSP00000480421.1,18,ENST00000611405.5
ENSP00000480428.1,19,ENST00000622395.4
ENSP00000480439.1,38,ENST00000616661.5
ENSP00000480445.1,33,ENST00000613183.1
ENSP00000480474.1,9,ENST00000620364.5
ENSP00000480484.1,22,ENST00000614923.1
ENSP00000480489.1,32,ENST00000619208.6
ENSP00000480492.1,49,ENST00000574882.5
ENSP00000480527.1,13,ENST00000543494.1
ENSP00000480549.1,40,ENST00000611976.1
ENSP00000480626.1,25,ENST00000622142.5
ENSP00000480703.1,97,ENST00000612814.5
ENSP00000480722.1,11,ENST00000611621.2
ENSP00000480798.1,11,ENST00000612570.4
ENSP00000480821.1,51,ENST00000621372.4
ENSP00000480826.2,0,ENST00000613854.2
ENSP00000480832.2,13,ENST00000614830.5
ENSP00000480987.1,37,ENST00000616552.4
ENSP00000480991.1,25,ENST00000618847.5
ENSP00000481012.1,22,ENST00000618518.3
ENSP00000481022.1,39,ENST00000621999.5
ENSP00000481029.1,5,ENST00000619920.4
ENSP00000481037.1,21,ENST00000612460.5
ENSP00000481046.1,11,ENST00000616524.4
ENSP00000481109.1,14,ENST00000615670.5
ENSP00000481142.1,7,ENST00000621053.1
ENSP00000481149.1,59,ENST00000258459.11
ENSP00000481170.1,18,ENST00000611155.4
ENSP00000481280.1,52,ENST00000622845.5
ENSP00000481301.1,50,ENST00000614032.5
ENSP00000481314.1,15,ENST00000622277.4
ENSP00000481441.1,33,ENST00000612514.4
ENSP00000481465.1,38,ENST00000619850.2
ENSP00000481538.1,172,ENST00000620195.4
ENSP00000481570.1,60,ENST00000612899.5
ENSP00000481575.1,116,ENST00000615331.5
ENSP00000481581.1,38,ENST00000615637.3
ENSP00000481626.1,14,ENST00000615052.5
ENSP00000481675.1,38,ENST00000610581.4
ENSP00000481677.1,22,ENST00000611002.4
ENSP00000481694.1,76,ENST00000617444.5
ENSP00000481697.1,31,ENST00000611884.5
ENSP00000481719.1,11,ENST00000617706.4
ENSP00000481728.1,18,ENST00000619701.5
ENSP00000481733.1,21,ENST00000615911.4
ENSP00000481750.1,50,ENST00000615891.2
ENSP00000481799.1,55,ENST00000613302.4
ENSP00000481834.1,22,ENST00000617690.2
ENSP00000481842.1,12,ENST00000621421.4
ENSP00000481850.1,73,ENST00000614628.5
ENSP00000481854.1,35,ENST00000618804.5
ENSP00000481886.1,10,ENST00000613358.4
ENSP00000481893.1,30,ENST00000618123.4
ENSP00000481912.1,55,ENST00000618655.2
ENSP00000481956.1,18,ENST00000621158.5
ENSP00000482027.1,14,ENST00000618101.4
ENSP00000482032.1,54,ENST00000613416.4
ENSP00000482107.1,45,ENST00000617716.4
ENSP00000482133.1,10,ENST00000621525.4
ENSP00000482165.1,11,ENST00000619087.4
ENSP00000482169.2,0,ENST00000610854.2
ENSP00000482180.1,54,ENST00000433688.2
ENSP00000482218.1,25,ENST00000616144.4
ENSP00000482228.1,5,ENST00000617275.5
ENSP00000482245.1,35,ENST00000613252.5
ENSP00000482313.2,78,ENST00000617875.6
ENSP00000482374.1,104,ENST00000618550.5
ENSP00000482410.1,70,ENST00000612905.2
ENSP00000482431.2,22,ENST00000618958.2
ENSP00000482445.1,29,ENST00000606162.6
ENSP00000482457.1,198,ENST00000564138.6
ENSP00000482486.1,75,ENST00000611074.4
ENSP00000482502.1,52,ENST00000620995.5
ENSP00000482538.2,10,ENST00000613174.2
ENSP00000482599.1,32,ENST00000615984.4
ENSP00000482620.1,31,ENST00000621161.5
ENSP00000482639.1,14,ENST00000616265.4
ENSP00000482657.1,126,ENST00000376926.8
ENSP00000482721.1,36,ENST00000622513.4
ENSP00000482732.1,120,ENST00000618819.5
ENSP00000482749.1,75,ENST00000621083.4
ENSP00000482753.1,63,ENST00000619707.5
ENSP00000482760.1,62,ENST00000611716.5
ENSP00000482841.1,17,ENST00000621784.4
ENSP00000482870.1,30,ENST00000616445.4
ENSP00000482916.1,12,ENST00000618693.4
ENSP00000483005.1,44,ENST00000611618.1
ENSP00000483117.1,86,ENST00000620338.4
ENSP00000483185.1,46,ENST00000610402.5
ENSP00000483236.1,0,ENST00000614556.5
ENSP00000483246.1,10,ENST00000612339.4
ENSP00000483254.1,3,ENST00000621267.4
ENSP00000483260.1,19,ENST00000611050.4
ENSP00000483276.1,10,ENST00000611517.4
ENSP00000483313.1,33,ENST00000618852.5
ENSP00000483345.1,4,ENST00000616600.5
ENSP00000483356.1,33,ENST00000614167.2
ENSP00000483375.1,15,ENST00000617979.5
ENSP00000483386.1,10,ENST00000619918.1
ENSP00000483484.1,18,ENST00000610426.5
ENSP00000483486.1,12,ENST00000622789.5
ENSP00000483489.1,13,ENST00000611055.4
ENSP00000483523.1,67,ENST00000621426.6
ENSP00000483537.1,12,ENST00000615746.4
ENSP00000483547.1,13,ENST00000614558.2
ENSP00000483552.1,150,ENST00000618099.4
ENSP00000483562.1,119,ENST00000614342.1
ENSP00000483621.1,45,ENST00000621648.4
ENSP00000483631.1,35,ENST00000621775.2
ENSP00000483786.1,13,ENST00000620771.4
ENSP00000483842.2,13,ENST00000615868.2
ENSP00000483872.1,24,ENST00000486685.3
ENSP00000483888.1,19,ENST00000617122.1
ENSP00000483903.1,11,ENST00000612898.1
ENSP00000484056.1,32,ENST00000500893.4
ENSP00000484060.1,14,ENST00000620693.4
ENSP00000484095.2,12,ENST00000618052.2
ENSP00000484105.1,32,ENST00000615550.5
ENSP00000484116.1,66,ENST00000616288.4
ENSP00000484146.1,18,ENST00000616701.5
ENSP00000484175.1,26,ENST00000622669.4
ENSP00000484228.1,23,ENST00000611786.4
ENSP00000484288.1,93,ENST00000611712.4
ENSP00000484443.1,125,ENST00000618534.4
ENSP00000484472.1,360,ENST00000615648.2
ENSP00000484492.1,5,ENST00000619594.5
ENSP00000484525.2,64,ENST00000613122.5
ENSP00000484580.1,24,ENST00000618156.5
ENSP00000484634.1,10,ENST00000620350.5
ENSP00000484644.2,50,ENST00000617768.5
ENSP00000484732.1,55,ENST00000616305.2
ENSP00000484789.1,0,ENST00000615164.2
ENSP00000484810.1,152,ENST00000617501.5
ENSP00000484841.2,10,ENST00000621411.3
ENSP00000484852.1,12,ENST00000618787.5
ENSP00000484855.1,126,ENST00000621441.5
ENSP00000484962.1,20,ENST00000612750.5
ENSP00000484998.1,44,ENST00000612399.4
ENSP00000485216.1,7,ENST00000414416.2
ENSP00000485228.1,97,ENST00000623276.3
ENSP00000485244.1,30,ENST00000623535.2
ENSP00000485276.1,87,ENST00000623402.1
ENSP00000485316.2,12,ENST00000411646.2
ENSP00000485401.1,10,ENST00000483273.2
ENSP00000485478.1,56,ENST00000623527.4
ENSP00000485525.1,48,ENST00000623063.3
ENSP00000485614.1,92,ENST00000624776.3
ENSP00000485627.1,24,ENST00000442898.5
ENSP00000485697.1,5,ENST00000504110.2
ENSP00000486504.1,106,ENST00000627934.2
ENSP00000487061.1,0,ENST00000626657.2
ENSP00000487086.1,35,ENST00000629843.2
ENSP00000487174.1,223,ENST00000627532.3
ENSP00000487717.1,9,ENST00000467125.1
ENSP00000487800.2,33,ENST00000631683.2
ENSP00000487971.1,88,ENST00000632009.1
ENSP00000488305.1,12,ENST00000602845.2
ENSP00000488642.1,71,ENST00000631941.2
ENSP00000488668.1,45,ENST00000633930.1
ENSP00000488838.1,45,ENST00000633531.1
ENSP00000489061.1,0,ENST00000475092.4
ENSP00000489116.1,22,ENST00000634811.1
ENSP00000489282.1,15,ENST00000634733.1
ENSP00000489295.1,40,ENST00000634347.1
ENSP00000489311.1,10,ENST00000635200.1
ENSP00000489317.1,7,ENST00000634910.1
ENSP00000489407.1,44,ENST00000445220.5
ENSP00000489425.1,59,ENST00000634901.1
ENSP00000489583.1,14,ENST00000374922.9
ENSP00000489588.1,11,ENST00000456790.2
ENSP00000489607.1,69,ENST00000635051.1
ENSP00000489677.1,19,ENST00000638005.1
ENSP00000489684.1,29,ENST00000625129.1
ENSP00000489743.1,12,ENST00000637513.2
ENSP00000489796.1,14,ENST00000606183.4
ENSP00000489910.1,10,ENST00000636397.1
ENSP00000490083.1,19,ENST00000636580.2
ENSP00000490095.1,11,ENST00000397764.8
ENSP00000490100.1,69,ENST00000637125.1
ENSP00000490163.1,20,ENST00000467614.2
ENSP00000490181.2,51,ENST00000636183.2
ENSP00000490245.1,46,ENST00000587304.3
ENSP00000490275.1,13,ENST00000453396.5
ENSP00000490557.1,70,ENST00000638155.1
ENSP00000490600.1,146,ENST00000635767.1
ENSP00000490726.1,60,ENST00000636174.1
ENSP00000490728.2,23,ENST00000638043.2
ENSP00000490744.1,5,ENST00000637978.1
ENSP00000490806.1,35,ENST00000637938.1
ENSP00000490816.1,12,ENST00000636933.1
ENSP00000490842.1,107,ENST00000636215.2
ENSP00000490953.2,7,ENST00000638147.2
ENSP00000491067.1,40,ENST00000639955.1
ENSP00000491070.1,17,ENST00000542475.3
ENSP00000491073.1,23,ENST00000638617.1
ENSP00000491256.1,69,ENST00000464488.3
ENSP00000491316.1,13,ENST00000638572.2
ENSP00000491377.1,37,ENST00000640258.1
ENSP00000491507.1,313,ENST00000640769.2
ENSP00000491516.1,161,ENST00000640237.1
ENSP00000491567.1,14,ENST00000638862.1
ENSP00000491657.1,107,ENST00000640853.1
ENSP00000491830.1,12,ENST00000639812.1
ENSP00000492152.1,41,ENST00000640961.2
ENSP00000492220.1,3,ENST00000638767.1
ENSP00000492233.1,96,ENST00000640252.2
ENSP00000492260.1,76,ENST00000640888.2
ENSP00000492363.1,23,ENST00000638394.2
ENSP00000492441.1,4,ENST00000639725.1
ENSP00000492634.1,9,ENST00000638170.2
ENSP00000492745.1,1,ENST00000639037.1
ENSP00000492795.1,47,ENST00000638257.1
ENSP00000493121.1,13,ENST00000641863.1
ENSP00000493252.1,352,ENST00000641206.2
ENSP00000493260.1,36,ENST00000642042.1
ENSP00000493302.2,11,ENST00000642017.2
ENSP00000493382.1,11,ENST00000641597.1
ENSP00000493399.1,15,ENST00000641198.1
ENSP00000493468.2,193,ENST00000642395.2
ENSP00000493515.1,27,ENST00000642475.1
ENSP00000493536.2,18,ENST00000646673.2
ENSP00000493540.1,14,ENST00000635031.1
ENSP00000493543.1,145,ENST00000646891.1
ENSP00000493688.1,28,ENST00000647444.2
ENSP00000493716.1,32,ENST00000646441.1
ENSP00000493776.1,12,ENST00000644823.1
ENSP00000493780.1,7,ENST00000642889.1
ENSP00000493790.1,13,ENST00000647410.1
ENSP00000493805.1,13,ENST00000565308.2
ENSP00000493901.2,12,ENST00000644452.3
ENSP00000493902.2,10,ENST00000645668.2
ENSP00000493906.1,33,ENST00000645831.2
ENSP00000493967.1,50,ENST00000646520.1
ENSP00000493970.1,47,ENST00000644635.1
ENSP00000493999.1,1,ENST00000417456.1
ENSP00000494052.1,4,ENST00000647529.1
ENSP00000494110.2,67,ENST00000644072.2
ENSP00000494123.2,20,ENST00000644802.2
ENSP00000494141.2,60,ENST00000642385.2
ENSP00000494147.2,149,ENST00000644252.3
ENSP00000494172.1,11,ENST00000645271.1
ENSP00000494222.1,16,ENST00000644866.2
ENSP00000494260.2,26,ENST00000643460.2
ENSP00000494278.1,20,ENST00000646605.1
ENSP00000494294.1,115,ENST00000642691.1
ENSP00000494352.1,86,ENST00000645214.2
ENSP00000494360.1,29,ENST00000646932.1
ENSP00000494373.1,39,ENST00000644715.2
ENSP00000494538.1,33,ENST00000646076.1
ENSP00000494552.1,144,ENST00000644974.1
ENSP00000494609.1,166,ENST00000645237.2
ENSP00000494686.1,14,ENST00000645694.3
ENSP00000494689.1,176,ENST00000642278.1
ENSP00000494750.1,20,ENST00000646664.1
ENSP00000494788.1,135,ENST00000645566.1
ENSP00000494844.1,34,ENST00000623876.2
ENSP00000494957.1,1,ENST00000646651.1
ENSP00000494964.1,56,ENST00000645526.1
ENSP00000494982.1,98,ENST00000646065.1
ENSP00000495033.1,4,ENST00000556230.2
ENSP00000495061.1,92,ENST00000644743.1
ENSP00000495063.1,42,ENST00000645439.1
ENSP00000495128.1,52,ENST00000642900.1
ENSP00000495242.2,29,ENST00000645453.2
ENSP00000495247.1,105,ENST00000647097.2
ENSP00000495273.1,10,ENST00000462576.5
ENSP00000495347.1,24,ENST00000643579.2
ENSP00000495360.1,15,ENST00000645320.1
ENSP00000495563.1,35,ENST00000644510.2
ENSP00000495672.1,0,ENST00000647248.2
ENSP00000495710.1,12,ENST00000642319.1
ENSP00000495750.1,30,ENST00000644793.1
ENSP00000495778.1,16,ENST00000644371.2
ENSP00000495795.2,61,ENST00000645818.2
ENSP00000495847.1,96,ENST00000642955.1
ENSP00000495860.1,322,ENST00000646667.1
ENSP00000495908.1,41,ENST00000646548.1
ENSP00000495909.1,226,ENST00000644917.1
ENSP00000495917.1,104,ENST00000642696.1
ENSP00000495951.1,56,ENST00000644744.1
ENSP00000495965.1,58,ENST00000642920.2
ENSP00000496044.1,15,ENST00000642195.1
ENSP00000496073.1,26,ENST00000644178.1
ENSP00000496129.1,130,ENST00000643927.1
ENSP00000496158.1,14,ENST00000646701.1
ENSP00000496168.1,54,ENST00000642384.2
ENSP00000496182.1,215,ENST00000644067.1
ENSP00000496250.1,0,ENST00000643754.2
ENSP00000496255.1,12,ENST00000645793.1
ENSP00000496360.1,53,ENST00000644874.2
ENSP00000496415.1,42,ENST00000645481.2
ENSP00000496422.1,5,ENST00000646896.1
ENSP00000496438.1,11,ENST00000646641.1
ENSP00000496447.1,12,ENST00000642555.1
ENSP00000496466.1,147,ENST00000645567.1
ENSP00000496491.1,25,ENST00000643230.2
ENSP00000496494.2,49,ENST00000645482.3
ENSP00000496496.1,35,ENST00000645190.1
ENSP00000496503.2,32,ENST00000645495.2
ENSP00000496583.2,69,ENST00000646001.2
ENSP00000496695.1,57,ENST00000644486.2
ENSP00000496699.1,66,ENST00000643483.1
ENSP00000496731.1,52,ENST00000647468.2
ENSP00000496779.1,76,ENST00000646124.2
ENSP00000496813.1,11,ENST00000649170.1
ENSP00000496817.1,11,ENST00000649416.1
ENSP00000496842.1,50,ENST00000647811.1
ENSP00000496870.1,509,ENST00000649046.1
ENSP00000496876.1,90,ENST00000650449.1
ENSP00000496921.1,0,ENST00000394552.3
ENSP00000496942.1,8,ENST00000647897.1
ENSP00000497004.1,17,ENST00000648346.1
ENSP00000497008.1,12,ENST00000649156.2
ENSP00000497030.1,153,ENST00000649096.1
ENSP00000497069.1,143,ENST00000650285.1
ENSP00000497070.1,14,ENST00000648911.1
ENSP00000497072.1,33,ENST00000648922.1
ENSP00000497112.1,47,ENST00000649031.1
ENSP00000497130.1,68,ENST00000648936.2
ENSP00000497154.1,62,ENST00000648542.1
ENSP00000497160.1,50,ENST00000648915.2
ENSP00000497185.2,11,ENST00000649191.2
ENSP00000497221.1,21,ENST00000647800.2
ENSP00000497230.2,60,ENST00000647584.2
ENSP00000497235.1,14,ENST00000649295.1
ENSP00000497260.1,52,ENST00000649796.2
ENSP00000497271.1,24,ENST00000649979.2
ENSP00000497274.1,33,ENST00000647814.1
ENSP00000497280.1,43,ENST00000649286.2
ENSP00000497298.1,0,ENST00000608362.2
ENSP00000497305.1,20,ENST00000648836.1
ENSP00000497326.1,24,ENST00000647941.2
ENSP00000497406.1,13,ENST00000649279.2
ENSP00000497410.1,39,ENST00000648817.1
ENSP00000497413.1,135,ENST00000650064.2
ENSP00000497423.1,31,ENST00000649906.1
ENSP00000497444.1,2,ENST00000650182.1
ENSP00000497474.1,7,ENST00000650309.2
ENSP00000497527.1,205,ENST00000650623.2
ENSP00000497532.1,26,ENST00000650617.1
ENSP00000497566.1,35,ENST00000649917.1
ENSP00000497569.1,21,ENST00000649689.2
ENSP00000497574.1,67,ENST00000650454.1
ENSP00000497587.1,18,ENST00000647561.1
ENSP00000497590.1,11,ENST00000647887.1
ENSP00000497609.1,95,ENST00000648947.1
ENSP00000497641.1,13,ENST00000649764.2
ENSP00000497642.1,56,ENST00000650287.1
ENSP00000497690.1,42,ENST00000649934.3
ENSP00000497691.1,16,ENST00000650012.1
ENSP00000497737.1,54,ENST00000647659.1
ENSP00000497744.1,33,ENST00000649124.1
ENSP00000497748.1,25,ENST00000649409.2
ENSP00000497771.1,14,ENST00000650630.1
ENSP00000497815.1,63,ENST00000649063.2
ENSP00000497829.1,25,ENST00000649488.2
ENSP00000497880.1,12,ENST00000647707.1
ENSP00000497948.1,95,ENST00000649566.1
ENSP00000497977.1,7,ENST00000647779.1
ENSP00000497988.1,39,ENST00000649205.1
ENSP00000497997.1,203,ENST00000649217.2
ENSP00000498010.1,27,ENST00000650585.1
ENSP00000498020.1,116,ENST00000648948.2
ENSP00000498042.1,55,ENST00000650450.2
ENSP00000498074.1,165,ENST00000647893.1
ENSP00000498104.1,17,ENST00000648566.1
ENSP00000498116.1,38,ENST00000648378.1
ENSP00000498132.1,63,ENST00000648180.1
ENSP00000498136.1,67,ENST00000648613.1
ENSP00000498155.1,268,ENST00000647938.1
ENSP00000498161.1,30,ENST00000648957.1
ENSP00000498215.1,91,ENST00000650831.1
ENSP00000498217.1,60,ENST00000652299.1
ENSP00000498246.1,25,ENST00000650821.1
ENSP00000498260.1,10,ENST00000651356.1
ENSP00000498268.1,15,ENST00000651974.1
ENSP00000498336.1,35,ENST00000652337.1
ENSP00000498362.1,12,ENST00000651767.1
ENSP00000498374.1,84,ENST00000650871.1
ENSP00000498386.1,5,ENST00000651925.1
ENSP00000498411.1,101,ENST00000651503.2
ENSP00000498424.1,18,ENST00000651965.1
ENSP00000498466.1,24,ENST00000652046.1
ENSP00000498469.1,39,ENST00000651687.1
ENSP00000498476.1,13,ENST00000650688.1
ENSP00000498498.1,135,ENST00000651257.2
ENSP00000498499.1,100,ENST00000651323.1
ENSP00000498524.1,10,ENST00000651615.1
ENSP00000498577.1,31,ENST00000651641.1
ENSP00000498587.1,487,ENST00000651671.1
ENSP00000498610.1,47,ENST00000651428.1
ENSP00000498611.1,240,ENST00000652721.1
ENSP00000498627.1,780,ENST00000651372.2
ENSP00000498653.1,14,ENST00000652689.1
ENSP00000498656.1,28,ENST00000652273.1
ENSP00000498662.1,52,ENST00000652263.1
ENSP00000498665.1,13,ENST00000652471.1
ENSP00000498671.1,74,ENST00000652095.2
ENSP00000498700.1,173,ENST00000652176.1
ENSP00000498738.1,61,ENST00000652011.2
ENSP00000498746.1,19,ENST00000651354.1
ENSP00000498782.1,2,ENST00000650780.1
ENSP00000498784.1,6,ENST00000652720.1
ENSP00000498786.1,0,ENST00000652429.1
ENSP00000498803.1,35,ENST00000652042.1
ENSP00000498843.1,8,ENST00000652396.1
ENSP00000498853.1,19,ENST00000651500.1
ENSP00000498864.1,46,ENST00000568479.2
ENSP00000498867.1,33,ENST00000650792.2
ENSP00000498881.2,5,ENST00000652225.2
ENSP00000498934.1,112,ENST00000652542.1
ENSP00000498994.1,69,ENST00000651854.1
ENSP00000498999.1,35,ENST00000652555.1
ENSP00000499020.1,80,ENST00000652148.1
ENSP00000499021.1,36,ENST00000651776.1
ENSP00000499067.1,51,ENST00000652021.1
ENSP00000499074.1,42,ENST00000651168.1
ENSP00000499092.1,69,ENST00000652232.1
ENSP00000499121.1,89,ENST00000652203.1
ENSP00000499125.1,24,ENST00000651721.2
ENSP00000499129.1,13,ENST00000652332.1
ENSP00000499131.1,148,ENST00000651061.1
ENSP00000499171.2,9,ENST00000652027.2
ENSP00000499185.1,65,ENST00000651128.1
ENSP00000499199.1,29,ENST00000651534.1
ENSP00000499238.1,28,ENST00000668273.1
ENSP00000499243.1,40,ENST00000664447.2
ENSP00000499296.1,22,ENST00000660930.1
ENSP00000499300.1,24,ENST00000665145.1
ENSP00000499350.1,284,ENST00000634965.2
ENSP00000499375.1,10,ENST00000664697.1
ENSP00000499467.1,5,ENST00000662216.1
ENSP00000499501.1,14,ENST00000609879.2
ENSP00000499503.1,28,ENST00000661438.1
ENSP00000499522.1,63,ENST00000664783.1
ENSP00000499610.1,33,ENST00000663165.1
ENSP00000499674.1,74,ENST00000666923.1
ENSP00000499734.1,38,ENST00000657241.1
ENSP00000499900.1,82,ENST00000672434.1
ENSP00000499935.1,27,ENST00000672715.1
ENSP00000500025.1,12,ENST00000671960.1
ENSP00000500040.1,104,ENST00000673187.1
ENSP00000500094.1,79,ENST00000673477.1
ENSP00000500361.1,53,ENST00000672477.1
ENSP00000500402.1,51,ENST00000672570.1
ENSP00000500403.1,38,ENST00000672065.1
ENSP00000500409.1,119,ENST00000672722.1
ENSP00000500411.1,82,ENST00000671800.1
ENSP00000500728.1,42,ENST00000672018.1
ENSP00000500934.1,81,ENST00000671876.2
ENSP00000500993.1,65,ENST00000673675.1
ENSP00000501025.1,55,ENST00000673933.1
ENSP00000501053.1,22,ENST00000673801.1
ENSP00000501073.1,130,ENST00000673630.1
ENSP00000501150.1,181,ENST00000674063.1
ENSP00000501268.1,71,ENST00000673742.1
ENSP00000501341.1,12,ENST00000674165.1
ENSP00000501352.1,33,ENST00000674316.1
ENSP00000501360.1,41,ENST00000674499.1
ENSP00000501412.1,14,ENST00000674289.1
ENSP00000501511.1,7,ENST00000674221.1
ENSP00000501527.1,13,ENST00000674273.1
